AÑO,MES,ADM_LEVEL_1_NAME,ADM_LEVEL_2_NAME,ADM_LEVEL_3_NAME,NETWORK_CARRIER,AVERAGE_THROUGHPUT_DOWNLOAD_3G,THROUGHPUT_DOWNLOAD_3G_MEASUREMENTS,AVERAGE_THROUGHPUT_UPLOAD_3G,THROUGHPUT_UPLOAD_3G_MEASUREMENTS,AVERAGE_THROUGHPUT_DOWNLOAD_4G,THROUGHPUT_DOWNLOAD_4G_MEASUREMENTS,AVERAGE_THROUGHPUT_UPLOAD_4G,THROUGHPUT_UPLOAD_4G_MEASUREMENTS,AVERAGE_THROUGHPUT_DOWNLOAD_5G_NSA,THROUGHPUT_DOWNLOAD_5G_NSA_MEASUREMENTS,AVERAGE_THROUGHPUT_UPLOAD_5G_NSA,THROUGHPUT_UPLOAD_5G_NSA_MEASUREMENTS,AVERAGE_LATENCY_3G,LATENCY_3G_MEASUREMENTS,AVERAGE_LATENCY_4G,LATENCY_4G_MEASUREMENTS,AVERAGE_LATENCY_5G_NSA,LATENCY_5G_NSA_MEASUREMENTS,TIME_PERCENTAGE_3G,TIME_PERCENTAGE_3G_SECONDS,TIME_PERCENTAGE_3G_MEASUREMENTS,TIME_PERCENTAGE_4G,TIME_PERCENTAGE_4G_SECONDS,TIME_PERCENTAGE_4G_MEASUREMENTS,TIME_PERCENTAGE_5G_NSA,TIME_PERCENTAGE_5G_NSA_SECONDS,TIME_PERCENTAGE_5G_NSA_MEASUREMENTS,TIME_PERCENTAGE_TOTAL_SECONDS,PACKET_LOSS_3G,LOST_PACKET_3G,PACKET_TRANSMITTED_3G,PACKET_LOSS_3G_MEASUREMENTS,PACKET_LOSS_4G,LOST_PACKET_4G,PACKET_TRANSMITTED_4G,PACKET_LOSS_4G_MEASUREMENTS,PACKET_LOSS_5G_NSA,LOST_PACKET_5G_NSA,PACKET_TRANSMITTED_5G_NSA,PACKET_LOSS_5G_NSA_MEASUREMENTS,SOURCE_FILE,YEARMONTH,IS_3G_ACTIVE_MONTH,IS_3G_ZERO_MONTH
2023,1,Arequipa,Arequipa,Alto Selva Alegre,MOVISTAR,3.3813381,4850.0,0.68835807,2270.0,9.109233,41996.0,3.3814652,2835.0,0.0,0.0,0.0,0.0,216.20395,2084.0,86.3426,38290.0,0.0,0.0,4.674404,2510022.0,0.0,94.09409,50525850.0,0.0,0.0,0.0,0.0,53697153.0,7.2612734,657.0,9048.0,0.0,1.119515,1791.0,159980.0,0.0,0.0,0.0,0.0,0.0,dataset_2023.csv,202301,True,False
2023,1,Arequipa,Arequipa,Cayma,MOVISTAR,3.04604,5149.0,0.5455573,1451.0,9.922937,52615.0,3.907795,4498.0,0.0,0.0,0.0,0.0,203.90634,2880.0,86.72613,48642.0,0.0,0.0,4.2122087,4086031.0,0.0,94.51709,91685805.0,0.0,0.0,0.0,0.0,97004473.0,6.7827606,853.0,12576.0,0.0,1.6319174,3350.0,205280.0,0.0,0.0,0.0,0.0,0.0,dataset_2023.csv,202301,True,False
2023,1,Arequipa,Arequipa,Jacobo Hunter,MOVISTAR,4.064708,2046.0,0.9604956,615.0,9.065371,28930.0,4.0948215,3870.0,0.0,0.0,0.0,0.0,212.79227,1520.0,87.16102,31417.0,0.0,0.0,3.161438,1594474.0,0.0,96.35426,48596357.0,0.0,0.0,0.0,0.0,50435087.0,6.2885327,408.0,6488.0,0.0,1.4180071,1883.0,132792.0,0.0,0.0,0.0,0.0,0.0,dataset_2023.csv,202301,True,False
2023,1,Arequipa,Arequipa,Jose Luis Bustamante Y Rivero,MOVISTAR,4.062245,7304.0,0.7141792,2022.0,10.5996475,83988.0,3.1012068,5905.0,0.0,0.0,0.0,0.0,233.43716,4565.0,85.612595,78651.0,0.0,0.0,4.4344964,5482005.0,0.0,94.4805,116798513.0,0.0,0.0,0.0,0.0,123621822.0,5.619641,1101.0,19592.0,0.0,1.1374563,3738.0,328628.0,0.0,0.0,0.0,0.0,0.0,dataset_2023.csv,202301,True,False
2023,1,Arequipa,Arequipa,Mariano Melgar,MOVISTAR,3.248027,7573.0,0.906394,1407.0,11.98003,40807.0,4.345729,3003.0,0.0,0.0,0.0,0.0,247.7584,3921.0,86.16471,37031.0,0.0,0.0,8.272615,5303210.0,0.0,91.31608,58538724.0,0.0,0.0,0.0,0.0,64105605.0,3.7738123,626.0,16588.0,0.0,1.3848358,2145.0,154892.0,0.0,0.0,0.0,0.0,0.0,dataset_2023.csv,202301,True,False
2023,1,Arequipa,Arequipa,Miraflores,MOVISTAR,4.612698,3566.0,1.0965893,1098.0,13.622182,58571.0,4.3331957,4808.0,0.0,0.0,0.0,0.0,202.7959,2099.0,85.04867,43245.0,0.0,0.0,4.412671,3039849.0,0.0,93.936775,64712195.0,0.0,0.0,0.0,0.0,68889093.0,5.849395,522.0,8924.0,0.0,1.2210726,2195.0,179760.0,0.0,0.0,0.0,0.0,0.0,dataset_2023.csv,202301,True,False
2023,1,Arequipa,Arequipa,Paucarpata,MOVISTAR,4.7151403,13321.0,0.60678643,2052.0,9.927331,65845.0,4.053252,5177.0,0.0,0.0,0.0,0.0,245.17957,5019.0,86.2366,53942.0,0.0,0.0,6.1149726,6081212.0,0.0,93.03403,92520390.0,0.0,0.0,0.0,0.0,99447906.0,4.576018,980.0,21416.0,0.0,1.3809128,3126.0,226372.0,0.0,0.0,0.0,0.0,0.0,dataset_2023.csv,202301,True,False
2023,1,Arequipa,Arequipa,Sachaca,MOVISTAR,3.4370182,1296.0,0.7845869,505.0,11.470819,21504.0,5.0088897,2717.0,0.0,0.0,0.0,0.0,194.16815,749.0,87.693855,16650.0,0.0,0.0,4.0823483,875900.0,0.0,95.18397,20422471.0,0.0,0.0,0.0,0.0,21455788.0,5.7044888,183.0,3208.0,0.0,1.3849351,973.0,70256.0,0.0,0.0,0.0,0.0,0.0,dataset_2023.csv,202301,True,False
2023,1,Arequipa,Arequipa,Socabaya,MOVISTAR,4.2670956,2301.0,1.3380487,746.0,8.978243,26978.0,3.874593,2140.0,0.0,0.0,0.0,0.0,221.47807,1837.0,86.32834,22471.0,0.0,0.0,6.530846,3949784.0,0.0,91.000145,55035889.0,0.0,0.0,0.0,0.0,60478901.0,4.9637117,383.0,7716.0,0.0,2.0296175,1927.0,94944.0,0.0,0.0,0.0,0.0,0.0,dataset_2023.csv,202301,True,False
2023,1,Arequipa,Arequipa,Tiabaya,MOVISTAR,4.5721693,1620.0,0.0,0.0,7.202629,6671.0,2.7236223,612.0,0.0,0.0,0.0,0.0,192.84848,1079.0,87.05008,6438.0,0.0,0.0,6.3597956,1169614.0,0.0,93.07856,17117845.0,0.0,0.0,0.0,0.0,18390749.0,5.107047,229.0,4484.0,0.0,1.5071701,412.0,27336.0,0.0,0.0,0.0,0.0,0.0,dataset_2023.csv,202301,True,False
2023,1,Arequipa,Arequipa,Yanahuara,MOVISTAR,3.2801213,1199.0,0.0,0.0,12.141115,21458.0,3.6089926,1382.0,0.0,0.0,0.0,0.0,196.94188,1310.0,84.911354,21371.0,0.0,0.0,3.9806654,1783079.0,0.0,95.70552,42869844.0,0.0,0.0,0.0,0.0,44793491.0,5.43399,298.0,5484.0,0.0,1.4784886,1321.0,89348.0,0.0,0.0,0.0,0.0,0.0,dataset_2023.csv,202301,True,False
2023,1,Ayacucho,Huamanga,Carmen Alto,MOVISTAR,3.1623945,2019.0,0.61740017,493.0,8.624404,10001.0,5.0103908,900.0,0.0,0.0,0.0,0.0,228.90077,1260.0,81.59762,8137.0,0.0,0.0,7.7702813,1118469.0,0.0,91.48777,13168922.0,0.0,0.0,0.0,0.0,14394189.0,4.767103,262.0,5496.0,0.0,1.9518747,683.0,34992.0,0.0,0.0,0.0,0.0,0.0,dataset_2023.csv,202301,True,False
2023,1,Cajamarca,Celendin,Celendin,MOVISTAR,2.9862936,645.0,0.0,0.0,8.302478,16431.0,5.806689,1062.0,0.0,0.0,0.0,0.0,0.0,0.0,89.61573,7001.0,0.0,0.0,3.90364,493401.0,0.0,92.554726,11698465.0,0.0,0.0,0.0,0.0,12639511.0,9.530792,0.0,0.0,0.0,1.5326302,465.0,30340.0,0.0,0.0,0.0,0.0,0.0,dataset_2023.csv,202301,True,False
2023,1,Cajamarca,Santa Cruz,Santa Cruz,MOVISTAR,5.1921916,2788.0,0.0,0.0,7.8076944,15924.0,3.3351123,1062.0,0.0,0.0,0.0,0.0,246.48465,676.0,91.68038,7727.0,0.0,0.0,8.97922,1323939.0,0.0,89.41538,13183830.0,0.0,0.0,0.0,0.0,14744476.0,7.733333,232.0,3000.0,0.0,1.6330479,557.0,34108.0,0.0,0.0,0.0,0.0,0.0,dataset_2023.csv,202301,True,False
2023,1,Callao,Callao,Mi Peru,MOVISTAR,2.4770155,3358.0,0.88680744,735.0,6.102077,23136.0,3.6968286,4343.0,0.0,0.0,0.0,0.0,370.31677,1741.0,82.97957,25511.0,0.0,0.0,9.173596,4056680.0,0.0,89.846565,39731284.0,0.0,0.0,0.0,0.0,44221261.0,5.892256,490.0,8316.0,0.0,1.3910211,1486.0,106828.0,0.0,0.0,0.0,0.0,0.0,dataset_2023.csv,202301,True,False
2023,1,Cusco,Acomayo,Pomacanchi,MOVISTAR,0.0,0.0,0.0,0.0,8.474897,741.0,0.0,0.0,0.0,0.0,0.0,0.0,0.0,0.0,0.0,0.0,0.0,0.0,3.0767808,40951.0,0.0,78.87133,1049753.0,0.0,0.0,0.0,0.0,1330969.0,0.0,0.0,0.0,0.0,2.2077923,0.0,0.0,0.0,0.0,0.0,0.0,0.0,dataset_2023.csv,202301,False,True
2023,1,Cusco,Cusco,Cusco,MOVISTAR,3.2835457,7769.0,0.69385916,2687.0,8.633554,68132.0,3.8438888,4704.0,0.0,0.0,0.0,0.0,242.26749,4702.0,92.71976,61107.0,0.0,0.0,6.064842,7031161.0,0.0,91.81162,106440087.0,0.0,0.0,0.0,0.0,115933125.0,7.0109634,1458.0,20796.0,0.0,2.5357876,6866.0,270764.0,0.0,0.0,0.0,0.0,0.0,dataset_2023.csv,202301,True,False
2023,1,Cusco,Cusco,San Jeronimo,MOVISTAR,4.6185493,6668.0,0.6762698,2166.0,8.283683,40304.0,4.1758127,2807.0,0.0,0.0,0.0,0.0,221.4034,3190.0,91.38901,29167.0,0.0,0.0,7.597165,3933141.0,0.0,91.83594,47544536.0,0.0,0.0,0.0,0.0,51771165.0,5.864014,790.0,13472.0,0.0,1.4482144,1820.0,125672.0,0.0,0.0,0.0,0.0,0.0,dataset_2023.csv,202301,True,False
2023,1,Cusco,Cusco,San Sebastian,MOVISTAR,2.9008765,3147.0,0.7064487,869.0,7.1943207,41699.0,2.9361477,3059.0,0.0,0.0,0.0,0.0,251.58409,2440.0,94.39373,39341.0,0.0,0.0,6.379623,4526247.0,0.0,92.05008,65308150.0,0.0,0.0,0.0,0.0,70948501.0,7.7006903,848.0,11012.0,0.0,2.3641536,4088.0,172916.0,0.0,0.0,0.0,0.0,0.0,dataset_2023.csv,202301,True,False
2023,1,Cusco,Cusco,Santiago,MOVISTAR,2.714624,4169.0,0.67473,1097.0,6.9747043,38109.0,3.4371965,3061.0,0.0,0.0,0.0,0.0,262.46588,2222.0,93.39899,33598.0,0.0,0.0,4.894353,3205073.0,0.0,93.73478,61382338.0,0.0,0.0,0.0,0.0,65485124.0,8.03067,796.0,9912.0,0.0,2.7617707,4045.0,146464.0,0.0,0.0,0.0,0.0,0.0,dataset_2023.csv,202301,True,False
2023,1,Cusco,Cusco,Wanchaq,MOVISTAR,3.6810498,5778.0,0.6425475,1742.0,9.033437,73255.0,3.1365185,5454.0,0.0,0.0,0.0,0.0,206.9698,4232.0,92.06487,60608.0,0.0,0.0,4.4027486,3724326.0,0.0,94.006775,79521206.0,0.0,0.0,0.0,0.0,84590933.0,6.1767306,1117.0,18084.0,0.0,1.9504008,5090.0,260972.0,0.0,0.0,0.0,0.0,0.0,dataset_2023.csv,202301,True,False
2023,1,Cusco,La Convencion,Echarate,MOVISTAR,0.0,0.0,0.0,0.0,7.144451,9190.0,3.000804,911.0,0.0,0.0,0.0,0.0,316.03116,745.0,100.550316,8033.0,0.0,0.0,7.7778144,1788991.0,0.0,62.50057,14375883.0,0.0,0.0,0.0,0.0,23001204.0,6.848485,226.0,3300.0,0.0,2.1211312,795.0,37480.0,0.0,0.0,0.0,0.0,0.0,dataset_2023.csv,202301,False,True
2023,1,Huancavelica,Tayacaja,Pampas,MOVISTAR,5.73537,709.0,0.0,0.0,11.100291,9166.0,4.5146565,1028.0,0.0,0.0,0.0,0.0,197.48799,621.0,81.987755,8928.0,0.0,0.0,4.875894,469562.0,0.0,92.5059,8908572.0,0.0,0.0,0.0,0.0,9630275.0,6.212121,164.0,2640.0,0.0,1.5591966,590.0,37840.0,0.0,0.0,0.0,0.0,0.0,dataset_2023.csv,202301,True,False
2023,1,Ica,Chincha,Alto Laran,MOVISTAR,2.9422002,614.0,0.0,0.0,8.651714,5808.0,4.041231,1094.0,0.0,0.0,0.0,0.0,0.0,0.0,81.61512,4225.0,0.0,0.0,3.1901338,245999.0,0.0,95.53293,7366777.0,0.0,0.0,0.0,0.0,7711244.0,5.2165356,0.0,0.0,0.0,1.803539,318.0,17632.0,0.0,0.0,0.0,0.0,0.0,dataset_2023.csv,202301,True,False
2023,1,Ica,Chincha,Chincha Alta,MOVISTAR,4.268188,3852.0,0.7540858,1213.0,11.242568,79122.0,3.784161,6446.0,0.0,0.0,0.0,0.0,184.65945,2634.0,77.671776,75562.0,0.0,0.0,4.343927,4743072.0,0.0,93.68163,102289645.0,0.0,0.0,0.0,0.0,109188581.0,5.3222303,588.0,11048.0,0.0,0.982472,3038.0,309220.0,0.0,0.0,0.0,0.0,0.0,dataset_2023.csv,202301,True,False
2023,1,Ica,Chincha,Chincha Baja,MOVISTAR,3.4048324,1398.0,0.6915624,450.0,11.32138,12163.0,4.7127113,658.0,0.0,0.0,0.0,0.0,198.08356,995.0,81.53219,11979.0,0.0,0.0,7.9635196,969184.0,0.0,91.16369,11094892.0,0.0,0.0,0.0,0.0,12170297.0,5.731132,243.0,4240.0,0.0,1.3807262,686.0,49684.0,0.0,0.0,0.0,0.0,0.0,dataset_2023.csv,202301,True,False
2023,1,Ica,Chincha,El Carmen,MOVISTAR,4.314983,1435.0,0.7293574,428.0,10.590589,7241.0,3.281666,838.0,0.0,0.0,0.0,0.0,197.23813,760.0,83.693375,6948.0,0.0,0.0,16.79349,2213965.0,0.0,81.809395,10785319.0,0.0,0.0,0.0,0.0,13183472.0,5.223881,168.0,3216.0,0.0,1.9248921,571.0,29664.0,0.0,0.0,0.0,0.0,0.0,dataset_2023.csv,202301,True,False
2023,1,Ica,Chincha,Pueblo Nuevo,MOVISTAR,4.9403114,1641.0,0.7053385,418.0,11.067461,41291.0,2.9367924,2187.0,0.0,0.0,0.0,0.0,192.25685,1416.0,78.466545,34957.0,0.0,0.0,2.9431884,1574964.0,0.0,96.86587,51835027.0,0.0,0.0,0.0,0.0,53512171.0,4.2992554,254.0,5908.0,0.0,1.0091164,1439.0,142600.0,0.0,0.0,0.0,0.0,0.0,dataset_2023.csv,202301,True,False
2023,1,Ica,Chincha,Sunampe,MOVISTAR,4.8777266,768.0,0.0,0.0,12.898039,31332.0,2.6402066,2760.0,0.0,0.0,0.0,0.0,188.793,646.0,77.659584,28794.0,0.0,0.0,5.8952656,2249637.0,0.0,93.88952,35828298.0,0.0,0.0,0.0,0.0,38160062.0,4.5722713,124.0,2712.0,0.0,0.8974052,1050.0,117004.0,0.0,0.0,0.0,0.0,0.0,dataset_2023.csv,202301,True,False
2023,1,Ica,Ica,Ica,MOVISTAR,4.9904523,6794.0,0.6850091,2272.0,10.918385,179943.0,3.8378088,12087.0,0.0,0.0,0.0,0.0,169.99178,7172.0,76.715096,147547.0,0.0,0.0,4.383823,10246916.0,0.0,95.141716,222387916.0,0.0,0.0,0.0,0.0,233743850.0,4.280914,1274.0,29760.0,0.0,0.98014945,5939.0,605928.0,0.0,0.0,0.0,0.0,0.0,dataset_2023.csv,202301,True,False
2023,1,Ica,Ica,La Tinguiña,MOVISTAR,4.919153,1118.0,0.0,0.0,10.186623,14978.0,4.3843856,1056.0,0.0,0.0,0.0,0.0,158.95276,523.0,76.3802,10862.0,0.0,0.0,3.917324,1151900.0,0.0,95.47193,28073787.0,0.0,0.0,0.0,0.0,29405278.0,3.5127738,77.0,2192.0,0.0,0.95372105,427.0,44772.0,0.0,0.0,0.0,0.0,0.0,dataset_2023.csv,202301,True,False
2023,1,Ica,Ica,Parcona,MOVISTAR,6.3516307,8155.0,1.2943196,2233.0,10.691666,21025.0,4.730023,2748.0,0.0,0.0,0.0,0.0,216.88365,4614.0,77.151054,17176.0,0.0,0.0,14.271957,5457064.0,0.0,84.6853,32380501.0,0.0,0.0,0.0,0.0,38236270.0,4.0953674,785.0,19168.0,0.0,1.0141193,724.0,71392.0,0.0,0.0,0.0,0.0,0.0,dataset_2023.csv,202301,True,False
2023,1,Ica,Ica,Subtanjalla,MOVISTAR,4.0748696,952.0,0.0,0.0,6.5994506,11946.0,2.6351588,694.0,0.0,0.0,0.0,0.0,201.16328,538.0,77.55035,11160.0,0.0,0.0,6.883468,1441225.0,0.0,92.188194,19301888.0,0.0,0.0,0.0,0.0,20937483.0,4.1814947,94.0,2248.0,0.0,1.4579978,688.0,47188.0,0.0,0.0,0.0,0.0,0.0,dataset_2023.csv,202301,True,False
2023,1,Junin,Chanchamayo,Chanchamayo,MOVISTAR,4.899603,1314.0,0.0,0.0,8.631005,17033.0,2.8068569,1778.0,0.0,0.0,0.0,0.0,163.39072,1437.0,83.97884,15485.0,0.0,0.0,7.979687,2073307.0,0.0,89.50059,23254319.0,0.0,0.0,0.0,0.0,25982309.0,4.570957,277.0,6060.0,0.0,1.2081841,783.0,64808.0,0.0,0.0,0.0,0.0,0.0,dataset_2023.csv,202301,True,False
2023,1,Junin,Huancayo,Chilca,MOVISTAR,3.68378,1747.0,0.6259593,726.0,6.19303,35213.0,3.5120056,3660.0,0.0,0.0,0.0,0.0,233.26991,1577.0,80.83745,40341.0,0.0,0.0,4.4854684,3537690.0,0.0,93.28055,73570388.0,0.0,0.0,0.0,0.0,78870020.0,9.081808,635.0,6992.0,0.0,2.0057142,3510.0,175000.0,0.0,0.0,0.0,0.0,0.0,dataset_2023.csv,202301,True,False
2023,1,Junin,Huancayo,El Tambo,MOVISTAR,4.1784425,14391.0,0.91216016,4229.0,8.658912,189314.0,3.7746463,14094.0,0.0,0.0,0.0,0.0,218.77696,11594.0,81.109924,181515.0,0.0,0.0,7.57137,24334056.0,0.0,91.28204,293376538.0,0.0,0.0,0.0,0.0,321395681.0,5.2333574,2588.0,49452.0,0.0,1.1222514,8509.0,758208.0,0.0,0.0,0.0,0.0,0.0,dataset_2023.csv,202301,True,False
2023,1,Junin,Huancayo,Huancayo,MOVISTAR,4.743481,7531.0,0.79125005,2383.0,9.264376,154982.0,3.491821,11215.0,0.0,0.0,0.0,0.0,217.9961,6201.0,80.26903,149210.0,0.0,0.0,4.043258,8907372.0,0.0,95.4659,210313112.0,0.0,0.0,0.0,0.0,220301826.0,6.4580154,1692.0,26200.0,0.0,1.2091066,7550.0,624428.0,0.0,0.0,0.0,0.0,0.0,dataset_2023.csv,202301,True,False
2023,1,Junin,Huancayo,Pilcomayo,MOVISTAR,2.5029233,579.0,0.0,0.0,5.8714995,8606.0,0.0,0.0,0.0,0.0,0.0,0.0,258.69257,555.0,82.353546,11115.0,0.0,0.0,7.7241697,1781726.0,0.0,91.33025,21067052.0,0.0,0.0,0.0,0.0,23066893.0,8.802251,219.0,2488.0,0.0,1.505417,717.0,47628.0,0.0,0.0,0.0,0.0,0.0,dataset_2023.csv,202301,True,False
2023,1,Junin,Huancayo,San Agustin,MOVISTAR,5.0977163,973.0,0.0,0.0,5.9482207,28987.0,3.5325255,2459.0,0.0,0.0,0.0,0.0,223.79637,579.0,78.61474,19831.0,0.0,0.0,2.122394,683256.0,0.0,97.11134,31262764.0,0.0,0.0,0.0,0.0,32192701.0,5.661882,142.0,2508.0,0.0,1.5224816,1284.0,84336.0,0.0,0.0,0.0,0.0,0.0,dataset_2023.csv,202301,True,False
2023,1,Junin,Junin,Carhuamayo,MOVISTAR,6.3303504,8086.0,0.77306837,1267.0,7.128818,9500.0,5.1530766,1189.0,0.0,0.0,0.0,0.0,207.42361,1969.0,80.3892,6203.0,0.0,0.0,33.089756,2808413.0,0.0,65.376076,5548636.0,0.0,0.0,0.0,0.0,8487258.0,3.349876,270.0,8060.0,0.0,1.1546979,292.0,25288.0,0.0,0.0,0.0,0.0,0.0,dataset_2023.csv,202301,True,False
2023,1,La Libertad,Trujillo,El Porvenir,MOVISTAR,3.5968573,4782.0,0.89578193,1445.0,8.008239,38346.0,2.8436787,5193.0,0.0,0.0,0.0,0.0,262.5578,2882.0,83.540764,35529.0,0.0,0.0,6.433336,5148405.0,0.0,92.91269,74355227.0,0.0,0.0,0.0,0.0,80026988.0,7.026144,903.0,12852.0,0.0,1.6702543,2514.0,150516.0,0.0,0.0,0.0,0.0,0.0,dataset_2023.csv,202301,True,False
2023,1,La Libertad,Trujillo,La Esperanza,MOVISTAR,3.3539932,4492.0,0.69588083,1777.0,10.077452,50169.0,3.6781888,4727.0,0.0,0.0,0.0,0.0,226.21864,2300.0,83.65789,45432.0,0.0,0.0,4.1430035,4745946.0,0.0,93.718,107357030.0,0.0,0.0,0.0,0.0,114553266.0,6.8393483,705.0,10308.0,0.0,1.3684893,2620.0,191452.0,0.0,0.0,0.0,0.0,0.0,dataset_2023.csv,202301,True,False
2023,1,La Libertad,Trujillo,Moche,MOVISTAR,3.0582664,1681.0,0.62062246,498.0,9.669147,10445.0,2.7305293,860.0,0.0,0.0,0.0,0.0,215.1593,914.0,83.48767,11099.0,0.0,0.0,6.551728,1450087.0,0.0,93.0042,20584522.0,0.0,0.0,0.0,0.0,22132895.0,6.9444447,280.0,4032.0,0.0,0.9254432,426.0,46032.0,0.0,0.0,0.0,0.0,0.0,dataset_2023.csv,202301,True,False
2023,1,La Libertad,Trujillo,Trujillo,MOVISTAR,4.467614,24805.0,0.6949465,8185.0,11.909885,271023.0,3.838158,24610.0,0.0,0.0,0.0,0.0,189.67567,15551.0,82.534004,241829.0,0.0,0.0,5.9395676,25422404.0,0.0,93.16199,398749875.0,0.0,0.0,0.0,0.0,428017776.0,5.9297795,3898.0,65736.0,0.0,1.0063493,10036.0,997268.0,0.0,0.0,0.0,0.0,0.0,dataset_2023.csv,202301,True,False
2023,1,La Libertad,Trujillo,Victor Larco Herrera,MOVISTAR,4.2302766,3022.0,0.6793209,1181.0,10.601859,58540.0,3.2367432,4434.0,0.0,0.0,0.0,0.0,173.87807,2093.0,82.09762,47332.0,0.0,0.0,3.5073445,3460121.0,0.0,92.781494,91532269.0,0.0,0.0,0.0,0.0,98653585.0,6.5747495,577.0,8776.0,0.0,1.0021974,1952.0,194772.0,0.0,0.0,0.0,0.0,0.0,dataset_2023.csv,202301,True,False
2023,1,Lambayeque,Chiclayo,Chiclayo,MOVISTAR,3.8565257,9356.0,0.7012783,3903.0,11.15742,161644.0,3.8335214,13273.0,0.0,0.0,0.0,0.0,180.86171,6950.0,85.97199,144129.0,0.0,0.0,4.536681,11976979.0,0.0,93.59261,247087402.0,0.0,0.0,0.0,0.0,264003110.0,6.1841207,1807.0,29220.0,0.0,1.0900978,6503.0,596552.0,0.0,0.0,0.0,0.0,0.0,dataset_2023.csv,202301,True,False
2023,1,Lambayeque,Chiclayo,Jose Leonardo Ortiz,MOVISTAR,3.256769,2729.0,0.80618924,878.0,10.487146,44907.0,3.9643803,4111.0,0.0,0.0,0.0,0.0,200.76143,2279.0,86.049774,34752.0,0.0,0.0,5.8450675,4559039.0,0.0,93.45288,72891431.0,0.0,0.0,0.0,0.0,77998054.0,5.9499593,585.0,9832.0,0.0,1.3004824,1887.0,145100.0,0.0,0.0,0.0,0.0,0.0,dataset_2023.csv,202301,True,False
2023,1,Lambayeque,Chiclayo,La Victoria,MOVISTAR,3.3061283,2191.0,0.65572137,832.0,10.511216,49690.0,3.780474,3306.0,0.0,0.0,0.0,0.0,163.06113,1418.0,84.34535,39718.0,0.0,0.0,4.6141305,3325240.0,0.0,93.986336,67732616.0,0.0,0.0,0.0,0.0,72066450.0,4.6832886,278.0,5936.0,0.0,0.7967222,1297.0,162792.0,0.0,0.0,0.0,0.0,0.0,dataset_2023.csv,202301,True,False
2023,1,Lambayeque,Chiclayo,Pimentel,MOVISTAR,3.9410467,2537.0,0.6663713,1198.0,10.3932705,42709.0,3.1402996,4674.0,0.0,0.0,0.0,0.0,196.23378,1537.0,84.25175,33767.0,0.0,0.0,6.5845156,4215603.0,0.0,92.12129,58978796.0,0.0,0.0,0.0,0.0,64022979.0,6.918429,458.0,6620.0,0.0,0.9863072,1383.0,140220.0,0.0,0.0,0.0,0.0,0.0,dataset_2023.csv,202301,True,False
2023,1,Lima,Cañete,Asia,MOVISTAR,3.4863815,4562.0,0.65705186,1140.0,11.876394,57704.0,4.0409155,6504.0,0.0,0.0,0.0,0.0,268.8503,4257.0,79.544754,44590.0,0.0,0.0,7.0682926,3736015.0,0.0,92.40657,48842395.0,0.0,0.0,0.0,0.0,52855976.0,3.5416667,663.0,18720.0,0.0,1.123999,2066.0,183808.0,0.0,0.0,0.0,0.0,0.0,dataset_2023.csv,202301,True,False
2023,1,Lima,Cañete,Cerro Azul,MOVISTAR,4.464623,1886.0,0.6339965,482.0,10.707355,21604.0,3.5992935,1228.0,0.0,0.0,0.0,0.0,206.83644,963.0,83.220955,17940.0,0.0,0.0,4.9388075,1269731.0,0.0,88.46706,22744228.0,0.0,0.0,0.0,0.0,25709263.0,2.7589545,114.0,4132.0,0.0,1.0459913,776.0,74188.0,0.0,0.0,0.0,0.0,0.0,dataset_2023.csv,202301,True,False
2023,1,Lima,Cañete,Chilca,MOVISTAR,3.6718872,1316.0,0.0,0.0,7.5218625,18250.0,3.7353787,1771.0,0.0,0.0,0.0,0.0,285.63214,1165.0,84.283325,18639.0,0.0,0.0,5.5803237,1777628.0,0.0,93.04923,29641099.0,0.0,0.0,0.0,0.0,31855286.0,5.2130046,279.0,5352.0,0.0,1.3252221,1050.0,79232.0,0.0,0.0,0.0,0.0,0.0,dataset_2023.csv,202301,True,False
2023,1,Lima,Cañete,Mala,MOVISTAR,3.377617,5486.0,0.7903724,1097.0,9.467776,55936.0,5.2184644,8047.0,0.0,0.0,0.0,0.0,325.08395,3248.0,81.79531,48244.0,0.0,0.0,6.526162,5586729.0,0.0,92.417854,79114411.0,0.0,0.0,0.0,0.0,85605119.0,4.172462,600.0,14380.0,0.0,1.2466177,2580.0,206960.0,0.0,0.0,0.0,0.0,0.0,dataset_2023.csv,202301,True,False
2023,1,Lima,Huaura,Huaura,MOVISTAR,2.8609507,1948.0,0.631328,634.0,7.8427176,16569.0,2.9148338,864.0,0.0,0.0,0.0,0.0,264.31754,1068.0,82.94374,14638.0,0.0,0.0,6.22376,1647908.0,0.0,87.89458,23272456.0,0.0,0.0,0.0,0.0,26477692.0,5.3305783,258.0,4840.0,0.0,0.82939166,505.0,60888.0,0.0,0.0,0.0,0.0,0.0,dataset_2023.csv,202301,True,False
2023,1,Lima,Lima,Barranco,MOVISTAR,5.139582,2015.0,0.71482897,532.0,13.541914,47013.0,3.8631814,2387.0,0.0,0.0,0.0,0.0,220.36375,1389.0,79.01111,43689.0,0.0,0.0,3.9566102,2071649.0,0.0,94.94111,49710393.0,0.0,0.0,0.0,0.0,52359188.0,4.147157,248.0,5980.0,0.0,0.78742355,1411.0,179192.0,0.0,0.0,0.0,0.0,0.0,dataset_2023.csv,202301,True,False
2023,1,Lima,Lima,Breña,MOVISTAR,3.6347432,4555.0,0.7445261,1134.0,10.908232,72210.0,4.1070185,5694.0,0.0,0.0,0.0,0.0,229.46913,2876.0,78.33997,78708.0,0.0,0.0,3.402009,3915644.0,0.0,96.20315,110727890.0,0.0,0.0,0.0,0.0,115097990.0,4.2527823,535.0,12580.0,0.0,0.94453055,3048.0,322700.0,0.0,0.0,0.0,0.0,0.0,dataset_2023.csv,202301,True,False
2023,1,Lima,Lima,Carabayllo,MOVISTAR,4.0332336,19557.0,0.7717353,3697.0,10.982358,145219.0,3.9949312,13033.0,0.0,0.0,0.0,0.0,297.21094,10021.0,78.97099,132772.0,0.0,0.0,9.535032,26080801.0,0.0,88.88194,243115299.0,0.0,0.0,0.0,0.0,273526089.0,5.5701327,2505.0,44972.0,0.0,1.3466008,7416.0,550720.0,0.0,0.0,0.0,0.0,0.0,dataset_2023.csv,202301,True,False
2023,1,Lima,Lima,Comas,MOVISTAR,3.4659078,36269.0,0.75364023,6303.0,9.346419,253689.0,4.0305314,19039.0,0.0,0.0,0.0,0.0,285.4708,17067.0,80.76723,245340.0,0.0,0.0,8.164285,43392643.0,0.0,90.43903,480677616.0,0.0,0.0,0.0,0.0,531493515.0,6.4174137,5012.0,78100.0,0.0,1.350489,13798.0,1021704.0,0.0,0.0,0.0,0.0,0.0,dataset_2023.csv,202301,True,False
2023,1,Lima,Lima,El Agustino,MOVISTAR,3.0802217,8555.0,0.8350422,1940.0,9.089535,54734.0,3.284835,4951.0,0.0,0.0,0.0,0.0,290.72876,4027.0,79.86587,60362.0,0.0,0.0,11.048113,15028233.0,0.0,86.63994,117852278.0,0.0,0.0,0.0,0.0,136025344.0,7.0869565,1304.0,18400.0,0.0,1.3722789,3447.0,251188.0,0.0,0.0,0.0,0.0,0.0,dataset_2023.csv,202301,True,False
2023,1,Lima,Lima,Independencia,MOVISTAR,3.753473,16681.0,0.94814265,4170.0,9.038742,118219.0,3.8950315,9844.0,0.0,0.0,0.0,0.0,295.00903,7704.0,80.34353,122643.0,0.0,0.0,7.314838,15847985.0,0.0,91.30837,197824439.0,0.0,0.0,0.0,0.0,216655314.0,5.01396,1724.0,34384.0,0.0,1.3282673,6852.0,515860.0,0.0,0.0,0.0,0.0,0.0,dataset_2023.csv,202301,True,False
2023,1,Lima,Lima,Los Olivos,MOVISTAR,3.8877127,32971.0,0.8966643,7542.0,10.848446,212691.0,3.448907,14975.0,0.0,0.0,0.0,0.0,289.0891,15546.0,79.58771,207864.0,0.0,0.0,7.7777653,31620958.0,0.0,91.45923,371832834.0,0.0,0.0,0.0,0.0,406555828.0,4.6448646,3173.0,68312.0,0.0,1.1614312,9993.0,860404.0,0.0,0.0,0.0,0.0,0.0,dataset_2023.csv,202301,True,False
2023,1,Lima,Lima,Puente Piedra,MOVISTAR,2.9975753,14402.0,0.6773134,2843.0,9.811538,158497.0,4.250922,12489.0,0.0,0.0,0.0,0.0,293.09265,8625.0,79.889496,131727.0,0.0,0.0,7.29847,17845017.0,0.0,90.87404,222190229.0,0.0,0.0,0.0,0.0,244503529.0,5.3490176,2069.0,38680.0,0.0,1.3579761,7446.0,548316.0,0.0,0.0,0.0,0.0,0.0,dataset_2023.csv,202301,True,False
2023,1,Lima,Lima,Punta Negra,MOVISTAR,3.9061875,1013.0,0.0,0.0,10.329107,10169.0,2.8995388,509.0,0.0,0.0,0.0,0.0,282.74725,641.0,81.75846,8880.0,0.0,0.0,6.165547,652388.0,0.0,93.46756,9889976.0,0.0,0.0,0.0,0.0,10581186.0,5.1326814,147.0,2864.0,0.0,1.4263787,539.0,37788.0,0.0,0.0,0.0,0.0,0.0,dataset_2023.csv,202301,True,False
2023,1,Lima,Lima,San Juan De Lurigancho,MOVISTAR,3.325323,47038.0,0.8133435,10606.0,9.190554,332970.0,3.9937775,29611.0,0.0,0.0,0.0,0.0,295.74088,20988.0,79.698296,300254.0,0.0,0.0,9.006786,53613493.0,0.0,87.393974,520218410.0,0.0,0.0,0.0,0.0,595256603.0,5.441226,5177.0,95144.0,0.0,1.3237872,16526.0,1248388.0,0.0,0.0,0.0,0.0,0.0,dataset_2023.csv,202301,True,False
2023,1,Lima,Lima,San Luis,MOVISTAR,4.973014,6208.0,0.77017355,1196.0,10.134916,59777.0,3.6545691,3211.0,0.0,0.0,0.0,0.0,228.06572,2706.0,78.429115,58154.0,0.0,0.0,6.75171,5837284.0,0.0,92.56174,80025531.0,0.0,0.0,0.0,0.0,86456381.0,4.763525,560.0,11756.0,0.0,1.0563731,2541.0,240540.0,0.0,0.0,0.0,0.0,0.0,dataset_2023.csv,202301,True,False
2023,1,Lima,Lima,San Martin De Porres,MOVISTAR,3.4309535,27178.0,1.0014366,7326.0,9.857203,330463.0,3.8266864,27854.0,0.0,0.0,0.0,0.0,267.159,17152.0,79.17351,322365.0,0.0,0.0,8.308094,51632358.0,0.0,90.32948,561371139.0,0.0,0.0,0.0,0.0,621470546.0,5.111411,3863.0,75576.0,0.0,1.0151329,13545.0,1334308.0,0.0,0.0,0.0,0.0,0.0,dataset_2023.csv,202301,True,False
2023,1,Piura,Piura,Castilla,MOVISTAR,4.4296594,3642.0,0.81009793,1328.0,11.101206,94009.0,3.0731444,5456.0,0.0,0.0,0.0,0.0,189.88983,2870.0,86.90812,79760.0,0.0,0.0,2.189215,3326632.0,0.0,96.94692,147316163.0,0.0,0.0,0.0,0.0,151955479.0,6.615509,819.0,12380.0,0.0,0.90815544,2983.0,328468.0,0.0,0.0,0.0,0.0,0.0,dataset_2023.csv,202301,True,False
2023,1,Piura,Piura,Catacaos,MOVISTAR,4.2429037,1417.0,0.9621864,570.0,8.564252,24864.0,4.460134,1721.0,0.0,0.0,0.0,0.0,256.93207,1020.0,87.362236,20743.0,0.0,0.0,2.6946685,1284852.0,0.0,96.33825,45935297.0,0.0,0.0,0.0,0.0,47681265.0,6.1613474,278.0,4512.0,0.0,0.8890898,767.0,86268.0,0.0,0.0,0.0,0.0,0.0,dataset_2023.csv,202301,True,False
2023,1,Piura,Piura,Piura,MOVISTAR,4.5320015,8970.0,0.8454053,2886.0,11.501007,154040.0,4.207498,13659.0,0.0,0.0,0.0,0.0,192.28189,6439.0,87.4011,132310.0,0.0,0.0,4.5205836,9999948.0,0.0,94.59626,209255649.0,0.0,0.0,0.0,0.0,221209218.0,6.0370045,1651.0,27348.0,0.0,0.8577956,4686.0,546284.0,0.0,0.0,0.0,0.0,0.0,dataset_2023.csv,202301,True,False
2023,1,Piura,Piura,Veintiseis De Octubre,MOVISTAR,4.439332,7300.0,1.0672282,2185.0,9.846526,82132.0,4.13865,8627.0,0.0,0.0,0.0,0.0,291.83426,4120.0,87.99632,68144.0,0.0,0.0,5.3270044,7630006.0,0.0,93.07032,133307029.0,0.0,0.0,0.0,0.0,143232588.0,5.286539,952.0,18008.0,0.0,1.1583916,3313.0,286000.0,0.0,0.0,0.0,0.0,0.0,dataset_2023.csv,202301,True,False
2023,1,Puno,Puno,Puno,MOVISTAR,3.6116133,16606.0,0.9204407,4294.0,9.216122,181754.0,3.860042,21179.0,0.0,0.0,0.0,0.0,224.72897,9911.0,89.620834,133530.0,0.0,0.0,6.6541944,15960235.0,0.0,91.73846,220036753.0,0.0,0.0,0.0,0.0,239852249.0,7.121198,3100.0,43532.0,0.0,1.4400877,8171.0,567396.0,0.0,0.0,0.0,0.0,0.0,dataset_2023.csv,202301,True,False
2023,1,Puno,San Roman,Caracoto,MOVISTAR,3.2111492,1583.0,0.0,0.0,5.588854,12233.0,5.152341,981.0,0.0,0.0,0.0,0.0,261.96252,1162.0,91.559,8654.0,0.0,0.0,8.903382,1248037.0,0.0,90.685646,12711916.0,0.0,0.0,0.0,0.0,14017561.0,7.4414062,381.0,5120.0,0.0,2.1049566,795.0,37768.0,0.0,0.0,0.0,0.0,0.0,dataset_2023.csv,202301,True,False
2023,1,Puno,San Roman,Juliaca,MOVISTAR,3.3924186,15925.0,0.7650816,4505.0,7.5050936,244867.0,3.8240812,22789.0,0.0,0.0,0.0,0.0,237.5712,11786.0,89.34043,175530.0,0.0,0.0,5.4927764,14994626.0,0.0,94.08336,256836386.0,0.0,0.0,0.0,0.0,272988103.0,7.3387465,3832.0,52216.0,0.0,1.5759279,12037.0,763804.0,0.0,0.0,0.0,0.0,0.0,dataset_2023.csv,202301,True,False
2023,1,Puno,San Roman,San Miguel,MOVISTAR,3.6198318,6334.0,1.2374746,2524.0,9.927324,38085.0,4.556238,5419.0,0.0,0.0,0.0,0.0,317.80612,3125.0,91.41026,23074.0,0.0,0.0,7.2197914,2832514.0,0.0,90.70621,35586430.0,0.0,0.0,0.0,0.0,39232629.0,6.617446,968.0,14628.0,0.0,2.5850484,2693.0,104176.0,0.0,0.0,0.0,0.0,0.0,dataset_2023.csv,202301,True,False
2023,1,San Martin,Moyobamba,Moyobamba,MOVISTAR,4.5116787,12149.0,0.48203638,725.0,9.992291,32251.0,2.7541492,2276.0,0.0,0.0,0.0,0.0,372.84607,1637.0,97.42654,31516.0,0.0,0.0,7.499119,4134668.0,0.0,91.34836,50365270.0,0.0,0.0,0.0,0.0,55135384.0,4.320817,313.0,7244.0,0.0,0.94699806,1265.0,133580.0,0.0,0.0,0.0,0.0,0.0,dataset_2023.csv,202301,True,False
2023,1,Tacna,Candarave,Camilaca,MOVISTAR,5.4909577,807.0,0.0,0.0,6.4093137,6948.0,0.0,0.0,0.0,0.0,0.0,0.0,171.85602,847.0,101.17532,6836.0,0.0,0.0,9.133756,458188.0,0.0,87.29553,4379115.0,0.0,0.0,0.0,0.0,5016425.0,4.435484,154.0,3472.0,0.0,1.5396196,450.0,29228.0,0.0,0.0,0.0,0.0,0.0,dataset_2023.csv,202301,True,False
2023,1,Tumbes,Contralmirante Villar,Canoas De Punta Sal,MOVISTAR,7.8142495,1564.0,0.81088096,474.0,13.306371,10570.0,3.8336062,885.0,0.0,0.0,0.0,0.0,200.35988,1314.0,89.75201,7578.0,0.0,0.0,11.510212,1431438.0,0.0,87.33937,10861737.0,0.0,0.0,0.0,0.0,12436244.0,5.795785,319.0,5504.0,0.0,1.5217928,493.0,32396.0,0.0,0.0,0.0,0.0,0.0,dataset_2023.csv,202301,True,False
2023,1,Tumbes,Tumbes,Tumbes,MOVISTAR,4.403782,5339.0,0.86317956,1940.0,9.196153,47824.0,2.832037,5284.0,0.0,0.0,0.0,0.0,259.31833,3355.0,91.01237,43485.0,0.0,0.0,6.104473,4640554.0,0.0,93.59024,71146284.0,0.0,0.0,0.0,0.0,76018913.0,3.6587098,515.0,14076.0,0.0,0.81443024,1462.0,179512.0,0.0,0.0,0.0,0.0,0.0,dataset_2023.csv,202301,True,False
2023,2,Arequipa,Arequipa,Alto Selva Alegre,MOVISTAR,2.9224598,3088.0,0.56585085,1504.0,9.058788,26618.0,3.1505015,1327.0,0.0,0.0,0.0,0.0,206.00717,2035.0,83.90632,28122.0,0.0,0.0,6.54588,2890166.0,0.0,91.864746,40560533.0,0.0,0.0,0.0,0.0,44152445.0,6.2986717,550.0,8732.0,0.0,1.51084,1784.0,118080.0,0.0,0.0,0.0,0.0,0.0,dataset_2023.csv,202302,True,False
2023,2,Arequipa,Arequipa,Cayma,MOVISTAR,3.792862,7396.0,0.67895937,1937.0,9.03322,47023.0,3.8467367,3220.0,0.0,0.0,0.0,0.0,206.67699,4563.0,85.09336,46236.0,0.0,0.0,5.7515726,5067239.0,0.0,93.236046,82142633.0,0.0,0.0,0.0,0.0,88101799.0,5.6189594,1093.0,19452.0,0.0,1.7058656,3348.0,196264.0,0.0,0.0,0.0,0.0,0.0,dataset_2023.csv,202302,True,False
2023,2,Arequipa,Arequipa,Jacobo Hunter,MOVISTAR,4.139162,2486.0,0.80200684,852.0,9.050875,24297.0,4.4790263,4162.0,0.0,0.0,0.0,0.0,205.9136,2167.0,87.35411,27370.0,0.0,0.0,3.6536078,1559295.0,0.0,95.46454,40742570.0,0.0,0.0,0.0,0.0,42678225.0,5.0021563,464.0,9276.0,0.0,1.9622167,2310.0,117724.0,0.0,0.0,0.0,0.0,0.0,dataset_2023.csv,202302,True,False
2023,2,Arequipa,Arequipa,Jose Luis Bustamante Y Rivero,MOVISTAR,4.137036,6007.0,0.7053876,1746.0,10.262942,62233.0,3.067657,6186.0,0.0,0.0,0.0,0.0,225.1135,3950.0,82.99446,66714.0,0.0,0.0,5.4565544,5545696.0,0.0,93.01167,94531170.0,0.0,0.0,0.0,0.0,101633661.0,5.2457466,888.0,16928.0,0.0,1.2459356,3464.0,278024.0,0.0,0.0,0.0,0.0,0.0,dataset_2023.csv,202302,True,False
2023,2,Arequipa,Arequipa,Mariano Melgar,MOVISTAR,3.331498,5203.0,1.7336591,1436.0,12.116872,32982.0,3.6394887,3309.0,0.0,0.0,0.0,0.0,214.55368,3015.0,84.01737,28671.0,0.0,0.0,6.5719404,3300301.0,0.0,92.81583,46610311.0,0.0,0.0,0.0,0.0,50218062.0,3.9419742,500.0,12684.0,0.0,1.3773806,1649.0,119720.0,0.0,0.0,0.0,0.0,0.0,dataset_2023.csv,202302,True,False
2023,2,Arequipa,Arequipa,Miraflores,MOVISTAR,4.214579,3180.0,0.72922724,942.0,13.857048,41966.0,5.434674,4556.0,0.0,0.0,0.0,0.0,182.9088,2297.0,83.29927,34301.0,0.0,0.0,7.7230697,4358359.0,0.0,89.63724,50584973.0,0.0,0.0,0.0,0.0,56432989.0,6.208949,605.0,9744.0,0.0,1.36306,1935.0,141960.0,0.0,0.0,0.0,0.0,0.0,dataset_2023.csv,202302,True,False
2023,2,Arequipa,Arequipa,Paucarpata,MOVISTAR,3.4940064,5176.0,0.7971291,1455.0,10.082622,50775.0,4.5392156,4515.0,0.0,0.0,0.0,0.0,208.51355,3533.0,82.831406,47164.0,0.0,0.0,7.0167875,6165168.0,0.0,91.71069,80579871.0,0.0,0.0,0.0,0.0,87863116.0,5.2558694,797.0,15164.0,0.0,1.3656594,2688.0,196828.0,0.0,0.0,0.0,0.0,0.0,dataset_2023.csv,202302,True,False
2023,2,Arequipa,Arequipa,Sachaca,MOVISTAR,3.7756245,760.0,0.0,0.0,9.786402,10954.0,4.394738,1145.0,0.0,0.0,0.0,0.0,186.56598,617.0,84.41723,9928.0,0.0,0.0,8.904073,1385496.0,0.0,90.550766,14089926.0,0.0,0.0,0.0,0.0,15560250.0,6.2971344,167.0,2652.0,0.0,1.5592117,652.0,41816.0,0.0,0.0,0.0,0.0,0.0,dataset_2023.csv,202302,True,False
2023,2,Arequipa,Arequipa,Socabaya,MOVISTAR,3.3774846,1140.0,0.0,0.0,8.171267,18359.0,3.2578726,1370.0,0.0,0.0,0.0,0.0,225.15329,1571.0,84.76238,17264.0,0.0,0.0,6.86077,3434742.0,0.0,92.394325,46255838.0,0.0,0.0,0.0,0.0,50063506.0,4.207169,277.0,6584.0,0.0,1.403533,1017.0,72460.0,0.0,0.0,0.0,0.0,0.0,dataset_2023.csv,202302,True,False
2023,2,Arequipa,Arequipa,Tiabaya,MOVISTAR,5.695349,3968.0,0.69582784,851.0,8.421404,12554.0,2.51096,1709.0,0.0,0.0,0.0,0.0,212.74904,2278.0,84.890594,9261.0,0.0,0.0,8.2450285,1951618.0,0.0,90.97235,21533373.0,0.0,0.0,0.0,0.0,23670240.0,4.292611,409.0,9528.0,0.0,1.41154,547.0,38752.0,0.0,0.0,0.0,0.0,0.0,dataset_2023.csv,202302,True,False
2023,2,Arequipa,Arequipa,Yanahuara,MOVISTAR,3.7982013,1671.0,0.6468321,492.0,12.3134,25737.0,3.6352038,1625.0,0.0,0.0,0.0,0.0,185.10556,1387.0,81.340416,25504.0,0.0,0.0,3.7976987,1516688.0,0.0,95.78104,38252099.0,0.0,0.0,0.0,0.0,39937028.0,5.915638,345.0,5832.0,0.0,1.2797507,1355.0,105880.0,0.0,0.0,0.0,0.0,0.0,dataset_2023.csv,202302,True,False
2023,2,Ayacucho,Huamanga,Carmen Alto,MOVISTAR,2.7112088,1476.0,0.44489464,436.0,7.9498825,7344.0,3.1092937,510.0,0.0,0.0,0.0,0.0,226.79602,756.0,80.09624,6277.0,0.0,0.0,6.350238,775416.0,0.0,91.78093,11207202.0,0.0,0.0,0.0,0.0,12210818.0,5.449102,182.0,3340.0,0.0,1.7034806,509.0,29880.0,0.0,0.0,0.0,0.0,0.0,dataset_2023.csv,202302,True,False
2023,2,Cajamarca,Celendin,Celendin,MOVISTAR,3.363595,914.0,0.0,0.0,7.150855,9492.0,4.531241,1374.0,0.0,0.0,0.0,0.0,301.60928,510.0,85.59329,6003.0,0.0,0.0,18.433092,1913989.0,0.0,80.92513,8402813.0,0.0,0.0,0.0,0.0,10383440.0,7.0434785,162.0,2300.0,0.0,1.3215344,339.0,25652.0,0.0,0.0,0.0,0.0,0.0,dataset_2023.csv,202302,True,False
2023,2,Cajamarca,Santa Cruz,Santa Cruz,MOVISTAR,4.6293817,2299.0,0.0,0.0,8.194738,16195.0,4.7857857,1085.0,0.0,0.0,0.0,0.0,257.41574,543.0,92.69911,5696.0,0.0,0.0,9.158929,1107974.0,0.0,89.14314,10783824.0,0.0,0.0,0.0,0.0,12097200.0,6.9901314,170.0,2432.0,0.0,1.5897806,397.0,24972.0,0.0,0.0,0.0,0.0,0.0,dataset_2023.csv,202302,True,False
2023,2,Callao,Callao,Mi Peru,MOVISTAR,2.140322,2582.0,0.65809506,505.0,6.5026507,18645.0,3.0955834,1488.0,0.0,0.0,0.0,0.0,329.37067,1380.0,79.23151,20672.0,0.0,0.0,10.113466,3812181.0,0.0,89.0561,33568903.0,0.0,0.0,0.0,0.0,37694110.0,5.348181,341.0,6376.0,0.0,1.3129103,1128.0,85916.0,0.0,0.0,0.0,0.0,0.0,dataset_2023.csv,202302,True,False
2023,2,Cusco,Acomayo,Pomacanchi,MOVISTAR,0.0,0.0,0.0,0.0,0.0,0.0,0.0,0.0,0.0,0.0,0.0,0.0,0.0,0.0,0.0,0.0,0.0,0.0,8.94698,21367.0,0.0,61.122276,145971.0,0.0,0.0,0.0,0.0,238818.0,0.0,0.0,0.0,0.0,0.0,0.0,0.0,0.0,0.0,0.0,0.0,0.0,dataset_2023.csv,202302,False,True
2023,2,Cusco,Cusco,Cusco,MOVISTAR,3.2349498,6215.0,0.5793313,1552.0,8.229352,54252.0,3.3436606,3464.0,0.0,0.0,0.0,0.0,241.4464,4102.0,90.59787,54139.0,0.0,0.0,6.2917004,6211023.0,0.0,90.778,89613967.0,0.0,0.0,0.0,0.0,98717718.0,7.2112174,1296.0,17972.0,0.0,2.580089,6137.0,237860.0,0.0,0.0,0.0,0.0,0.0,dataset_2023.csv,202302,True,False
2023,2,Cusco,Cusco,San Jeronimo,MOVISTAR,5.6387105,4536.0,0.6602716,1553.0,9.20715,32153.0,3.769461,2832.0,0.0,0.0,0.0,0.0,205.75804,2352.0,88.60845,25009.0,0.0,0.0,9.654378,4031559.0,0.0,89.73964,37474260.0,0.0,0.0,0.0,0.0,41758870.0,5.284389,524.0,9916.0,0.0,1.4146497,1501.0,106104.0,0.0,0.0,0.0,0.0,0.0,dataset_2023.csv,202302,True,False
2023,2,Cusco,Cusco,San Sebastian,MOVISTAR,3.1266413,3584.0,1.1013805,1411.0,7.787582,36024.0,3.4062536,3001.0,0.0,0.0,0.0,0.0,268.09274,2816.0,91.03653,34553.0,0.0,0.0,6.9578333,4538128.0,0.0,91.313805,59557873.0,0.0,0.0,0.0,0.0,65223295.0,6.848984,849.0,12396.0,0.0,2.2704942,3420.0,150628.0,0.0,0.0,0.0,0.0,0.0,dataset_2023.csv,202302,True,False
2023,2,Cusco,Cusco,Santiago,MOVISTAR,3.7303371,3499.0,0.7096517,897.0,8.4290905,32771.0,4.077366,2613.0,0.0,0.0,0.0,0.0,242.17973,2219.0,91.061676,29605.0,0.0,0.0,5.2680197,3028377.0,0.0,93.57735,53793934.0,0.0,0.0,0.0,0.0,57486063.0,5.8572617,563.0,9612.0,0.0,2.6534507,3365.0,126816.0,0.0,0.0,0.0,0.0,0.0,dataset_2023.csv,202302,True,False
2023,2,Cusco,Cusco,Wanchaq,MOVISTAR,3.5485437,3705.0,0.624828,1075.0,9.506183,53579.0,2.9822564,3863.0,0.0,0.0,0.0,0.0,226.40138,3289.0,89.03521,49619.0,0.0,0.0,4.475556,2899000.0,0.0,94.43946,61172289.0,0.0,0.0,0.0,0.0,64774078.0,6.207531,877.0,14128.0,0.0,2.1163948,4545.0,214752.0,0.0,0.0,0.0,0.0,0.0,dataset_2023.csv,202302,True,False
2023,2,Cusco,La Convencion,Echarate,MOVISTAR,3.3938577,763.0,0.0,0.0,8.794929,10407.0,4.623573,745.0,0.0,0.0,0.0,0.0,360.9057,1229.0,92.81001,9820.0,0.0,0.0,7.6074996,1711231.0,0.0,63.07031,14187035.0,0.0,0.0,0.0,0.0,22494000.0,6.6044507,368.0,5572.0,0.0,2.0231886,869.0,42952.0,0.0,0.0,0.0,0.0,0.0,dataset_2023.csv,202302,True,False
2023,2,Huancavelica,Tayacaja,Pampas,MOVISTAR,4.361473,559.0,0.0,0.0,11.294568,9536.0,3.6554725,1049.0,0.0,0.0,0.0,0.0,261.75787,954.0,76.0848,7418.0,0.0,0.0,16.351843,1875317.0,0.0,80.82659,9269627.0,0.0,0.0,0.0,0.0,11468536.0,4.421937,179.0,4048.0,0.0,0.9990625,341.0,34132.0,0.0,0.0,0.0,0.0,0.0,dataset_2023.csv,202302,True,False
2023,2,Ica,Chincha,Alto Laran,MOVISTAR,3.9112136,499.0,0.0,0.0,8.659921,3165.0,0.0,0.0,0.0,0.0,0.0,0.0,0.0,0.0,75.70141,2703.0,0.0,0.0,5.3369184,255439.0,0.0,90.99481,4355252.0,0.0,0.0,0.0,0.0,4786264.0,5.629139,0.0,0.0,0.0,1.1432655,128.0,11196.0,0.0,0.0,0.0,0.0,0.0,dataset_2023.csv,202302,True,False
2023,2,Ica,Chincha,Chincha Alta,MOVISTAR,4.081054,2725.0,0.64823693,1356.0,12.513954,61758.0,3.7921922,4455.0,0.0,0.0,0.0,0.0,182.31352,2161.0,74.219284,68645.0,0.0,0.0,3.933499,3575923.0,0.0,94.272575,85702693.0,0.0,0.0,0.0,0.0,90909466.0,5.167038,464.0,8980.0,0.0,0.8626486,2412.0,279604.0,0.0,0.0,0.0,0.0,0.0,dataset_2023.csv,202302,True,False
2023,2,Ica,Chincha,Chincha Baja,MOVISTAR,3.8579037,1157.0,0.0,0.0,10.3727665,12392.0,4.142829,797.0,0.0,0.0,0.0,0.0,228.64272,917.0,79.98592,15167.0,0.0,0.0,4.2974186,628106.0,0.0,93.69398,13694210.0,0.0,0.0,0.0,0.0,14615891.0,6.6513762,261.0,3924.0,0.0,1.2618396,794.0,62924.0,0.0,0.0,0.0,0.0,0.0,dataset_2023.csv,202302,True,False
2023,2,Ica,Chincha,El Carmen,MOVISTAR,3.7061992,945.0,0.0,0.0,10.694204,5991.0,0.0,0.0,0.0,0.0,0.0,0.0,208.6965,666.0,75.91713,7102.0,0.0,0.0,15.12784,1786123.0,0.0,83.88226,9903862.0,0.0,0.0,0.0,0.0,11806861.0,5.3646564,153.0,2852.0,0.0,1.3845738,410.0,29612.0,0.0,0.0,0.0,0.0,0.0,dataset_2023.csv,202302,True,False
2023,2,Ica,Chincha,Pueblo Nuevo,MOVISTAR,5.23945,1887.0,0.99871343,835.0,11.697852,36516.0,4.23816,2975.0,0.0,0.0,0.0,0.0,190.74051,1003.0,75.73076,30742.0,0.0,0.0,4.3533044,1873205.0,0.0,94.660355,40731873.0,0.0,0.0,0.0,0.0,43029497.0,3.8830297,162.0,4172.0,0.0,0.83285517,1045.0,125472.0,0.0,0.0,0.0,0.0,0.0,dataset_2023.csv,202302,True,False
2023,2,Ica,Chincha,Sunampe,MOVISTAR,5.195924,1012.0,0.0,0.0,14.183367,27209.0,3.4203107,2734.0,0.0,0.0,0.0,0.0,200.42728,718.0,74.90208,25543.0,0.0,0.0,5.897788,1903457.0,0.0,93.33118,30121780.0,0.0,0.0,0.0,0.0,32274082.0,4.5302014,135.0,2980.0,0.0,0.9042983,940.0,103948.0,0.0,0.0,0.0,0.0,0.0,dataset_2023.csv,202302,True,False
2023,2,Ica,Ica,Ica,MOVISTAR,9.877917,16165.0,1.3560783,5799.0,11.830176,135934.0,3.987587,11162.0,0.0,0.0,0.0,0.0,160.72156,9821.0,74.058395,127914.0,0.0,0.0,6.0095096,12422790.0,0.0,93.5943,193477070.0,0.0,0.0,0.0,0.0,206718869.0,3.3221111,1342.0,40396.0,0.0,0.8884858,4653.0,523700.0,0.0,0.0,0.0,0.0,0.0,dataset_2023.csv,202302,True,False
2023,2,Ica,Ica,La Tinguiña,MOVISTAR,5.653191,813.0,0.0,0.0,11.179694,10628.0,5.1492267,1466.0,0.0,0.0,0.0,0.0,167.25975,619.0,73.29863,7213.0,0.0,0.0,5.8178368,1213979.0,0.0,94.09616,19634577.0,0.0,0.0,0.0,0.0,20866502.0,3.0805688,78.0,2532.0,0.0,0.846248,249.0,29424.0,0.0,0.0,0.0,0.0,0.0,dataset_2023.csv,202302,True,False
2023,2,Ica,Ica,Parcona,MOVISTAR,5.4731274,5696.0,1.2438785,1671.0,11.595715,20656.0,5.1496167,2843.0,0.0,0.0,0.0,0.0,240.85115,3100.0,73.93641,14640.0,0.0,0.0,16.223124,5065638.0,0.0,83.503654,26073851.0,0.0,0.0,0.0,0.0,31224801.0,1.8928901,246.0,12996.0,0.0,1.1864853,722.0,60852.0,0.0,0.0,0.0,0.0,0.0,dataset_2023.csv,202302,True,False
2023,2,Ica,Ica,Subtanjalla,MOVISTAR,3.357791,2470.0,0.82426745,478.0,9.545178,12695.0,4.7905803,1349.0,0.0,0.0,0.0,0.0,281.92422,1691.0,77.909096,11024.0,0.0,0.0,14.686217,2729277.0,0.0,84.03639,15617268.0,0.0,0.0,0.0,0.0,18583935.0,4.187605,300.0,7164.0,0.0,1.0024407,460.0,45888.0,0.0,0.0,0.0,0.0,0.0,dataset_2023.csv,202302,True,False
2023,2,Junin,Chanchamayo,Chanchamayo,MOVISTAR,3.7492838,1299.0,0.0,0.0,8.893376,22452.0,3.1887252,2847.0,0.0,0.0,0.0,0.0,182.9671,1218.0,81.243904,14845.0,0.0,0.0,7.084044,1915018.0,0.0,90.63513,24501248.0,0.0,0.0,0.0,0.0,27032837.0,4.5348835,234.0,5160.0,0.0,1.0220941,631.0,61736.0,0.0,0.0,0.0,0.0,0.0,dataset_2023.csv,202302,True,False
2023,2,Junin,Huancayo,Chilca,MOVISTAR,3.1789873,2203.0,0.6524248,912.0,7.3445096,38567.0,3.1863856,2403.0,0.0,0.0,0.0,0.0,234.12209,1867.0,78.39492,34249.0,0.0,0.0,4.8595486,3345805.0,0.0,92.67821,63809056.0,0.0,0.0,0.0,0.0,68850118.0,10.136728,860.0,8484.0,0.0,2.2109141,3541.0,160160.0,0.0,0.0,0.0,0.0,0.0,dataset_2023.csv,202302,True,False
2023,2,Junin,Huancayo,El Tambo,MOVISTAR,5.0037427,12236.0,1.3104155,4299.0,8.981864,165416.0,3.7923946,14413.0,0.0,0.0,0.0,0.0,210.56166,9615.0,78.30485,146772.0,0.0,0.0,7.8527374,21121981.0,0.0,90.82651,244301528.0,0.0,0.0,0.0,0.0,268976032.0,5.97965,2433.0,40688.0,0.0,1.1530582,7136.0,618876.0,0.0,0.0,0.0,0.0,0.0,dataset_2023.csv,202302,True,False
2023,2,Junin,Huancayo,Huancayo,MOVISTAR,4.43409,5709.0,0.82628876,1782.0,9.548716,119109.0,3.4853828,8687.0,0.0,0.0,0.0,0.0,219.46909,5930.0,77.33962,119865.0,0.0,0.0,3.9024444,7629755.0,0.0,95.38545,186490193.0,0.0,0.0,0.0,0.0,195512201.0,7.470857,1897.0,25392.0,0.0,1.3369035,7105.0,531452.0,0.0,0.0,0.0,0.0,0.0,dataset_2023.csv,202302,True,False
2023,2,Junin,Huancayo,Pilcomayo,MOVISTAR,2.9434266,895.0,0.0,0.0,5.9430037,10472.0,2.863262,565.0,0.0,0.0,0.0,0.0,247.09993,866.0,80.585815,11110.0,0.0,0.0,7.259077,1609471.0,0.0,91.970116,20391467.0,0.0,0.0,0.0,0.0,22171841.0,7.610994,288.0,3784.0,0.0,1.5892372,795.0,50024.0,0.0,0.0,0.0,0.0,0.0,dataset_2023.csv,202302,True,False
2023,2,Junin,Huancayo,San Agustin,MOVISTAR,4.1672773,481.0,0.0,0.0,6.4462156,23261.0,4.301852,2390.0,0.0,0.0,0.0,0.0,176.81075,492.0,77.42446,14982.0,0.0,0.0,1.678233,509967.0,0.0,97.90903,29751752.0,0.0,0.0,0.0,0.0,30387138.0,4.961832,104.0,2096.0,0.0,1.9822994,1429.0,72088.0,0.0,0.0,0.0,0.0,0.0,dataset_2023.csv,202302,True,False
2023,2,Junin,Junin,Carhuamayo,MOVISTAR,5.4163704,6129.0,0.60816133,1059.0,9.994249,10152.0,3.6587236,522.0,0.0,0.0,0.0,0.0,210.0626,1718.0,77.198006,5326.0,0.0,0.0,29.197556,2795299.0,0.0,68.26999,6535993.0,0.0,0.0,0.0,0.0,9573743.0,2.5662718,182.0,7092.0,0.0,1.0410959,228.0,21900.0,0.0,0.0,0.0,0.0,0.0,dataset_2023.csv,202302,True,False
2023,2,La Libertad,Trujillo,El Porvenir,MOVISTAR,3.4270942,3096.0,0.76007116,1174.0,7.71829,38428.0,3.0127466,5263.0,0.0,0.0,0.0,0.0,242.18939,1701.0,82.63525,36473.0,0.0,0.0,6.2556176,4777764.0,0.0,92.49383,70642694.0,0.0,0.0,0.0,0.0,76375579.0,9.927983,772.0,7776.0,0.0,2.4614565,3787.0,153852.0,0.0,0.0,0.0,0.0,0.0,dataset_2023.csv,202302,True,False
2023,2,La Libertad,Trujillo,La Esperanza,MOVISTAR,3.1846907,4255.0,0.6507737,1470.0,8.566752,48635.0,3.2644897,4000.0,0.0,0.0,0.0,0.0,234.25479,2505.0,84.3351,43283.0,0.0,0.0,4.6158857,4346234.0,0.0,94.18337,88681348.0,0.0,0.0,0.0,0.0,94158176.0,7.632541,835.0,10940.0,0.0,1.4610709,2673.0,182948.0,0.0,0.0,0.0,0.0,0.0,dataset_2023.csv,202302,True,False
2023,2,La Libertad,Trujillo,Moche,MOVISTAR,3.4286902,1324.0,0.0,0.0,8.82338,13296.0,3.9129555,679.0,0.0,0.0,0.0,0.0,181.19757,798.0,82.97309,10451.0,0.0,0.0,6.012077,1336090.0,0.0,93.565094,20793378.0,0.0,0.0,0.0,0.0,22223435.0,7.3809524,248.0,3360.0,0.0,1.3205117,574.0,43468.0,0.0,0.0,0.0,0.0,0.0,dataset_2023.csv,202302,True,False
2023,2,La Libertad,Trujillo,Trujillo,MOVISTAR,4.6714535,26057.0,0.77547723,7268.0,11.698642,246324.0,4.0528345,23726.0,0.0,0.0,0.0,0.0,193.07599,14078.0,81.32661,224615.0,0.0,0.0,6.9802985,25896390.0,0.0,92.04033,341462794.0,0.0,0.0,0.0,0.0,370992588.0,5.645594,3365.0,59604.0,0.0,1.0259016,9471.0,923188.0,0.0,0.0,0.0,0.0,0.0,dataset_2023.csv,202302,True,False
2023,2,La Libertad,Trujillo,Victor Larco Herrera,MOVISTAR,4.1262918,2782.0,0.6507251,1215.0,11.421111,47212.0,3.717706,3894.0,0.0,0.0,0.0,0.0,168.69478,2248.0,80.82173,44534.0,0.0,0.0,4.0114746,3396003.0,0.0,93.70027,79324049.0,0.0,0.0,0.0,0.0,84657223.0,5.5979643,528.0,9432.0,0.0,0.85657805,1560.0,182120.0,0.0,0.0,0.0,0.0,0.0,dataset_2023.csv,202302,True,False
2023,2,Lambayeque,Chiclayo,Chiclayo,MOVISTAR,4.257204,9343.0,0.6458263,3812.0,11.284304,135748.0,3.920324,11058.0,0.0,0.0,0.0,0.0,209.9828,6521.0,85.13927,115056.0,0.0,0.0,4.9741225,10892130.0,0.0,93.018394,203687870.0,0.0,0.0,0.0,0.0,218975912.0,5.711207,1590.0,27840.0,0.0,1.2009327,5737.0,477712.0,0.0,0.0,0.0,0.0,0.0,dataset_2023.csv,202302,True,False
2023,2,Lambayeque,Chiclayo,Jose Leonardo Ortiz,MOVISTAR,3.5803761,3505.0,0.638596,874.0,10.2000065,37941.0,3.3781338,3283.0,0.0,0.0,0.0,0.0,226.35928,2153.0,86.220955,30263.0,0.0,0.0,5.008047,3196575.0,0.0,93.429214,59634720.0,0.0,0.0,0.0,0.0,63828771.0,5.93533,547.0,9216.0,0.0,1.3389472,1695.0,126592.0,0.0,0.0,0.0,0.0,0.0,dataset_2023.csv,202302,True,False
2023,2,Lambayeque,Chiclayo,La Victoria,MOVISTAR,5.1761622,1155.0,0.74710983,419.0,10.552915,43929.0,3.2967236,2411.0,0.0,0.0,0.0,0.0,210.3374,915.0,83.19286,34622.0,0.0,0.0,4.210846,2487696.0,0.0,94.80576,56009627.0,0.0,0.0,0.0,0.0,59078295.0,5.598555,217.0,3876.0,0.0,0.78517056,1114.0,141880.0,0.0,0.0,0.0,0.0,0.0,dataset_2023.csv,202302,True,False
2023,2,Lambayeque,Chiclayo,Pimentel,MOVISTAR,3.6874404,1967.0,1.0146208,1001.0,15.1558695,42872.0,4.2982726,5058.0,0.0,0.0,0.0,0.0,181.80225,1336.0,82.56687,29315.0,0.0,0.0,6.178276,3478705.0,0.0,88.71834,49953240.0,0.0,0.0,0.0,0.0,56305430.0,6.1801677,354.0,5728.0,0.0,0.9001325,1087.0,120760.0,0.0,0.0,0.0,0.0,0.0,dataset_2023.csv,202302,True,False
2023,2,Lima,Cañete,Asia,MOVISTAR,3.2126815,4865.0,0.6491474,1086.0,11.228785,45867.0,3.166088,4285.0,0.0,0.0,0.0,0.0,296.15256,3364.0,78.734,36006.0,0.0,0.0,8.106592,3823901.0,0.0,91.216606,43027116.0,0.0,0.0,0.0,0.0,47170266.0,3.741953,558.0,14912.0,0.0,1.0511723,1562.0,148596.0,0.0,0.0,0.0,0.0,0.0,dataset_2023.csv,202302,True,False
2023,2,Lima,Cañete,Cerro Azul,MOVISTAR,5.5094533,3275.0,0.6989989,623.0,12.884143,29476.0,3.8752437,1459.0,0.0,0.0,0.0,0.0,225.66435,1527.0,79.76546,17899.0,0.0,0.0,6.5744295,1702363.0,0.0,86.97432,22520869.0,0.0,0.0,0.0,0.0,25893699.0,2.8637772,185.0,6460.0,0.0,0.9569119,708.0,73988.0,0.0,0.0,0.0,0.0,0.0,dataset_2023.csv,202302,True,False
2023,2,Lima,Cañete,Chilca,MOVISTAR,3.379773,2006.0,0.7289885,566.0,7.6411147,18058.0,2.7831683,2269.0,0.0,0.0,0.0,0.0,304.54678,1765.0,82.96545,18186.0,0.0,0.0,6.89022,1907853.0,0.0,90.191246,24973315.0,0.0,0.0,0.0,0.0,27689289.0,4.120041,324.0,7864.0,0.0,1.7928237,1423.0,79372.0,0.0,0.0,0.0,0.0,0.0,dataset_2023.csv,202302,True,False
2023,2,Lima,Cañete,Mala,MOVISTAR,3.50925,5076.0,0.81113416,961.0,7.8341784,39696.0,5.569439,7816.0,0.0,0.0,0.0,0.0,324.66003,2941.0,79.55948,36643.0,0.0,0.0,6.983358,5139058.0,0.0,91.887344,67619957.0,0.0,0.0,0.0,0.0,73590068.0,4.3236566,560.0,12952.0,0.0,1.3423287,2119.0,157860.0,0.0,0.0,0.0,0.0,0.0,dataset_2023.csv,202302,True,False
2023,2,Lima,Huaura,Huaura,MOVISTAR,2.671339,867.0,0.0,0.0,8.243086,12908.0,2.7107878,531.0,0.0,0.0,0.0,0.0,274.64706,858.0,83.90298,13149.0,0.0,0.0,6.723944,1479657.0,0.0,88.55162,19486484.0,0.0,0.0,0.0,0.0,22005790.0,4.3763103,167.0,3816.0,0.0,1.0658273,579.0,54324.0,0.0,0.0,0.0,0.0,0.0,dataset_2023.csv,202302,True,False
2023,2,Lima,Lima,Barranco,MOVISTAR,4.894174,2167.0,0.53904897,445.0,13.453147,40392.0,3.8841038,2333.0,0.0,0.0,0.0,0.0,220.13649,1174.0,76.247574,40542.0,0.0,0.0,3.498558,1747979.0,0.0,96.14837,48038459.0,0.0,0.0,0.0,0.0,49962842.0,2.7733119,138.0,4976.0,0.0,0.77103996,1272.0,164972.0,0.0,0.0,0.0,0.0,0.0,dataset_2023.csv,202302,True,False
2023,2,Lima,Lima,Breña,MOVISTAR,4.143777,4400.0,0.5788741,1019.0,10.018783,57188.0,3.3801243,3680.0,0.0,0.0,0.0,0.0,240.23082,3434.0,75.90861,65125.0,0.0,0.0,4.2236514,4168110.0,0.0,95.02817,93778536.0,0.0,0.0,0.0,0.0,98684989.0,3.8328454,576.0,15028.0,0.0,0.9572207,2558.0,267232.0,0.0,0.0,0.0,0.0,0.0,dataset_2023.csv,202302,True,False
2023,2,Lima,Lima,Carabayllo,MOVISTAR,3.946102,17921.0,0.88086706,3356.0,10.603483,125280.0,4.3196535,12600.0,0.0,0.0,0.0,0.0,289.84598,8976.0,76.85536,110481.0,0.0,0.0,9.696907,21217091.0,0.0,89.291954,195373180.0,0.0,0.0,0.0,0.0,218802673.0,4.8319116,1926.0,39860.0,0.0,1.3085773,5978.0,456832.0,0.0,0.0,0.0,0.0,0.0,dataset_2023.csv,202302,True,False
2023,2,Lima,Lima,Comas,MOVISTAR,3.755191,39400.0,0.7031048,7168.0,9.907026,210274.0,3.8709006,16108.0,0.0,0.0,0.0,0.0,277.9467,18818.0,78.40632,217597.0,0.0,0.0,8.201989,36115490.0,0.0,90.21841,397255094.0,0.0,0.0,0.0,0.0,440325993.0,5.4311085,4563.0,84016.0,0.0,1.2139748,10967.0,903396.0,0.0,0.0,0.0,0.0,0.0,dataset_2023.csv,202302,True,False
2023,2,Lima,Lima,El Agustino,MOVISTAR,3.181616,7326.0,0.91273034,1803.0,9.476066,52775.0,3.3865967,4240.0,0.0,0.0,0.0,0.0,307.29297,3793.0,76.92126,53880.0,0.0,0.0,10.561907,11893743.0,0.0,86.94016,97903149.0,0.0,0.0,0.0,0.0,112609806.0,6.477872,1130.0,17444.0,0.0,1.2511394,2800.0,223796.0,0.0,0.0,0.0,0.0,0.0,dataset_2023.csv,202302,True,False
2023,2,Lima,Lima,Independencia,MOVISTAR,3.6074424,11725.0,0.74577785,2823.0,10.277369,98141.0,3.9176083,7977.0,0.0,0.0,0.0,0.0,281.25305,6804.0,77.55093,103790.0,0.0,0.0,6.393076,11912521.0,0.0,91.6191,170718212.0,0.0,0.0,0.0,0.0,186334734.0,4.775017,1422.0,29780.0,0.0,1.3326036,5819.0,436664.0,0.0,0.0,0.0,0.0,0.0,dataset_2023.csv,202302,True,False
2023,2,Lima,Lima,Los Olivos,MOVISTAR,4.234487,26608.0,0.81411207,6198.0,10.402111,177319.0,3.4620168,11335.0,0.0,0.0,0.0,0.0,261.98346,12810.0,77.43807,168865.0,0.0,0.0,7.176066,24025115.0,0.0,91.396355,305990490.0,0.0,0.0,0.0,0.0,334795069.0,4.411448,2457.0,55696.0,0.0,1.2812641,8973.0,700324.0,0.0,0.0,0.0,0.0,0.0,dataset_2023.csv,202302,True,False
2023,2,Lima,Lima,Puente Piedra,MOVISTAR,3.1039114,13035.0,0.7223309,2855.0,9.43902,129258.0,3.6777048,8535.0,0.0,0.0,0.0,0.0,296.1666,7119.0,77.50835,112348.0,0.0,0.0,7.5932117,15432179.0,0.0,91.03092,185008075.0,0.0,0.0,0.0,0.0,203236518.0,5.5162134,1776.0,32196.0,0.0,1.3306843,6202.0,466076.0,0.0,0.0,0.0,0.0,0.0,dataset_2023.csv,202302,True,False
2023,2,Lima,Lima,Punta Negra,MOVISTAR,4.101465,685.0,0.0,0.0,11.037755,9207.0,4.5967436,643.0,0.0,0.0,0.0,0.0,222.29001,535.0,78.7775,9289.0,0.0,0.0,6.7880864,702976.0,0.0,91.72807,9499383.0,0.0,0.0,0.0,0.0,10356026.0,2.8609154,65.0,2272.0,0.0,0.94187856,363.0,38540.0,0.0,0.0,0.0,0.0,0.0,dataset_2023.csv,202302,True,False
2023,2,Lima,Lima,San Juan De Lurigancho,MOVISTAR,3.2361727,31821.0,0.7044543,7391.0,10.007489,284088.0,3.984132,22469.0,0.0,0.0,0.0,0.0,295.0966,16753.0,77.434555,254311.0,0.0,0.0,9.044878,45170992.0,0.0,87.16668,435318797.0,0.0,0.0,0.0,0.0,499409633.0,5.744118,4346.0,75660.0,0.0,1.2846344,13581.0,1057188.0,0.0,0.0,0.0,0.0,0.0,dataset_2023.csv,202302,True,False
2023,2,Lima,Lima,San Luis,MOVISTAR,4.3980327,4229.0,0.5935206,840.0,10.217894,48807.0,3.2664053,2396.0,0.0,0.0,0.0,0.0,270.42233,2461.0,75.94486,48820.0,0.0,0.0,6.1543193,4262600.0,0.0,93.0835,64471428.0,0.0,0.0,0.0,0.0,69261926.0,4.8877625,540.0,11048.0,0.0,1.0128547,2036.0,201016.0,0.0,0.0,0.0,0.0,0.0,dataset_2023.csv,202302,True,False
2023,2,Lima,Lima,San Martin De Porres,MOVISTAR,3.7925568,27924.0,0.95759255,7011.0,9.935062,290864.0,3.82277,25804.0,0.0,0.0,0.0,0.0,275.29773,20266.0,77.15463,291033.0,0.0,0.0,9.186768,49282030.0,0.0,89.063385,477776798.0,0.0,0.0,0.0,0.0,536445801.0,4.1369357,3641.0,88012.0,0.0,0.99024576,11890.0,1200712.0,0.0,0.0,0.0,0.0,0.0,dataset_2023.csv,202302,True,False
2023,2,Piura,Piura,Castilla,MOVISTAR,4.2782564,2998.0,0.7367118,1129.0,11.465764,78651.0,3.4151175,6647.0,0.0,0.0,0.0,0.0,205.20139,2325.0,85.661865,62546.0,0.0,0.0,2.3348954,3079739.0,0.0,96.49831,127281755.0,0.0,0.0,0.0,0.0,131900509.0,6.144916,614.0,9992.0,0.0,0.96409005,2485.0,257756.0,0.0,0.0,0.0,0.0,0.0,dataset_2023.csv,202302,True,False
2023,2,Piura,Piura,Catacaos,MOVISTAR,8.531596,1768.0,1.1757734,538.0,10.058305,21683.0,4.4635253,2129.0,0.0,0.0,0.0,0.0,243.34962,1331.0,86.737015,17226.0,0.0,0.0,3.1653783,1457214.0,0.0,96.37623,44367771.0,0.0,0.0,0.0,0.0,46036012.0,4.94146,287.0,5808.0,0.0,1.1955308,856.0,71600.0,0.0,0.0,0.0,0.0,0.0,dataset_2023.csv,202302,True,False
2023,2,Piura,Piura,Piura,MOVISTAR,4.6941423,7945.0,0.82599664,2168.0,10.8522835,125459.0,3.965914,8739.0,0.0,0.0,0.0,0.0,187.59766,5456.0,86.55007,111675.0,0.0,0.0,4.2619915,8364349.0,0.0,94.80633,186061659.0,0.0,0.0,0.0,0.0,196254476.0,5.3159175,1225.0,23044.0,0.0,0.9952281,4605.0,462708.0,0.0,0.0,0.0,0.0,0.0,dataset_2023.csv,202302,True,False
2023,2,Piura,Piura,Veintiseis De Octubre,MOVISTAR,4.5992794,4160.0,0.7923691,1017.0,9.740196,63285.0,3.4724262,5500.0,0.0,0.0,0.0,0.0,211.28528,2587.0,87.331,52224.0,0.0,0.0,4.091213,4239567.0,0.0,94.84398,98283176.0,0.0,0.0,0.0,0.0,103626161.0,5.922242,655.0,11060.0,0.0,1.2859566,2820.0,219292.0,0.0,0.0,0.0,0.0,0.0,dataset_2023.csv,202302,True,False
2023,2,Puno,Puno,Puno,MOVISTAR,4.2626047,11890.0,1.1859514,3760.0,10.591629,132118.0,4.1099367,14613.0,0.0,0.0,0.0,0.0,212.80171,8450.0,85.71021,110389.0,0.0,0.0,7.1376634,13649708.0,0.0,91.30971,174616079.0,0.0,0.0,0.0,0.0,191234960.0,6.396694,2322.0,36300.0,0.0,1.2572786,5804.0,461632.0,0.0,0.0,0.0,0.0,0.0,dataset_2023.csv,202302,True,False
2023,2,Puno,San Roman,Caracoto,MOVISTAR,3.5060775,1277.0,0.0,0.0,4.3599844,7160.0,0.0,0.0,0.0,0.0,0.0,0.0,249.41843,778.0,86.76298,6276.0,0.0,0.0,15.131058,1423971.0,0.0,83.70518,7877423.0,0.0,0.0,0.0,0.0,9410915.0,8.044983,279.0,3468.0,0.0,2.2074308,587.0,26592.0,0.0,0.0,0.0,0.0,0.0,dataset_2023.csv,202302,True,False
2023,2,Puno,San Roman,Juliaca,MOVISTAR,3.8471534,16760.0,0.7484833,4101.0,8.862207,169256.0,5.0794,17379.0,0.0,0.0,0.0,0.0,229.72119,11391.0,86.58038,137569.0,0.0,0.0,6.734563,14656204.0,0.0,92.77251,201897703.0,0.0,0.0,0.0,0.0,217626663.0,6.794481,3388.0,49864.0,0.0,1.4499966,8450.0,582760.0,0.0,0.0,0.0,0.0,0.0,dataset_2023.csv,202302,True,False
2023,2,Puno,San Roman,San Miguel,MOVISTAR,4.5752416,3822.0,0.8169083,937.0,13.563965,39375.0,4.7868776,4495.0,0.0,0.0,0.0,0.0,266.41742,2195.0,86.18275,23383.0,0.0,0.0,5.9075418,1893022.0,0.0,93.36959,29919499.0,0.0,0.0,0.0,0.0,32044157.0,6.725515,640.0,9516.0,0.0,1.6503378,1671.0,101252.0,0.0,0.0,0.0,0.0,0.0,dataset_2023.csv,202302,True,False
2023,2,San Martin,Moyobamba,Moyobamba,MOVISTAR,4.2758956,10902.0,0.40271392,587.0,10.005842,27581.0,3.2545848,1500.0,0.0,0.0,0.0,0.0,344.33807,1077.0,94.977646,25276.0,0.0,0.0,7.108918,3237764.0,0.0,88.20013,40170837.0,0.0,0.0,0.0,0.0,45545100.0,5.3823776,259.0,4812.0,0.0,1.0549268,1137.0,107780.0,0.0,0.0,0.0,0.0,0.0,dataset_2023.csv,202302,True,False
2023,2,Tacna,Candarave,Camilaca,MOVISTAR,5.635632,1290.0,0.0,0.0,7.6760807,3315.0,0.0,0.0,0.0,0.0,0.0,0.0,158.23166,909.0,98.470024,4058.0,0.0,0.0,17.729603,603235.0,0.0,79.91504,2719043.0,0.0,0.0,0.0,0.0,3402417.0,3.3934252,128.0,3772.0,0.0,1.5384616,268.0,17420.0,0.0,0.0,0.0,0.0,0.0,dataset_2023.csv,202302,True,False
2023,2,Tumbes,Contralmirante Villar,Canoas De Punta Sal,MOVISTAR,6.3617616,862.0,0.0,0.0,11.371419,8479.0,0.0,0.0,0.0,0.0,0.0,0.0,181.77625,759.0,88.33552,6722.0,0.0,0.0,9.435202,946411.0,0.0,88.95303,8922558.0,0.0,0.0,0.0,0.0,10030639.0,5.1369863,165.0,3212.0,0.0,1.1271636,323.0,28656.0,0.0,0.0,0.0,0.0,0.0,dataset_2023.csv,202302,True,False
2023,2,Tumbes,Tumbes,Tumbes,MOVISTAR,3.5664022,2710.0,0.9272111,1136.0,10.052379,48908.0,3.4739916,5485.0,0.0,0.0,0.0,0.0,199.46269,1485.0,88.86465,43929.0,0.0,0.0,4.543999,3268008.0,0.0,95.03964,68351754.0,0.0,0.0,0.0,0.0,71919205.0,5.646193,353.0,6252.0,0.0,0.7510254,1355.0,180420.0,0.0,0.0,0.0,0.0,0.0,dataset_2023.csv,202302,True,False
2023,3,Arequipa,Arequipa,Alto Selva Alegre,MOVISTAR,5.09113,9242.0,1.1313474,3291.0,9.9349575,30439.0,4.207163,2289.0,0.0,0.0,0.0,0.0,250.8283,4327.0,81.285324,31943.0,0.0,0.0,10.108211,4745355.0,0.0,87.95696,41291881.0,0.0,0.0,0.0,0.0,46945550.0,4.0769916,735.0,18028.0,0.0,1.327766,1768.0,133156.0,0.0,0.0,0.0,0.0,0.0,dataset_2023.csv,202303,True,False
2023,3,Arequipa,Arequipa,Cayma,MOVISTAR,3.0393887,5356.0,0.65586174,1412.0,8.241149,42406.0,3.4238534,3094.0,0.0,0.0,0.0,0.0,185.97545,4142.0,81.62211,49676.0,0.0,0.0,5.0831733,4652967.0,0.0,92.619514,84780804.0,0.0,0.0,0.0,0.0,91536657.0,5.554928,983.0,17696.0,0.0,1.623098,3405.0,209784.0,0.0,0.0,0.0,0.0,0.0,dataset_2023.csv,202303,True,False
2023,3,Arequipa,Arequipa,Jacobo Hunter,MOVISTAR,3.7014387,1991.0,0.9234514,584.0,8.300128,24767.0,3.5679533,2470.0,0.0,0.0,0.0,0.0,213.6001,1400.0,82.53741,23130.0,0.0,0.0,4.0286956,1718741.0,0.0,95.216545,40621730.0,0.0,0.0,0.0,0.0,42662470.0,5.623756,339.0,6028.0,0.0,1.6126068,1579.0,97916.0,0.0,0.0,0.0,0.0,0.0,dataset_2023.csv,202303,True,False
2023,3,Arequipa,Arequipa,Jose Luis Bustamante Y Rivero,MOVISTAR,3.9102514,5261.0,0.82572335,1503.0,11.48575,64547.0,4.0719705,6203.0,0.0,0.0,0.0,0.0,237.05672,4685.0,80.20828,66084.0,0.0,0.0,5.3931246,5566627.0,0.0,93.459114,96465794.0,0.0,0.0,0.0,0.0,103217105.0,4.4814663,885.0,19748.0,0.0,1.1226813,3077.0,274076.0,0.0,0.0,0.0,0.0,0.0,dataset_2023.csv,202303,True,False
2023,3,Arequipa,Arequipa,Mariano Melgar,MOVISTAR,3.9395323,5620.0,0.87746686,1185.0,12.424136,34474.0,4.14118,4645.0,0.0,0.0,0.0,0.0,212.64198,3370.0,80.72901,39758.0,0.0,0.0,4.9307737,2691929.0,0.0,94.81228,51762249.0,0.0,0.0,0.0,0.0,54594456.0,3.6083214,503.0,13940.0,0.0,1.2089151,1995.0,165024.0,0.0,0.0,0.0,0.0,0.0,dataset_2023.csv,202303,True,False
2023,3,Arequipa,Arequipa,Miraflores,MOVISTAR,4.099737,2557.0,0.815362,829.0,10.62422,47509.0,5.180972,7094.0,0.0,0.0,0.0,0.0,184.99756,2527.0,79.84687,40518.0,0.0,0.0,4.546534,2874653.0,0.0,92.83126,58694747.0,0.0,0.0,0.0,0.0,63227349.0,4.6450152,492.0,10592.0,0.0,1.1253885,1883.0,167320.0,0.0,0.0,0.0,0.0,0.0,dataset_2023.csv,202303,True,False
2023,3,Arequipa,Arequipa,Paucarpata,MOVISTAR,3.63617,8591.0,0.79601693,2256.0,11.444171,58822.0,4.493418,6738.0,0.0,0.0,0.0,0.0,227.05655,4922.0,80.2696,48752.0,0.0,0.0,8.178176,6633549.0,0.0,91.04458,73848829.0,0.0,0.0,0.0,0.0,81112823.0,5.192345,1069.0,20588.0,0.0,1.184792,2402.0,202736.0,0.0,0.0,0.0,0.0,0.0,dataset_2023.csv,202303,True,False
2023,3,Arequipa,Arequipa,Sachaca,MOVISTAR,4.5619473,798.0,0.0,0.0,12.146077,10799.0,4.488172,1285.0,0.0,0.0,0.0,0.0,196.47281,550.0,80.419075,10003.0,0.0,0.0,10.609462,1727486.0,0.0,88.54487,14417321.0,0.0,0.0,0.0,0.0,16282503.0,7.7380953,182.0,2352.0,0.0,1.199501,500.0,41684.0,0.0,0.0,0.0,0.0,0.0,dataset_2023.csv,202303,True,False
2023,3,Arequipa,Arequipa,Socabaya,MOVISTAR,3.8248117,2017.0,0.82080805,521.0,10.603159,16417.0,3.7074263,1359.0,0.0,0.0,0.0,0.0,227.79236,1866.0,81.86143,16692.0,0.0,0.0,7.312753,3694837.0,0.0,90.50349,45727734.0,0.0,0.0,0.0,0.0,50525935.0,3.937917,307.0,7796.0,0.0,1.6942219,1201.0,70888.0,0.0,0.0,0.0,0.0,0.0,dataset_2023.csv,202303,True,False
2023,3,Arequipa,Arequipa,Tiabaya,MOVISTAR,5.809391,2093.0,0.0,0.0,7.595077,11015.0,2.535793,2314.0,0.0,0.0,0.0,0.0,196.32146,824.0,80.59405,7197.0,0.0,0.0,6.691447,1140722.0,0.0,91.84661,15657518.0,0.0,0.0,0.0,0.0,17047464.0,3.9519906,135.0,3416.0,0.0,1.3180668,396.0,30044.0,0.0,0.0,0.0,0.0,0.0,dataset_2023.csv,202303,True,False
2023,3,Arequipa,Arequipa,Yanahuara,MOVISTAR,3.2956693,1221.0,0.0,0.0,12.901467,24677.0,3.9165516,1443.0,0.0,0.0,0.0,0.0,188.95474,1250.0,78.13211,24085.0,0.0,0.0,3.509466,1329613.0,0.0,95.82229,36303689.0,0.0,0.0,0.0,0.0,37886476.0,5.2321157,275.0,5256.0,0.0,1.2086079,1203.0,99536.0,0.0,0.0,0.0,0.0,0.0,dataset_2023.csv,202303,True,False
2023,3,Ayacucho,Huamanga,Carmen Alto,MOVISTAR,2.8966565,1648.0,0.40890327,474.0,9.876105,8057.0,0.0,0.0,0.0,0.0,0.0,0.0,230.75252,1182.0,77.92063,7111.0,0.0,0.0,6.8258142,696266.0,0.0,91.44536,9327868.0,0.0,0.0,0.0,0.0,10200483.0,4.1666665,210.0,5040.0,0.0,1.6235498,487.0,29996.0,0.0,0.0,0.0,0.0,0.0,dataset_2023.csv,202303,True,False
2023,3,Cajamarca,Celendin,Celendin,MOVISTAR,3.4555612,1236.0,0.0,0.0,7.506096,15128.0,4.8519015,1924.0,0.0,0.0,0.0,0.0,269.69315,676.0,79.95484,12557.0,0.0,0.0,9.145788,1346748.0,0.0,90.092445,13266415.0,0.0,0.0,0.0,0.0,14725336.0,8.299731,247.0,2976.0,0.0,0.90745145,473.0,52124.0,0.0,0.0,0.0,0.0,0.0,dataset_2023.csv,202303,True,False
2023,3,Cajamarca,Santa Cruz,Santa Cruz,MOVISTAR,5.0725183,2675.0,0.8453816,601.0,8.960382,16069.0,4.2047954,2213.0,0.0,0.0,0.0,0.0,271.0048,707.0,85.18323,7254.0,0.0,0.0,10.473946,1409285.0,0.0,86.43549,11630024.0,0.0,0.0,0.0,0.0,13455149.0,4.967949,155.0,3120.0,0.0,1.2426338,388.0,31224.0,0.0,0.0,0.0,0.0,0.0,dataset_2023.csv,202303,True,False
2023,3,Callao,Callao,Mi Peru,MOVISTAR,2.6020021,3363.0,0.7811614,771.0,8.241195,23142.0,3.1995192,1161.0,0.0,0.0,0.0,0.0,311.01672,1602.0,74.87471,21921.0,0.0,0.0,7.2593036,2724942.0,0.0,90.783806,34077733.0,0.0,0.0,0.0,0.0,37537237.0,4.7454343,343.0,7228.0,0.0,1.0962214,998.0,91040.0,0.0,0.0,0.0,0.0,0.0,dataset_2023.csv,202303,True,False
2023,3,Cusco,Acomayo,Pomacanchi,MOVISTAR,0.0,0.0,0.0,0.0,0.0,0.0,0.0,0.0,0.0,0.0,0.0,0.0,0.0,0.0,0.0,0.0,0.0,0.0,6.4631753,15381.0,0.0,87.30518,207768.0,0.0,0.0,0.0,0.0,237979.0,0.0,0.0,0.0,0.0,0.6880734,0.0,0.0,0.0,0.0,0.0,0.0,0.0,dataset_2023.csv,202303,False,True
2023,3,Cusco,Cusco,Cusco,MOVISTAR,3.0021994,4226.0,0.611343,1249.0,8.96228,45924.0,3.5027785,3661.0,0.0,0.0,0.0,0.0,256.643,4476.0,86.18869,54723.0,0.0,0.0,7.3778844,6701313.0,0.0,89.64112,81420797.0,0.0,0.0,0.0,0.0,90829740.0,6.1106524,1184.0,19376.0,0.0,2.1781723,5114.0,234784.0,0.0,0.0,0.0,0.0,0.0,dataset_2023.csv,202303,True,False
2023,3,Cusco,Cusco,San Jeronimo,MOVISTAR,4.159697,3352.0,1.0802674,1134.0,8.270367,34589.0,3.7131004,2880.0,0.0,0.0,0.0,0.0,223.63583,2123.0,84.62643,30715.0,0.0,0.0,5.5650816,2573967.0,0.0,93.7673,43369346.0,0.0,0.0,0.0,0.0,46252100.0,4.1666665,371.0,8904.0,0.0,1.1499254,1480.0,128704.0,0.0,0.0,0.0,0.0,0.0,dataset_2023.csv,202303,True,False
2023,3,Cusco,Cusco,San Sebastian,MOVISTAR,3.285106,3285.0,0.8633009,940.0,7.6671066,28519.0,3.7958784,2234.0,0.0,0.0,0.0,0.0,241.38553,2570.0,89.314224,30262.0,0.0,0.0,7.676917,4453105.0,0.0,91.14304,52868820.0,0.0,0.0,0.0,0.0,58006423.0,6.25,702.0,11232.0,0.0,2.4213827,3197.0,132032.0,0.0,0.0,0.0,0.0,0.0,dataset_2023.csv,202303,True,False
2023,3,Cusco,Cusco,Santiago,MOVISTAR,3.5398145,5074.0,0.77742434,1223.0,7.8558574,30074.0,3.6854389,2479.0,0.0,0.0,0.0,0.0,254.92741,2563.0,86.74572,31157.0,0.0,0.0,7.1420326,4262587.0,0.0,91.13239,54390645.0,0.0,0.0,0.0,0.0,59683108.0,4.622849,505.0,10924.0,0.0,2.337594,3109.0,133000.0,0.0,0.0,0.0,0.0,0.0,dataset_2023.csv,202303,True,False
2023,3,Cusco,Cusco,Wanchaq,MOVISTAR,3.917337,5170.0,0.8064088,1219.0,8.619486,50040.0,3.6481092,3948.0,0.0,0.0,0.0,0.0,222.14618,3226.0,86.24289,52335.0,0.0,0.0,4.805712,3280008.0,0.0,94.02318,64172959.0,0.0,0.0,0.0,0.0,68252277.0,5.3467364,734.0,13728.0,0.0,2.0181293,4524.0,224168.0,0.0,0.0,0.0,0.0,0.0,dataset_2023.csv,202303,True,False
2023,3,Cusco,La Convencion,Echarate,MOVISTAR,5.5124383,1283.0,0.0,0.0,11.454524,8703.0,2.8131964,494.0,0.0,0.0,0.0,0.0,357.71335,1274.0,90.73536,6439.0,0.0,0.0,7.8387537,1806993.0,0.0,58.762005,13545844.0,0.0,0.0,0.0,0.0,23052045.0,6.84691,390.0,5696.0,0.0,4.6961493,1561.0,33240.0,0.0,0.0,0.0,0.0,0.0,dataset_2023.csv,202303,True,False
2023,3,Huancavelica,Tayacaja,Pampas,MOVISTAR,5.248262,619.0,0.0,0.0,11.888716,17842.0,4.0177045,2950.0,0.0,0.0,0.0,0.0,197.30186,670.0,72.36117,10849.0,0.0,0.0,15.152061,1979399.0,0.0,83.354546,10889073.0,0.0,0.0,0.0,0.0,13063562.0,4.8797736,138.0,2828.0,0.0,1.2377536,566.0,45728.0,0.0,0.0,0.0,0.0,0.0,dataset_2023.csv,202303,True,False
2023,3,Ica,Chincha,Alto Laran,MOVISTAR,4.634535,1963.0,0.0,0.0,9.450407,8342.0,3.0038888,463.0,0.0,0.0,0.0,0.0,0.0,0.0,73.705185,5594.0,0.0,0.0,12.68589,752647.0,0.0,86.47348,5130425.0,0.0,0.0,0.0,0.0,5932946.0,3.2874618,0.0,0.0,0.0,0.89594877,207.0,23104.0,0.0,0.0,0.0,0.0,0.0,dataset_2023.csv,202303,True,False
2023,3,Ica,Chincha,Chincha Alta,MOVISTAR,3.463751,2797.0,0.6060099,1359.0,12.620566,53574.0,3.829414,3652.0,0.0,0.0,0.0,0.0,167.87936,2085.0,71.86345,60499.0,0.0,0.0,4.2075152,3556246.0,0.0,94.13493,79564064.0,0.0,0.0,0.0,0.0,84521291.0,4.284391,370.0,8636.0,0.0,0.9982891,2474.0,247824.0,0.0,0.0,0.0,0.0,0.0,dataset_2023.csv,202303,True,False
2023,3,Ica,Chincha,Chincha Baja,MOVISTAR,3.8460803,862.0,0.0,0.0,12.823765,14210.0,4.3151436,1100.0,0.0,0.0,0.0,0.0,210.3184,940.0,75.42944,15060.0,0.0,0.0,4.3937964,713470.0,0.0,93.874084,15243388.0,0.0,0.0,0.0,0.0,16238121.0,6.0040364,238.0,3964.0,0.0,1.2013952,744.0,61928.0,0.0,0.0,0.0,0.0,0.0,dataset_2023.csv,202303,True,False
2023,3,Ica,Chincha,El Carmen,MOVISTAR,4.8088484,2118.0,0.0,0.0,12.7849655,6062.0,1.2559451,492.0,0.0,0.0,0.0,0.0,185.74312,936.0,73.62432,5535.0,0.0,0.0,17.380398,1071197.0,0.0,79.149796,4878198.0,0.0,0.0,0.0,0.0,6163248.0,3.0295315,119.0,3928.0,0.0,0.93886465,215.0,22900.0,0.0,0.0,0.0,0.0,0.0,dataset_2023.csv,202303,True,False
2023,3,Ica,Chincha,Pueblo Nuevo,MOVISTAR,5.779708,2571.0,1.2538679,637.0,9.452007,33519.0,2.6871073,1913.0,0.0,0.0,0.0,0.0,195.54594,1436.0,72.46676,35044.0,0.0,0.0,2.70225,1276539.0,0.0,96.883194,45767479.0,0.0,0.0,0.0,0.0,47239854.0,3.9295392,232.0,5904.0,0.0,0.9169303,1310.0,142868.0,0.0,0.0,0.0,0.0,0.0,dataset_2023.csv,202303,True,False
2023,3,Ica,Chincha,Sunampe,MOVISTAR,4.926763,1305.0,0.0,0.0,12.802878,26132.0,2.8560708,2308.0,0.0,0.0,0.0,0.0,171.3688,728.0,72.40461,25735.0,0.0,0.0,6.619585,2116505.0,0.0,92.281204,29505420.0,0.0,0.0,0.0,0.0,31973379.0,5.1519156,156.0,3028.0,0.0,0.86262774,905.0,104912.0,0.0,0.0,0.0,0.0,0.0,dataset_2023.csv,202303,True,False
2023,3,Ica,Ica,Ica,MOVISTAR,7.197699,15485.0,0.8245525,5089.0,10.972329,131732.0,3.1559525,8015.0,0.0,0.0,0.0,0.0,161.6117,10127.0,71.65366,137229.0,0.0,0.0,5.2791424,10721441.0,0.0,94.0716,191050566.0,0.0,0.0,0.0,0.0,203090585.0,3.003294,1240.0,41288.0,0.0,0.71371955,3998.0,560164.0,0.0,0.0,0.0,0.0,0.0,dataset_2023.csv,202303,True,False
2023,3,Ica,Ica,La Tinguiña,MOVISTAR,6.2847767,540.0,0.0,0.0,13.967758,13254.0,4.615342,2167.0,0.0,0.0,0.0,0.0,148.49173,465.0,69.436134,10511.0,0.0,0.0,7.0562906,1324152.0,0.0,92.877426,17428963.0,0.0,0.0,0.0,0.0,18765554.0,2.5210085,48.0,1904.0,0.0,0.67973,290.0,42664.0,0.0,0.0,0.0,0.0,0.0,dataset_2023.csv,202303,True,False
2023,3,Ica,Ica,Parcona,MOVISTAR,5.13723,3923.0,1.3375338,1074.0,9.030075,16612.0,3.0622487,1152.0,0.0,0.0,0.0,0.0,240.56596,2853.0,73.32727,15710.0,0.0,0.0,12.0055485,3313515.0,0.0,87.69724,24204319.0,0.0,0.0,0.0,0.0,27599863.0,2.0180519,237.0,11744.0,0.0,1.0304085,675.0,65508.0,0.0,0.0,0.0,0.0,0.0,dataset_2023.csv,202303,True,False
2023,3,Ica,Ica,Subtanjalla,MOVISTAR,4.4782124,4116.0,0.8022771,811.0,9.462633,15359.0,4.343059,1054.0,0.0,0.0,0.0,0.0,235.8605,2526.0,74.407265,12652.0,0.0,0.0,17.009865,3273023.0,0.0,81.93044,15764983.0,0.0,0.0,0.0,0.0,19241911.0,3.129771,328.0,10480.0,0.0,0.7887465,411.0,52108.0,0.0,0.0,0.0,0.0,0.0,dataset_2023.csv,202303,True,False
2023,3,Junin,Chanchamayo,Chanchamayo,MOVISTAR,3.7194536,1099.0,0.0,0.0,9.895481,15514.0,3.0386388,1287.0,0.0,0.0,0.0,0.0,192.30397,1376.0,77.65107,14350.0,0.0,0.0,9.115584,2291695.0,0.0,88.39071,22221784.0,0.0,0.0,0.0,0.0,25140406.0,5.2640605,307.0,5832.0,0.0,1.0128325,603.0,59536.0,0.0,0.0,0.0,0.0,0.0,dataset_2023.csv,202303,True,False
2023,3,Junin,Huancayo,Chilca,MOVISTAR,3.4025378,1884.0,0.5364605,708.0,6.5782633,32834.0,2.5671456,2204.0,0.0,0.0,0.0,0.0,242.45627,1677.0,75.61143,37989.0,0.0,0.0,4.8809304,3637257.0,0.0,93.65627,69792419.0,0.0,0.0,0.0,0.0,74519747.0,8.813145,649.0,7364.0,0.0,1.7246706,2791.0,161828.0,0.0,0.0,0.0,0.0,0.0,dataset_2023.csv,202303,True,False
2023,3,Junin,Huancayo,El Tambo,MOVISTAR,4.9652934,15062.0,1.2967359,5201.0,9.815635,176142.0,4.184158,12818.0,0.0,0.0,0.0,0.0,226.87338,11503.0,75.02514,161065.0,0.0,0.0,7.6544776,20621838.0,0.0,91.06101,245326391.0,0.0,0.0,0.0,0.0,269408821.0,4.4272137,2124.0,47976.0,0.0,0.9955825,6653.0,668252.0,0.0,0.0,0.0,0.0,0.0,dataset_2023.csv,202303,True,False
2023,3,Junin,Huancayo,Huancayo,MOVISTAR,3.7626865,7732.0,0.69653213,2229.0,9.572278,142646.0,3.2315676,10212.0,0.0,0.0,0.0,0.0,215.70726,6871.0,74.28539,149524.0,0.0,0.0,4.707029,9640271.0,0.0,94.18665,192899793.0,0.0,0.0,0.0,0.0,204805870.0,5.5447335,1594.0,28748.0,0.0,1.0634589,6590.0,619676.0,0.0,0.0,0.0,0.0,0.0,dataset_2023.csv,202303,True,False
2023,3,Junin,Huancayo,Pilcomayo,MOVISTAR,3.608937,965.0,0.0,0.0,6.602135,12345.0,3.528924,933.0,0.0,0.0,0.0,0.0,228.35127,841.0,78.31222,10161.0,0.0,0.0,8.248793,1777842.0,0.0,90.54951,19515911.0,0.0,0.0,0.0,0.0,21552753.0,5.0,180.0,3600.0,0.0,1.4496416,631.0,43528.0,0.0,0.0,0.0,0.0,0.0,dataset_2023.csv,202303,True,False
2023,3,Junin,Huancayo,San Agustin,MOVISTAR,3.38406,666.0,0.0,0.0,6.818915,26079.0,3.4571772,1936.0,0.0,0.0,0.0,0.0,220.70605,634.0,74.90568,19533.0,0.0,0.0,1.8463334,529990.0,0.0,97.78833,28070141.0,0.0,0.0,0.0,0.0,28705001.0,6.07089,161.0,2652.0,0.0,1.838376,1536.0,83552.0,0.0,0.0,0.0,0.0,0.0,dataset_2023.csv,202303,True,False
2023,3,Junin,Junin,Carhuamayo,MOVISTAR,4.773661,1338.0,0.0,0.0,13.125107,9838.0,4.2104936,511.0,0.0,0.0,0.0,0.0,162.28807,1018.0,72.16897,5485.0,0.0,0.0,9.836852,748701.0,0.0,88.25744,6717437.0,0.0,0.0,0.0,0.0,7611185.0,2.9807692,124.0,4160.0,0.0,0.60100466,134.0,22296.0,0.0,0.0,0.0,0.0,0.0,dataset_2023.csv,202303,True,False
2023,3,La Libertad,Trujillo,El Porvenir,MOVISTAR,2.828024,1476.0,0.737423,614.0,7.785802,41969.0,3.3510962,5914.0,0.0,0.0,0.0,0.0,278.63037,1770.0,79.63862,41915.0,0.0,0.0,5.31333,3719778.0,0.0,93.522736,65473778.0,0.0,0.0,0.0,0.0,70008408.0,13.316401,1101.0,8268.0,0.0,3.809308,6728.0,176620.0,0.0,0.0,0.0,0.0,0.0,dataset_2023.csv,202303,True,False
2023,3,La Libertad,Trujillo,La Esperanza,MOVISTAR,3.1451352,3805.0,0.6179222,1494.0,8.935948,48285.0,3.4477093,3591.0,0.0,0.0,0.0,0.0,253.84256,2517.0,80.05513,43419.0,0.0,0.0,5.084416,4710417.0,0.0,92.719055,85898831.0,0.0,0.0,0.0,0.0,92644208.0,7.647487,840.0,10984.0,0.0,1.2259742,2235.0,182304.0,0.0,0.0,0.0,0.0,0.0,dataset_2023.csv,202303,True,False
2023,3,La Libertad,Trujillo,Moche,MOVISTAR,4.0592012,1402.0,0.0,0.0,9.513662,14256.0,2.8291132,567.0,0.0,0.0,0.0,0.0,215.33127,799.0,78.12188,12318.0,0.0,0.0,4.735817,1096967.0,0.0,94.17938,21814965.0,0.0,0.0,0.0,0.0,23163206.0,7.7906976,268.0,3440.0,0.0,1.5475357,795.0,51372.0,0.0,0.0,0.0,0.0,0.0,dataset_2023.csv,202303,True,False
2023,3,La Libertad,Trujillo,Trujillo,MOVISTAR,4.4255676,21526.0,0.6732925,7233.0,11.198512,266571.0,4.079139,23672.0,0.0,0.0,0.0,0.0,192.59753,14593.0,77.716156,247080.0,0.0,0.0,6.228624,23127125.0,0.0,92.475006,343363321.0,0.0,0.0,0.0,0.0,371303928.0,5.533105,3423.0,61864.0,0.0,1.1714485,11888.0,1014812.0,0.0,0.0,0.0,0.0,0.0,dataset_2023.csv,202303,True,False
2023,3,La Libertad,Trujillo,Victor Larco Herrera,MOVISTAR,4.7508087,3601.0,0.62594426,1084.0,11.2724495,52736.0,4.2386465,4740.0,0.0,0.0,0.0,0.0,169.32231,2891.0,76.83023,52183.0,0.0,0.0,5.792211,4815108.0,0.0,91.53539,76094050.0,0.0,0.0,0.0,0.0,83130740.0,5.231799,641.0,12252.0,0.0,0.8835158,1895.0,214484.0,0.0,0.0,0.0,0.0,0.0,dataset_2023.csv,202303,True,False
2023,3,Lambayeque,Chiclayo,Chiclayo,MOVISTAR,3.9445055,7328.0,0.6487805,2716.0,10.971478,143626.0,3.9590743,12722.0,0.0,0.0,0.0,0.0,204.09186,6940.0,81.589676,126321.0,0.0,0.0,5.4648786,11269668.0,0.0,91.300476,188279753.0,0.0,0.0,0.0,0.0,206219910.0,5.361043,1571.0,29304.0,0.0,1.1721025,6121.0,522224.0,0.0,0.0,0.0,0.0,0.0,dataset_2023.csv,202303,True,False
2023,3,Lambayeque,Chiclayo,Jose Leonardo Ortiz,MOVISTAR,3.5033216,2916.0,0.6161815,1025.0,9.999395,33809.0,3.607263,3318.0,0.0,0.0,0.0,0.0,227.64845,1700.0,81.19838,28379.0,0.0,0.0,6.426485,3610353.0,0.0,91.50688,51407907.0,0.0,0.0,0.0,0.0,56179281.0,6.0962276,446.0,7316.0,0.0,1.3050985,1542.0,118152.0,0.0,0.0,0.0,0.0,0.0,dataset_2023.csv,202303,True,False
2023,3,Lambayeque,Chiclayo,La Victoria,MOVISTAR,3.5095172,2836.0,0.86370283,978.0,9.568927,41041.0,2.5117607,2286.0,0.0,0.0,0.0,0.0,227.50722,1664.0,80.86546,42120.0,0.0,0.0,5.681845,3839167.0,0.0,91.82861,62047688.0,0.0,0.0,0.0,0.0,67569016.0,4.5467186,327.0,7192.0,0.0,0.8932487,1548.0,173300.0,0.0,0.0,0.0,0.0,0.0,dataset_2023.csv,202303,True,False
2023,3,Lambayeque,Chiclayo,Pimentel,MOVISTAR,3.3099043,1705.0,0.6579896,916.0,11.188158,26464.0,3.9767685,3363.0,0.0,0.0,0.0,0.0,194.37338,1621.0,80.03566,25500.0,0.0,0.0,7.72667,3927135.0,0.0,89.3075,45391177.0,0.0,0.0,0.0,0.0,50825714.0,4.4595394,302.0,6772.0,0.0,0.89699733,944.0,105240.0,0.0,0.0,0.0,0.0,0.0,dataset_2023.csv,202303,True,False
2023,3,Lima,Cañete,Asia,MOVISTAR,3.0545576,3560.0,0.60271394,1108.0,10.93503,35677.0,3.0379739,3334.0,0.0,0.0,0.0,0.0,212.9951,2804.0,75.480446,32458.0,0.0,0.0,7.283422,2796833.0,0.0,91.98891,35323727.0,0.0,0.0,0.0,0.0,38399985.0,2.931841,351.0,11972.0,0.0,0.91827506,1218.0,132640.0,0.0,0.0,0.0,0.0,0.0,dataset_2023.csv,202303,True,False
2023,3,Lima,Cañete,Cerro Azul,MOVISTAR,4.462891,1568.0,0.6923591,424.0,10.571661,18734.0,4.22653,841.0,0.0,0.0,0.0,0.0,251.02205,1339.0,78.0045,13755.0,0.0,0.0,5.9744325,1088843.0,0.0,86.3884,15744324.0,0.0,0.0,0.0,0.0,18225045.0,2.2546897,125.0,5544.0,0.0,0.82199544,464.0,56448.0,0.0,0.0,0.0,0.0,0.0,dataset_2023.csv,202303,True,False
2023,3,Lima,Cañete,Chilca,MOVISTAR,3.5147638,1887.0,0.0,0.0,7.0738535,17184.0,3.2870758,1259.0,0.0,0.0,0.0,0.0,320.57648,1349.0,78.66909,13598.0,0.0,0.0,7.0739675,1393044.0,0.0,91.346,17988350.0,0.0,0.0,0.0,0.0,19692542.0,4.208417,252.0,5988.0,0.0,1.3834735,809.0,58476.0,0.0,0.0,0.0,0.0,0.0,dataset_2023.csv,202303,True,False
2023,3,Lima,Cañete,Mala,MOVISTAR,3.554571,4783.0,0.7792745,947.0,8.008831,51790.0,5.2656984,6228.0,0.0,0.0,0.0,0.0,289.13406,3185.0,76.379524,43226.0,0.0,0.0,6.198575,4851466.0,0.0,92.68539,72542480.0,0.0,0.0,0.0,0.0,78267443.0,3.279905,442.0,13476.0,0.0,1.1892183,2161.0,181716.0,0.0,0.0,0.0,0.0,0.0,dataset_2023.csv,202303,True,False
2023,3,Lima,Huaura,Huaura,MOVISTAR,2.3735352,1924.0,0.49387985,517.0,8.281789,13330.0,2.4358118,737.0,0.0,0.0,0.0,0.0,348.799,1288.0,78.730865,14552.0,0.0,0.0,8.615234,1694735.0,0.0,87.58996,17230148.0,0.0,0.0,0.0,0.0,19671374.0,4.631579,264.0,5700.0,0.0,1.0218759,611.0,59792.0,0.0,0.0,0.0,0.0,0.0,dataset_2023.csv,202303,True,False
2023,3,Lima,Lima,Barranco,MOVISTAR,5.469881,2906.0,0.7442163,611.0,13.331775,33118.0,4.440588,3166.0,0.0,0.0,0.0,0.0,236.37633,1295.0,73.592026,32542.0,0.0,0.0,4.511594,1731681.0,0.0,93.362144,35835110.0,0.0,0.0,0.0,0.0,38382912.0,2.7205882,148.0,5440.0,0.0,0.70864,936.0,132084.0,0.0,0.0,0.0,0.0,0.0,dataset_2023.csv,202303,True,False
2023,3,Lima,Lima,Breña,MOVISTAR,4.341719,5225.0,0.6643887,1141.0,9.843837,64118.0,3.916779,4800.0,0.0,0.0,0.0,0.0,248.77763,4233.0,73.573494,72817.0,0.0,0.0,4.6737714,4765872.0,0.0,94.80992,96678237.0,0.0,0.0,0.0,0.0,101970588.0,3.523527,641.0,18192.0,0.0,0.8464754,2527.0,298532.0,0.0,0.0,0.0,0.0,0.0,dataset_2023.csv,202303,True,False
2023,3,Lima,Lima,Carabayllo,MOVISTAR,3.9821486,18977.0,1.0048687,4011.0,10.899118,129021.0,4.434452,16221.0,0.0,0.0,0.0,0.0,289.5499,9279.0,73.965645,115376.0,0.0,0.0,8.214327,18399920.0,0.0,90.25389,202166822.0,0.0,0.0,0.0,0.0,223997898.0,4.0292673,1608.0,39908.0,0.0,1.1226492,5332.0,474948.0,0.0,0.0,0.0,0.0,0.0,dataset_2023.csv,202303,True,False
2023,3,Lima,Lima,Comas,MOVISTAR,3.9291084,38252.0,0.7593885,7018.0,10.04709,221265.0,3.8078713,17533.0,0.0,0.0,0.0,0.0,270.97968,19172.0,76.190636,231779.0,0.0,0.0,8.953158,37813982.0,0.0,89.41302,377639057.0,0.0,0.0,0.0,0.0,422353560.0,4.5120783,3773.0,83620.0,0.0,1.1188492,10735.0,959468.0,0.0,0.0,0.0,0.0,0.0,dataset_2023.csv,202303,True,False
2023,3,Lima,Lima,El Agustino,MOVISTAR,3.187013,6258.0,0.88301605,1499.0,9.097685,50293.0,3.2905881,3679.0,0.0,0.0,0.0,0.0,301.9784,3703.0,74.7328,57505.0,0.0,0.0,11.144966,12984603.0,0.0,86.86841,101207293.0,0.0,0.0,0.0,0.0,116506441.0,6.4104075,1089.0,16988.0,0.0,1.2733932,3032.0,238104.0,0.0,0.0,0.0,0.0,0.0,dataset_2023.csv,202303,True,False
2023,3,Lima,Lima,Independencia,MOVISTAR,3.5499883,12156.0,0.8701095,2756.0,10.104285,98714.0,3.655905,6987.0,0.0,0.0,0.0,0.0,293.88596,6560.0,74.805565,103908.0,0.0,0.0,6.5182767,10886460.0,0.0,92.08867,153801318.0,0.0,0.0,0.0,0.0,167014384.0,4.4274116,1265.0,28572.0,0.0,1.2567685,5459.0,434368.0,0.0,0.0,0.0,0.0,0.0,dataset_2023.csv,202303,True,False
2023,3,Lima,Lima,Los Olivos,MOVISTAR,4.7102203,33074.0,0.9826204,8503.0,11.243855,168588.0,3.9882407,14253.0,0.0,0.0,0.0,0.0,261.7908,14550.0,74.68346,179168.0,0.0,0.0,8.107422,26653231.0,0.0,90.98041,299099012.0,0.0,0.0,0.0,0.0,328751015.0,3.766129,2335.0,62000.0,0.0,1.0921392,8090.0,740748.0,0.0,0.0,0.0,0.0,0.0,dataset_2023.csv,202303,True,False
2023,3,Lima,Lima,Puente Piedra,MOVISTAR,2.84051,11005.0,0.69993204,2801.0,9.578282,130659.0,4.0918145,8579.0,0.0,0.0,0.0,0.0,273.81958,6758.0,74.42692,118462.0,0.0,0.0,6.259373,12033429.0,0.0,92.29774,177439204.0,0.0,0.0,0.0,0.0,192246544.0,5.1745048,1536.0,29684.0,0.0,1.207623,5916.0,489888.0,0.0,0.0,0.0,0.0,0.0,dataset_2023.csv,202303,True,False
2023,3,Lima,Lima,Punta Negra,MOVISTAR,4.194305,420.0,0.0,0.0,12.873434,6592.0,4.880187,688.0,0.0,0.0,0.0,0.0,0.0,0.0,74.683975,5572.0,0.0,0.0,4.265153,272822.0,0.0,94.74364,6060310.0,0.0,0.0,0.0,0.0,6396535.0,3.8461537,0.0,0.0,0.0,1.117245,255.0,22824.0,0.0,0.0,0.0,0.0,0.0,dataset_2023.csv,202303,True,False
2023,3,Lima,Lima,San Juan De Lurigancho,MOVISTAR,3.2508795,36127.0,0.7047101,7777.0,10.117199,270301.0,4.0468116,20569.0,0.0,0.0,0.0,0.0,307.54385,17742.0,74.30397,264393.0,0.0,0.0,9.271529,45362099.0,0.0,87.010765,425710911.0,0.0,0.0,0.0,0.0,489262328.0,5.0353713,3986.0,79160.0,0.0,1.1080843,12138.0,1095404.0,0.0,0.0,0.0,0.0,0.0,dataset_2023.csv,202303,True,False
2023,3,Lima,Lima,San Luis,MOVISTAR,3.7570612,4030.0,0.6982741,778.0,9.180729,51216.0,3.248649,2567.0,0.0,0.0,0.0,0.0,218.11653,2313.0,73.08903,52770.0,0.0,0.0,6.1381283,4511275.0,0.0,93.002556,68353103.0,0.0,0.0,0.0,0.0,73495940.0,5.088318,507.0,9964.0,0.0,0.9749085,2109.0,216328.0,0.0,0.0,0.0,0.0,0.0,dataset_2023.csv,202303,True,False
2023,3,Lima,Lima,San Martin De Porres,MOVISTAR,3.7313273,32976.0,0.9921578,7884.0,9.553539,310492.0,4.067539,30341.0,0.0,0.0,0.0,0.0,294.065,26242.0,74.629196,320502.0,0.0,0.0,9.032347,49041825.0,0.0,88.982925,483139663.0,0.0,0.0,0.0,0.0,542957724.0,3.8933914,4362.0,112036.0,0.0,0.99238324,13128.0,1322876.0,0.0,0.0,0.0,0.0,0.0,dataset_2023.csv,202303,True,False
2023,3,Piura,Piura,Castilla,MOVISTAR,4.9904523,4581.0,0.8587563,1312.0,10.306091,79600.0,3.7782664,6849.0,0.0,0.0,0.0,0.0,184.84137,3807.0,81.88084,74222.0,0.0,0.0,3.8110723,4773117.0,0.0,95.63711,119779173.0,0.0,0.0,0.0,0.0,125243411.0,5.17177,831.0,16068.0,0.0,0.86136687,2623.0,304516.0,0.0,0.0,0.0,0.0,0.0,dataset_2023.csv,202303,True,False
2023,3,Piura,Piura,Catacaos,MOVISTAR,4.022403,1254.0,0.0,0.0,9.972241,18539.0,3.9414687,887.0,0.0,0.0,0.0,0.0,227.47766,895.0,81.65429,16918.0,0.0,0.0,4.456058,1481967.0,0.0,95.23368,31672202.0,0.0,0.0,0.0,0.0,33257353.0,4.3294616,164.0,3788.0,0.0,0.85174954,592.0,69504.0,0.0,0.0,0.0,0.0,0.0,dataset_2023.csv,202303,True,False
2023,3,Piura,Piura,Piura,MOVISTAR,5.97506,15773.0,0.94508797,3875.0,10.6998625,125926.0,3.7860994,7665.0,0.0,0.0,0.0,0.0,203.56299,8702.0,83.211494,118968.0,0.0,0.0,5.8837075,11055671.0,0.0,92.44994,173716339.0,0.0,0.0,0.0,0.0,187903139.0,3.805066,1382.0,36320.0,0.0,0.83430445,4095.0,490828.0,0.0,0.0,0.0,0.0,0.0,dataset_2023.csv,202303,True,False
2023,3,Piura,Piura,Veintiseis De Octubre,MOVISTAR,5.310565,14118.0,1.1535199,2882.0,9.774398,71192.0,3.9219131,6636.0,0.0,0.0,0.0,0.0,253.83943,5054.0,83.49203,57118.0,0.0,0.0,6.7746186,7745846.0,0.0,92.488976,105748435.0,0.0,0.0,0.0,0.0,114336263.0,3.6887555,786.0,21308.0,0.0,1.0582987,2524.0,238496.0,0.0,0.0,0.0,0.0,0.0,dataset_2023.csv,202303,True,False
2023,3,Puno,Puno,Puno,MOVISTAR,3.7915158,14275.0,1.0496721,3905.0,11.170292,152260.0,4.1856265,13629.0,0.0,0.0,0.0,0.0,231.96577,10592.0,82.67557,133376.0,0.0,0.0,6.961933,13760510.0,0.0,91.29528,180448390.0,0.0,0.0,0.0,0.0,197653579.0,5.6050925,2527.0,45084.0,0.0,1.0301551,5690.0,552344.0,0.0,0.0,0.0,0.0,0.0,dataset_2023.csv,202303,True,False
2023,3,Puno,San Roman,Caracoto,MOVISTAR,4.6680903,1129.0,0.0,0.0,7.4561152,7541.0,3.2664442,742.0,0.0,0.0,0.0,0.0,288.78894,1011.0,81.72137,5626.0,0.0,0.0,17.96129,1460158.0,0.0,81.66945,6639295.0,0.0,0.0,0.0,0.0,8129472.0,4.7125354,200.0,4244.0,0.0,1.160699,271.0,23348.0,0.0,0.0,0.0,0.0,0.0,dataset_2023.csv,202303,True,False
2023,3,Puno,San Roman,Juliaca,MOVISTAR,3.63406,14399.0,0.69923466,3993.0,8.890399,174572.0,4.633002,17144.0,0.0,0.0,0.0,0.0,227.92459,12649.0,83.3592,155058.0,0.0,0.0,6.2509274,14014647.0,0.0,92.85551,208183049.0,0.0,0.0,0.0,0.0,224201080.0,6.109602,3329.0,54488.0,0.0,1.2298678,8018.0,651940.0,0.0,0.0,0.0,0.0,0.0,dataset_2023.csv,202303,True,False
2023,3,Puno,San Roman,San Miguel,MOVISTAR,3.6215646,3756.0,0.80462784,792.0,11.161191,39710.0,4.73424,3434.0,0.0,0.0,0.0,0.0,270.8944,2086.0,82.06538,24735.0,0.0,0.0,7.398735,2131053.0,0.0,91.322044,26303431.0,0.0,0.0,0.0,0.0,28802938.0,6.6360054,606.0,9132.0,0.0,1.2477856,1296.0,103864.0,0.0,0.0,0.0,0.0,0.0,dataset_2023.csv,202303,True,False
2023,3,San Martin,Moyobamba,Moyobamba,MOVISTAR,4.424576,13599.0,0.39732203,861.0,9.54456,26101.0,1.9512434,1031.0,0.0,0.0,0.0,0.0,345.53107,1531.0,95.11994,24618.0,0.0,0.0,8.2330065,3131327.0,0.0,88.259575,33568489.0,0.0,0.0,0.0,0.0,38033822.0,5.6218057,396.0,7044.0,0.0,1.1676136,1233.0,105600.0,0.0,0.0,0.0,0.0,0.0,dataset_2023.csv,202303,True,False
2023,3,Tacna,Candarave,Camilaca,MOVISTAR,5.211223,2895.0,0.0,0.0,7.5239725,3916.0,0.0,0.0,0.0,0.0,0.0,0.0,182.21945,1522.0,96.83424,5331.0,0.0,0.0,20.210812,1158528.0,0.0,78.34259,4490769.0,0.0,0.0,0.0,0.0,5732219.0,3.6885245,234.0,6344.0,0.0,1.983152,452.0,22792.0,0.0,0.0,0.0,0.0,0.0,dataset_2023.csv,202303,True,False
2023,3,Tumbes,Contralmirante Villar,Canoas De Punta Sal,MOVISTAR,8.995324,1253.0,0.0,0.0,10.73872,7622.0,3.6303852,402.0,0.0,0.0,0.0,0.0,180.74306,711.0,84.53495,5822.0,0.0,0.0,12.419805,1081069.0,0.0,86.7857,7554171.0,0.0,0.0,0.0,0.0,8704396.0,5.2348995,156.0,2980.0,0.0,1.0305905,252.0,24452.0,0.0,0.0,0.0,0.0,0.0,dataset_2023.csv,202303,True,False
2023,3,Tumbes,Tumbes,Tumbes,MOVISTAR,4.30871,2626.0,0.7400905,641.0,11.299826,47558.0,4.3840365,6017.0,0.0,0.0,0.0,0.0,219.5047,1744.0,84.943886,43164.0,0.0,0.0,3.990147,2473048.0,0.0,95.6684,59294192.0,0.0,0.0,0.0,0.0,61978867.0,4.2267184,305.0,7216.0,0.0,0.8380328,1492.0,178036.0,0.0,0.0,0.0,0.0,0.0,dataset_2023.csv,202303,True,False
2023,4,Arequipa,Arequipa,Alto Selva Alegre,MOVISTAR,4.098043,5092.0,1.1336054,2547.0,9.679121,25762.0,4.478738,2426.0,0.0,0.0,0.0,0.0,234.9356,2525.0,82.17529,27491.0,0.0,0.0,7.323466,3274377.0,0.0,89.23657,39898345.0,0.0,0.0,0.0,0.0,44710756.0,4.567578,488.0,10684.0,0.0,1.2110878,1385.0,114360.0,0.0,0.0,0.0,0.0,0.0,dataset_2023.csv,202304,True,False
2023,4,Arequipa,Arequipa,Cayma,MOVISTAR,3.65613,6737.0,1.0403923,2334.0,8.386406,57840.0,4.2460732,6740.0,0.0,0.0,0.0,0.0,211.60826,4432.0,81.99584,60272.0,0.0,0.0,4.4127207,4320813.0,0.0,94.3013,92337204.0,0.0,0.0,0.0,0.0,97917215.0,5.9459457,1144.0,19240.0,0.0,1.6542009,4211.0,254564.0,0.0,0.0,0.0,0.0,0.0,dataset_2023.csv,202304,True,False
2023,4,Arequipa,Arequipa,Jacobo Hunter,MOVISTAR,4.264586,2321.0,0.5949699,504.0,8.455832,19179.0,3.4674728,1292.0,0.0,0.0,0.0,0.0,225.72075,1568.0,82.27076,25613.0,0.0,0.0,3.727394,1627930.0,0.0,95.68961,41792196.0,0.0,0.0,0.0,0.0,43674748.0,5.3455405,362.0,6772.0,0.0,1.3212214,1421.0,107552.0,0.0,0.0,0.0,0.0,0.0,dataset_2023.csv,202304,True,False
2023,4,Arequipa,Arequipa,Jose Luis Bustamante Y Rivero,MOVISTAR,3.522663,3658.0,0.7853017,1094.0,10.6329565,49883.0,3.945237,3914.0,0.0,0.0,0.0,0.0,239.72316,3903.0,81.75865,59985.0,0.0,0.0,5.081479,4219163.0,0.0,94.325356,78318547.0,0.0,0.0,0.0,0.0,83030217.0,5.597826,927.0,16560.0,0.0,1.1002984,2743.0,249296.0,0.0,0.0,0.0,0.0,0.0,dataset_2023.csv,202304,True,False
2023,4,Arequipa,Arequipa,Mariano Melgar,MOVISTAR,4.2952304,6712.0,0.8900595,1454.0,11.922545,31677.0,4.4739304,2770.0,0.0,0.0,0.0,0.0,249.76389,4092.0,81.11629,37605.0,0.0,0.0,5.9547763,3214173.0,0.0,93.68759,50569177.0,0.0,0.0,0.0,0.0,53976386.0,2.7870615,467.0,16756.0,0.0,1.2946806,2024.0,156332.0,0.0,0.0,0.0,0.0,0.0,dataset_2023.csv,202304,True,False
2023,4,Arequipa,Arequipa,Miraflores,MOVISTAR,4.525466,3243.0,1.0277059,1056.0,11.514006,35151.0,5.1227326,3966.0,0.0,0.0,0.0,0.0,187.5085,2328.0,81.18131,32067.0,0.0,0.0,5.74675,2928318.0,0.0,91.94003,46849029.0,0.0,0.0,0.0,0.0,50956070.0,4.3555093,419.0,9620.0,0.0,1.1080478,1471.0,132756.0,0.0,0.0,0.0,0.0,0.0,dataset_2023.csv,202304,True,False
2023,4,Arequipa,Arequipa,Paucarpata,MOVISTAR,3.879744,9654.0,0.88470423,2662.0,11.65571,61701.0,4.5545583,7105.0,0.0,0.0,0.0,0.0,222.96204,5397.0,81.10747,53546.0,0.0,0.0,8.167052,6968473.0,0.0,90.2193,76978906.0,0.0,0.0,0.0,0.0,85324211.0,4.1943,936.0,22316.0,0.0,1.1792921,2616.0,221828.0,0.0,0.0,0.0,0.0,0.0,dataset_2023.csv,202304,True,False
2023,4,Arequipa,Arequipa,Sachaca,MOVISTAR,4.5231037,1124.0,0.6635814,433.0,10.817825,11525.0,4.244437,1727.0,0.0,0.0,0.0,0.0,211.42787,700.0,80.957275,10902.0,0.0,0.0,13.437955,2011175.0,0.0,85.05646,12729870.0,0.0,0.0,0.0,0.0,14966377.0,4.3205805,131.0,3032.0,0.0,1.4819362,676.0,45616.0,0.0,0.0,0.0,0.0,0.0,dataset_2023.csv,202304,True,False
2023,4,Arequipa,Arequipa,Socabaya,MOVISTAR,3.151936,1741.0,0.6528112,650.0,9.347453,24425.0,3.0670316,1338.0,0.0,0.0,0.0,0.0,225.50052,2126.0,83.37034,21394.0,0.0,0.0,7.5988417,4175919.0,0.0,89.888405,49397886.0,0.0,0.0,0.0,0.0,54954680.0,3.7505648,332.0,8852.0,0.0,1.4511698,1310.0,90272.0,0.0,0.0,0.0,0.0,0.0,dataset_2023.csv,202304,True,False
2023,4,Arequipa,Arequipa,Tiabaya,MOVISTAR,5.5763674,2389.0,0.6169801,554.0,7.8482485,13065.0,2.962665,2016.0,0.0,0.0,0.0,0.0,201.8804,1124.0,81.34836,8803.0,0.0,0.0,5.5292172,793537.0,0.0,93.64576,13439764.0,0.0,0.0,0.0,0.0,14351706.0,3.3116884,153.0,4620.0,0.0,1.0667903,391.0,36652.0,0.0,0.0,0.0,0.0,0.0,dataset_2023.csv,202304,True,False
2023,4,Arequipa,Arequipa,Yanahuara,MOVISTAR,3.4751203,1557.0,0.9962602,705.0,13.520543,24844.0,3.073285,1426.0,0.0,0.0,0.0,0.0,205.08699,1169.0,80.87155,21763.0,0.0,0.0,5.314136,1899596.0,0.0,94.19003,33669259.0,0.0,0.0,0.0,0.0,35746094.0,5.835332,292.0,5004.0,0.0,1.417819,1296.0,91408.0,0.0,0.0,0.0,0.0,0.0,dataset_2023.csv,202304,True,False
2023,4,Ayacucho,Huamanga,Carmen Alto,MOVISTAR,2.9360826,1416.0,0.0,0.0,10.0017185,8959.0,3.8972688,585.0,0.0,0.0,0.0,0.0,246.34164,1049.0,79.69836,7151.0,0.0,0.0,7.785099,609332.0,0.0,89.987144,7043205.0,0.0,0.0,0.0,0.0,7826901.0,4.122807,188.0,4560.0,0.0,1.7478111,527.0,30152.0,0.0,0.0,0.0,0.0,0.0,dataset_2023.csv,202304,True,False
2023,4,Cajamarca,Celendin,Celendin,MOVISTAR,4.0756445,930.0,0.0,0.0,6.7115903,12183.0,1.2927339,847.0,0.0,0.0,0.0,0.0,335.6867,925.0,83.54516,5570.0,0.0,0.0,21.842537,2699039.0,0.0,74.33159,9185007.0,0.0,0.0,0.0,0.0,12356802.0,7.3835483,298.0,4036.0,0.0,1.4737991,351.0,23816.0,0.0,0.0,0.0,0.0,0.0,dataset_2023.csv,202304,True,False
2023,4,Cajamarca,Santa Cruz,Santa Cruz,MOVISTAR,4.761557,916.0,0.0,0.0,10.343743,7846.0,5.331078,819.0,0.0,0.0,0.0,0.0,232.73105,456.0,92.09834,3897.0,0.0,0.0,12.774139,1423876.0,0.0,83.80674,9341561.0,0.0,0.0,0.0,0.0,11146551.0,12.818004,262.0,2044.0,0.0,2.036385,347.0,17040.0,0.0,0.0,0.0,0.0,0.0,dataset_2023.csv,202304,True,False
2023,4,Callao,Callao,Mi Peru,MOVISTAR,2.3865585,4222.0,0.8847616,714.0,7.33948,22330.0,3.9918237,1266.0,0.0,0.0,0.0,0.0,364.1602,2247.0,76.20124,22379.0,0.0,0.0,9.111831,3749467.0,0.0,89.51359,36834337.0,0.0,0.0,0.0,0.0,41149436.0,4.031263,392.0,9724.0,0.0,1.1481876,1077.0,93800.0,0.0,0.0,0.0,0.0,0.0,dataset_2023.csv,202304,True,False
2023,4,Cusco,Acomayo,Pomacanchi,MOVISTAR,0.0,0.0,0.0,0.0,17.90629,772.0,0.0,0.0,0.0,0.0,0.0,0.0,0.0,0.0,0.0,0.0,0.0,0.0,9.436993,26792.0,0.0,88.70639,251841.0,0.0,0.0,0.0,0.0,283904.0,0.0,0.0,0.0,0.0,0.88383836,0.0,0.0,0.0,0.0,0.0,0.0,0.0,dataset_2023.csv,202304,False,True
2023,4,Cusco,Cusco,Cusco,MOVISTAR,3.487915,6905.0,0.81523323,1958.0,8.697234,45144.0,3.3160672,2661.0,0.0,0.0,0.0,0.0,264.99878,5071.0,87.577225,56508.0,0.0,0.0,7.2937665,6568761.0,0.0,89.873215,80939754.0,0.0,0.0,0.0,0.0,90059930.0,6.2407885,1355.0,21712.0,0.0,2.119748,5142.0,242576.0,0.0,0.0,0.0,0.0,0.0,dataset_2023.csv,202304,True,False
2023,4,Cusco,Cusco,San Jeronimo,MOVISTAR,4.4025893,4832.0,1.256956,1545.0,9.740161,36339.0,3.9425251,3284.0,0.0,0.0,0.0,0.0,247.5992,3145.0,85.67534,31782.0,0.0,0.0,6.5126715,2730339.0,0.0,92.93665,38962287.0,0.0,0.0,0.0,0.0,41923488.0,3.5998166,471.0,13084.0,0.0,1.1086375,1474.0,132956.0,0.0,0.0,0.0,0.0,0.0,dataset_2023.csv,202304,True,False
2023,4,Cusco,Cusco,San Sebastian,MOVISTAR,4.1636558,10358.0,1.0237869,1783.0,8.5106535,37189.0,4.0365877,3677.0,0.0,0.0,0.0,0.0,212.71031,4472.0,90.607216,38339.0,0.0,0.0,9.592427,6566204.0,0.0,89.43109,61217333.0,0.0,0.0,0.0,0.0,68451956.0,4.512326,842.0,18660.0,0.0,2.149395,3560.0,165628.0,0.0,0.0,0.0,0.0,0.0,dataset_2023.csv,202304,True,False
2023,4,Cusco,Cusco,Santiago,MOVISTAR,2.9733052,2740.0,0.66167027,783.0,7.5021853,25404.0,3.7515926,1663.0,0.0,0.0,0.0,0.0,252.53061,2318.0,89.03551,27327.0,0.0,0.0,6.450843,3500737.0,0.0,89.91847,48796868.0,0.0,0.0,0.0,0.0,54267901.0,6.410004,651.0,10156.0,0.0,2.8504193,3331.0,116860.0,0.0,0.0,0.0,0.0,0.0,dataset_2023.csv,202304,True,False
2023,4,Cusco,Cusco,Wanchaq,MOVISTAR,3.5823188,4041.0,0.67413366,1099.0,10.875916,46911.0,3.7398212,3159.0,0.0,0.0,0.0,0.0,230.49014,2871.0,87.55126,49253.0,0.0,0.0,5.020558,3070810.0,0.0,94.21144,57624160.0,0.0,0.0,0.0,0.0,61164714.0,5.303276,654.0,12332.0,0.0,1.6080551,3349.0,208264.0,0.0,0.0,0.0,0.0,0.0,dataset_2023.csv,202304,True,False
2023,4,Cusco,La Convencion,Echarate,MOVISTAR,5.7649956,5324.0,0.4232985,933.0,9.885392,9370.0,4.313396,546.0,0.0,0.0,0.0,0.0,275.8062,1616.0,91.39158,5845.0,0.0,0.0,10.550017,2636794.0,0.0,53.149624,13283827.0,0.0,0.0,0.0,0.0,24993266.0,4.763986,327.0,6864.0,0.0,2.0331995,730.0,35904.0,0.0,0.0,0.0,0.0,0.0,dataset_2023.csv,202304,True,False
2023,4,Huancavelica,Tayacaja,Pampas,MOVISTAR,5.2861896,746.0,0.0,0.0,12.659034,21531.0,2.6485,2309.0,0.0,0.0,0.0,0.0,229.49571,926.0,74.50553,14122.0,0.0,0.0,12.978597,2326372.0,0.0,85.80665,15380568.0,0.0,0.0,0.0,0.0,17924681.0,6.1049447,242.0,3964.0,0.0,1.553086,928.0,59752.0,0.0,0.0,0.0,0.0,0.0,dataset_2023.csv,202304,True,False
2023,4,Ica,Chincha,Alto Laran,MOVISTAR,4.622626,855.0,0.0,0.0,8.681231,8702.0,2.630342,588.0,0.0,0.0,0.0,0.0,0.0,0.0,73.68392,6198.0,0.0,0.0,7.9478693,591960.0,0.0,90.97074,6775532.0,0.0,0.0,0.0,0.0,7448034.0,2.389706,39.0,1632.0,0.0,0.90147084,228.0,25292.0,0.0,0.0,0.0,0.0,0.0,dataset_2023.csv,202304,True,False
2023,4,Ica,Chincha,Chincha Alta,MOVISTAR,4.455255,2903.0,0.61186486,669.0,11.791687,45443.0,3.392436,2461.0,0.0,0.0,0.0,0.0,155.0912,2178.0,72.164696,53111.0,0.0,0.0,4.228118,3103263.0,0.0,94.469406,69336619.0,0.0,0.0,0.0,0.0,73395846.0,2.9198732,258.0,8836.0,0.0,0.7627259,1656.0,217116.0,0.0,0.0,0.0,0.0,0.0,dataset_2023.csv,202304,True,False
2023,4,Ica,Chincha,Chincha Baja,MOVISTAR,3.5425138,606.0,0.0,0.0,11.434979,9231.0,3.279533,721.0,0.0,0.0,0.0,0.0,206.67877,621.0,77.66359,13144.0,0.0,0.0,4.1558285,554825.0,0.0,95.05769,12690703.0,0.0,0.0,0.0,0.0,13350527.0,5.4615383,142.0,2600.0,0.0,1.2511942,681.0,54428.0,0.0,0.0,0.0,0.0,0.0,dataset_2023.csv,202304,True,False
2023,4,Ica,Chincha,El Carmen,MOVISTAR,3.6314836,4573.0,0.59472317,485.0,10.928203,7303.0,0.0,0.0,0.0,0.0,0.0,0.0,241.81915,1669.0,75.01094,6340.0,0.0,0.0,23.181496,2019390.0,0.0,72.30045,6298248.0,0.0,0.0,0.0,0.0,8711215.0,3.6565096,264.0,7220.0,0.0,1.069192,280.0,26188.0,0.0,0.0,0.0,0.0,0.0,dataset_2023.csv,202304,True,False
2023,4,Ica,Chincha,Pueblo Nuevo,MOVISTAR,5.1929326,2513.0,0.0,0.0,9.83732,37066.0,3.1017673,1548.0,0.0,0.0,0.0,0.0,158.01848,1173.0,73.596375,32170.0,0.0,0.0,2.944059,1244554.0,0.0,96.37512,40741046.0,0.0,0.0,0.0,0.0,42273407.0,2.8967254,138.0,4764.0,0.0,0.6812841,893.0,131076.0,0.0,0.0,0.0,0.0,0.0,dataset_2023.csv,202304,True,False
2023,4,Ica,Chincha,Sunampe,MOVISTAR,4.904506,811.0,0.0,0.0,13.81377,25551.0,2.3352315,2302.0,0.0,0.0,0.0,0.0,136.64317,574.0,72.50087,25092.0,0.0,0.0,6.663579,2035660.0,0.0,93.13044,28450463.0,0.0,0.0,0.0,0.0,30549049.0,4.0948277,95.0,2320.0,0.0,0.62203676,635.0,102084.0,0.0,0.0,0.0,0.0,0.0,dataset_2023.csv,202304,True,False
2023,4,Ica,Ica,Ica,MOVISTAR,8.854521,15372.0,0.9690295,4058.0,10.877966,115443.0,3.0509129,5994.0,0.0,0.0,0.0,0.0,162.6486,9166.0,73.856964,121806.0,0.0,0.0,5.3118324,10222906.0,0.0,93.19621,179361100.0,0.0,0.0,0.0,0.0,192455356.0,2.5136817,937.0,37276.0,0.0,0.7342526,3670.0,499828.0,0.0,0.0,0.0,0.0,0.0,dataset_2023.csv,202304,True,False
2023,4,Ica,Ica,La Tinguiña,MOVISTAR,5.0044594,821.0,0.0,0.0,11.999272,14438.0,4.011701,1875.0,0.0,0.0,0.0,0.0,146.86607,873.0,72.29039,12421.0,0.0,0.0,6.3341208,1350273.0,0.0,92.921394,19808471.0,0.0,0.0,0.0,0.0,21317449.0,3.047404,108.0,3544.0,0.0,0.72392297,367.0,50696.0,0.0,0.0,0.0,0.0,0.0,dataset_2023.csv,202304,True,False
2023,4,Ica,Ica,Parcona,MOVISTAR,5.64566,3984.0,0.6519504,970.0,9.049561,15469.0,2.8632767,1177.0,0.0,0.0,0.0,0.0,257.36566,3177.0,74.0167,14440.0,0.0,0.0,15.354821,4776985.0,0.0,84.15932,26182513.0,0.0,0.0,0.0,0.0,31110652.0,1.0815437,139.0,12852.0,0.0,1.0095643,608.0,60224.0,0.0,0.0,0.0,0.0,0.0,dataset_2023.csv,202304,True,False
2023,4,Ica,Ica,Subtanjalla,MOVISTAR,4.6707153,3241.0,0.87267476,1090.0,8.982748,8409.0,2.601925,749.0,0.0,0.0,0.0,0.0,219.65886,2346.0,75.313095,8973.0,0.0,0.0,15.5816555,2891345.0,0.0,83.92139,15572522.0,0.0,0.0,0.0,0.0,18556083.0,2.6945484,259.0,9612.0,0.0,0.9487512,351.0,36996.0,0.0,0.0,0.0,0.0,0.0,dataset_2023.csv,202304,True,False
2023,4,Junin,Chanchamayo,Chanchamayo,MOVISTAR,6.07519,1596.0,0.68714494,465.0,8.090064,13665.0,2.838967,1327.0,0.0,0.0,0.0,0.0,215.41476,2060.0,79.02563,15871.0,0.0,0.0,9.265624,2496509.0,0.0,88.79588,23924964.0,0.0,0.0,0.0,0.0,26943777.0,3.912436,336.0,8588.0,0.0,0.70761865,467.0,65996.0,0.0,0.0,0.0,0.0,0.0,dataset_2023.csv,202304,True,False
2023,4,Junin,Huancayo,Chilca,MOVISTAR,3.4492354,1848.0,0.70115185,720.0,6.8185444,27711.0,3.190897,2854.0,0.0,0.0,0.0,0.0,249.5825,1549.0,76.805725,33455.0,0.0,0.0,5.0333595,3101808.0,0.0,93.41518,57567108.0,0.0,0.0,0.0,0.0,61625006.0,6.2279673,424.0,6808.0,0.0,1.9360976,2768.0,142968.0,0.0,0.0,0.0,0.0,0.0,dataset_2023.csv,202304,True,False
2023,4,Junin,Huancayo,El Tambo,MOVISTAR,5.4502645,18280.0,1.3757063,6299.0,10.75674,166224.0,4.4205923,14031.0,0.0,0.0,0.0,0.0,243.71008,13863.0,76.52913,157033.0,0.0,0.0,8.102767,21097753.0,0.0,90.61266,235934670.0,0.0,0.0,0.0,0.0,260377152.0,3.8901243,2239.0,57556.0,0.0,1.0179442,6644.0,652688.0,0.0,0.0,0.0,0.0,0.0,dataset_2023.csv,202304,True,False
2023,4,Junin,Huancayo,Huancayo,MOVISTAR,4.4868894,8194.0,0.7171302,2379.0,9.354465,141575.0,3.807725,10081.0,0.0,0.0,0.0,0.0,236.18974,8405.0,74.91708,160506.0,0.0,0.0,4.8883653,10116425.0,0.0,94.36962,195297012.0,0.0,0.0,0.0,0.0,206949033.0,4.6257915,1607.0,34740.0,0.0,1.0730435,7129.0,664372.0,0.0,0.0,0.0,0.0,0.0,dataset_2023.csv,202304,True,False
2023,4,Junin,Huancayo,Pilcomayo,MOVISTAR,2.9271781,758.0,0.0,0.0,6.3189726,14608.0,3.3508258,1689.0,0.0,0.0,0.0,0.0,234.7465,629.0,76.74597,12096.0,0.0,0.0,8.4706545,1482871.0,0.0,89.345604,15640822.0,0.0,0.0,0.0,0.0,17505979.0,7.43865,194.0,2608.0,0.0,1.302938,667.0,51192.0,0.0,0.0,0.0,0.0,0.0,dataset_2023.csv,202304,True,False
2023,4,Junin,Huancayo,San Agustin,MOVISTAR,3.7765012,912.0,0.0,0.0,6.7266183,22910.0,2.26391,1202.0,0.0,0.0,0.0,0.0,213.40399,742.0,76.13194,19557.0,0.0,0.0,2.5068474,764192.0,0.0,96.33572,29367158.0,0.0,0.0,0.0,0.0,30484184.0,5.038511,157.0,3116.0,0.0,1.7418082,1448.0,83132.0,0.0,0.0,0.0,0.0,0.0,dataset_2023.csv,202304,True,False
2023,4,Junin,Junin,Carhuamayo,MOVISTAR,5.640336,1988.0,1.2171525,614.0,13.559068,11100.0,4.8664436,1228.0,0.0,0.0,0.0,0.0,154.97617,1532.0,72.837944,5611.0,0.0,0.0,15.165499,1063143.0,0.0,83.0059,5818941.0,0.0,0.0,0.0,0.0,7010274.0,3.5668585,223.0,6252.0,0.0,0.7217391,166.0,23000.0,0.0,0.0,0.0,0.0,0.0,dataset_2023.csv,202304,True,False
2023,4,La Libertad,Trujillo,El Porvenir,MOVISTAR,3.6413853,2971.0,0.8839721,732.0,8.763916,45831.0,4.0090237,5122.0,0.0,0.0,0.0,0.0,240.90776,1829.0,79.17923,45757.0,0.0,0.0,5.389922,4187722.0,0.0,93.3678,72542492.0,0.0,0.0,0.0,0.0,77695409.0,8.465151,685.0,8092.0,0.0,1.6214052,3119.0,192364.0,0.0,0.0,0.0,0.0,0.0,dataset_2023.csv,202304,True,False
2023,4,La Libertad,Trujillo,La Esperanza,MOVISTAR,3.1116056,3386.0,0.678921,1209.0,9.682343,48200.0,3.5262227,4313.0,0.0,0.0,0.0,0.0,221.69235,2538.0,80.76209,46885.0,0.0,0.0,4.634052,4564684.0,0.0,94.80514,93385986.0,0.0,0.0,0.0,0.0,98503089.0,6.3618107,697.0,10956.0,0.0,1.2429644,2438.0,196144.0,0.0,0.0,0.0,0.0,0.0,dataset_2023.csv,202304,True,False
2023,4,La Libertad,Trujillo,Moche,MOVISTAR,3.490556,1137.0,0.0,0.0,9.416883,15901.0,4.440647,818.0,0.0,0.0,0.0,0.0,193.47392,845.0,79.48655,14642.0,0.0,0.0,3.792072,984435.0,0.0,94.88953,24633648.0,0.0,0.0,0.0,0.0,25960345.0,6.668496,243.0,3644.0,0.0,1.222719,744.0,60848.0,0.0,0.0,0.0,0.0,0.0,dataset_2023.csv,202304,True,False
2023,4,La Libertad,Trujillo,Trujillo,MOVISTAR,4.6266217,19186.0,0.6713215,6667.0,10.835736,241698.0,3.86873,21650.0,0.0,0.0,0.0,0.0,186.53024,14002.0,78.80955,240358.0,0.0,0.0,5.909603,21251260.0,0.0,92.940636,334219668.0,0.0,0.0,0.0,0.0,359605534.0,4.8028035,2796.0,58216.0,0.0,0.85767466,8460.0,986388.0,0.0,0.0,0.0,0.0,0.0,dataset_2023.csv,202304,True,False
2023,4,La Libertad,Trujillo,Victor Larco Herrera,MOVISTAR,4.5461297,2442.0,0.6281206,736.0,11.253381,47200.0,2.8284404,2490.0,0.0,0.0,0.0,0.0,153.44836,1955.0,77.79997,44473.0,0.0,0.0,3.8215282,2981005.0,0.0,93.33394,72805672.0,0.0,0.0,0.0,0.0,78005572.0,4.0486836,326.0,8052.0,0.0,0.6537321,1182.0,180808.0,0.0,0.0,0.0,0.0,0.0,dataset_2023.csv,202304,True,False
2023,4,Lambayeque,Chiclayo,Chiclayo,MOVISTAR,4.1112227,8391.0,0.6149138,3563.0,12.212329,131583.0,4.2476068,10642.0,0.0,0.0,0.0,0.0,206.6561,7546.0,82.355995,128267.0,0.0,0.0,4.919793,10150357.0,0.0,92.66391,191181158.0,0.0,0.0,0.0,0.0,206316740.0,4.0347295,1264.0,31328.0,0.0,0.98546463,5215.0,529192.0,0.0,0.0,0.0,0.0,0.0,dataset_2023.csv,202304,True,False
2023,4,Lambayeque,Chiclayo,Jose Leonardo Ortiz,MOVISTAR,3.718542,2889.0,0.9999953,866.0,11.340148,36872.0,3.150084,4060.0,0.0,0.0,0.0,0.0,222.75226,2065.0,82.08536,32812.0,0.0,0.0,5.1654706,3397770.0,0.0,93.04434,61203186.0,0.0,0.0,0.0,0.0,65778517.0,3.751753,321.0,8556.0,0.0,1.0096223,1385.0,137180.0,0.0,0.0,0.0,0.0,0.0,dataset_2023.csv,202304,True,False
2023,4,Lambayeque,Chiclayo,La Victoria,MOVISTAR,3.497207,2107.0,0.6325784,815.0,9.176639,34978.0,3.0170453,2346.0,0.0,0.0,0.0,0.0,184.70016,1667.0,82.25841,33439.0,0.0,0.0,5.363696,3514224.0,0.0,91.60588,60018978.0,0.0,0.0,0.0,0.0,65518698.0,4.4965076,309.0,6872.0,0.0,0.9982928,1380.0,138236.0,0.0,0.0,0.0,0.0,0.0,dataset_2023.csv,202304,True,False
2023,4,Lambayeque,Chiclayo,Pimentel,MOVISTAR,4.587528,3748.0,0.5570017,2033.0,9.924421,41539.0,4.0249586,3118.0,0.0,0.0,0.0,0.0,192.43748,2521.0,80.794044,37789.0,0.0,0.0,6.593244,3813587.0,0.0,92.703354,53620391.0,0.0,0.0,0.0,0.0,57840830.0,3.8726995,404.0,10432.0,0.0,0.79022616,1227.0,155272.0,0.0,0.0,0.0,0.0,0.0,dataset_2023.csv,202304,True,False
2023,4,Lima,Cañete,Asia,MOVISTAR,3.3201282,2370.0,0.57088673,571.0,11.848069,32000.0,3.094395,2353.0,0.0,0.0,0.0,0.0,278.4268,3132.0,75.72433,27933.0,0.0,0.0,7.1461864,2423806.0,0.0,92.39845,31339223.0,0.0,0.0,0.0,0.0,33917475.0,2.6793823,354.0,13212.0,0.0,0.8749563,1002.0,114520.0,0.0,0.0,0.0,0.0,0.0,dataset_2023.csv,202304,True,False
2023,4,Lima,Cañete,Cerro Azul,MOVISTAR,4.8936644,1447.0,0.75277996,517.0,9.358956,17965.0,3.269278,831.0,0.0,0.0,0.0,0.0,312.65164,1288.0,77.441185,15480.0,0.0,0.0,5.0300055,942748.0,0.0,86.906136,16288369.0,0.0,0.0,0.0,0.0,18742485.0,2.1396396,114.0,5328.0,0.0,0.86968786,555.0,63816.0,0.0,0.0,0.0,0.0,0.0,dataset_2023.csv,202304,True,False
2023,4,Lima,Cañete,Chilca,MOVISTAR,3.7455816,2073.0,0.8247805,462.0,8.082228,25288.0,4.5789976,1575.0,0.0,0.0,0.0,0.0,309.18173,1385.0,81.88785,18959.0,0.0,0.0,6.843947,1465881.0,0.0,91.15453,19524070.0,0.0,0.0,0.0,0.0,21418649.0,5.296343,336.0,6344.0,0.0,1.4415706,1166.0,80884.0,0.0,0.0,0.0,0.0,0.0,dataset_2023.csv,202304,True,False
2023,4,Lima,Cañete,Mala,MOVISTAR,3.4854476,3868.0,0.7526751,965.0,7.737465,41912.0,5.5261135,5654.0,0.0,0.0,0.0,0.0,321.4155,3108.0,76.10715,44780.0,0.0,0.0,6.5585117,4676075.0,0.0,92.74015,66121691.0,0.0,0.0,0.0,0.0,71297804.0,3.2037816,427.0,13328.0,0.0,1.1206657,2093.0,186764.0,0.0,0.0,0.0,0.0,0.0,dataset_2023.csv,202304,True,False
2023,4,Lima,Huaura,Huaura,MOVISTAR,2.6491947,729.0,0.0,0.0,7.6105285,8531.0,3.0369897,928.0,0.0,0.0,0.0,0.0,374.97797,664.0,79.38898,8467.0,0.0,0.0,11.003638,1601153.0,0.0,85.657974,12464198.0,0.0,0.0,0.0,0.0,14551124.0,4.463087,133.0,2980.0,0.0,0.9431831,334.0,35412.0,0.0,0.0,0.0,0.0,0.0,dataset_2023.csv,202304,True,False
2023,4,Lima,Lima,Barranco,MOVISTAR,5.248534,3496.0,0.5839816,583.0,12.933236,40876.0,4.725642,5102.0,0.0,0.0,0.0,0.0,245.98485,1891.0,74.37639,41022.0,0.0,0.0,4.8883104,2313013.0,0.0,91.68361,43382141.0,0.0,0.0,0.0,0.0,47317226.0,3.2118056,259.0,8064.0,0.0,0.5894382,980.0,166260.0,0.0,0.0,0.0,0.0,0.0,dataset_2023.csv,202304,True,False
2023,4,Lima,Lima,Breña,MOVISTAR,3.8532104,7193.0,0.8207844,1960.0,10.048765,75037.0,3.765632,5238.0,0.0,0.0,0.0,0.0,291.4215,3927.0,74.429375,76495.0,0.0,0.0,3.7418025,3780846.0,0.0,95.844574,96844658.0,0.0,0.0,0.0,0.0,101043441.0,4.298511,739.0,17192.0,0.0,0.8709591,2733.0,313792.0,0.0,0.0,0.0,0.0,0.0,dataset_2023.csv,202304,True,False
2023,4,Lima,Lima,Carabayllo,MOVISTAR,4.218513,21347.0,0.9474212,4135.0,10.289666,122293.0,3.7352164,9257.0,0.0,0.0,0.0,0.0,312.26605,9633.0,74.380424,115408.0,0.0,0.0,8.368632,18442838.0,0.0,89.62992,197526912.0,0.0,0.0,0.0,0.0,220380556.0,3.3696177,1393.0,41340.0,0.0,0.9856163,4687.0,475540.0,0.0,0.0,0.0,0.0,0.0,dataset_2023.csv,202304,True,False
2023,4,Lima,Lima,Comas,MOVISTAR,3.6815965,28431.0,0.7433472,5432.0,10.009912,188359.0,3.953375,14224.0,0.0,0.0,0.0,0.0,288.47382,14649.0,76.443565,197974.0,0.0,0.0,8.528275,32832689.0,0.0,89.89959,346101111.0,0.0,0.0,0.0,0.0,384986314.0,4.7113833,3033.0,64376.0,0.0,1.0372198,8494.0,818920.0,0.0,0.0,0.0,0.0,0.0,dataset_2023.csv,202304,True,False
2023,4,Lima,Lima,El Agustino,MOVISTAR,3.1785414,6554.0,0.6804733,1415.0,8.998128,52135.0,3.5510192,3777.0,0.0,0.0,0.0,0.0,320.69208,3507.0,74.93839,58795.0,0.0,0.0,12.883671,15196836.0,0.0,85.284836,100597082.0,0.0,0.0,0.0,0.0,117954241.0,5.978529,969.0,16208.0,0.0,1.1662713,2852.0,244540.0,0.0,0.0,0.0,0.0,0.0,dataset_2023.csv,202304,True,False
2023,4,Lima,Lima,Independencia,MOVISTAR,3.39023,15549.0,0.82581365,2977.0,10.637871,101249.0,4.1679397,7787.0,0.0,0.0,0.0,0.0,283.4736,6716.0,75.53068,108675.0,0.0,0.0,6.5902896,10143883.0,0.0,92.37545,142185827.0,0.0,0.0,0.0,0.0,153921660.0,3.7413554,1082.0,28920.0,0.0,1.2127525,5496.0,453184.0,0.0,0.0,0.0,0.0,0.0,dataset_2023.csv,202304,True,False
2023,4,Lima,Lima,Los Olivos,MOVISTAR,5.4321113,29968.0,0.9193456,6116.0,11.480996,170256.0,4.0811405,15377.0,0.0,0.0,0.0,0.0,253.12311,12463.0,75.128365,173514.0,0.0,0.0,8.086921,25268741.0,0.0,90.5185,282838024.0,0.0,0.0,0.0,0.0,312464312.0,3.8401964,2033.0,52940.0,0.0,1.0160648,7271.0,715604.0,0.0,0.0,0.0,0.0,0.0,dataset_2023.csv,202304,True,False
2023,4,Lima,Lima,Puente Piedra,MOVISTAR,3.0549324,12748.0,0.68641376,3287.0,9.807586,126232.0,4.1832867,9291.0,0.0,0.0,0.0,0.0,300.8951,7594.0,74.90474,118585.0,0.0,0.0,7.0918856,14245051.0,0.0,90.39166,181564394.0,0.0,0.0,0.0,0.0,200864090.0,4.9897428,1654.0,33148.0,0.0,1.0637296,5201.0,488940.0,0.0,0.0,0.0,0.0,0.0,dataset_2023.csv,202304,True,False
2023,4,Lima,Lima,Punta Negra,MOVISTAR,4.9797745,1994.0,0.97462124,956.0,16.019503,11189.0,5.1334066,886.0,0.0,0.0,0.0,0.0,167.62086,816.0,74.008675,6741.0,0.0,0.0,8.599922,679140.0,0.0,90.35575,7135437.0,0.0,0.0,0.0,0.0,7897048.0,1.4475272,48.0,3316.0,0.0,0.98874134,274.0,27712.0,0.0,0.0,0.0,0.0,0.0,dataset_2023.csv,202304,True,False
2023,4,Lima,Lima,San Juan De Lurigancho,MOVISTAR,3.5886574,35993.0,0.7644356,8274.0,10.108776,270201.0,3.8218038,20613.0,0.0,0.0,0.0,0.0,306.4424,16010.0,74.88141,268539.0,0.0,0.0,7.993574,39987140.0,0.0,88.66512,443539332.0,0.0,0.0,0.0,0.0,500241056.0,4.5143833,3170.0,70220.0,0.0,1.0475624,11616.0,1108860.0,0.0,0.0,0.0,0.0,0.0,dataset_2023.csv,202304,True,False
2023,4,Lima,Lima,San Luis,MOVISTAR,4.251899,3998.0,0.75560224,866.0,8.582549,54497.0,3.311574,2428.0,0.0,0.0,0.0,0.0,265.42603,2096.0,74.63616,52256.0,0.0,0.0,6.613672,4507664.0,0.0,92.59435,63109302.0,0.0,0.0,0.0,0.0,68156752.0,4.1848774,383.0,9152.0,0.0,0.8816378,1900.0,215508.0,0.0,0.0,0.0,0.0,0.0,dataset_2023.csv,202304,True,False
2023,4,Lima,Lima,San Martin De Porres,MOVISTAR,3.692496,31813.0,0.97631747,7118.0,9.555431,291203.0,4.1396995,31792.0,0.0,0.0,0.0,0.0,296.90536,23498.0,75.45233,305792.0,0.0,0.0,8.96317,47407492.0,0.0,88.82962,469832626.0,0.0,0.0,0.0,0.0,528914350.0,3.7976072,3809.0,100300.0,0.0,0.9683799,12222.0,1262108.0,0.0,0.0,0.0,0.0,0.0,dataset_2023.csv,202304,True,False
2023,4,Piura,Piura,Castilla,MOVISTAR,4.3646517,4046.0,0.7899104,1179.0,10.410842,74274.0,3.184257,5134.0,0.0,0.0,0.0,0.0,190.48497,3188.0,83.2654,71171.0,0.0,0.0,3.5778425,4285276.0,0.0,95.43507,114305087.0,0.0,0.0,0.0,0.0,119772631.0,5.491974,739.0,13456.0,0.0,0.995132,2911.0,292524.0,0.0,0.0,0.0,0.0,0.0,dataset_2023.csv,202304,True,False
2023,4,Piura,Piura,Catacaos,MOVISTAR,5.368537,2114.0,0.67867863,458.0,8.958121,28334.0,5.0417204,2404.0,0.0,0.0,0.0,0.0,229.07349,1111.0,83.83441,25027.0,0.0,0.0,3.2156723,1157038.0,0.0,96.182884,34607771.0,0.0,0.0,0.0,0.0,35981216.0,3.9787233,187.0,4700.0,0.0,0.73246926,755.0,103076.0,0.0,0.0,0.0,0.0,0.0,dataset_2023.csv,202304,True,False
2023,4,Piura,Piura,Piura,MOVISTAR,4.7724905,12652.0,0.69280416,3153.0,11.292264,131906.0,4.0018363,9767.0,0.0,0.0,0.0,0.0,201.64987,7087.0,83.9927,129141.0,0.0,0.0,5.7103305,10847211.0,0.0,92.9907,176642972.0,0.0,0.0,0.0,0.0,189957680.0,4.2791266,1262.0,29492.0,0.0,0.8551519,4570.0,534408.0,0.0,0.0,0.0,0.0,0.0,dataset_2023.csv,202304,True,False
2023,4,Piura,Piura,Veintiseis De Octubre,MOVISTAR,5.5731626,7543.0,0.69975775,1340.0,9.900821,65965.0,3.8005881,4519.0,0.0,0.0,0.0,0.0,217.01462,2921.0,83.40699,58312.0,0.0,0.0,4.5853114,4978326.0,0.0,94.32982,102414977.0,0.0,0.0,0.0,0.0,108571161.0,4.4007187,539.0,12248.0,0.0,1.0233295,2495.0,243812.0,0.0,0.0,0.0,0.0,0.0,dataset_2023.csv,202304,True,False
2023,4,Puno,Puno,Puno,MOVISTAR,4.251814,16712.0,0.9616045,4379.0,10.9551935,147189.0,4.417823,15696.0,0.0,0.0,0.0,0.0,230.54405,11244.0,83.34803,135092.0,0.0,0.0,7.055869,12889416.0,0.0,91.12851,166470389.0,0.0,0.0,0.0,0.0,182676517.0,5.1680675,2460.0,47600.0,0.0,1.1429149,6447.0,564084.0,0.0,0.0,0.0,0.0,0.0,dataset_2023.csv,202304,True,False
2023,4,Puno,San Roman,Caracoto,MOVISTAR,3.5107443,944.0,0.0,0.0,13.042858,13232.0,2.6537118,1138.0,0.0,0.0,0.0,0.0,284.28595,768.0,85.18133,6531.0,0.0,0.0,11.36096,1044144.0,0.0,87.793724,8068798.0,0.0,0.0,0.0,0.0,9190632.0,4.789864,155.0,3236.0,0.0,1.5498077,435.0,28068.0,0.0,0.0,0.0,0.0,0.0,dataset_2023.csv,202304,True,False
2023,4,Puno,San Roman,Juliaca,MOVISTAR,4.352158,19645.0,0.8997918,4880.0,9.140398,196711.0,4.007734,14705.0,0.0,0.0,0.0,0.0,247.4936,12786.0,84.20649,158079.0,0.0,0.0,6.687224,15454224.0,0.0,91.677536,211867480.0,0.0,0.0,0.0,0.0,231100749.0,5.766741,3207.0,55612.0,0.0,1.1818658,7948.0,672496.0,0.0,0.0,0.0,0.0,0.0,dataset_2023.csv,202304,True,False
2023,4,Puno,San Roman,San Miguel,MOVISTAR,3.7281823,2527.0,0.71230817,648.0,8.845919,34206.0,4.614652,2885.0,0.0,0.0,0.0,0.0,255.80916,1777.0,85.0297,24776.0,0.0,0.0,6.0735335,1663135.0,0.0,92.298035,25274264.0,0.0,0.0,0.0,0.0,27383317.0,6.2403893,487.0,7804.0,0.0,1.63646,1730.0,105716.0,0.0,0.0,0.0,0.0,0.0,dataset_2023.csv,202304,True,False
2023,4,San Martin,Moyobamba,Moyobamba,MOVISTAR,4.3536615,10381.0,0.96165675,1074.0,9.84143,23626.0,3.8045456,1711.0,0.0,0.0,0.0,0.0,356.06958,1511.0,95.54901,23211.0,0.0,0.0,7.464179,3151032.0,0.0,91.36482,38570012.0,0.0,0.0,0.0,0.0,42215385.0,5.017762,339.0,6756.0,0.0,1.1011254,1088.0,98808.0,0.0,0.0,0.0,0.0,0.0,dataset_2023.csv,202304,True,False
2023,4,Tacna,Candarave,Camilaca,MOVISTAR,4.7885165,3811.0,0.0,0.0,6.442553,4584.0,0.0,0.0,0.0,0.0,0.0,0.0,164.58061,2071.0,96.59656,5384.0,0.0,0.0,20.704506,1613416.0,0.0,77.21649,6017160.0,0.0,0.0,0.0,0.0,7792584.0,2.3132927,197.0,8516.0,0.0,1.6629136,384.0,23092.0,0.0,0.0,0.0,0.0,0.0,dataset_2023.csv,202304,True,False
2023,4,Tumbes,Contralmirante Villar,Canoas De Punta Sal,MOVISTAR,10.448709,1703.0,0.85707384,469.0,10.111485,4819.0,0.0,0.0,0.0,0.0,0.0,0.0,193.29587,1096.0,86.967514,4111.0,0.0,0.0,15.177145,936938.0,0.0,81.17373,5011137.0,0.0,0.0,0.0,0.0,6173348.0,4.7517123,222.0,4672.0,0.0,1.6561514,294.0,17752.0,0.0,0.0,0.0,0.0,0.0,dataset_2023.csv,202304,True,False
2023,4,Tumbes,Tumbes,Tumbes,MOVISTAR,6.583149,1323.0,0.69589055,540.0,11.634106,36260.0,3.44485,2435.0,0.0,0.0,0.0,0.0,179.91466,1451.0,86.09681,36743.0,0.0,0.0,4.350182,2462225.0,0.0,94.94191,53737600.0,0.0,0.0,0.0,0.0,56600506.0,3.1735313,188.0,5924.0,0.0,0.71741277,1075.0,149844.0,0.0,0.0,0.0,0.0,0.0,dataset_2023.csv,202304,True,False
2023,5,Arequipa,Arequipa,Alto Selva Alegre,MOVISTAR,3.5238955,3478.0,0.58369535,1556.0,8.468848,28206.0,4.6087403,2089.0,0.0,0.0,0.0,0.0,238.27966,2680.0,83.34362,31977.0,0.0,0.0,6.439308,2960247.0,0.0,91.289215,41967028.0,0.0,0.0,0.0,0.0,45971507.0,4.4690266,505.0,11300.0,0.0,1.2457557,1673.0,134296.0,0.0,0.0,0.0,0.0,0.0,dataset_2023.csv,202305,True,False
2023,5,Arequipa,Arequipa,Cayma,MOVISTAR,3.7732682,4221.0,0.74253786,1556.0,8.248328,47222.0,3.6770802,3009.0,0.0,0.0,0.0,0.0,203.88031,2935.0,82.939095,56635.0,0.0,0.0,3.4495597,3066449.0,0.0,95.65027,85027278.0,0.0,0.0,0.0,0.0,88893927.0,5.4445877,676.0,12416.0,0.0,1.2385709,2926.0,236240.0,0.0,0.0,0.0,0.0,0.0,dataset_2023.csv,202305,True,False
2023,5,Arequipa,Arequipa,Jacobo Hunter,MOVISTAR,3.5844393,1413.0,0.5787337,455.0,8.73217,23729.0,2.7420192,2193.0,0.0,0.0,0.0,0.0,221.53746,1202.0,83.11913,25908.0,0.0,0.0,2.2743711,978451.0,0.0,97.060684,41756212.0,0.0,0.0,0.0,0.0,43020727.0,4.9183517,253.0,5144.0,0.0,1.1937194,1297.0,108652.0,0.0,0.0,0.0,0.0,0.0,dataset_2023.csv,202305,True,False
2023,5,Arequipa,Arequipa,Jose Luis Bustamante Y Rivero,MOVISTAR,3.839013,3485.0,0.75068164,1043.0,11.53519,50807.0,3.5315251,3924.0,0.0,0.0,0.0,0.0,228.95636,3559.0,82.36281,62077.0,0.0,0.0,4.448224,3723780.0,0.0,94.69925,79276393.0,0.0,0.0,0.0,0.0,83713859.0,6.0481734,914.0,15112.0,0.0,1.0957584,2820.0,257356.0,0.0,0.0,0.0,0.0,0.0,dataset_2023.csv,202305,True,False
2023,5,Arequipa,Arequipa,Mariano Melgar,MOVISTAR,4.719154,3739.0,0.9113962,1024.0,9.082821,24244.0,4.165457,2810.0,0.0,0.0,0.0,0.0,235.17691,2200.0,82.05551,30442.0,0.0,0.0,3.948953,1933453.0,0.0,94.6034,46318918.0,0.0,0.0,0.0,0.0,48961157.0,3.764267,343.0,9112.0,0.0,1.6347362,2082.0,127360.0,0.0,0.0,0.0,0.0,0.0,dataset_2023.csv,202305,True,False
2023,5,Arequipa,Arequipa,Miraflores,MOVISTAR,3.9639664,2452.0,0.7991737,836.0,12.184829,38180.0,3.8960564,2908.0,0.0,0.0,0.0,0.0,179.63185,1971.0,82.44557,33644.0,0.0,0.0,4.9897804,2558024.0,0.0,91.08013,46692468.0,0.0,0.0,0.0,0.0,51265260.0,4.276961,349.0,8160.0,0.0,1.120283,1558.0,139072.0,0.0,0.0,0.0,0.0,0.0,dataset_2023.csv,202305,True,False
2023,5,Arequipa,Arequipa,Paucarpata,MOVISTAR,3.5710783,4498.0,0.63629067,1444.0,12.254981,68552.0,5.2395735,7411.0,0.0,0.0,0.0,0.0,199.68076,3055.0,81.42805,64150.0,0.0,0.0,5.036337,4653637.0,0.0,93.669914,86552153.0,0.0,0.0,0.0,0.0,92401229.0,4.633385,594.0,12820.0,0.0,1.0189251,2692.0,264200.0,0.0,0.0,0.0,0.0,0.0,dataset_2023.csv,202305,True,False
2023,5,Arequipa,Arequipa,Sachaca,MOVISTAR,3.4459014,1047.0,0.7384684,404.0,10.972465,11305.0,3.7602446,1292.0,0.0,0.0,0.0,0.0,212.91948,597.0,83.09914,11005.0,0.0,0.0,10.5710535,1572124.0,0.0,88.522224,13165000.0,0.0,0.0,0.0,0.0,14871971.0,5.9633026,156.0,2616.0,0.0,1.2641182,582.0,46040.0,0.0,0.0,0.0,0.0,0.0,dataset_2023.csv,202305,True,False
2023,5,Arequipa,Arequipa,Socabaya,MOVISTAR,3.7915444,1301.0,0.97281724,491.0,10.260179,21069.0,4.343715,2631.0,0.0,0.0,0.0,0.0,211.51358,1493.0,82.613106,20127.0,0.0,0.0,7.1496544,3126029.0,0.0,90.039825,39367931.0,0.0,0.0,0.0,0.0,43722798.0,4.1018157,253.0,6168.0,0.0,1.3528293,1138.0,84120.0,0.0,0.0,0.0,0.0,0.0,dataset_2023.csv,202305,True,False
2023,5,Arequipa,Arequipa,Tiabaya,MOVISTAR,4.476767,984.0,0.7285646,430.0,9.946254,7700.0,2.9446392,655.0,0.0,0.0,0.0,0.0,209.26357,803.0,83.33365,6843.0,0.0,0.0,5.9151106,708666.0,0.0,93.099785,11153917.0,0.0,0.0,0.0,0.0,11980604.0,4.3530836,144.0,3308.0,0.0,1.1984626,343.0,28620.0,0.0,0.0,0.0,0.0,0.0,dataset_2023.csv,202305,True,False
2023,5,Arequipa,Arequipa,Yanahuara,MOVISTAR,3.4416642,1115.0,0.8195963,504.0,13.344296,26337.0,3.6668394,1565.0,0.0,0.0,0.0,0.0,224.2058,866.0,81.09793,22952.0,0.0,0.0,3.2271037,948210.0,0.0,96.19864,28265751.0,0.0,0.0,0.0,0.0,29382694.0,5.417118,200.0,3692.0,0.0,1.291917,1239.0,95904.0,0.0,0.0,0.0,0.0,0.0,dataset_2023.csv,202305,True,False
2023,5,Ayacucho,Huamanga,Carmen Alto,MOVISTAR,3.1424127,1630.0,0.6060251,411.0,10.342665,11645.0,4.494497,705.0,0.0,0.0,0.0,0.0,207.998,1057.0,79.095795,9886.0,0.0,0.0,5.749837,632179.0,0.0,91.18273,10025294.0,0.0,0.0,0.0,0.0,10994729.0,3.2790494,149.0,4544.0,0.0,1.1829729,488.0,41252.0,0.0,0.0,0.0,0.0,0.0,dataset_2023.csv,202305,True,False
2023,5,Cajamarca,Celendin,Celendin,MOVISTAR,5.7170005,620.0,0.0,0.0,7.5445395,11331.0,1.1047026,728.0,0.0,0.0,0.0,0.0,290.40768,799.0,83.25561,6932.0,0.0,0.0,18.956385,2043096.0,0.0,78.93802,8507843.0,0.0,0.0,0.0,0.0,10777878.0,5.418139,184.0,3396.0,0.0,1.0023584,289.0,28832.0,0.0,0.0,0.0,0.0,0.0,dataset_2023.csv,202305,True,False
2023,5,Cajamarca,Santa Cruz,Santa Cruz,MOVISTAR,4.338242,876.0,0.0,0.0,11.753716,8258.0,4.6042147,836.0,0.0,0.0,0.0,0.0,248.80795,464.0,91.54038,4095.0,0.0,0.0,10.701224,1015492.0,0.0,87.08109,8263555.0,0.0,0.0,0.0,0.0,9489494.0,5.727092,115.0,2008.0,0.0,1.6101695,285.0,17700.0,0.0,0.0,0.0,0.0,0.0,dataset_2023.csv,202305,True,False
2023,5,Callao,Callao,Mi Peru,MOVISTAR,2.2568357,3168.0,0.7727342,624.0,7.022426,18589.0,4.3906727,1865.0,0.0,0.0,0.0,0.0,405.3059,2002.0,77.58509,20261.0,0.0,0.0,9.435421,3498562.0,0.0,89.56861,33211164.0,0.0,0.0,0.0,0.0,37079022.0,4.064947,353.0,8684.0,0.0,1.1615541,983.0,84628.0,0.0,0.0,0.0,0.0,0.0,dataset_2023.csv,202305,True,False
2023,5,Cusco,Acomayo,Pomacanchi,MOVISTAR,0.0,0.0,0.0,0.0,11.194569,563.0,0.0,0.0,0.0,0.0,0.0,0.0,0.0,0.0,0.0,0.0,0.0,0.0,3.8134978,15464.0,0.0,93.00481,377141.0,0.0,0.0,0.0,0.0,405507.0,0.0,0.0,0.0,0.0,1.1524823,0.0,0.0,0.0,0.0,0.0,0.0,0.0,dataset_2023.csv,202305,False,True
2023,5,Cusco,Cusco,Cusco,MOVISTAR,3.3599992,4063.0,0.7509564,1408.0,10.831852,48686.0,3.6676512,3565.0,0.0,0.0,0.0,0.0,253.67451,3509.0,88.92092,55954.0,0.0,0.0,5.7375627,5003100.0,0.0,91.73226,79989661.0,0.0,0.0,0.0,0.0,87199050.0,6.8021894,1044.0,15348.0,0.0,2.1425843,5162.0,240924.0,0.0,0.0,0.0,0.0,0.0,dataset_2023.csv,202305,True,False
2023,5,Cusco,Cusco,San Jeronimo,MOVISTAR,4.3074384,4000.0,0.7699236,1233.0,8.967008,42708.0,3.5468318,2969.0,0.0,0.0,0.0,0.0,246.57059,2272.0,85.882034,34044.0,0.0,0.0,7.05658,3130802.0,0.0,92.256996,40931783.0,0.0,0.0,0.0,0.0,44367130.0,4.3325043,418.0,9648.0,0.0,1.0076653,1425.0,141416.0,0.0,0.0,0.0,0.0,0.0,dataset_2023.csv,202305,True,False
2023,5,Cusco,Cusco,San Sebastian,MOVISTAR,3.3535526,4532.0,0.8717488,1391.0,8.586494,49090.0,4.2807145,4393.0,0.0,0.0,0.0,0.0,236.43005,3198.0,91.13624,44720.0,0.0,0.0,6.197607,4826820.0,0.0,92.7117,72205723.0,0.0,0.0,0.0,0.0,77881993.0,5.80757,804.0,13844.0,0.0,2.088239,4044.0,193656.0,0.0,0.0,0.0,0.0,0.0,dataset_2023.csv,202305,True,False
2023,5,Cusco,Cusco,Santiago,MOVISTAR,2.7724347,1748.0,0.5205344,536.0,7.286429,27837.0,3.1435583,2044.0,0.0,0.0,0.0,0.0,276.30127,1733.0,88.9204,29739.0,0.0,0.0,4.768042,2221670.0,0.0,92.941414,43306067.0,0.0,0.0,0.0,0.0,46595015.0,7.4763904,570.0,7624.0,0.0,2.1985502,2778.0,126356.0,0.0,0.0,0.0,0.0,0.0,dataset_2023.csv,202305,True,False
2023,5,Cusco,Cusco,Wanchaq,MOVISTAR,4.176441,3940.0,0.67945707,1121.0,10.085774,57792.0,3.30396,4409.0,0.0,0.0,0.0,0.0,222.18303,2684.0,88.18199,57802.0,0.0,0.0,3.6512532,2418212.0,0.0,94.89335,62847530.0,0.0,0.0,0.0,0.0,66229645.0,6.0034904,688.0,11460.0,0.0,1.8022511,4445.0,246636.0,0.0,0.0,0.0,0.0,0.0,dataset_2023.csv,202305,True,False
2023,5,Cusco,La Convencion,Echarate,MOVISTAR,5.986816,2781.0,0.4923129,605.0,10.998529,13937.0,3.0654705,624.0,0.0,0.0,0.0,0.0,298.2697,1088.0,90.96031,7973.0,0.0,0.0,7.8477645,1828464.0,0.0,52.946827,12336171.0,0.0,0.0,0.0,0.0,23299170.0,5.562606,263.0,4728.0,0.0,1.7267843,810.0,46908.0,0.0,0.0,0.0,0.0,0.0,dataset_2023.csv,202305,True,False
2023,5,Huancavelica,Tayacaja,Pampas,MOVISTAR,5.6032095,868.0,0.0,0.0,11.149796,16845.0,3.3278227,2123.0,0.0,0.0,0.0,0.0,205.32376,915.0,76.76975,11999.0,0.0,0.0,5.0394397,678544.0,0.0,94.43256,12715034.0,0.0,0.0,0.0,0.0,13464671.0,4.4577684,171.0,3836.0,0.0,1.1757085,599.0,50948.0,0.0,0.0,0.0,0.0,0.0,dataset_2023.csv,202305,True,False
2023,5,Ica,Chincha,Alto Laran,MOVISTAR,5.913348,2905.0,0.0,0.0,12.024588,17661.0,3.4861815,976.0,0.0,0.0,0.0,0.0,153.87732,1028.0,74.66572,9956.0,0.0,0.0,10.862584,1112094.0,0.0,88.48373,9058822.0,0.0,0.0,0.0,0.0,10237840.0,1.6843119,70.0,4156.0,0.0,0.86883956,354.0,40744.0,0.0,0.0,0.0,0.0,0.0,dataset_2023.csv,202305,True,False
2023,5,Ica,Chincha,Chincha Alta,MOVISTAR,5.376401,3364.0,0.7279929,968.0,12.840944,65410.0,4.001402,3908.0,0.0,0.0,0.0,0.0,172.3117,2086.0,73.51516,64658.0,0.0,0.0,3.2447906,2509250.0,0.0,95.86505,74134023.0,0.0,0.0,0.0,0.0,77331646.0,3.1294117,266.0,8500.0,0.0,0.68721604,1809.0,263236.0,0.0,0.0,0.0,0.0,0.0,dataset_2023.csv,202305,True,False
2023,5,Ica,Chincha,Chincha Baja,MOVISTAR,3.5941176,859.0,0.0,0.0,11.6239395,13600.0,5.260088,1442.0,0.0,0.0,0.0,0.0,229.94771,752.0,77.50308,13990.0,0.0,0.0,4.670171,805680.0,0.0,93.44904,16121471.0,0.0,0.0,0.0,0.0,17251617.0,6.4617314,206.0,3188.0,0.0,1.3012373,753.0,57868.0,0.0,0.0,0.0,0.0,0.0,dataset_2023.csv,202305,True,False
2023,5,Ica,Chincha,El Carmen,MOVISTAR,3.5513096,956.0,0.0,0.0,10.005743,6852.0,0.0,0.0,0.0,0.0,0.0,0.0,203.88756,770.0,76.05282,7562.0,0.0,0.0,14.806434,1182045.0,0.0,84.235565,6724795.0,0.0,0.0,0.0,0.0,7983320.0,4.5652175,147.0,3220.0,0.0,1.1293634,352.0,31168.0,0.0,0.0,0.0,0.0,0.0,dataset_2023.csv,202305,True,False
2023,5,Ica,Chincha,Pueblo Nuevo,MOVISTAR,4.873896,2277.0,0.5946117,527.0,10.041547,40469.0,2.82253,1546.0,0.0,0.0,0.0,0.0,161.28072,1199.0,75.29221,33119.0,0.0,0.0,3.5904496,1697107.0,0.0,96.10507,45426229.0,0.0,0.0,0.0,0.0,47267256.0,3.562753,176.0,4940.0,0.0,0.80234486,1084.0,135104.0,0.0,0.0,0.0,0.0,0.0,dataset_2023.csv,202305,True,False
2023,5,Ica,Chincha,Sunampe,MOVISTAR,4.726513,547.0,0.0,0.0,13.188106,24697.0,2.8653495,2880.0,0.0,0.0,0.0,0.0,151.09337,474.0,74.024574,21427.0,0.0,0.0,5.4089975,1647109.0,0.0,94.37298,28737780.0,0.0,0.0,0.0,0.0,30451281.0,2.8629856,56.0,1956.0,0.0,0.72766507,634.0,87128.0,0.0,0.0,0.0,0.0,0.0,dataset_2023.csv,202305,True,False
2023,5,Ica,Ica,Ica,MOVISTAR,4.629575,6292.0,0.65134,2716.0,10.8219595,114272.0,3.464566,6834.0,0.0,0.0,0.0,0.0,163.87663,6018.0,74.02883,117937.0,0.0,0.0,4.36339,7848663.0,0.0,95.00518,170890896.0,0.0,0.0,0.0,0.0,179875348.0,3.1737647,781.0,24608.0,0.0,0.74233836,3583.0,482664.0,0.0,0.0,0.0,0.0,0.0,dataset_2023.csv,202305,True,False
2023,5,Ica,Ica,La Tinguiña,MOVISTAR,5.462348,757.0,0.0,0.0,10.6604395,22994.0,4.399857,3180.0,0.0,0.0,0.0,0.0,162.25197,898.0,74.35491,15212.0,0.0,0.0,7.2747746,1836104.0,0.0,92.17914,23265393.0,0.0,0.0,0.0,0.0,25239325.0,2.2702105,82.0,3612.0,0.0,0.53493166,332.0,62064.0,0.0,0.0,0.0,0.0,0.0,dataset_2023.csv,202305,True,False
2023,5,Ica,Ica,Parcona,MOVISTAR,3.3146858,1112.0,0.8053036,634.0,8.789285,15685.0,2.9496405,799.0,0.0,0.0,0.0,0.0,172.30666,861.0,75.32909,14539.0,0.0,0.0,8.498941,1997772.0,0.0,91.306244,21462563.0,0.0,0.0,0.0,0.0,23506128.0,2.7777777,98.0,3528.0,0.0,1.185738,715.0,60300.0,0.0,0.0,0.0,0.0,0.0,dataset_2023.csv,202305,True,False
2023,5,Ica,Ica,Subtanjalla,MOVISTAR,6.487243,1321.0,0.0,0.0,10.021519,8145.0,3.497723,818.0,0.0,0.0,0.0,0.0,176.53783,738.0,76.05537,8583.0,0.0,0.0,13.305578,1591605.0,0.0,85.86521,10271143.0,0.0,0.0,0.0,0.0,11961938.0,3.1992085,97.0,3032.0,0.0,0.84678334,298.0,35192.0,0.0,0.0,0.0,0.0,0.0,dataset_2023.csv,202305,True,False
2023,5,Junin,Chanchamayo,Chanchamayo,MOVISTAR,4.3043466,1311.0,0.0,0.0,8.0280285,10421.0,3.3978102,933.0,0.0,0.0,0.0,0.0,226.89644,1559.0,79.81812,14396.0,0.0,0.0,8.123351,1786790.0,0.0,88.982185,19572277.0,0.0,0.0,0.0,0.0,21995725.0,3.5030863,227.0,6480.0,0.0,1.094293,655.0,59856.0,0.0,0.0,0.0,0.0,0.0,dataset_2023.csv,202305,True,False
2023,5,Junin,Huancayo,Chilca,MOVISTAR,5.290124,3314.0,0.5577174,811.0,7.417787,31980.0,2.371584,3819.0,0.0,0.0,0.0,0.0,257.93903,2361.0,77.218254,37227.0,0.0,0.0,6.5121355,3886367.0,0.0,92.19003,55017945.0,0.0,0.0,0.0,0.0,59678841.0,6.3907547,647.0,10124.0,0.0,1.5711962,2473.0,157396.0,0.0,0.0,0.0,0.0,0.0,dataset_2023.csv,202305,True,False
2023,5,Junin,Huancayo,El Tambo,MOVISTAR,4.9137483,14062.0,0.99504757,4127.0,10.155627,157615.0,4.0016418,11694.0,0.0,0.0,0.0,0.0,249.66977,11188.0,77.67196,161381.0,0.0,0.0,7.3630795,18699617.0,0.0,91.53366,232463117.0,0.0,0.0,0.0,0.0,253964616.0,4.703581,2212.0,47028.0,0.0,1.0796049,7234.0,670060.0,0.0,0.0,0.0,0.0,0.0,dataset_2023.csv,202305,True,False
2023,5,Junin,Huancayo,Huancayo,MOVISTAR,4.609093,8002.0,0.91956776,2357.0,9.134809,128111.0,3.8969324,10029.0,0.0,0.0,0.0,0.0,229.6447,7547.0,75.93918,153244.0,0.0,0.0,4.5453987,8883705.0,0.0,94.87309,185423686.0,0.0,0.0,0.0,0.0,195443907.0,4.179477,1305.0,31224.0,0.0,0.93568087,5915.0,632160.0,0.0,0.0,0.0,0.0,0.0,dataset_2023.csv,202305,True,False
2023,5,Junin,Huancayo,Pilcomayo,MOVISTAR,3.4930854,641.0,0.0,0.0,6.2668505,12847.0,2.5699453,2369.0,0.0,0.0,0.0,0.0,243.81287,509.0,77.72559,11820.0,0.0,0.0,3.028163,465413.0,0.0,95.8401,14730128.0,0.0,0.0,0.0,0.0,15369483.0,7.678245,168.0,2188.0,0.0,1.3425108,669.0,49832.0,0.0,0.0,0.0,0.0,0.0,dataset_2023.csv,202305,True,False
2023,5,Junin,Huancayo,San Agustin,MOVISTAR,4.133898,774.0,0.0,0.0,6.146436,19260.0,2.205542,619.0,0.0,0.0,0.0,0.0,212.12558,676.0,76.54201,17985.0,0.0,0.0,2.2409375,661928.0,0.0,97.18442,28706328.0,0.0,0.0,0.0,0.0,29537994.0,3.9139633,111.0,2836.0,0.0,1.3739309,1041.0,75768.0,0.0,0.0,0.0,0.0,0.0,dataset_2023.csv,202305,True,False
2023,5,Junin,Junin,Carhuamayo,MOVISTAR,7.051233,1499.0,1.2393248,515.0,13.912568,16546.0,4.665102,1518.0,0.0,0.0,0.0,0.0,144.68135,1110.0,72.211105,7056.0,0.0,0.0,8.4718485,783082.0,0.0,90.077065,8326132.0,0.0,0.0,0.0,0.0,9243343.0,2.7260637,123.0,4512.0,0.0,0.6732371,194.0,28816.0,0.0,0.0,0.0,0.0,0.0,dataset_2023.csv,202305,True,False
2023,5,La Libertad,Trujillo,El Porvenir,MOVISTAR,3.8574092,2347.0,0.82334584,891.0,9.105135,37453.0,4.238605,4936.0,0.0,0.0,0.0,0.0,232.1442,1987.0,80.6474,42862.0,0.0,0.0,5.507595,4200646.0,0.0,93.277596,71142876.0,0.0,0.0,0.0,0.0,76270058.0,5.2984023,451.0,8512.0,0.0,1.0792172,1928.0,178648.0,0.0,0.0,0.0,0.0,0.0,dataset_2023.csv,202305,True,False
2023,5,La Libertad,Trujillo,La Esperanza,MOVISTAR,3.3110836,2682.0,0.70026225,1094.0,9.086197,41813.0,3.343583,5289.0,0.0,0.0,0.0,0.0,222.79735,1979.0,80.86615,39136.0,0.0,0.0,4.218665,3401937.0,0.0,94.67686,76347543.0,0.0,0.0,0.0,0.0,80640130.0,6.2382298,530.0,8496.0,0.0,1.1931763,1957.0,164016.0,0.0,0.0,0.0,0.0,0.0,dataset_2023.csv,202305,True,False
2023,5,La Libertad,Trujillo,Moche,MOVISTAR,3.9361765,1412.0,0.0,0.0,9.186453,18129.0,3.8790061,1038.0,0.0,0.0,0.0,0.0,225.05133,684.0,81.590324,13778.0,0.0,0.0,3.2384071,758163.0,0.0,95.53311,22365831.0,0.0,0.0,0.0,0.0,23411602.0,5.7614555,171.0,2968.0,0.0,0.95063025,543.0,57120.0,0.0,0.0,0.0,0.0,0.0,dataset_2023.csv,202305,True,False
2023,5,La Libertad,Trujillo,Trujillo,MOVISTAR,4.328945,19435.0,0.99317473,7907.0,10.678845,260722.0,3.8595686,22349.0,0.0,0.0,0.0,0.0,190.2794,13784.0,80.690575,241725.0,0.0,0.0,6.054071,21550439.0,0.0,93.08993,331368575.0,0.0,0.0,0.0,0.0,355966093.0,4.089544,2342.0,57268.0,0.0,0.8367956,8306.0,992596.0,0.0,0.0,0.0,0.0,0.0,dataset_2023.csv,202305,True,False
2023,5,La Libertad,Trujillo,Victor Larco Herrera,MOVISTAR,4.550359,2073.0,0.7834793,711.0,10.914399,46237.0,3.6377616,3316.0,0.0,0.0,0.0,0.0,153.63364,1730.0,79.48076,40615.0,0.0,0.0,4.4277864,3220588.0,0.0,92.39355,67203234.0,0.0,0.0,0.0,0.0,72735853.0,4.5892353,324.0,7060.0,0.0,0.74775493,1239.0,165696.0,0.0,0.0,0.0,0.0,0.0,dataset_2023.csv,202305,True,False
2023,5,Lambayeque,Chiclayo,Chiclayo,MOVISTAR,4.37209,8270.0,0.6538242,3945.0,11.018138,128417.0,3.906457,10022.0,0.0,0.0,0.0,0.0,199.6888,6103.0,82.99058,134205.0,0.0,0.0,4.677145,9807361.0,0.0,93.6052,196277866.0,0.0,0.0,0.0,0.0,209686924.0,4.298163,1095.0,25476.0,0.0,0.9883322,5472.0,553660.0,0.0,0.0,0.0,0.0,0.0,dataset_2023.csv,202305,True,False
2023,5,Lambayeque,Chiclayo,Jose Leonardo Ortiz,MOVISTAR,4.5217066,2213.0,0.6058451,731.0,11.707112,37844.0,2.865202,2568.0,0.0,0.0,0.0,0.0,242.07817,1978.0,81.77216,34613.0,0.0,0.0,7.275856,5081352.0,0.0,91.2185,63705670.0,0.0,0.0,0.0,0.0,69838543.0,3.506621,286.0,8156.0,0.0,0.9006315,1295.0,143788.0,0.0,0.0,0.0,0.0,0.0,dataset_2023.csv,202305,True,False
2023,5,Lambayeque,Chiclayo,La Victoria,MOVISTAR,4.219974,2054.0,0.64840746,771.0,9.4923115,41310.0,2.5596325,2679.0,0.0,0.0,0.0,0.0,178.89572,1130.0,81.886314,33325.0,0.0,0.0,4.7507095,2772989.0,0.0,93.07454,54327604.0,0.0,0.0,0.0,0.0,58369994.0,3.5470085,166.0,4680.0,0.0,0.821764,1127.0,137144.0,0.0,0.0,0.0,0.0,0.0,dataset_2023.csv,202305,True,False
2023,5,Lambayeque,Chiclayo,Pimentel,MOVISTAR,3.9487824,2870.0,0.6633949,1309.0,8.542058,43189.0,4.0560093,3033.0,0.0,0.0,0.0,0.0,173.29774,1602.0,81.50642,36555.0,0.0,0.0,5.0012383,3145278.0,0.0,94.15737,59215557.0,0.0,0.0,0.0,0.0,62889983.0,4.339964,288.0,6636.0,0.0,0.912979,1379.0,151044.0,0.0,0.0,0.0,0.0,0.0,dataset_2023.csv,202305,True,False
2023,5,Lima,Cañete,Asia,MOVISTAR,2.7030666,4190.0,0.4886286,712.0,11.501403,30851.0,2.6343167,2180.0,0.0,0.0,0.0,0.0,362.46158,3112.0,77.169655,24762.0,0.0,0.0,13.097978,3866824.0,0.0,85.36944,25203019.0,0.0,0.0,0.0,0.0,29522298.0,3.133294,425.0,13564.0,0.0,1.0427353,1057.0,101368.0,0.0,0.0,0.0,0.0,0.0,dataset_2023.csv,202305,True,False
2023,5,Lima,Cañete,Cerro Azul,MOVISTAR,4.1794777,966.0,0.0,0.0,9.610684,14334.0,0.0,0.0,0.0,0.0,0.0,0.0,220.413,599.0,78.30699,12337.0,0.0,0.0,3.4789104,496196.0,0.0,92.75401,13229478.0,0.0,0.0,0.0,0.0,14262971.0,2.9771614,73.0,2452.0,0.0,0.67443895,339.0,50264.0,0.0,0.0,0.0,0.0,0.0,dataset_2023.csv,202305,True,False
2023,5,Lima,Cañete,Chilca,MOVISTAR,3.5793805,2378.0,0.7387305,550.0,8.707142,24846.0,3.1464667,1340.0,0.0,0.0,0.0,0.0,271.68365,1192.0,78.69286,20167.0,0.0,0.0,5.4966908,1170785.0,0.0,92.93673,19795353.0,0.0,0.0,0.0,0.0,21299816.0,4.880861,254.0,5204.0,0.0,1.385775,1162.0,83852.0,0.0,0.0,0.0,0.0,0.0,dataset_2023.csv,202305,True,False
2023,5,Lima,Cañete,Mala,MOVISTAR,4.0040793,5392.0,0.66761166,1031.0,8.106798,44613.0,5.8702626,4508.0,0.0,0.0,0.0,0.0,313.7736,3778.0,77.04698,47812.0,0.0,0.0,7.053323,5312082.0,0.0,92.41803,69602959.0,0.0,0.0,0.0,0.0,75313183.0,2.9408076,469.0,15948.0,0.0,1.0481677,2096.0,199968.0,0.0,0.0,0.0,0.0,0.0,dataset_2023.csv,202305,True,False
2023,5,Lima,Huaura,Huaura,MOVISTAR,4.1440034,1985.0,0.6906014,834.0,8.326946,10600.0,2.90602,879.0,0.0,0.0,0.0,0.0,357.26697,1132.0,80.383575,11570.0,0.0,0.0,14.602124,2428950.0,0.0,81.882774,13620564.0,0.0,0.0,0.0,0.0,16634224.0,4.596323,230.0,5004.0,0.0,0.79802793,382.0,47868.0,0.0,0.0,0.0,0.0,0.0,dataset_2023.csv,202305,True,False
2023,5,Lima,Lima,Barranco,MOVISTAR,4.5297494,2690.0,0.6947502,594.0,13.669167,46246.0,4.570526,5320.0,0.0,0.0,0.0,0.0,247.5541,2074.0,75.95778,39995.0,0.0,0.0,3.832321,1948811.0,0.0,90.74092,46143552.0,0.0,0.0,0.0,0.0,50851978.0,3.4034374,301.0,8844.0,0.0,0.6098912,991.0,162488.0,0.0,0.0,0.0,0.0,0.0,dataset_2023.csv,202305,True,False
2023,5,Lima,Lima,Breña,MOVISTAR,3.665305,7948.0,0.79547143,2226.0,10.168961,76842.0,2.9615068,5192.0,0.0,0.0,0.0,0.0,245.63934,3307.0,76.024506,81351.0,0.0,0.0,3.7115955,3890790.0,0.0,95.68966,100309516.0,0.0,0.0,0.0,0.0,104827962.0,4.0035834,581.0,14512.0,0.0,0.846152,2823.0,333628.0,0.0,0.0,0.0,0.0,0.0,dataset_2023.csv,202305,True,False
2023,5,Lima,Lima,Carabayllo,MOVISTAR,4.830486,21054.0,1.4003801,5159.0,10.814271,126256.0,4.3241553,13026.0,0.0,0.0,0.0,0.0,346.54065,9204.0,75.3509,115874.0,0.0,0.0,7.676037,15824634.0,0.0,90.27122,186099802.0,0.0,0.0,0.0,0.0,206156308.0,4.7858567,1922.0,40160.0,0.0,0.92737645,4428.0,477476.0,0.0,0.0,0.0,0.0,0.0,dataset_2023.csv,202305,True,False
2023,5,Lima,Lima,Comas,MOVISTAR,4.1899023,29442.0,0.75252014,5429.0,10.008685,170952.0,4.232171,13245.0,0.0,0.0,0.0,0.0,298.36865,13652.0,77.48632,194046.0,0.0,0.0,9.362948,32913935.0,0.0,89.09151,313186825.0,0.0,0.0,0.0,0.0,351533874.0,4.439065,2659.0,59900.0,0.0,1.003377,8046.0,801892.0,0.0,0.0,0.0,0.0,0.0,dataset_2023.csv,202305,True,False
2023,5,Lima,Lima,El Agustino,MOVISTAR,3.1969433,6968.0,0.6999785,1657.0,9.508829,47847.0,4.3865643,3780.0,0.0,0.0,0.0,0.0,326.12286,3503.0,76.47707,55702.0,0.0,0.0,13.652226,14591016.0,0.0,83.73138,89489133.0,0.0,0.0,0.0,0.0,106876460.0,6.03623,953.0,15788.0,0.0,1.1556526,2677.0,231644.0,0.0,0.0,0.0,0.0,0.0,dataset_2023.csv,202305,True,False
2023,5,Lima,Lima,Independencia,MOVISTAR,4.144491,15166.0,1.0166805,3917.0,11.488771,106032.0,4.524737,10716.0,0.0,0.0,0.0,0.0,272.25894,6394.0,77.106636,105520.0,0.0,0.0,5.9922786,9289641.0,0.0,93.1448,144399447.0,0.0,0.0,0.0,0.0,155026856.0,4.4258723,1218.0,27520.0,0.0,1.2289113,5434.0,442180.0,0.0,0.0,0.0,0.0,0.0,dataset_2023.csv,202305,True,False
2023,5,Lima,Lima,Los Olivos,MOVISTAR,5.1924825,28637.0,1.0268192,6644.0,11.156276,161468.0,4.153071,13737.0,0.0,0.0,0.0,0.0,278.61856,12009.0,76.46558,177088.0,0.0,0.0,7.6228986,22733241.0,0.0,91.43748,272687622.0,0.0,0.0,0.0,0.0,298223048.0,3.9451149,2027.0,51380.0,0.0,0.99995077,7311.0,731136.0,0.0,0.0,0.0,0.0,0.0,dataset_2023.csv,202305,True,False
2023,5,Lima,Lima,Puente Piedra,MOVISTAR,3.8374858,14473.0,0.77484566,2816.0,10.197897,136500.0,4.0107703,9456.0,0.0,0.0,0.0,0.0,279.87332,6730.0,76.618454,119708.0,0.0,0.0,6.4276195,12265372.0,0.0,91.55389,174705806.0,0.0,0.0,0.0,0.0,190822934.0,4.3217816,1277.0,29548.0,0.0,1.0317223,5101.0,494416.0,0.0,0.0,0.0,0.0,0.0,dataset_2023.csv,202305,True,False
2023,5,Lima,Lima,Punta Negra,MOVISTAR,5.0822706,2074.0,1.1930636,1356.0,15.616471,5843.0,4.784529,456.0,0.0,0.0,0.0,0.0,157.54813,1125.0,75.30719,3546.0,0.0,0.0,14.337904,699885.0,0.0,85.391846,4168285.0,0.0,0.0,0.0,0.0,4881362.0,1.1582168,53.0,4576.0,0.0,0.7624064,110.0,14428.0,0.0,0.0,0.0,0.0,0.0,dataset_2023.csv,202305,True,False
2023,5,Lima,Lima,San Juan De Lurigancho,MOVISTAR,3.4429405,38515.0,0.67774755,7986.0,9.671142,260147.0,4.297389,23808.0,0.0,0.0,0.0,0.0,311.54642,17680.0,76.22079,261778.0,0.0,0.0,8.740314,42706867.0,0.0,87.90905,429540681.0,0.0,0.0,0.0,0.0,488619413.0,4.33207,3383.0,78092.0,0.0,1.0460138,11319.0,1082108.0,0.0,0.0,0.0,0.0,0.0,dataset_2023.csv,202305,True,False
2023,5,Lima,Lima,San Luis,MOVISTAR,3.7175217,3471.0,0.76265866,846.0,9.790151,43290.0,3.3784223,2290.0,0.0,0.0,0.0,0.0,247.22044,1634.0,75.57254,49052.0,0.0,0.0,7.0131054,4969192.0,0.0,91.426414,64780919.0,0.0,0.0,0.0,0.0,70855802.0,4.180696,298.0,7128.0,0.0,0.81181806,1625.0,200168.0,0.0,0.0,0.0,0.0,0.0,dataset_2023.csv,202305,True,False
2023,5,Lima,Lima,San Martin De Porres,MOVISTAR,3.6851642,33023.0,0.7317758,6397.0,9.27898,289244.0,3.7162092,25564.0,0.0,0.0,0.0,0.0,286.8924,20446.0,76.777275,305018.0,0.0,0.0,9.060478,45317594.0,0.0,89.1684,445991620.0,0.0,0.0,0.0,0.0,500167771.0,3.8443084,3365.0,87532.0,0.0,0.93020004,11704.0,1258224.0,0.0,0.0,0.0,0.0,0.0,dataset_2023.csv,202305,True,False
2023,5,Piura,Piura,Castilla,MOVISTAR,4.231649,4306.0,0.78462917,1575.0,10.951823,77566.0,3.7650924,6352.0,0.0,0.0,0.0,0.0,188.93677,3125.0,84.082985,78844.0,0.0,0.0,2.9514844,3450436.0,0.0,96.03334,112267878.0,0.0,0.0,0.0,0.0,116905101.0,4.714415,624.0,13236.0,0.0,0.7673533,2490.0,324492.0,0.0,0.0,0.0,0.0,0.0,dataset_2023.csv,202305,True,False
2023,5,Piura,Piura,Catacaos,MOVISTAR,3.7972872,682.0,0.0,0.0,8.844076,25838.0,4.6676154,3782.0,0.0,0.0,0.0,0.0,180.30627,534.0,84.76653,22721.0,0.0,0.0,1.1271902,396245.0,0.0,98.51646,34631822.0,0.0,0.0,0.0,0.0,35153338.0,5.176991,117.0,2260.0,0.0,0.67222196,626.0,93124.0,0.0,0.0,0.0,0.0,0.0,dataset_2023.csv,202305,True,False
2023,5,Piura,Piura,Piura,MOVISTAR,4.9873624,13050.0,0.6916632,3608.0,10.677041,121621.0,3.6574783,8466.0,0.0,0.0,0.0,0.0,199.5013,6869.0,85.25243,123614.0,0.0,0.0,4.5505667,8155657.0,0.0,93.13443,166918207.0,0.0,0.0,0.0,0.0,179222881.0,4.528884,1292.0,28528.0,0.0,0.7709294,3952.0,512628.0,0.0,0.0,0.0,0.0,0.0,dataset_2023.csv,202305,True,False
2023,5,Piura,Piura,Veintiseis De Octubre,MOVISTAR,4.872522,5304.0,1.0012472,1590.0,10.020836,64853.0,3.9216692,7465.0,0.0,0.0,0.0,0.0,227.60129,2514.0,84.80984,57770.0,0.0,0.0,3.9222922,3979689.0,0.0,95.41654,96812823.0,0.0,0.0,0.0,0.0,101463350.0,4.547177,480.0,10556.0,0.0,0.95476055,2308.0,241736.0,0.0,0.0,0.0,0.0,0.0,dataset_2023.csv,202305,True,False
2023,5,Puno,Puno,Puno,MOVISTAR,4.0097203,11343.0,0.7868663,3937.0,10.415716,132744.0,4.470656,11802.0,0.0,0.0,0.0,0.0,225.62376,8147.0,85.40625,121979.0,0.0,0.0,6.4942145,11665648.0,0.0,91.640366,164614859.0,0.0,0.0,0.0,0.0,179631392.0,5.870492,2038.0,34716.0,0.0,1.1439052,5819.0,508696.0,0.0,0.0,0.0,0.0,0.0,dataset_2023.csv,202305,True,False
2023,5,Puno,San Roman,Caracoto,MOVISTAR,5.3241167,1713.0,0.0,0.0,9.436338,10470.0,2.7730708,575.0,0.0,0.0,0.0,0.0,278.0054,1409.0,84.25561,9622.0,0.0,0.0,11.112633,1264194.0,0.0,88.246506,10039088.0,0.0,0.0,0.0,0.0,11376188.0,4.194973,247.0,5888.0,0.0,0.9734069,388.0,39860.0,0.0,0.0,0.0,0.0,0.0,dataset_2023.csv,202305,True,False
2023,5,Puno,San Roman,Juliaca,MOVISTAR,3.48255,17640.0,0.7215082,4342.0,9.630308,203793.0,4.2606316,15525.0,0.0,0.0,0.0,0.0,262.02133,12481.0,86.30108,162973.0,0.0,0.0,7.2833576,15587778.0,0.0,91.11463,195002724.0,0.0,0.0,0.0,0.0,214019119.0,6.501263,3603.0,55420.0,0.0,1.4118785,9758.0,691136.0,0.0,0.0,0.0,0.0,0.0,dataset_2023.csv,202305,True,False
2023,5,Puno,San Roman,San Miguel,MOVISTAR,3.9752474,2114.0,0.7004535,597.0,10.550691,27737.0,3.936981,1801.0,0.0,0.0,0.0,0.0,249.65314,1453.0,84.589745,24541.0,0.0,0.0,4.8610206,1318950.0,0.0,92.58561,25121432.0,0.0,0.0,0.0,0.0,27133192.0,6.385617,412.0,6452.0,0.0,1.4014044,1437.0,102540.0,0.0,0.0,0.0,0.0,0.0,dataset_2023.csv,202305,True,False
2023,5,San Martin,Moyobamba,Moyobamba,MOVISTAR,3.9652956,9890.0,0.49317655,654.0,9.561075,19063.0,2.8972898,1068.0,0.0,0.0,0.0,0.0,363.32687,1309.0,93.49438,22104.0,0.0,0.0,6.7498074,3098036.0,0.0,92.223724,42328975.0,0.0,0.0,0.0,0.0,45898140.0,4.3656206,256.0,5864.0,0.0,1.3436638,1266.0,94220.0,0.0,0.0,0.0,0.0,0.0,dataset_2023.csv,202305,True,False
2023,5,Tacna,Candarave,Camilaca,MOVISTAR,5.5252113,3319.0,1.8502055,532.0,7.982219,5749.0,4.6926303,429.0,0.0,0.0,0.0,0.0,174.4584,1983.0,101.02575,5699.0,0.0,0.0,18.782187,1527777.0,0.0,77.60153,6312249.0,0.0,0.0,0.0,0.0,8134181.0,2.7818449,228.0,8196.0,0.0,1.9653457,490.0,24932.0,0.0,0.0,0.0,0.0,0.0,dataset_2023.csv,202305,True,False
2023,5,Tumbes,Contralmirante Villar,Canoas De Punta Sal,MOVISTAR,6.1191406,998.0,0.0,0.0,12.818671,7515.0,0.0,0.0,0.0,0.0,0.0,0.0,178.46968,871.0,84.273674,6100.0,0.0,0.0,11.328454,832928.0,0.0,86.52256,6361597.0,0.0,0.0,0.0,0.0,7352530.0,3.9945652,147.0,3680.0,0.0,0.9486166,240.0,25300.0,0.0,0.0,0.0,0.0,0.0,dataset_2023.csv,202305,True,False
2023,5,Tumbes,Tumbes,Tumbes,MOVISTAR,4.4754577,2270.0,0.6476233,827.0,11.231959,36844.0,3.558707,2540.0,0.0,0.0,0.0,0.0,247.02344,1979.0,88.66938,30155.0,0.0,0.0,3.8124466,2011762.0,0.0,95.73284,50516561.0,0.0,0.0,0.0,0.0,52768266.0,3.3796973,277.0,8196.0,0.0,0.8289423,1032.0,124496.0,0.0,0.0,0.0,0.0,0.0,dataset_2023.csv,202305,True,False
2023,6,Arequipa,Arequipa,Alto Selva Alegre,MOVISTAR,3.9405878,2598.0,0.6284307,1282.0,10.149448,30471.0,4.2757363,2463.0,0.0,0.0,0.0,0.0,253.92424,1970.0,82.63409,28824.0,0.0,0.0,5.6336064,2690437.0,0.0,92.90813,44370059.0,0.0,0.0,0.0,0.0,47756921.0,4.5597486,377.0,8268.0,0.0,1.114006,1334.0,119748.0,0.0,0.0,0.0,0.0,0.0,dataset_2023.csv,202306,True,False
2023,6,Arequipa,Arequipa,Cayma,MOVISTAR,3.6596034,4420.0,0.6842472,1388.0,9.057099,53037.0,3.587583,4061.0,0.0,0.0,0.0,0.0,222.93196,2788.0,81.63347,55882.0,0.0,0.0,3.4682844,2843893.0,0.0,95.92176,78653069.0,0.0,0.0,0.0,0.0,81997109.0,5.3462324,630.0,11784.0,0.0,1.3682126,3191.0,233224.0,0.0,0.0,0.0,0.0,0.0,dataset_2023.csv,202306,True,False
2023,6,Arequipa,Arequipa,Jacobo Hunter,MOVISTAR,6.7099223,2209.0,1.1320589,559.0,8.680725,30471.0,3.6964688,2122.0,0.0,0.0,0.0,0.0,193.75883,2087.0,80.97812,31780.0,0.0,0.0,5.9988036,3043151.0,0.0,93.201294,47280361.0,0.0,0.0,0.0,0.0,50729297.0,3.660797,316.0,8632.0,0.0,1.2997797,1722.0,132484.0,0.0,0.0,0.0,0.0,0.0,dataset_2023.csv,202306,True,False
2023,6,Arequipa,Arequipa,Jose Luis Bustamante Y Rivero,MOVISTAR,4.1205716,2568.0,0.94535625,905.0,10.632043,53767.0,3.3394668,4803.0,0.0,0.0,0.0,0.0,194.20679,2814.0,79.92037,71209.0,0.0,0.0,3.1817079,2965135.0,0.0,95.729515,89213381.0,0.0,0.0,0.0,0.0,93193185.0,4.655699,549.0,11792.0,0.0,1.0524087,3082.0,292852.0,0.0,0.0,0.0,0.0,0.0,dataset_2023.csv,202306,True,False
2023,6,Arequipa,Arequipa,Mariano Melgar,MOVISTAR,4.603295,2575.0,0.7088431,764.0,12.356552,33379.0,3.485138,2680.0,0.0,0.0,0.0,0.0,207.54778,1598.0,80.31974,38155.0,0.0,0.0,2.5559638,1426142.0,0.0,97.15352,54208405.0,0.0,0.0,0.0,0.0,55796645.0,4.400241,292.0,6636.0,0.0,1.4917357,2361.0,158272.0,0.0,0.0,0.0,0.0,0.0,dataset_2023.csv,202306,True,False
2023,6,Arequipa,Arequipa,Miraflores,MOVISTAR,4.1793633,1744.0,0.809936,589.0,11.722936,40152.0,3.6267228,3706.0,0.0,0.0,0.0,0.0,177.59232,1822.0,80.51394,39056.0,0.0,0.0,3.971764,2179889.0,0.0,94.69348,51972188.0,0.0,0.0,0.0,0.0,54884654.0,4.755649,362.0,7612.0,0.0,1.1350342,1824.0,160700.0,0.0,0.0,0.0,0.0,0.0,dataset_2023.csv,202306,True,False
2023,6,Arequipa,Arequipa,Paucarpata,MOVISTAR,3.8035681,6431.0,0.88899374,2430.0,12.372751,89249.0,5.297279,11517.0,0.0,0.0,0.0,0.0,187.3448,3783.0,80.24032,80357.0,0.0,0.0,3.87256,4329789.0,0.0,95.6604,106954917.0,0.0,0.0,0.0,0.0,111806892.0,4.531607,714.0,15756.0,0.0,1.0641514,3520.0,330780.0,0.0,0.0,0.0,0.0,0.0,dataset_2023.csv,202306,True,False
2023,6,Arequipa,Arequipa,Sachaca,MOVISTAR,3.741927,1208.0,0.8112496,463.0,11.573197,8956.0,4.936069,1210.0,0.0,0.0,0.0,0.0,181.33363,881.0,82.55902,10193.0,0.0,0.0,11.4178915,1527992.0,0.0,87.30649,11683735.0,0.0,0.0,0.0,0.0,13382436.0,5.295699,197.0,3720.0,0.0,1.6215203,692.0,42676.0,0.0,0.0,0.0,0.0,0.0,dataset_2023.csv,202306,True,False
2023,6,Arequipa,Arequipa,Socabaya,MOVISTAR,3.9583914,1172.0,0.75750726,421.0,10.644674,30508.0,4.2200165,2873.0,0.0,0.0,0.0,0.0,215.61165,1438.0,81.35821,23962.0,0.0,0.0,5.6198263,2898723.0,0.0,91.497574,47194720.0,0.0,0.0,0.0,0.0,51580297.0,3.462838,205.0,5920.0,0.0,1.3257424,1325.0,99944.0,0.0,0.0,0.0,0.0,0.0,dataset_2023.csv,202306,True,False
2023,6,Arequipa,Arequipa,Tiabaya,MOVISTAR,3.5643814,1695.0,0.6518347,484.0,8.189163,10545.0,3.5414324,699.0,0.0,0.0,0.0,0.0,207.05223,825.0,82.60714,12665.0,0.0,0.0,6.3521466,935851.0,0.0,92.33409,13603426.0,0.0,0.0,0.0,0.0,14732831.0,5.927835,207.0,3492.0,0.0,1.3192662,699.0,52984.0,0.0,0.0,0.0,0.0,0.0,dataset_2023.csv,202306,True,False
2023,6,Arequipa,Arequipa,Yanahuara,MOVISTAR,3.4119985,1069.0,0.61780906,576.0,12.293414,24693.0,2.9237325,1697.0,0.0,0.0,0.0,0.0,229.58543,1029.0,79.93514,24766.0,0.0,0.0,2.7096612,962331.0,0.0,96.87919,34406458.0,0.0,0.0,0.0,0.0,35514808.0,6.0897436,266.0,4368.0,0.0,1.5040416,1563.0,103920.0,0.0,0.0,0.0,0.0,0.0,dataset_2023.csv,202306,True,False
2023,6,Ayacucho,Huamanga,Carmen Alto,MOVISTAR,3.470791,2311.0,0.538855,587.0,10.345964,11889.0,4.5261464,731.0,0.0,0.0,0.0,0.0,251.61813,1359.0,76.3495,10025.0,0.0,0.0,8.513194,923400.0,0.0,89.37581,9694320.0,0.0,0.0,0.0,0.0,10846693.0,4.605263,280.0,6080.0,0.0,1.1265373,469.0,41632.0,0.0,0.0,0.0,0.0,0.0,dataset_2023.csv,202306,True,False
2023,6,Cajamarca,Celendin,Celendin,MOVISTAR,3.6682563,873.0,2.042703,443.0,6.862908,7693.0,1.6775409,493.0,0.0,0.0,0.0,0.0,257.56876,534.0,81.643,7417.0,0.0,0.0,5.4488015,427702.0,0.0,93.460236,7336132.0,0.0,0.0,0.0,0.0,7849469.0,7.2807016,166.0,2280.0,0.0,1.1893989,368.0,30940.0,0.0,0.0,0.0,0.0,0.0,dataset_2023.csv,202306,True,False
2023,6,Cajamarca,Santa Cruz,Santa Cruz,MOVISTAR,4.576907,667.0,0.0,0.0,7.0309386,7862.0,1.6305969,541.0,0.0,0.0,0.0,0.0,250.78343,986.0,92.69106,6656.0,0.0,0.0,8.809813,948069.0,0.0,89.48301,9629725.0,0.0,0.0,0.0,0.0,10761512.0,7.5821595,323.0,4260.0,0.0,1.5459551,438.0,28332.0,0.0,0.0,0.0,0.0,0.0,dataset_2023.csv,202306,True,False
2023,6,Callao,Callao,Mi Peru,MOVISTAR,2.4818966,2634.0,0.77374315,426.0,7.193124,15898.0,4.1122026,1004.0,0.0,0.0,0.0,0.0,295.17694,1602.0,76.63162,19877.0,0.0,0.0,7.3426585,3439027.0,0.0,91.87184,43029339.0,0.0,0.0,0.0,0.0,46836266.0,4.490501,312.0,6948.0,0.0,1.2392138,1034.0,83440.0,0.0,0.0,0.0,0.0,0.0,dataset_2023.csv,202306,True,False
2023,6,Cusco,Acomayo,Pomacanchi,MOVISTAR,0.0,0.0,0.0,0.0,12.381063,1328.0,0.0,0.0,0.0,0.0,0.0,0.0,0.0,0.0,89.99132,655.0,0.0,0.0,3.9201126,35368.0,0.0,92.34443,833149.0,0.0,0.0,0.0,0.0,902219.0,0.0,0.0,0.0,0.0,1.2693936,36.0,2836.0,0.0,0.0,0.0,0.0,0.0,dataset_2023.csv,202306,False,True
2023,6,Cusco,Cusco,Cusco,MOVISTAR,4.365989,5059.0,0.61147046,1592.0,9.085327,47064.0,3.5094814,3161.0,0.0,0.0,0.0,0.0,266.6097,4193.0,88.46138,60342.0,0.0,0.0,6.30134,6262586.0,0.0,91.232315,90671224.0,0.0,0.0,0.0,0.0,99384985.0,7.019168,1289.0,18364.0,0.0,2.6792622,7065.0,263692.0,0.0,0.0,0.0,0.0,0.0,dataset_2023.csv,202306,True,False
2023,6,Cusco,Cusco,San Jeronimo,MOVISTAR,3.6713614,6337.0,0.8992844,2045.0,8.915346,40956.0,4.458151,5050.0,0.0,0.0,0.0,0.0,272.37207,3146.0,86.76167,35201.0,0.0,0.0,6.582613,3433142.0,0.0,92.79403,48396446.0,0.0,0.0,0.0,0.0,52154698.0,4.9015284,667.0,13608.0,0.0,1.4514917,2164.0,149088.0,0.0,0.0,0.0,0.0,0.0,dataset_2023.csv,202306,True,False
2023,6,Cusco,Cusco,San Sebastian,MOVISTAR,3.1094983,4128.0,0.7440858,1301.0,7.9084253,45508.0,3.9376514,3628.0,0.0,0.0,0.0,0.0,249.20735,3309.0,90.323524,40900.0,0.0,0.0,6.852794,5174517.0,0.0,91.89347,69388384.0,0.0,0.0,0.0,0.0,75509592.0,5.9871902,860.0,14364.0,0.0,2.5766788,4560.0,176972.0,0.0,0.0,0.0,0.0,0.0,dataset_2023.csv,202306,True,False
2023,6,Cusco,Cusco,Santiago,MOVISTAR,4.0750628,3295.0,0.6207885,914.0,7.8047347,36557.0,3.4372637,2441.0,0.0,0.0,0.0,0.0,277.62463,2586.0,88.14151,37617.0,0.0,0.0,4.7303042,2459314.0,0.0,93.85588,48796242.0,0.0,0.0,0.0,0.0,51990608.0,5.5677257,610.0,10956.0,0.0,2.5276637,4066.0,160860.0,0.0,0.0,0.0,0.0,0.0,dataset_2023.csv,202306,True,False
2023,6,Cusco,Cusco,Wanchaq,MOVISTAR,4.105118,4860.0,0.69236314,1507.0,9.326586,51140.0,3.7911947,3453.0,0.0,0.0,0.0,0.0,217.9155,3631.0,87.448395,59910.0,0.0,0.0,4.7235823,3420551.0,0.0,93.89559,67993873.0,0.0,0.0,0.0,0.0,72414339.0,5.140369,791.0,15388.0,0.0,1.9741501,5019.0,254236.0,0.0,0.0,0.0,0.0,0.0,dataset_2023.csv,202306,True,False
2023,6,Cusco,La Convencion,Echarate,MOVISTAR,3.3083715,1122.0,0.0,0.0,9.27663,12948.0,4.1393147,990.0,0.0,0.0,0.0,0.0,293.9572,1161.0,90.24137,10589.0,0.0,0.0,5.9481206,1425862.0,0.0,51.94564,12452221.0,0.0,0.0,0.0,0.0,23971639.0,5.4305663,280.0,5156.0,0.0,1.9010359,1035.0,54444.0,0.0,0.0,0.0,0.0,0.0,dataset_2023.csv,202306,True,False
2023,6,Huancavelica,Tayacaja,Pampas,MOVISTAR,5.4035563,1039.0,0.0,0.0,12.103591,11413.0,5.6952963,2077.0,0.0,0.0,0.0,0.0,191.28099,879.0,76.72234,9877.0,0.0,0.0,5.0456357,604603.0,0.0,94.422485,11314356.0,0.0,0.0,0.0,0.0,11982692.0,4.9726777,182.0,3660.0,0.0,1.2473613,520.0,41688.0,0.0,0.0,0.0,0.0,0.0,dataset_2023.csv,202306,True,False
2023,6,Ica,Chincha,Alto Laran,MOVISTAR,3.546954,846.0,0.0,0.0,8.823681,12862.0,4.202357,550.0,0.0,0.0,0.0,0.0,168.85722,1030.0,75.895355,12147.0,0.0,0.0,8.374318,976763.0,0.0,90.86871,10598738.0,0.0,0.0,0.0,0.0,11663792.0,3.2681298,137.0,4192.0,0.0,1.0587623,529.0,49964.0,0.0,0.0,0.0,0.0,0.0,dataset_2023.csv,202306,True,False
2023,6,Ica,Chincha,Chincha Alta,MOVISTAR,4.222731,2742.0,0.6985813,899.0,11.96008,82309.0,4.419729,6352.0,0.0,0.0,0.0,0.0,163.41914,2652.0,72.32258,80805.0,0.0,0.0,2.4078834,2282677.0,0.0,96.77054,91738608.0,0.0,0.0,0.0,0.0,94800145.0,2.8728151,309.0,10756.0,0.0,0.71034276,2342.0,329700.0,0.0,0.0,0.0,0.0,0.0,dataset_2023.csv,202306,True,False
2023,6,Ica,Chincha,Chincha Baja,MOVISTAR,3.0339332,1119.0,0.0,0.0,10.111678,13896.0,5.099312,1107.0,0.0,0.0,0.0,0.0,200.38072,921.0,74.230125,14487.0,0.0,0.0,6.499119,1081013.0,0.0,91.62764,15240631.0,0.0,0.0,0.0,0.0,16633224.0,5.8026586,227.0,3912.0,0.0,1.1949391,714.0,59752.0,0.0,0.0,0.0,0.0,0.0,dataset_2023.csv,202306,True,False
2023,6,Ica,Chincha,El Carmen,MOVISTAR,3.3032863,932.0,0.81570476,427.0,13.532745,8509.0,4.9668174,788.0,0.0,0.0,0.0,0.0,201.70848,770.0,73.35258,7037.0,0.0,0.0,14.8440695,1343882.0,0.0,84.82895,7679841.0,0.0,0.0,0.0,0.0,9053326.0,4.0482078,131.0,3236.0,0.0,1.1072019,321.0,28992.0,0.0,0.0,0.0,0.0,0.0,dataset_2023.csv,202306,True,False
2023,6,Ica,Chincha,Pueblo Nuevo,MOVISTAR,4.4062862,1997.0,0.7269531,636.0,10.857033,37009.0,2.8452055,1739.0,0.0,0.0,0.0,0.0,153.00584,1443.0,72.28628,35527.0,0.0,0.0,3.5361917,1933359.0,0.0,95.70598,52325787.0,0.0,0.0,0.0,0.0,54673480.0,3.9904501,234.0,5864.0,0.0,0.91075814,1321.0,145044.0,0.0,0.0,0.0,0.0,0.0,dataset_2023.csv,202306,True,False
2023,6,Ica,Chincha,Sunampe,MOVISTAR,4.8153243,1092.0,0.7296527,454.0,12.6644335,33594.0,4.6144133,3327.0,0.0,0.0,0.0,0.0,154.73663,835.0,71.66974,29994.0,0.0,0.0,8.74367,3378454.0,0.0,91.14855,35218755.0,0.0,0.0,0.0,0.0,38638852.0,3.8484137,131.0,3404.0,0.0,0.75799835,924.0,121900.0,0.0,0.0,0.0,0.0,0.0,dataset_2023.csv,202306,True,False
2023,6,Ica,Ica,Ica,MOVISTAR,3.994173,6960.0,0.6517286,2938.0,11.285502,144335.0,3.0953608,9310.0,0.0,0.0,0.0,0.0,157.99724,7406.0,73.231636,160343.0,0.0,0.0,3.7005312,8033573.0,0.0,94.72599,205642952.0,0.0,0.0,0.0,0.0,217092419.0,3.2306163,975.0,30180.0,0.0,0.79300463,5201.0,655860.0,0.0,0.0,0.0,0.0,0.0,dataset_2023.csv,202306,True,False
2023,6,Ica,Ica,La Tinguiña,MOVISTAR,5.237985,737.0,0.0,0.0,10.734205,18190.0,3.2182174,2021.0,0.0,0.0,0.0,0.0,152.86415,847.0,72.512146,15646.0,0.0,0.0,7.8324904,1917888.0,0.0,91.41426,22383982.0,0.0,0.0,0.0,0.0,24486312.0,3.7949016,131.0,3452.0,0.0,0.73787445,471.0,63832.0,0.0,0.0,0.0,0.0,0.0,dataset_2023.csv,202306,True,False
2023,6,Ica,Ica,Parcona,MOVISTAR,4.580025,2463.0,0.81348175,815.0,11.255232,17156.0,2.8744125,1119.0,0.0,0.0,0.0,0.0,188.44476,1261.0,72.62361,17324.0,0.0,0.0,8.505196,2497716.0,0.0,90.649704,26621048.0,0.0,0.0,0.0,0.0,29366945.0,3.1033154,161.0,5188.0,0.0,0.8963192,638.0,71180.0,0.0,0.0,0.0,0.0,0.0,dataset_2023.csv,202306,True,False
2023,6,Ica,Ica,Subtanjalla,MOVISTAR,6.662633,1402.0,0.0,0.0,9.959995,12565.0,3.0113761,1153.0,0.0,0.0,0.0,0.0,165.50618,1000.0,74.87703,13128.0,0.0,0.0,12.725764,2103417.0,0.0,86.46604,14291805.0,0.0,0.0,0.0,0.0,16528807.0,4.3915606,179.0,4076.0,0.0,1.0398197,563.0,54144.0,0.0,0.0,0.0,0.0,0.0,dataset_2023.csv,202306,True,False
2023,6,Junin,Chanchamayo,Chanchamayo,MOVISTAR,4.0209484,2534.0,0.5974068,471.0,7.8341684,11870.0,3.8660207,944.0,0.0,0.0,0.0,0.0,325.69482,3470.0,79.52335,16982.0,0.0,0.0,10.938092,2856976.0,0.0,85.53695,22341831.0,0.0,0.0,0.0,0.0,26119509.0,2.5385695,362.0,14260.0,0.0,1.3931758,993.0,71276.0,0.0,0.0,0.0,0.0,0.0,dataset_2023.csv,202306,True,False
2023,6,Junin,Huancayo,Chilca,MOVISTAR,3.785101,3431.0,0.6554886,1040.0,8.751068,43448.0,3.1916578,4808.0,0.0,0.0,0.0,0.0,286.7531,3148.0,75.551125,47081.0,0.0,0.0,7.165501,4831043.0,0.0,92.40746,62301914.0,0.0,0.0,0.0,0.0,67420869.0,5.7909603,779.0,13452.0,0.0,1.5665456,3122.0,199292.0,0.0,0.0,0.0,0.0,0.0,dataset_2023.csv,202306,True,False
2023,6,Junin,Huancayo,El Tambo,MOVISTAR,4.0482388,14080.0,0.75330466,4624.0,9.623904,197112.0,4.2898393,14948.0,0.0,0.0,0.0,0.0,229.24312,11616.0,75.73231,190974.0,0.0,0.0,5.888163,16643750.0,0.0,92.414696,261223595.0,0.0,0.0,0.0,0.0,282664566.0,4.558056,2236.0,49056.0,0.0,1.0319967,8182.0,792832.0,0.0,0.0,0.0,0.0,0.0,dataset_2023.csv,202306,True,False
2023,6,Junin,Huancayo,Huancayo,MOVISTAR,5.0294647,8780.0,1.0047666,2788.0,9.46374,169467.0,3.80396,14322.0,0.0,0.0,0.0,0.0,212.27274,7742.0,74.70842,183221.0,0.0,0.0,3.6020758,8169967.0,0.0,95.785194,217253015.0,0.0,0.0,0.0,0.0,226812739.0,4.4174213,1424.0,32236.0,0.0,1.0100744,7656.0,757964.0,0.0,0.0,0.0,0.0,0.0,dataset_2023.csv,202306,True,False
2023,6,Junin,Huancayo,Pilcomayo,MOVISTAR,2.9199674,892.0,0.0,0.0,6.3351774,15033.0,2.4468493,1610.0,0.0,0.0,0.0,0.0,254.46674,571.0,75.771736,13176.0,0.0,0.0,2.7027917,514995.0,0.0,95.39139,18176054.0,0.0,0.0,0.0,0.0,19054187.0,6.610577,165.0,2496.0,0.0,1.2587843,695.0,55212.0,0.0,0.0,0.0,0.0,0.0,dataset_2023.csv,202306,True,False
2023,6,Junin,Huancayo,San Agustin,MOVISTAR,7.2944126,3979.0,0.72325283,971.0,8.792979,28361.0,4.2119727,2415.0,0.0,0.0,0.0,0.0,213.5311,1246.0,74.29436,22513.0,0.0,0.0,3.6920009,1132741.0,0.0,95.961525,29441909.0,0.0,0.0,0.0,0.0,30680952.0,4.740712,245.0,5168.0,0.0,1.6057354,1532.0,95408.0,0.0,0.0,0.0,0.0,0.0,dataset_2023.csv,202306,True,False
2023,6,Junin,Junin,Carhuamayo,MOVISTAR,6.709205,1623.0,0.9836334,543.0,12.397181,21744.0,3.6052961,1734.0,0.0,0.0,0.0,0.0,155.23656,1406.0,69.53203,9782.0,0.0,0.0,9.018442,1033953.0,0.0,89.94075,10311594.0,0.0,0.0,0.0,0.0,11464874.0,3.6242082,206.0,5684.0,0.0,0.60234916,240.0,39844.0,0.0,0.0,0.0,0.0,0.0,dataset_2023.csv,202306,True,False
2023,6,La Libertad,Trujillo,El Porvenir,MOVISTAR,3.5854716,2738.0,0.7801089,830.0,9.823452,37832.0,4.645209,4930.0,0.0,0.0,0.0,0.0,268.97107,2085.0,80.28371,37539.0,0.0,0.0,6.2542243,4631229.0,0.0,93.17434,68995236.0,0.0,0.0,0.0,0.0,74049613.0,6.186702,562.0,9084.0,0.0,1.3974566,2211.0,158216.0,0.0,0.0,0.0,0.0,0.0,dataset_2023.csv,202306,True,False
2023,6,La Libertad,Trujillo,La Esperanza,MOVISTAR,3.4063897,3806.0,0.60820556,1439.0,10.102558,60111.0,3.5107882,11000.0,0.0,0.0,0.0,0.0,228.37836,2702.0,78.87387,51734.0,0.0,0.0,4.484354,4068362.0,0.0,94.60653,85830334.0,0.0,0.0,0.0,0.0,90723479.0,6.28882,729.0,11592.0,0.0,1.2159534,2625.0,215880.0,0.0,0.0,0.0,0.0,0.0,dataset_2023.csv,202306,True,False
2023,6,La Libertad,Trujillo,Moche,MOVISTAR,3.4357677,1256.0,0.65765494,434.0,9.96122,15516.0,2.8689291,1064.0,0.0,0.0,0.0,0.0,209.07683,724.0,77.97058,15633.0,0.0,0.0,2.8803957,695612.0,0.0,96.437904,23289634.0,0.0,0.0,0.0,0.0,24149876.0,4.895561,150.0,3064.0,0.0,1.1868796,770.0,64876.0,0.0,0.0,0.0,0.0,0.0,dataset_2023.csv,202306,True,False
2023,6,La Libertad,Trujillo,Trujillo,MOVISTAR,4.312894,31104.0,0.66988504,10458.0,10.806654,263491.0,3.5888336,21442.0,0.0,0.0,0.0,0.0,191.16713,17149.0,79.01032,246424.0,0.0,0.0,6.412305,23641558.0,0.0,92.04702,339368619.0,0.0,0.0,0.0,0.0,368690486.0,4.095616,2911.0,71076.0,0.0,0.95933455,9727.0,1013932.0,0.0,0.0,0.0,0.0,0.0,dataset_2023.csv,202306,True,False
2023,6,La Libertad,Trujillo,Victor Larco Herrera,MOVISTAR,4.040084,3601.0,0.69272554,2096.0,11.988717,48419.0,3.59258,3405.0,0.0,0.0,0.0,0.0,158.33136,2095.0,78.193146,49099.0,0.0,0.0,4.7899327,4068581.0,0.0,92.2768,78380154.0,0.0,0.0,0.0,0.0,84940255.0,5.181944,450.0,8684.0,0.0,1.0151424,2038.0,200760.0,0.0,0.0,0.0,0.0,0.0,dataset_2023.csv,202306,True,False
2023,6,Lambayeque,Chiclayo,Chiclayo,MOVISTAR,4.365348,9072.0,0.6492699,3390.0,10.985081,157750.0,3.5029948,12326.0,0.0,0.0,0.0,0.0,190.21501,7757.0,80.85313,155233.0,0.0,0.0,4.720016,11637491.0,0.0,93.980705,231715238.0,0.0,0.0,0.0,0.0,246556175.0,4.323285,1394.0,32244.0,0.0,1.1466746,7360.0,641856.0,0.0,0.0,0.0,0.0,0.0,dataset_2023.csv,202306,True,False
2023,6,Lambayeque,Chiclayo,Jose Leonardo Ortiz,MOVISTAR,3.8706725,2811.0,0.62402546,1344.0,11.120564,44455.0,2.8265831,3371.0,0.0,0.0,0.0,0.0,227.69644,2131.0,79.90575,39146.0,0.0,0.0,7.9831414,5599030.0,0.0,91.07295,63874627.0,0.0,0.0,0.0,0.0,70135672.0,4.495018,397.0,8832.0,0.0,0.9529134,1551.0,162764.0,0.0,0.0,0.0,0.0,0.0,dataset_2023.csv,202306,True,False
2023,6,Lambayeque,Chiclayo,La Victoria,MOVISTAR,3.6642067,1479.0,0.5429935,690.0,10.238303,46368.0,2.6527596,3421.0,0.0,0.0,0.0,0.0,178.4521,1069.0,80.26885,38488.0,0.0,0.0,3.4340084,1865654.0,0.0,95.32114,51786785.0,0.0,0.0,0.0,0.0,54328755.0,5.3125,238.0,4480.0,0.0,1.0686773,1698.0,158888.0,0.0,0.0,0.0,0.0,0.0,dataset_2023.csv,202306,True,False
2023,6,Lambayeque,Chiclayo,Pimentel,MOVISTAR,4.266637,5107.0,0.57476044,2429.0,9.84731,50635.0,3.702311,4063.0,0.0,0.0,0.0,0.0,205.81114,2990.0,79.80857,45703.0,0.0,0.0,5.2432384,4216533.0,0.0,94.074715,75653464.0,0.0,0.0,0.0,0.0,80418486.0,4.410823,551.0,12492.0,0.0,1.0559886,2000.0,189396.0,0.0,0.0,0.0,0.0,0.0,dataset_2023.csv,202306,True,False
2023,6,Lima,Cañete,Asia,MOVISTAR,3.112206,5060.0,0.6400966,904.0,11.024363,33554.0,2.7520072,2743.0,0.0,0.0,0.0,0.0,344.78995,4513.0,76.237015,25393.0,0.0,0.0,18.969711,5533711.0,0.0,79.42735,23169988.0,0.0,0.0,0.0,0.0,29171297.0,2.6674292,513.0,19232.0,0.0,1.0402259,1083.0,104112.0,0.0,0.0,0.0,0.0,0.0,dataset_2023.csv,202306,True,False
2023,6,Lima,Cañete,Cerro Azul,MOVISTAR,4.1364884,995.0,0.0,0.0,9.664802,16033.0,2.2213738,450.0,0.0,0.0,0.0,0.0,250.95502,640.0,74.35237,15910.0,0.0,0.0,3.274661,654138.0,0.0,92.743256,18526157.0,0.0,0.0,0.0,0.0,19975746.0,2.9191616,78.0,2672.0,0.0,0.8174471,530.0,64836.0,0.0,0.0,0.0,0.0,0.0,dataset_2023.csv,202306,True,False
2023,6,Lima,Cañete,Chilca,MOVISTAR,3.6688592,2834.0,0.67951894,651.0,9.3659525,31660.0,2.9121947,2220.0,0.0,0.0,0.0,0.0,292.0637,1251.0,77.74895,22636.0,0.0,0.0,4.7168612,1200201.0,0.0,93.29156,23737952.0,0.0,0.0,0.0,0.0,25444909.0,4.6735907,252.0,5392.0,0.0,0.9092465,850.0,93484.0,0.0,0.0,0.0,0.0,0.0,dataset_2023.csv,202306,True,False
2023,6,Lima,Cañete,Mala,MOVISTAR,3.936753,6410.0,0.63681096,1208.0,7.191136,55519.0,5.3687825,6512.0,0.0,0.0,0.0,0.0,288.19754,4224.0,75.58348,53551.0,0.0,0.0,6.8658047,5807033.0,0.0,92.600395,78320541.0,0.0,0.0,0.0,0.0,84579058.0,2.6844125,476.0,17732.0,0.0,1.0806595,2425.0,224400.0,0.0,0.0,0.0,0.0,0.0,dataset_2023.csv,202306,True,False
2023,6,Lima,Huaura,Huaura,MOVISTAR,2.99773,1406.0,0.75888324,527.0,9.522795,10532.0,3.7655141,985.0,0.0,0.0,0.0,0.0,310.44724,865.0,77.28469,10001.0,0.0,0.0,14.558591,2496800.0,0.0,79.688774,13666633.0,0.0,0.0,0.0,0.0,17150011.0,4.787234,180.0,3760.0,0.0,0.87240213,361.0,41380.0,0.0,0.0,0.0,0.0,0.0,dataset_2023.csv,202306,True,False
2023,6,Lima,Lima,Barranco,MOVISTAR,4.744779,2831.0,0.63434404,667.0,13.337068,35621.0,3.7232578,2521.0,0.0,0.0,0.0,0.0,249.5694,2076.0,72.97723,36700.0,0.0,0.0,3.898891,1860203.0,0.0,94.15946,44924497.0,0.0,0.0,0.0,0.0,47711081.0,2.920293,255.0,8732.0,0.0,0.7543681,1126.0,149264.0,0.0,0.0,0.0,0.0,0.0,dataset_2023.csv,202306,True,False
2023,6,Lima,Lima,Breña,MOVISTAR,4.077993,9034.0,0.88357764,2781.0,9.925787,72731.0,2.817358,5920.0,0.0,0.0,0.0,0.0,255.69304,3442.0,74.16463,80148.0,0.0,0.0,3.712262,3891371.0,0.0,95.97142,100601848.0,0.0,0.0,0.0,0.0,104824798.0,4.520493,675.0,14932.0,0.0,0.8917465,2925.0,328008.0,0.0,0.0,0.0,0.0,0.0,dataset_2023.csv,202306,True,False
2023,6,Lima,Lima,Carabayllo,MOVISTAR,5.011697,26408.0,1.4398638,6825.0,10.436436,130736.0,4.181997,12915.0,0.0,0.0,0.0,0.0,301.52322,10413.0,74.558716,129023.0,0.0,0.0,7.6875653,17726679.0,0.0,90.557,208814468.0,0.0,0.0,0.0,0.0,230588991.0,4.0760384,1829.0,44872.0,0.0,1.0160825,5393.0,530764.0,0.0,0.0,0.0,0.0,0.0,dataset_2023.csv,202306,True,False
2023,6,Lima,Lima,Comas,MOVISTAR,3.8679502,29867.0,0.73465914,6371.0,10.5284605,205795.0,3.7053094,16423.0,0.0,0.0,0.0,0.0,308.08472,17328.0,76.29894,220646.0,0.0,0.0,8.8265,34282076.0,0.0,89.9472,349354414.0,0.0,0.0,0.0,0.0,388399451.0,4.7409744,3635.0,76672.0,0.0,1.1859514,10846.0,914540.0,0.0,0.0,0.0,0.0,0.0,dataset_2023.csv,202306,True,False
2023,6,Lima,Lima,El Agustino,MOVISTAR,3.938795,11066.0,0.6740987,2160.0,9.124451,65335.0,3.5674784,4471.0,0.0,0.0,0.0,0.0,322.76712,4521.0,74.936134,76217.0,0.0,0.0,14.01781,16881678.0,0.0,82.67665,99567666.0,0.0,0.0,0.0,0.0,120430213.0,5.9303007,1215.0,20488.0,0.0,1.0616871,3363.0,316760.0,0.0,0.0,0.0,0.0,0.0,dataset_2023.csv,202306,True,False
2023,6,Lima,Lima,Independencia,MOVISTAR,3.2194555,20809.0,0.9163605,4941.0,11.118447,122227.0,4.497185,12365.0,0.0,0.0,0.0,0.0,286.90405,7682.0,75.871506,112430.0,0.0,0.0,6.931635,11543729.0,0.0,92.18563,153523087.0,0.0,0.0,0.0,0.0,166536890.0,4.6342773,1551.0,33468.0,0.0,1.2741457,5984.0,469648.0,0.0,0.0,0.0,0.0,0.0,dataset_2023.csv,202306,True,False
2023,6,Lima,Lima,Los Olivos,MOVISTAR,4.085326,28196.0,0.88507897,7378.0,10.878541,201580.0,3.6657321,16006.0,0.0,0.0,0.0,0.0,281.25687,12694.0,74.720184,207812.0,0.0,0.0,8.043558,27234283.0,0.0,90.775894,307353579.0,0.0,0.0,0.0,0.0,338585031.0,3.9861953,2183.0,54764.0,0.0,0.99362105,8511.0,856564.0,0.0,0.0,0.0,0.0,0.0,dataset_2023.csv,202306,True,False
2023,6,Lima,Lima,Puente Piedra,MOVISTAR,3.1180518,16863.0,0.7401994,3247.0,10.151093,145173.0,3.759504,8722.0,0.0,0.0,0.0,0.0,277.60724,7410.0,75.14738,119677.0,0.0,0.0,7.936046,15671024.0,0.0,89.71126,177149587.0,0.0,0.0,0.0,0.0,197466396.0,4.848209,1597.0,32940.0,0.0,1.1588936,5740.0,495300.0,0.0,0.0,0.0,0.0,0.0,dataset_2023.csv,202306,True,False
2023,6,Lima,Lima,Punta Negra,MOVISTAR,4.7894297,1044.0,0.0,0.0,13.548782,7044.0,0.0,0.0,0.0,0.0,0.0,0.0,0.0,0.0,76.01971,5763.0,0.0,0.0,3.641954,193343.0,0.0,95.73372,5082284.0,0.0,0.0,0.0,0.0,5308771.0,2.297794,0.0,0.0,0.0,0.8978723,211.0,23500.0,0.0,0.0,0.0,0.0,0.0,dataset_2023.csv,202306,True,False
2023,6,Lima,Lima,San Juan De Lurigancho,MOVISTAR,3.4311092,37935.0,0.7027191,8465.0,10.311488,317790.0,4.303149,28471.0,0.0,0.0,0.0,0.0,289.42175,17882.0,74.63794,302081.0,0.0,0.0,8.138139,42759567.0,0.0,88.43358,464649409.0,0.0,0.0,0.0,0.0,525421937.0,4.580405,3598.0,78552.0,0.0,1.1152872,13917.0,1247840.0,0.0,0.0,0.0,0.0,0.0,dataset_2023.csv,202306,True,False
2023,6,Lima,Lima,San Luis,MOVISTAR,4.308933,4926.0,0.62957823,993.0,11.153872,54819.0,3.8068738,3142.0,0.0,0.0,0.0,0.0,249.51962,2973.0,73.215324,56820.0,0.0,0.0,7.5389824,5936534.0,0.0,92.02395,72463800.0,0.0,0.0,0.0,0.0,78744500.0,3.2813976,417.0,12708.0,0.0,0.8306935,1930.0,232336.0,0.0,0.0,0.0,0.0,0.0,dataset_2023.csv,202306,True,False
2023,6,Lima,Lima,San Martin De Porres,MOVISTAR,3.7155585,42023.0,0.82941115,8108.0,9.437903,299739.0,3.4831975,25022.0,0.0,0.0,0.0,0.0,303.67218,25083.0,75.071106,314858.0,0.0,0.0,10.437563,56310559.0,0.0,87.721725,473257932.0,0.0,0.0,0.0,0.0,539499102.0,3.6926222,3974.0,107620.0,0.0,1.0054227,13075.0,1300448.0,0.0,0.0,0.0,0.0,0.0,dataset_2023.csv,202306,True,False
2023,6,Piura,Piura,Castilla,MOVISTAR,3.9003394,5042.0,0.7567446,1731.0,10.19646,80857.0,3.0562289,5165.0,0.0,0.0,0.0,0.0,189.0142,3376.0,83.4845,82690.0,0.0,0.0,2.8998768,3675264.0,0.0,95.94717,121602121.0,0.0,0.0,0.0,0.0,126738629.0,5.467434,779.0,14248.0,0.0,1.1668444,3983.0,341348.0,0.0,0.0,0.0,0.0,0.0,dataset_2023.csv,202306,True,False
2023,6,Piura,Piura,Catacaos,MOVISTAR,4.3674903,1298.0,0.7347738,622.0,9.036555,27078.0,5.5213966,3473.0,0.0,0.0,0.0,0.0,177.94968,909.0,83.97261,24761.0,0.0,0.0,1.7177235,649389.0,0.0,97.52759,36870512.0,0.0,0.0,0.0,0.0,37805212.0,5.1546392,200.0,3880.0,0.0,0.88726103,906.0,102112.0,0.0,0.0,0.0,0.0,0.0,dataset_2023.csv,202306,True,False
2023,6,Piura,Piura,Piura,MOVISTAR,5.249652,11651.0,0.6037789,5096.0,11.184829,137832.0,3.6045809,8843.0,0.0,0.0,0.0,0.0,183.04901,6552.0,83.30795,133658.0,0.0,0.0,4.656775,8492519.0,0.0,93.13723,169853523.0,0.0,0.0,0.0,0.0,182369102.0,4.3170767,1172.0,27148.0,0.0,0.8593205,4733.0,550784.0,0.0,0.0,0.0,0.0,0.0,dataset_2023.csv,202306,True,False
2023,6,Piura,Piura,Veintiseis De Octubre,MOVISTAR,3.7011216,3482.0,0.6989438,1351.0,9.966833,68667.0,3.342481,5828.0,0.0,0.0,0.0,0.0,206.51613,2097.0,84.36706,69847.0,0.0,0.0,2.6956422,2870785.0,0.0,96.54675,102819645.0,0.0,0.0,0.0,0.0,106497255.0,5.654102,510.0,9020.0,0.0,1.2094516,3542.0,292860.0,0.0,0.0,0.0,0.0,0.0,dataset_2023.csv,202306,True,False
2023,6,Puno,Puno,Puno,MOVISTAR,3.6572008,13687.0,0.767512,4794.0,10.272163,176090.0,4.3111067,14706.0,0.0,0.0,0.0,0.0,234.7997,10728.0,84.04148,156098.0,0.0,0.0,6.779399,14577615.0,0.0,91.40505,196546570.0,0.0,0.0,0.0,0.0,215028133.0,6.081198,2801.0,46060.0,0.0,1.3478408,8789.0,652080.0,0.0,0.0,0.0,0.0,0.0,dataset_2023.csv,202306,True,False
2023,6,Puno,San Roman,Caracoto,MOVISTAR,4.090798,1276.0,0.0,0.0,8.330981,11661.0,3.113298,686.0,0.0,0.0,0.0,0.0,272.64948,1084.0,84.76105,9625.0,0.0,0.0,12.58192,1400398.0,0.0,87.02989,9686637.0,0.0,0.0,0.0,0.0,11130241.0,5.944056,272.0,4576.0,0.0,1.6562686,669.0,40392.0,0.0,0.0,0.0,0.0,0.0,dataset_2023.csv,202306,True,False
2023,6,Puno,San Roman,Juliaca,MOVISTAR,3.298156,17540.0,0.73052174,4980.0,8.804645,208778.0,4.2205415,19826.0,0.0,0.0,0.0,0.0,271.5158,14782.0,84.70441,184948.0,0.0,0.0,6.6581116,15936745.0,0.0,92.62736,221711301.0,0.0,0.0,0.0,0.0,239358331.0,6.2623243,4065.0,64912.0,0.0,1.4723885,11498.0,780908.0,0.0,0.0,0.0,0.0,0.0,dataset_2023.csv,202306,True,False
2023,6,Puno,San Roman,San Miguel,MOVISTAR,3.2349534,3265.0,0.6642689,776.0,8.370026,31289.0,4.4066377,2621.0,0.0,0.0,0.0,0.0,284.9027,2344.0,85.598465,23408.0,0.0,0.0,8.602547,2428769.0,0.0,90.088425,25434790.0,0.0,0.0,0.0,0.0,28233138.0,5.6624355,571.0,10084.0,0.0,1.5874765,1585.0,99844.0,0.0,0.0,0.0,0.0,0.0,dataset_2023.csv,202306,True,False
2023,6,San Martin,Moyobamba,Moyobamba,MOVISTAR,4.4179764,11499.0,0.69754785,936.0,11.248844,27048.0,2.502782,2240.0,0.0,0.0,0.0,0.0,318.76862,1886.0,92.25602,31651.0,0.0,0.0,7.3749056,3420359.0,0.0,90.336105,41896390.0,0.0,0.0,0.0,0.0,46378343.0,4.6503158,383.0,8236.0,0.0,1.2787127,1699.0,132868.0,0.0,0.0,0.0,0.0,0.0,dataset_2023.csv,202306,True,False
2023,6,Tacna,Candarave,Camilaca,MOVISTAR,6.2437778,3209.0,0.0,0.0,7.369968,4477.0,4.1866527,622.0,0.0,0.0,0.0,0.0,161.18951,1345.0,101.17486,3939.0,0.0,0.0,19.176273,1095286.0,0.0,78.13282,4462691.0,0.0,0.0,0.0,0.0,5711673.0,2.3154848,128.0,5528.0,0.0,1.6923436,290.0,17136.0,0.0,0.0,0.0,0.0,0.0,dataset_2023.csv,202306,True,False
2023,6,Tumbes,Contralmirante Villar,Canoas De Punta Sal,MOVISTAR,4.238556,741.0,0.0,0.0,12.313843,19202.0,3.4186287,918.0,0.0,0.0,0.0,0.0,164.54651,914.0,83.23309,11904.0,0.0,0.0,5.160654,623924.0,0.0,93.5743,11313150.0,0.0,0.0,0.0,0.0,12090018.0,3.5676532,135.0,3784.0,0.0,0.6999341,340.0,48576.0,0.0,0.0,0.0,0.0,0.0,dataset_2023.csv,202306,True,False
2023,6,Tumbes,Tumbes,Tumbes,MOVISTAR,5.631362,2275.0,0.58359194,968.0,11.420181,49638.0,3.7354925,4245.0,0.0,0.0,0.0,0.0,232.96626,1680.0,86.02733,40194.0,0.0,0.0,2.989596,1945037.0,0.0,96.06417,62499538.0,0.0,0.0,0.0,0.0,65060196.0,3.5304248,246.0,6968.0,0.0,0.8129784,1334.0,164088.0,0.0,0.0,0.0,0.0,0.0,dataset_2023.csv,202306,True,False
2023,7,Arequipa,Arequipa,Alto Selva Alegre,MOVISTAR,3.6010947,3564.0,0.76644784,857.0,10.403696,31562.0,3.6354842,2372.0,0.0,0.0,0.0,0.0,219.18024,2315.0,82.47649,32624.0,0.0,0.0,6.232379,3254853.0,0.0,93.207245,48677380.0,0.0,0.0,0.0,0.0,52224890.0,3.6875,354.0,9600.0,0.0,1.3338616,1818.0,136296.0,0.0,0.0,0.0,0.0,0.0,dataset_2023.csv,202307,True,False
2023,7,Arequipa,Arequipa,Cayma,MOVISTAR,3.683921,5397.0,0.71762943,1670.0,8.995029,60936.0,3.32466,3546.0,0.0,0.0,0.0,0.0,218.10655,4034.0,81.29875,67628.0,0.0,0.0,3.8147542,4283985.0,0.0,95.52478,107274723.0,0.0,0.0,0.0,0.0,112300416.0,5.324236,913.0,17148.0,0.0,1.4026309,3958.0,282184.0,0.0,0.0,0.0,0.0,0.0,dataset_2023.csv,202307,True,False
2023,7,Arequipa,Arequipa,Jacobo Hunter,MOVISTAR,4.841941,2388.0,0.7631481,548.0,7.959467,29731.0,3.435709,2450.0,0.0,0.0,0.0,0.0,181.52422,1248.0,80.63647,32563.0,0.0,0.0,3.1547754,1789988.0,0.0,96.350685,54668415.0,0.0,0.0,0.0,0.0,56738999.0,4.070216,211.0,5184.0,0.0,1.2516915,1702.0,135976.0,0.0,0.0,0.0,0.0,0.0,dataset_2023.csv,202307,True,False
2023,7,Arequipa,Arequipa,Jose Luis Bustamante Y Rivero,MOVISTAR,5.4683223,5488.0,0.7575946,1394.0,10.902065,65929.0,3.0719213,5288.0,0.0,0.0,0.0,0.0,198.00684,3699.0,80.04488,79899.0,0.0,0.0,3.900935,4263834.0,0.0,95.47948,104361817.0,0.0,0.0,0.0,0.0,109302877.0,4.3849363,673.0,15348.0,0.0,0.9996838,3288.0,328904.0,0.0,0.0,0.0,0.0,0.0,dataset_2023.csv,202307,True,False
2023,7,Arequipa,Arequipa,Mariano Melgar,MOVISTAR,4.1563683,4001.0,0.73072857,921.0,11.783839,43641.0,2.9706202,2377.0,0.0,0.0,0.0,0.0,202.89108,2018.0,80.11356,45030.0,0.0,0.0,3.4357874,2471070.0,0.0,96.40124,69333222.0,0.0,0.0,0.0,0.0,71921505.0,3.8610039,320.0,8288.0,0.0,1.2200608,2278.0,186712.0,0.0,0.0,0.0,0.0,0.0,dataset_2023.csv,202307,True,False
2023,7,Arequipa,Arequipa,Miraflores,MOVISTAR,3.8284895,1910.0,0.79292625,808.0,10.950409,44779.0,3.4663887,2907.0,0.0,0.0,0.0,0.0,168.99559,1733.0,79.100426,45998.0,0.0,0.0,2.7938154,1792304.0,0.0,96.55929,61945252.0,0.0,0.0,0.0,0.0,64152558.0,4.775281,340.0,7120.0,0.0,0.9239766,1738.0,188100.0,0.0,0.0,0.0,0.0,0.0,dataset_2023.csv,202307,True,False
2023,7,Arequipa,Arequipa,Paucarpata,MOVISTAR,3.8073728,8075.0,0.85807633,2217.0,12.055704,95729.0,4.1963906,9184.0,0.0,0.0,0.0,0.0,223.36813,5612.0,80.02979,83543.0,0.0,0.0,3.77121,4678797.0,0.0,95.73246,118771629.0,0.0,0.0,0.0,0.0,124066203.0,3.634874,843.0,23192.0,0.0,0.9460906,3253.0,343836.0,0.0,0.0,0.0,0.0,0.0,dataset_2023.csv,202307,True,False
2023,7,Arequipa,Arequipa,Sachaca,MOVISTAR,4.0610075,1227.0,0.0,0.0,9.962754,12229.0,4.111478,1085.0,0.0,0.0,0.0,0.0,199.6833,1107.0,79.92577,14999.0,0.0,0.0,8.616814,1724715.0,0.0,90.78187,18170620.0,0.0,0.0,0.0,0.0,20015693.0,5.1919723,238.0,4584.0,0.0,1.4092863,879.0,62372.0,0.0,0.0,0.0,0.0,0.0,dataset_2023.csv,202307,True,False
2023,7,Arequipa,Arequipa,Socabaya,MOVISTAR,3.442386,1658.0,0.7121148,534.0,9.441249,29056.0,3.822287,2524.0,0.0,0.0,0.0,0.0,199.46504,1004.0,81.888954,26047.0,0.0,0.0,3.847641,2160905.0,0.0,95.76398,53782786.0,0.0,0.0,0.0,0.0,56161814.0,4.3726234,184.0,4208.0,0.0,1.5221604,1665.0,109384.0,0.0,0.0,0.0,0.0,0.0,dataset_2023.csv,202307,True,False
2023,7,Arequipa,Arequipa,Tiabaya,MOVISTAR,3.8495493,1119.0,0.0,0.0,8.656179,16065.0,4.13611,689.0,0.0,0.0,0.0,0.0,187.1107,957.0,79.82898,16329.0,0.0,0.0,3.78442,729662.0,0.0,95.30555,18375560.0,0.0,0.0,0.0,0.0,19280682.0,3.8793104,153.0,3944.0,0.0,1.0139135,685.0,67560.0,0.0,0.0,0.0,0.0,0.0,dataset_2023.csv,202307,True,False
2023,7,Arequipa,Arequipa,Yanahuara,MOVISTAR,4.30331,1344.0,0.8663056,718.0,12.796359,21893.0,3.0354223,1329.0,0.0,0.0,0.0,0.0,215.69302,1213.0,79.26949,25296.0,0.0,0.0,4.0353026,1685055.0,0.0,95.50199,39879563.0,0.0,0.0,0.0,0.0,41757834.0,4.644269,235.0,5060.0,0.0,1.397056,1473.0,105436.0,0.0,0.0,0.0,0.0,0.0,dataset_2023.csv,202307,True,False
2023,7,Ayacucho,Huamanga,Carmen Alto,MOVISTAR,3.3913753,3581.0,0.4725539,731.0,9.451018,9818.0,4.873171,717.0,0.0,0.0,0.0,0.0,249.9476,2325.0,78.61543,9223.0,0.0,0.0,10.091655,1289203.0,0.0,82.979774,10600617.0,0.0,0.0,0.0,0.0,12774941.0,4.5825047,461.0,10060.0,0.0,1.4527342,560.0,38548.0,0.0,0.0,0.0,0.0,0.0,dataset_2023.csv,202307,True,False
2023,7,Cajamarca,Celendin,Celendin,MOVISTAR,5.3897586,1911.0,2.255877,1658.0,6.8398175,9254.0,2.9393613,1559.0,0.0,0.0,0.0,0.0,263.27905,565.0,85.53363,8214.0,0.0,0.0,4.5481772,509461.0,0.0,94.53666,10589460.0,0.0,0.0,0.0,0.0,11201432.0,5.2066116,126.0,2420.0,0.0,1.2256627,418.0,34104.0,0.0,0.0,0.0,0.0,0.0,dataset_2023.csv,202307,True,False
2023,7,Cajamarca,Santa Cruz,Santa Cruz,MOVISTAR,3.9893858,798.0,0.0,0.0,7.985357,12708.0,1.7138809,517.0,0.0,0.0,0.0,0.0,267.21118,1177.0,89.49599,11747.0,0.0,0.0,6.6341076,1036298.0,0.0,91.7608,14333735.0,0.0,0.0,0.0,0.0,15620760.0,6.9369717,361.0,5204.0,0.0,1.0614638,525.0,49460.0,0.0,0.0,0.0,0.0,0.0,dataset_2023.csv,202307,True,False
2023,7,Callao,Callao,Mi Peru,MOVISTAR,2.2701159,3423.0,0.95404017,637.0,7.9380946,20667.0,3.6208408,1951.0,0.0,0.0,0.0,0.0,320.3352,1658.0,77.53945,18957.0,0.0,0.0,6.7879467,2981023.0,0.0,92.14875,40468432.0,0.0,0.0,0.0,0.0,43916418.0,4.255319,304.0,7144.0,0.0,1.1677202,931.0,79728.0,0.0,0.0,0.0,0.0,0.0,dataset_2023.csv,202307,True,False
2023,7,Cusco,Acomayo,Pomacanchi,MOVISTAR,0.0,0.0,0.0,0.0,11.567638,1403.0,0.0,0.0,0.0,0.0,0.0,0.0,0.0,0.0,84.846306,1153.0,0.0,0.0,2.645554,28919.0,0.0,90.814064,992704.0,0.0,0.0,0.0,0.0,1093117.0,0.0,0.0,0.0,0.0,0.57890224,27.0,4664.0,0.0,0.0,0.0,0.0,0.0,dataset_2023.csv,202307,False,True
2023,7,Cusco,Cusco,Cusco,MOVISTAR,3.2163165,5031.0,0.5891804,1494.0,8.998532,60670.0,3.0654893,3588.0,0.0,0.0,0.0,0.0,252.07413,4867.0,87.06325,71488.0,0.0,0.0,6.3142934,7548160.0,0.0,91.61116,109512757.0,0.0,0.0,0.0,0.0,119540851.0,6.747372,1438.0,21312.0,0.0,2.3426754,7222.0,308280.0,0.0,0.0,0.0,0.0,0.0,dataset_2023.csv,202307,True,False
2023,7,Cusco,Cusco,San Jeronimo,MOVISTAR,3.5573356,10825.0,0.78205657,2952.0,9.500161,51380.0,4.549399,4485.0,0.0,0.0,0.0,0.0,241.68637,4428.0,86.22414,42079.0,0.0,0.0,7.274961,4673296.0,0.0,92.19926,59227043.0,0.0,0.0,0.0,0.0,64238090.0,4.2607584,800.0,18776.0,0.0,1.3248717,2334.0,176168.0,0.0,0.0,0.0,0.0,0.0,dataset_2023.csv,202307,True,False
2023,7,Cusco,Cusco,San Sebastian,MOVISTAR,3.973229,8393.0,0.7979188,2536.0,8.93119,58005.0,3.2908003,3897.0,0.0,0.0,0.0,0.0,227.5392,5162.0,88.85437,54294.0,0.0,0.0,7.852536,7229654.0,0.0,90.86063,83653338.0,0.0,0.0,0.0,0.0,92067756.0,4.879825,1072.0,21968.0,0.0,2.2666268,5303.0,233960.0,0.0,0.0,0.0,0.0,0.0,dataset_2023.csv,202307,True,False
2023,7,Cusco,Cusco,Santiago,MOVISTAR,3.5896277,2302.0,0.6846968,692.0,9.010587,40793.0,3.6426525,3287.0,0.0,0.0,0.0,0.0,249.77072,2020.0,87.87956,37528.0,0.0,0.0,3.8248537,2195621.0,0.0,93.68906,53781314.0,0.0,0.0,0.0,0.0,57404051.0,5.2754436,452.0,8568.0,0.0,2.9204812,4632.0,158604.0,0.0,0.0,0.0,0.0,0.0,dataset_2023.csv,202307,True,False
2023,7,Cusco,Cusco,Wanchaq,MOVISTAR,3.7524362,5901.0,0.6566627,1894.0,9.862681,58948.0,3.6736367,3732.0,0.0,0.0,0.0,0.0,208.45465,4340.0,86.888115,66827.0,0.0,0.0,5.2315917,4536365.0,0.0,94.07712,81575198.0,0.0,0.0,0.0,0.0,86710991.0,4.8734875,886.0,18180.0,0.0,1.8031162,5092.0,282400.0,0.0,0.0,0.0,0.0,0.0,dataset_2023.csv,202307,True,False
2023,7,Cusco,La Convencion,Echarate,MOVISTAR,3.0355763,993.0,0.0,0.0,6.7058797,14713.0,1.8559046,549.0,0.0,0.0,0.0,0.0,312.13538,936.0,93.83308,10500.0,0.0,0.0,6.1746807,1498938.0,0.0,57.80577,14032672.0,0.0,0.0,0.0,0.0,24275555.0,5.4009433,229.0,4240.0,0.0,2.4332986,1306.0,53672.0,0.0,0.0,0.0,0.0,0.0,dataset_2023.csv,202307,True,False
2023,7,Huancavelica,Tayacaja,Pampas,MOVISTAR,4.379017,1072.0,0.7553041,412.0,9.5168705,9675.0,3.9544413,967.0,0.0,0.0,0.0,0.0,214.53987,1449.0,77.18334,10091.0,0.0,0.0,7.1384535,871345.0,0.0,92.320145,11268925.0,0.0,0.0,0.0,0.0,12206355.0,4.3542075,267.0,6132.0,0.0,1.3928034,593.0,42576.0,0.0,0.0,0.0,0.0,0.0,dataset_2023.csv,202307,True,False
2023,7,Ica,Chincha,Alto Laran,MOVISTAR,3.2170815,967.0,0.0,0.0,8.5951,10702.0,2.5713978,498.0,0.0,0.0,0.0,0.0,183.52675,879.0,77.26472,10761.0,0.0,0.0,8.150699,968374.0,0.0,88.040504,10459979.0,0.0,0.0,0.0,0.0,11880871.0,4.5884314,165.0,3596.0,0.0,1.6312629,728.0,44628.0,0.0,0.0,0.0,0.0,0.0,dataset_2023.csv,202307,True,False
2023,7,Ica,Chincha,Chincha Alta,MOVISTAR,4.162629,3052.0,0.6635412,1280.0,11.60072,95316.0,2.9413207,6525.0,0.0,0.0,0.0,0.0,171.4127,3661.0,72.16268,96846.0,0.0,0.0,2.6243973,3196314.0,0.0,96.96829,118099918.0,0.0,0.0,0.0,0.0,121792302.0,3.5072424,523.0,14912.0,0.0,0.93412817,3695.0,395556.0,0.0,0.0,0.0,0.0,0.0,dataset_2023.csv,202307,True,False
2023,7,Ica,Chincha,Chincha Baja,MOVISTAR,3.2112057,1109.0,0.6082568,447.0,10.349746,19897.0,5.1382318,1508.0,0.0,0.0,0.0,0.0,184.62628,1085.0,74.56511,16257.0,0.0,0.0,5.962575,1241141.0,0.0,92.601555,19275496.0,0.0,0.0,0.0,0.0,20815521.0,7.1459413,331.0,4632.0,0.0,1.5847483,1064.0,67140.0,0.0,0.0,0.0,0.0,0.0,dataset_2023.csv,202307,True,False
2023,7,Ica,Chincha,El Carmen,MOVISTAR,3.692565,1418.0,0.6978058,736.0,13.201905,15485.0,3.0994272,915.0,0.0,0.0,0.0,0.0,178.04974,1045.0,75.96607,12010.0,0.0,0.0,6.412292,788250.0,0.0,93.05237,11438738.0,0.0,0.0,0.0,0.0,12292796.0,4.5992713,202.0,4392.0,0.0,1.3662628,681.0,49844.0,0.0,0.0,0.0,0.0,0.0,dataset_2023.csv,202307,True,False
2023,7,Ica,Chincha,Pueblo Nuevo,MOVISTAR,4.54778,3407.0,0.6749759,888.0,9.4351,56011.0,3.0496569,3677.0,0.0,0.0,0.0,0.0,155.00026,1689.0,73.50886,46574.0,0.0,0.0,3.3017423,2338152.0,0.0,96.09361,68049367.0,0.0,0.0,0.0,0.0,70815701.0,3.594203,248.0,6900.0,0.0,0.83507854,1595.0,191000.0,0.0,0.0,0.0,0.0,0.0,dataset_2023.csv,202307,True,False
2023,7,Ica,Chincha,Sunampe,MOVISTAR,5.1335397,1901.0,0.7379407,827.0,12.587157,42800.0,4.3507547,4571.0,0.0,0.0,0.0,0.0,176.37233,1461.0,72.50986,37150.0,0.0,0.0,7.2488456,3390965.0,0.0,92.57017,43303750.0,0.0,0.0,0.0,0.0,46779380.0,3.298376,195.0,5912.0,0.0,0.8381182,1267.0,151172.0,0.0,0.0,0.0,0.0,0.0,dataset_2023.csv,202307,True,False
2023,7,Ica,Ica,Ica,MOVISTAR,4.95748,12142.0,0.66997623,4515.0,11.326575,197244.0,3.22696,13710.0,0.0,0.0,0.0,0.0,165.32364,10296.0,72.81126,205130.0,0.0,0.0,5.1586876,14450745.0,0.0,94.01387,263355823.0,0.0,0.0,0.0,0.0,280124443.0,3.639556,1534.0,42148.0,0.0,0.8063824,6768.0,839304.0,0.0,0.0,0.0,0.0,0.0,dataset_2023.csv,202307,True,False
2023,7,Ica,Ica,La Tinguiña,MOVISTAR,5.6232514,851.0,0.0,0.0,11.398863,19741.0,3.2560174,1906.0,0.0,0.0,0.0,0.0,161.15681,633.0,73.41824,16136.0,0.0,0.0,2.7900214,666896.0,0.0,95.69014,22872717.0,0.0,0.0,0.0,0.0,23902898.0,3.5658915,92.0,2580.0,0.0,0.7383076,490.0,66368.0,0.0,0.0,0.0,0.0,0.0,dataset_2023.csv,202307,True,False
2023,7,Ica,Ica,Parcona,MOVISTAR,4.2019777,3629.0,0.6186039,1067.0,9.96617,22483.0,3.2259722,1649.0,0.0,0.0,0.0,0.0,173.17618,1979.0,72.862366,23062.0,0.0,0.0,6.136691,2678064.0,0.0,93.50337,40805054.0,0.0,0.0,0.0,0.0,43640196.0,2.841191,229.0,8060.0,0.0,0.9574916,910.0,95040.0,0.0,0.0,0.0,0.0,0.0,dataset_2023.csv,202307,True,False
2023,7,Ica,Ica,Subtanjalla,MOVISTAR,6.4687295,1746.0,0.0,0.0,9.147012,14947.0,2.4709463,827.0,0.0,0.0,0.0,0.0,172.01154,907.0,73.21151,15582.0,0.0,0.0,4.277265,930354.0,0.0,95.51519,20775644.0,0.0,0.0,0.0,0.0,21751141.0,4.418103,164.0,3712.0,0.0,1.1022325,709.0,64324.0,0.0,0.0,0.0,0.0,0.0,dataset_2023.csv,202307,True,False
2023,7,Junin,Chanchamayo,Chanchamayo,MOVISTAR,4.203216,1897.0,0.6765627,462.0,6.2909536,21045.0,2.9935172,1280.0,0.0,0.0,0.0,0.0,301.45532,2673.0,76.93799,27750.0,0.0,0.0,6.712127,2796656.0,0.0,91.1691,37986258.0,0.0,0.0,0.0,0.0,41665717.0,3.3452594,374.0,11180.0,0.0,1.1117809,1291.0,116120.0,0.0,0.0,0.0,0.0,0.0,dataset_2023.csv,202307,True,False
2023,7,Junin,Huancayo,Chilca,MOVISTAR,3.771729,4341.0,0.62531936,1135.0,7.079285,54053.0,3.0278685,5640.0,0.0,0.0,0.0,0.0,283.10736,4244.0,77.14708,62007.0,0.0,0.0,6.057838,5642314.0,0.0,93.21673,86822736.0,0.0,0.0,0.0,0.0,93140724.0,4.9207397,894.0,18168.0,0.0,1.6465261,4371.0,265468.0,0.0,0.0,0.0,0.0,0.0,dataset_2023.csv,202307,True,False
2023,7,Junin,Huancayo,El Tambo,MOVISTAR,4.6997795,19447.0,0.70276886,5965.0,9.88108,256340.0,3.5571628,17229.0,0.0,0.0,0.0,0.0,218.06564,13675.0,75.45961,247134.0,0.0,0.0,5.401902,19277288.0,0.0,92.82164,331244333.0,0.0,0.0,0.0,0.0,356861097.0,4.4070177,2512.0,57000.0,0.0,1.0151584,10450.0,1029396.0,0.0,0.0,0.0,0.0,0.0,dataset_2023.csv,202307,True,False
2023,7,Junin,Huancayo,Huancayo,MOVISTAR,4.506029,12133.0,0.75695753,4032.0,9.831626,214646.0,3.5984232,15621.0,0.0,0.0,0.0,0.0,225.59062,9973.0,75.854004,220157.0,0.0,0.0,3.78033,10889686.0,0.0,95.25897,274404689.0,0.0,0.0,0.0,0.0,288061783.0,4.591201,1916.0,41732.0,0.0,1.1104496,10183.0,917016.0,0.0,0.0,0.0,0.0,0.0,dataset_2023.csv,202307,True,False
2023,7,Junin,Huancayo,Pilcomayo,MOVISTAR,2.997735,1043.0,0.61282796,459.0,6.5013065,17844.0,2.56279,1886.0,0.0,0.0,0.0,0.0,239.12415,669.0,77.44241,16861.0,0.0,0.0,2.511337,660898.0,0.0,96.11864,25295137.0,0.0,0.0,0.0,0.0,26316579.0,6.4802184,190.0,2932.0,0.0,1.2951841,923.0,71264.0,0.0,0.0,0.0,0.0,0.0,dataset_2023.csv,202307,True,False
2023,7,Junin,Huancayo,San Agustin,MOVISTAR,6.43065,3684.0,0.8191188,1175.0,8.197156,37383.0,3.778955,2624.0,0.0,0.0,0.0,0.0,228.2601,2037.0,75.72206,29012.0,0.0,0.0,6.1313586,2434353.0,0.0,93.48431,37116373.0,0.0,0.0,0.0,0.0,39703321.0,3.3546705,283.0,8436.0,0.0,1.4757029,1816.0,123060.0,0.0,0.0,0.0,0.0,0.0,dataset_2023.csv,202307,True,False
2023,7,Junin,Junin,Carhuamayo,MOVISTAR,6.063617,4246.0,0.93381256,1900.0,11.201617,19305.0,4.0229397,2484.0,0.0,0.0,0.0,0.0,135.14088,2937.0,69.92081,11692.0,0.0,0.0,13.254468,1863038.0,0.0,85.2963,11989184.0,0.0,0.0,0.0,0.0,14055924.0,1.9101312,227.0,11884.0,0.0,0.52600574,250.0,47528.0,0.0,0.0,0.0,0.0,0.0,dataset_2023.csv,202307,True,False
2023,7,La Libertad,Trujillo,El Porvenir,MOVISTAR,3.4123406,3500.0,0.81451476,1116.0,9.429681,48558.0,3.8083203,4737.0,0.0,0.0,0.0,0.0,250.5257,2129.0,79.088066,43060.0,0.0,0.0,4.9263034,4247211.0,0.0,94.17426,81192316.0,0.0,0.0,0.0,0.0,86214972.0,7.141341,673.0,9424.0,0.0,1.3865445,2530.0,182468.0,0.0,0.0,0.0,0.0,0.0,dataset_2023.csv,202307,True,False
2023,7,La Libertad,Trujillo,La Esperanza,MOVISTAR,4.12384,6424.0,0.64962035,2640.0,10.323378,76085.0,3.2919292,13789.0,0.0,0.0,0.0,0.0,213.98079,4092.0,77.81974,63957.0,0.0,0.0,4.071245,4787873.0,0.0,95.27445,112044835.0,0.0,0.0,0.0,0.0,117602180.0,5.2302933,913.0,17456.0,0.0,1.1999642,3216.0,268008.0,0.0,0.0,0.0,0.0,0.0,dataset_2023.csv,202307,True,False
2023,7,La Libertad,Trujillo,Moche,MOVISTAR,3.1544454,1347.0,0.5626024,457.0,9.372444,18086.0,5.0065293,1396.0,0.0,0.0,0.0,0.0,214.81494,765.0,78.89676,17096.0,0.0,0.0,3.1223657,732882.0,0.0,96.52199,22655651.0,0.0,0.0,0.0,0.0,23472011.0,5.981595,195.0,3260.0,0.0,1.168408,832.0,71208.0,0.0,0.0,0.0,0.0,0.0,dataset_2023.csv,202307,True,False
2023,7,La Libertad,Trujillo,Trujillo,MOVISTAR,4.7006917,42189.0,0.7373758,13059.0,10.804913,349213.0,3.3869536,26895.0,0.0,0.0,0.0,0.0,191.25078,24697.0,77.678444,315347.0,0.0,0.0,6.4816175,29704303.0,0.0,92.0023,421633055.0,0.0,0.0,0.0,0.0,458285354.0,3.8386059,3912.0,101912.0,0.0,0.8895906,11516.0,1294528.0,0.0,0.0,0.0,0.0,0.0,dataset_2023.csv,202307,True,False
2023,7,La Libertad,Trujillo,Victor Larco Herrera,MOVISTAR,4.1041036,3294.0,0.6842989,1743.0,13.085485,71201.0,3.3126168,5813.0,0.0,0.0,0.0,0.0,161.56065,2581.0,76.68761,64424.0,0.0,0.0,3.1876967,3033338.0,0.0,94.4718,89897166.0,0.0,0.0,0.0,0.0,95157670.0,4.743493,503.0,10604.0,0.0,0.83538103,2203.0,263712.0,0.0,0.0,0.0,0.0,0.0,dataset_2023.csv,202307,True,False
2023,7,Lambayeque,Chiclayo,Chiclayo,MOVISTAR,4.0557513,12700.0,0.6668933,5606.0,10.852067,226817.0,3.3346176,17591.0,0.0,0.0,0.0,0.0,189.14064,10376.0,79.074326,209496.0,0.0,0.0,3.58027,10987700.0,0.0,95.66135,293580696.0,0.0,0.0,0.0,0.0,306895836.0,4.1041994,1763.0,42956.0,0.0,0.8980152,7735.0,861344.0,0.0,0.0,0.0,0.0,0.0,dataset_2023.csv,202307,True,False
2023,7,Lambayeque,Chiclayo,Jose Leonardo Ortiz,MOVISTAR,3.9156046,3294.0,0.7104111,1459.0,10.66208,56636.0,3.051797,3541.0,0.0,0.0,0.0,0.0,194.86351,2831.0,80.10818,49969.0,0.0,0.0,6.443263,5209689.0,0.0,93.05526,75239666.0,0.0,0.0,0.0,0.0,80854826.0,4.600812,544.0,11824.0,0.0,0.9700975,2014.0,207608.0,0.0,0.0,0.0,0.0,0.0,dataset_2023.csv,202307,True,False
2023,7,Lambayeque,Chiclayo,La Victoria,MOVISTAR,3.627803,5748.0,0.5794098,1526.0,9.672583,53542.0,2.8791115,2997.0,0.0,0.0,0.0,0.0,231.75557,3159.0,80.246895,42762.0,0.0,0.0,6.602878,4712955.0,0.0,92.35417,65919898.0,0.0,0.0,0.0,0.0,71377285.0,3.3467617,432.0,12908.0,0.0,0.932213,1642.0,176140.0,0.0,0.0,0.0,0.0,0.0,dataset_2023.csv,202307,True,False
2023,7,Lambayeque,Chiclayo,Pimentel,MOVISTAR,4.4584436,4219.0,0.6254179,2428.0,10.556668,61261.0,3.9175065,5070.0,0.0,0.0,0.0,0.0,201.9431,2589.0,77.91191,54919.0,0.0,0.0,3.9975147,3884476.0,0.0,94.8287,92147201.0,0.0,0.0,0.0,0.0,97172273.0,4.384018,474.0,10812.0,0.0,0.84502214,1923.0,227568.0,0.0,0.0,0.0,0.0,0.0,dataset_2023.csv,202307,True,False
2023,7,Lima,Cañete,Asia,MOVISTAR,3.1899734,8200.0,0.6489606,1260.0,11.723414,38578.0,2.4528208,2899.0,0.0,0.0,0.0,0.0,352.2997,5943.0,76.38693,29280.0,0.0,0.0,19.075876,6429590.0,0.0,79.843,26911359.0,0.0,0.0,0.0,0.0,33705346.0,2.6841938,682.0,25408.0,0.0,0.9663529,1158.0,119832.0,0.0,0.0,0.0,0.0,0.0,dataset_2023.csv,202307,True,False
2023,7,Lima,Cañete,Cerro Azul,MOVISTAR,4.5893035,1983.0,0.0,0.0,8.775911,18844.0,2.353778,1060.0,0.0,0.0,0.0,0.0,218.54622,711.0,76.579346,19368.0,0.0,0.0,2.1977522,532690.0,0.0,97.23665,23568167.0,0.0,0.0,0.0,0.0,24237947.0,2.520436,74.0,2936.0,0.0,0.76758254,609.0,79340.0,0.0,0.0,0.0,0.0,0.0,dataset_2023.csv,202307,True,False
2023,7,Lima,Cañete,Chilca,MOVISTAR,3.8824742,2579.0,0.7816076,645.0,9.10041,33112.0,3.5283446,2122.0,0.0,0.0,0.0,0.0,300.26108,1098.0,77.52653,22223.0,0.0,0.0,3.5537746,1246787.0,0.0,95.37026,33459185.0,0.0,0.0,0.0,0.0,35083458.0,5.4003334,259.0,4796.0,0.0,0.95280325,881.0,92464.0,0.0,0.0,0.0,0.0,0.0,dataset_2023.csv,202307,True,False
2023,7,Lima,Cañete,Mala,MOVISTAR,3.5094883,8071.0,0.7369494,2028.0,7.9565306,67023.0,4.6087594,7753.0,0.0,0.0,0.0,0.0,295.08493,4591.0,75.28156,63865.0,0.0,0.0,6.7822795,6613038.0,0.0,92.750374,90435930.0,0.0,0.0,0.0,0.0,97504650.0,3.6156187,713.0,19720.0,0.0,1.1395586,3048.0,267472.0,0.0,0.0,0.0,0.0,0.0,dataset_2023.csv,202307,True,False
2023,7,Lima,Huaura,Huaura,MOVISTAR,3.267027,1881.0,0.51417094,748.0,10.179348,12313.0,3.0360837,909.0,0.0,0.0,0.0,0.0,319.98367,1278.0,77.16976,14128.0,0.0,0.0,9.729726,2231020.0,0.0,83.70997,19194644.0,0.0,0.0,0.0,0.0,22929938.0,4.5406733,259.0,5704.0,0.0,0.94230115,552.0,58580.0,0.0,0.0,0.0,0.0,0.0,dataset_2023.csv,202307,True,False
2023,7,Lima,Lima,Barranco,MOVISTAR,5.067564,2972.0,0.58237714,861.0,12.268453,42930.0,3.2072697,2452.0,0.0,0.0,0.0,0.0,262.91495,2493.0,73.35437,43844.0,0.0,0.0,4.43214,2661633.0,0.0,88.58657,53198894.0,0.0,0.0,0.0,0.0,60052999.0,2.8148854,295.0,10480.0,0.0,0.6372066,1138.0,178592.0,0.0,0.0,0.0,0.0,0.0,dataset_2023.csv,202307,True,False
2023,7,Lima,Lima,Breña,MOVISTAR,3.9948192,8078.0,0.82092315,2246.0,9.994985,103265.0,3.1516476,7222.0,0.0,0.0,0.0,0.0,245.58226,4237.0,73.73145,107535.0,0.0,0.0,3.2079916,4531774.0,0.0,95.89287,135463202.0,0.0,0.0,0.0,0.0,141265149.0,4.567515,847.0,18544.0,0.0,0.8616307,3796.0,440560.0,0.0,0.0,0.0,0.0,0.0,dataset_2023.csv,202307,True,False
2023,7,Lima,Lima,Carabayllo,MOVISTAR,6.08508,36042.0,1.6183181,10936.0,10.288299,166952.0,3.8012693,12237.0,0.0,0.0,0.0,0.0,298.13626,11270.0,74.59742,153361.0,0.0,0.0,7.762207,22480763.0,0.0,90.305855,261542182.0,0.0,0.0,0.0,0.0,289618191.0,3.3268628,1611.0,48424.0,0.0,1.0006385,6331.0,632696.0,0.0,0.0,0.0,0.0,0.0,dataset_2023.csv,202307,True,False
2023,7,Lima,Lima,Comas,MOVISTAR,3.9426837,43877.0,0.8512277,10147.0,10.126646,302928.0,3.5765133,23864.0,0.0,0.0,0.0,0.0,297.27808,27578.0,76.53768,291153.0,0.0,0.0,8.847339,45706653.0,0.0,89.75891,463707759.0,0.0,0.0,0.0,0.0,516614736.0,3.8833735,4647.0,119664.0,0.0,1.1919014,14455.0,1212768.0,0.0,0.0,0.0,0.0,0.0,dataset_2023.csv,202307,True,False
2023,7,Lima,Lima,El Agustino,MOVISTAR,2.8866043,9171.0,0.62573624,2480.0,9.178834,80696.0,4.3628135,6229.0,0.0,0.0,0.0,0.0,305.14508,4798.0,74.46656,85525.0,0.0,0.0,11.75174,16490311.0,0.0,86.718636,121685568.0,0.0,0.0,0.0,0.0,140322282.0,6.448504,1405.0,21788.0,0.0,1.1539676,4094.0,354776.0,0.0,0.0,0.0,0.0,0.0,dataset_2023.csv,202307,True,False
2023,7,Lima,Lima,Independencia,MOVISTAR,3.135695,22307.0,0.73449385,4905.0,10.05791,145348.0,4.0772495,12594.0,0.0,0.0,0.0,0.0,257.301,8527.0,75.70138,146656.0,0.0,0.0,6.246774,12905654.0,0.0,92.47232,191045137.0,0.0,0.0,0.0,0.0,206597100.0,4.616385,1704.0,36912.0,0.0,1.2114875,7416.0,612140.0,0.0,0.0,0.0,0.0,0.0,dataset_2023.csv,202307,True,False
2023,7,Lima,Lima,Los Olivos,MOVISTAR,4.493117,35934.0,0.8065585,8310.0,10.5799265,231655.0,3.7513177,20095.0,0.0,0.0,0.0,0.0,265.3127,15091.0,74.46329,233208.0,0.0,0.0,8.199783,31571678.0,0.0,90.72557,349321234.0,0.0,0.0,0.0,0.0,385030633.0,4.248957,2771.0,65216.0,0.0,0.9585046,9235.0,963480.0,0.0,0.0,0.0,0.0,0.0,dataset_2023.csv,202307,True,False
2023,7,Lima,Lima,Puente Piedra,MOVISTAR,2.8298628,18451.0,0.63958776,3849.0,9.739036,179293.0,3.379741,10171.0,0.0,0.0,0.0,0.0,300.52286,8840.0,75.26837,151351.0,0.0,0.0,7.2654095,17014460.0,0.0,90.870705,212805066.0,0.0,0.0,0.0,0.0,234184464.0,4.6157813,1790.0,38780.0,0.0,1.0448258,6532.0,625176.0,0.0,0.0,0.0,0.0,0.0,dataset_2023.csv,202307,True,False
2023,7,Lima,Lima,Punta Negra,MOVISTAR,4.927996,2163.0,0.7514962,466.0,12.326016,10137.0,4.121809,649.0,0.0,0.0,0.0,0.0,235.53131,1275.0,75.44003,8167.0,0.0,0.0,7.3491325,680012.0,0.0,91.91722,8505060.0,0.0,0.0,0.0,0.0,9252956.0,1.3348589,70.0,5244.0,0.0,1.0045308,337.0,33548.0,0.0,0.0,0.0,0.0,0.0,dataset_2023.csv,202307,True,False
2023,7,Lima,Lima,San Juan De Lurigancho,MOVISTAR,3.5156553,45469.0,0.68536407,10531.0,10.225867,394529.0,3.934876,29677.0,0.0,0.0,0.0,0.0,297.01105,22813.0,74.79559,368945.0,0.0,0.0,8.161835,53243677.0,0.0,88.54614,577630214.0,0.0,0.0,0.0,0.0,652349367.0,4.862499,4866.0,100072.0,0.0,1.088817,16641.0,1528356.0,0.0,0.0,0.0,0.0,0.0,dataset_2023.csv,202307,True,False
2023,7,Lima,Lima,San Luis,MOVISTAR,4.583475,10916.0,0.67364085,1986.0,10.5226965,68947.0,4.223935,5004.0,0.0,0.0,0.0,0.0,245.48204,5424.0,73.62342,75692.0,0.0,0.0,9.503069,8660713.0,0.0,89.28838,81373824.0,0.0,0.0,0.0,0.0,91135958.0,2.9873934,673.0,22528.0,0.0,0.82482225,2552.0,309400.0,0.0,0.0,0.0,0.0,0.0,dataset_2023.csv,202307,True,False
2023,7,Lima,Lima,San Martin De Porres,MOVISTAR,3.2787368,44341.0,0.7623704,9666.0,9.847404,360816.0,3.3351033,29611.0,0.0,0.0,0.0,0.0,294.79236,26585.0,74.64261,382907.0,0.0,0.0,9.52796,63981978.0,0.0,88.787605,596224868.0,0.0,0.0,0.0,0.0,671518125.0,4.106234,4711.0,114728.0,0.0,0.96083397,15160.0,1577796.0,0.0,0.0,0.0,0.0,0.0,dataset_2023.csv,202307,True,False
2023,7,Piura,Piura,Castilla,MOVISTAR,3.7659466,5984.0,0.691557,2361.0,9.842452,101627.0,2.9693844,6255.0,0.0,0.0,0.0,0.0,207.23354,4174.0,81.93365,105967.0,0.0,0.0,2.9277012,4500407.0,0.0,95.087234,146166297.0,0.0,0.0,0.0,0.0,153718112.0,5.5147057,975.0,17680.0,0.0,1.0826141,4726.0,436536.0,0.0,0.0,0.0,0.0,0.0,dataset_2023.csv,202307,True,False
2023,7,Piura,Piura,Catacaos,MOVISTAR,4.103694,1261.0,0.6146062,490.0,9.895493,36103.0,4.8300834,2866.0,0.0,0.0,0.0,0.0,194.15512,867.0,81.54326,28907.0,0.0,0.0,1.6711369,781076.0,0.0,97.84277,45730929.0,0.0,0.0,0.0,0.0,46739200.0,5.0884957,184.0,3616.0,0.0,0.9784064,1169.0,119480.0,0.0,0.0,0.0,0.0,0.0,dataset_2023.csv,202307,True,False
2023,7,Piura,Piura,Piura,MOVISTAR,6.0599713,10538.0,0.7284736,4315.0,11.220218,164283.0,3.7680953,11955.0,0.0,0.0,0.0,0.0,186.13043,7562.0,82.35896,162603.0,0.0,0.0,4.132142,8932969.0,0.0,94.25048,203753070.0,0.0,0.0,0.0,0.0,216182534.0,4.5055923,1418.0,31472.0,0.0,0.8227772,5495.0,667860.0,0.0,0.0,0.0,0.0,0.0,dataset_2023.csv,202307,True,False
2023,7,Piura,Piura,Veintiseis De Octubre,MOVISTAR,4.306859,5439.0,0.99577737,2356.0,10.231511,87695.0,3.4539917,6511.0,0.0,0.0,0.0,0.0,229.83899,2939.0,83.18783,81294.0,0.0,0.0,2.160171,2795037.0,0.0,96.64977,125054773.0,0.0,0.0,0.0,0.0,129389621.0,5.5216165,705.0,12768.0,0.0,1.1416906,3887.0,340460.0,0.0,0.0,0.0,0.0,0.0,dataset_2023.csv,202307,True,False
2023,7,Puno,Puno,Puno,MOVISTAR,3.9836726,18626.0,0.83696467,6178.0,10.803627,252829.0,4.193872,21441.0,0.0,0.0,0.0,0.0,231.636,12897.0,83.404976,202407.0,0.0,0.0,5.3118973,14655305.0,0.0,93.59783,258232539.0,0.0,0.0,0.0,0.0,275895866.0,6.560411,3651.0,55652.0,0.0,1.3269659,11198.0,843880.0,0.0,0.0,0.0,0.0,0.0,dataset_2023.csv,202307,True,False
2023,7,Puno,San Roman,Caracoto,MOVISTAR,4.270169,2580.0,0.6893923,545.0,7.296475,8909.0,3.7358005,586.0,0.0,0.0,0.0,0.0,257.20312,1372.0,83.3646,8176.0,0.0,0.0,14.910114,1615739.0,0.0,83.86779,9088358.0,0.0,0.0,0.0,0.0,10836530.0,4.501718,262.0,5820.0,0.0,1.4533194,500.0,34404.0,0.0,0.0,0.0,0.0,0.0,dataset_2023.csv,202307,True,False
2023,7,Puno,San Roman,Juliaca,MOVISTAR,4.4788055,25615.0,1.0105293,8149.0,9.625593,304536.0,3.76638,22401.0,0.0,0.0,0.0,0.0,254.14119,16171.0,84.21743,241613.0,0.0,0.0,5.6272593,17205607.0,0.0,93.64602,286327062.0,0.0,0.0,0.0,0.0,305754655.0,6.8244,4889.0,71640.0,0.0,1.4317892,14646.0,1022916.0,0.0,0.0,0.0,0.0,0.0,dataset_2023.csv,202307,True,False
2023,7,Puno,San Roman,San Miguel,MOVISTAR,2.7222068,3204.0,0.69948936,1082.0,7.797876,44012.0,3.745795,3400.0,0.0,0.0,0.0,0.0,270.81772,2194.0,85.77164,30797.0,0.0,0.0,8.121565,3309218.0,0.0,91.252205,37181684.0,0.0,0.0,0.0,0.0,40746066.0,7.111801,687.0,9660.0,0.0,1.8305298,2442.0,133404.0,0.0,0.0,0.0,0.0,0.0,dataset_2023.csv,202307,True,False
2023,7,San Martin,Moyobamba,Moyobamba,MOVISTAR,3.844992,10355.0,0.94935393,862.0,10.452403,36215.0,3.385267,3531.0,0.0,0.0,0.0,0.0,349.4684,1804.0,92.31428,35838.0,0.0,0.0,7.4701214,4121121.0,0.0,91.4777,50466473.0,0.0,0.0,0.0,0.0,55168059.0,5.0683928,415.0,8188.0,0.0,1.2040616,1819.0,151072.0,0.0,0.0,0.0,0.0,0.0,dataset_2023.csv,202307,True,False
2023,7,Tacna,Candarave,Camilaca,MOVISTAR,4.122139,1037.0,0.0,0.0,6.215404,3593.0,0.0,0.0,0.0,0.0,0.0,0.0,182.3887,894.0,110.6941,3488.0,0.0,0.0,9.259859,510336.0,0.0,85.34685,4703697.0,0.0,0.0,0.0,0.0,5511272.0,2.3641305,87.0,3680.0,0.0,2.4537609,398.0,16220.0,0.0,0.0,0.0,0.0,0.0,dataset_2023.csv,202307,True,False
2023,7,Tumbes,Contralmirante Villar,Canoas De Punta Sal,MOVISTAR,4.856175,1447.0,0.0,0.0,12.718638,21728.0,3.3915048,1072.0,0.0,0.0,0.0,0.0,166.03429,1317.0,82.37523,16609.0,0.0,0.0,6.0984273,1139585.0,0.0,91.60012,17116892.0,0.0,0.0,0.0,0.0,18686539.0,2.6942816,147.0,5456.0,0.0,0.84489506,570.0,67464.0,0.0,0.0,0.0,0.0,0.0,dataset_2023.csv,202307,True,False
2023,7,Tumbes,Tumbes,Tumbes,MOVISTAR,4.994497,2451.0,0.7230012,1022.0,12.182139,80318.0,3.9942372,8869.0,0.0,0.0,0.0,0.0,184.39833,2252.0,84.07364,67207.0,0.0,0.0,2.1703222,2023487.0,0.0,97.288795,90706635.0,0.0,0.0,0.0,0.0,93234409.0,4.108544,377.0,9176.0,0.0,0.7241606,1980.0,273420.0,0.0,0.0,0.0,0.0,0.0,dataset_2023.csv,202307,True,False
2023,8,Arequipa,Arequipa,Alto Selva Alegre,MOVISTAR,3.5804183,2338.0,0.84519744,606.0,10.076493,27722.0,2.872633,2252.0,0.0,0.0,0.0,0.0,204.6778,2035.0,81.0042,31824.0,0.0,0.0,5.354035,2724123.0,0.0,92.86423,47249147.0,0.0,0.0,0.0,0.0,50879816.0,4.4538207,380.0,8532.0,0.0,1.2879819,1704.0,132300.0,0.0,0.0,0.0,0.0,0.0,dataset_2023.csv,202308,True,False
2023,8,Arequipa,Arequipa,Cayma,MOVISTAR,3.840611,5293.0,0.70002526,1458.0,8.305866,51596.0,3.1838937,3602.0,0.0,0.0,0.0,0.0,210.43372,4169.0,80.61644,69379.0,0.0,0.0,4.5820127,4905113.0,0.0,94.31813,100968968.0,0.0,0.0,0.0,0.0,107051491.0,5.538046,984.0,17768.0,0.0,1.4887184,4323.0,290384.0,0.0,0.0,0.0,0.0,0.0,dataset_2023.csv,202308,True,False
2023,8,Arequipa,Arequipa,Jacobo Hunter,MOVISTAR,3.7406468,1411.0,0.7166464,506.0,10.232878,32089.0,2.9073436,2073.0,0.0,0.0,0.0,0.0,211.45747,1189.0,81.25353,35341.0,0.0,0.0,3.0650334,1584227.0,0.0,96.49176,49873797.0,0.0,0.0,0.0,0.0,51687103.0,5.49922,282.0,5128.0,0.0,1.4246237,2124.0,149092.0,0.0,0.0,0.0,0.0,0.0,dataset_2023.csv,202308,True,False
2023,8,Arequipa,Arequipa,Jose Luis Bustamante Y Rivero,MOVISTAR,4.4824176,5627.0,0.80799174,1479.0,11.401812,77051.0,3.7238636,6596.0,0.0,0.0,0.0,0.0,198.37236,4296.0,80.52361,93841.0,0.0,0.0,3.8192117,4730727.0,0.0,94.29041,116794312.0,0.0,0.0,0.0,0.0,123866583.0,4.611867,827.0,17932.0,0.0,1.1361655,4430.0,389908.0,0.0,0.0,0.0,0.0,0.0,dataset_2023.csv,202308,True,False
2023,8,Arequipa,Arequipa,Mariano Melgar,MOVISTAR,4.3454723,3388.0,0.7083436,842.0,10.43046,47483.0,3.3012395,3079.0,0.0,0.0,0.0,0.0,208.08424,2500.0,79.98645,47946.0,0.0,0.0,3.2265468,2204934.0,0.0,96.56168,65987618.0,0.0,0.0,0.0,0.0,68337269.0,4.0425534,418.0,10340.0,0.0,1.1772617,2346.0,199276.0,0.0,0.0,0.0,0.0,0.0,dataset_2023.csv,202308,True,False
2023,8,Arequipa,Arequipa,Miraflores,MOVISTAR,4.311397,2499.0,0.9596083,839.0,10.23737,60686.0,3.2292178,3339.0,0.0,0.0,0.0,0.0,184.71758,2209.0,79.054596,62488.0,0.0,0.0,3.0116649,2183210.0,0.0,96.321236,69824997.0,0.0,0.0,0.0,0.0,72491797.0,4.498911,413.0,9180.0,0.0,1.093694,2809.0,256836.0,0.0,0.0,0.0,0.0,0.0,dataset_2023.csv,202308,True,False
2023,8,Arequipa,Arequipa,Paucarpata,MOVISTAR,4.056005,6223.0,0.9002271,2385.0,11.29569,109141.0,3.9612787,8989.0,0.0,0.0,0.0,0.0,206.975,5380.0,80.21682,100586.0,0.0,0.0,4.2712436,5498421.0,0.0,95.056564,122367403.0,0.0,0.0,0.0,0.0,128731149.0,4.228922,951.0,22488.0,0.0,0.9467108,3934.0,415544.0,0.0,0.0,0.0,0.0,0.0,dataset_2023.csv,202308,True,False
2023,8,Arequipa,Arequipa,Sachaca,MOVISTAR,4.043543,2311.0,0.62189674,710.0,11.340888,19459.0,2.8337471,1572.0,0.0,0.0,0.0,0.0,191.82503,1805.0,81.718346,18643.0,0.0,0.0,7.769467,1532097.0,0.0,91.79679,18101832.0,0.0,0.0,0.0,0.0,19719461.0,4.551451,345.0,7580.0,0.0,1.2516047,975.0,77900.0,0.0,0.0,0.0,0.0,0.0,dataset_2023.csv,202308,True,False
2023,8,Arequipa,Arequipa,Socabaya,MOVISTAR,4.609502,3306.0,0.7422507,587.0,9.747558,31647.0,2.764423,1713.0,0.0,0.0,0.0,0.0,221.3275,1464.0,81.15707,30333.0,0.0,0.0,6.181079,3165066.0,0.0,91.60391,46906445.0,0.0,0.0,0.0,0.0,51205721.0,4.2156863,258.0,6120.0,0.0,1.3948061,1781.0,127688.0,0.0,0.0,0.0,0.0,0.0,dataset_2023.csv,202308,True,False
2023,8,Arequipa,Arequipa,Tiabaya,MOVISTAR,3.4746678,1192.0,0.57909536,436.0,6.7849097,21706.0,3.1979942,584.0,0.0,0.0,0.0,0.0,190.64697,1184.0,79.37793,19397.0,0.0,0.0,3.715453,837943.0,0.0,95.4463,21525923.0,0.0,0.0,0.0,0.0,22552916.0,3.852459,188.0,4880.0,0.0,1.057798,847.0,80072.0,0.0,0.0,0.0,0.0,0.0,dataset_2023.csv,202308,True,False
2023,8,Arequipa,Arequipa,Yanahuara,MOVISTAR,3.7688522,1353.0,0.7227865,502.0,11.1886835,22219.0,2.638462,1412.0,0.0,0.0,0.0,0.0,205.04019,1275.0,80.178604,31877.0,0.0,0.0,2.602319,1318319.0,0.0,97.13981,49210439.0,0.0,0.0,0.0,0.0,50659394.0,5.0670643,272.0,5368.0,0.0,1.4982225,2006.0,133892.0,0.0,0.0,0.0,0.0,0.0,dataset_2023.csv,202308,True,False
2023,8,Ayacucho,Huamanga,Carmen Alto,MOVISTAR,3.9294078,3783.0,0.6552657,962.0,11.032331,14818.0,3.696068,663.0,0.0,0.0,0.0,0.0,252.86496,2736.0,77.8266,16851.0,0.0,0.0,8.484519,1553402.0,0.0,87.890236,16091528.0,0.0,0.0,0.0,0.0,18308664.0,4.9064655,598.0,12188.0,0.0,1.1870627,828.0,69752.0,0.0,0.0,0.0,0.0,0.0,dataset_2023.csv,202308,True,False
2023,8,Cajamarca,Celendin,Celendin,MOVISTAR,3.6474266,592.0,0.0,0.0,7.4078546,9236.0,3.2972903,688.0,0.0,0.0,0.0,0.0,245.20763,762.0,83.0011,7557.0,0.0,0.0,13.615722,1509788.0,0.0,85.21391,9448999.0,0.0,0.0,0.0,0.0,11088564.0,3.6764705,115.0,3128.0,0.0,1.1221555,359.0,31992.0,0.0,0.0,0.0,0.0,0.0,dataset_2023.csv,202308,True,False
2023,8,Cajamarca,Santa Cruz,Santa Cruz,MOVISTAR,5.565094,788.0,0.0,0.0,8.913501,18912.0,2.3343005,1044.0,0.0,0.0,0.0,0.0,252.4773,766.0,89.075714,12983.0,0.0,0.0,5.8838673,802327.0,0.0,92.47513,12609954.0,0.0,0.0,0.0,0.0,13636049.0,6.7615657,228.0,3372.0,0.0,1.1568869,638.0,55148.0,0.0,0.0,0.0,0.0,0.0,dataset_2023.csv,202308,True,False
2023,8,Callao,Callao,Mi Peru,MOVISTAR,2.7599955,5850.0,1.3224012,1566.0,8.450237,21172.0,4.6258945,3189.0,0.0,0.0,0.0,0.0,258.99902,1301.0,77.32946,20233.0,0.0,0.0,5.72477,2601601.0,0.0,93.64719,42557627.0,0.0,0.0,0.0,0.0,45444639.0,5.2126203,304.0,5832.0,0.0,1.3351793,1138.0,85232.0,0.0,0.0,0.0,0.0,0.0,dataset_2023.csv,202308,True,False
2023,8,Cusco,Acomayo,Pomacanchi,MOVISTAR,0.0,0.0,0.0,0.0,11.678248,1564.0,0.0,0.0,0.0,0.0,0.0,0.0,0.0,0.0,87.6363,1197.0,0.0,0.0,1.1390228,12412.0,0.0,86.746056,945277.0,0.0,0.0,0.0,0.0,1089706.0,0.0,0.0,0.0,0.0,0.7431874,36.0,4844.0,0.0,0.0,0.0,0.0,0.0,dataset_2023.csv,202308,False,True
2023,8,Cusco,Cusco,Cusco,MOVISTAR,3.530311,5924.0,0.7710591,2118.0,8.609849,63335.0,3.5938516,4715.0,0.0,0.0,0.0,0.0,259.24158,5527.0,87.51253,85588.0,0.0,0.0,6.515823,7769561.0,0.0,91.260956,108820883.0,0.0,0.0,0.0,0.0,119241442.0,6.7438245,1649.0,24452.0,0.0,2.4177883,8961.0,370628.0,0.0,0.0,0.0,0.0,0.0,dataset_2023.csv,202308,True,False
2023,8,Cusco,Cusco,San Jeronimo,MOVISTAR,4.403994,7400.0,0.7653567,2329.0,9.386935,69823.0,4.6550126,8481.0,0.0,0.0,0.0,0.0,245.94008,3960.0,85.599724,55336.0,0.0,0.0,5.78523,4215342.0,0.0,93.63788,68228171.0,0.0,0.0,0.0,0.0,72863861.0,4.8308315,811.0,16788.0,0.0,1.1576431,2683.0,231764.0,0.0,0.0,0.0,0.0,0.0,dataset_2023.csv,202308,True,False
2023,8,Cusco,Cusco,San Sebastian,MOVISTAR,3.7815888,6320.0,0.7361572,1979.0,8.631914,68284.0,2.7638998,4872.0,0.0,0.0,0.0,0.0,226.62852,4846.0,88.462776,66379.0,0.0,0.0,6.861167,7511337.0,0.0,91.690926,100379634.0,0.0,0.0,0.0,0.0,109476083.0,5.573645,1164.0,20884.0,0.0,2.2349923,6429.0,287652.0,0.0,0.0,0.0,0.0,0.0,dataset_2023.csv,202308,True,False
2023,8,Cusco,Cusco,Santiago,MOVISTAR,5.5496283,7921.0,1.4432682,2813.0,8.896736,53763.0,3.3603818,3977.0,0.0,0.0,0.0,0.0,233.96413,3260.0,87.38963,52141.0,0.0,0.0,4.370371,2965612.0,0.0,94.13259,63875759.0,0.0,0.0,0.0,0.0,67857217.0,5.1345096,710.0,13828.0,0.0,2.729333,6022.0,220640.0,0.0,0.0,0.0,0.0,0.0,dataset_2023.csv,202308,True,False
2023,8,Cusco,Cusco,Wanchaq,MOVISTAR,3.5754006,5169.0,0.6186714,1978.0,8.7902565,72247.0,2.9038103,5756.0,0.0,0.0,0.0,0.0,221.12415,4345.0,86.55014,82969.0,0.0,0.0,4.713168,4386611.0,0.0,93.94837,87439060.0,0.0,0.0,0.0,0.0,93071391.0,5.8475122,1086.0,18572.0,0.0,1.7127318,6053.0,353412.0,0.0,0.0,0.0,0.0,0.0,dataset_2023.csv,202308,True,False
2023,8,Cusco,La Convencion,Echarate,MOVISTAR,2.5433357,844.0,0.5342069,497.0,7.3487964,15170.0,3.6120107,2076.0,0.0,0.0,0.0,0.0,293.71545,870.0,94.99069,10799.0,0.0,0.0,4.4016542,1279928.0,0.0,53.52171,15563224.0,0.0,0.0,0.0,0.0,29078339.0,5.5774927,226.0,4052.0,0.0,2.806869,1458.0,51944.0,0.0,0.0,0.0,0.0,0.0,dataset_2023.csv,202308,True,False
2023,8,Huancavelica,Tayacaja,Pampas,MOVISTAR,5.6831293,2240.0,0.77718216,631.0,11.932883,13159.0,3.9092467,1174.0,0.0,0.0,0.0,0.0,229.65932,1572.0,77.44477,12313.0,0.0,0.0,7.6224284,981973.0,0.0,92.12022,11867552.0,0.0,0.0,0.0,0.0,12882679.0,4.535801,299.0,6592.0,0.0,1.0879701,560.0,51472.0,0.0,0.0,0.0,0.0,0.0,dataset_2023.csv,202308,True,False
2023,8,Ica,Chincha,Alto Laran,MOVISTAR,4.8431735,1762.0,0.58570534,513.0,10.33232,18087.0,2.7353458,1193.0,0.0,0.0,0.0,0.0,174.59785,1238.0,75.29798,12726.0,0.0,0.0,9.594289,1428129.0,0.0,87.95537,13092331.0,0.0,0.0,0.0,0.0,14885199.0,3.5205696,178.0,5056.0,0.0,1.5533612,818.0,52660.0,0.0,0.0,0.0,0.0,0.0,dataset_2023.csv,202308,True,False
2023,8,Ica,Chincha,Chincha Alta,MOVISTAR,4.5248866,4318.0,0.74190444,2081.0,12.299938,116700.0,3.4138618,8368.0,0.0,0.0,0.0,0.0,168.5994,4096.0,72.43991,114740.0,0.0,0.0,2.3300178,3037953.0,0.0,97.27071,126824721.0,0.0,0.0,0.0,0.0,130383252.0,3.1242561,525.0,16804.0,0.0,0.87384176,4108.0,470108.0,0.0,0.0,0.0,0.0,0.0,dataset_2023.csv,202308,True,False
2023,8,Ica,Chincha,Chincha Baja,MOVISTAR,3.6934507,1568.0,0.66208506,642.0,10.674178,22328.0,3.9514825,978.0,0.0,0.0,0.0,0.0,208.8167,1429.0,73.98279,16387.0,0.0,0.0,5.822209,1074764.0,0.0,93.28608,17220358.0,0.0,0.0,0.0,0.0,18459730.0,6.537451,398.0,6088.0,0.0,1.3237295,895.0,67612.0,0.0,0.0,0.0,0.0,0.0,dataset_2023.csv,202308,True,False
2023,8,Ica,Chincha,El Carmen,MOVISTAR,3.9290414,1096.0,0.6266909,498.0,13.950347,12042.0,3.427313,568.0,0.0,0.0,0.0,0.0,188.28804,773.0,74.3582,10704.0,0.0,0.0,10.161339,1092790.0,0.0,88.66308,9535173.0,0.0,0.0,0.0,0.0,10754390.0,5.323786,171.0,3212.0,0.0,1.1884282,525.0,44176.0,0.0,0.0,0.0,0.0,0.0,dataset_2023.csv,202308,True,False
2023,8,Ica,Chincha,Pueblo Nuevo,MOVISTAR,4.616822,1865.0,0.795002,658.0,9.381128,60706.0,3.6590958,2781.0,0.0,0.0,0.0,0.0,174.90338,1574.0,73.763084,51848.0,0.0,0.0,2.9283793,2006347.0,0.0,96.47073,66095863.0,0.0,0.0,0.0,0.0,68513903.0,3.908645,255.0,6524.0,0.0,0.91549563,1944.0,212344.0,0.0,0.0,0.0,0.0,0.0,dataset_2023.csv,202308,True,False
2023,8,Ica,Chincha,Sunampe,MOVISTAR,5.8147793,1866.0,0.9520912,981.0,11.94695,38934.0,4.8136535,4414.0,0.0,0.0,0.0,0.0,183.39139,1210.0,72.238235,38656.0,0.0,0.0,3.781921,1609909.0,0.0,95.98787,40860647.0,0.0,0.0,0.0,0.0,42568552.0,4.98,249.0,5000.0,0.0,0.8850569,1394.0,157504.0,0.0,0.0,0.0,0.0,0.0,dataset_2023.csv,202308,True,False
2023,8,Ica,Ica,Ica,MOVISTAR,5.570532,13718.0,0.96701545,4973.0,11.078885,204306.0,2.8196237,14189.0,0.0,0.0,0.0,0.0,168.40776,11936.0,72.44962,232289.0,0.0,0.0,4.364367,11935773.0,0.0,94.87912,259477656.0,0.0,0.0,0.0,0.0,273482354.0,3.1524687,1535.0,48692.0,0.0,0.87256014,8297.0,950880.0,0.0,0.0,0.0,0.0,0.0,dataset_2023.csv,202308,True,False
2023,8,Ica,Ica,La Tinguiña,MOVISTAR,4.7922406,539.0,0.0,0.0,10.62028,20015.0,3.2176745,1758.0,0.0,0.0,0.0,0.0,134.49127,914.0,72.362595,18226.0,0.0,0.0,2.7466872,699797.0,0.0,96.15249,24497591.0,0.0,0.0,0.0,0.0,25477855.0,2.4701412,91.0,3684.0,0.0,0.94675666,707.0,74676.0,0.0,0.0,0.0,0.0,0.0,dataset_2023.csv,202308,True,False
2023,8,Ica,Ica,Parcona,MOVISTAR,4.353924,3015.0,0.56376976,1372.0,12.671967,29718.0,3.0998037,1630.0,0.0,0.0,0.0,0.0,192.31215,3222.0,72.09227,28860.0,0.0,0.0,8.659177,3948269.0,0.0,90.21754,41135905.0,0.0,0.0,0.0,0.0,45596353.0,2.2797053,297.0,13028.0,0.0,0.8151622,963.0,118136.0,0.0,0.0,0.0,0.0,0.0,dataset_2023.csv,202308,True,False
2023,8,Ica,Ica,Subtanjalla,MOVISTAR,3.9333882,1303.0,0.0,0.0,7.7065363,11589.0,2.644291,643.0,0.0,0.0,0.0,0.0,212.03941,1041.0,72.545845,18488.0,0.0,0.0,10.434643,2379301.0,0.0,88.527565,20186004.0,0.0,0.0,0.0,0.0,22801941.0,4.4593344,193.0,4328.0,0.0,1.0811658,828.0,76584.0,0.0,0.0,0.0,0.0,0.0,dataset_2023.csv,202308,True,False
2023,8,Junin,Chanchamayo,Chanchamayo,MOVISTAR,4.0920525,2394.0,0.88951164,972.0,8.5352125,25898.0,3.483328,2160.0,0.0,0.0,0.0,0.0,240.21994,1912.0,75.11662,31117.0,0.0,0.0,7.0209794,2710284.0,0.0,90.1444,34798127.0,0.0,0.0,0.0,0.0,38602649.0,5.237633,432.0,8248.0,0.0,0.80853516,1039.0,128504.0,0.0,0.0,0.0,0.0,0.0,dataset_2023.csv,202308,True,False
2023,8,Junin,Huancayo,Chilca,MOVISTAR,3.9843993,4551.0,0.8244597,2009.0,6.920688,57414.0,3.2891567,6819.0,0.0,0.0,0.0,0.0,278.39236,4160.0,77.99688,62127.0,0.0,0.0,6.0766063,5590723.0,0.0,93.55556,86074885.0,0.0,0.0,0.0,0.0,92004034.0,5.3667264,960.0,17888.0,0.0,1.8697145,5032.0,269132.0,0.0,0.0,0.0,0.0,0.0,dataset_2023.csv,202308,True,False
2023,8,Junin,Huancayo,El Tambo,MOVISTAR,4.2802596,16996.0,0.6993629,5439.0,9.4763,278391.0,3.0761895,17398.0,0.0,0.0,0.0,0.0,211.93335,14728.0,75.465836,293385.0,0.0,0.0,5.2122564,19581325.0,0.0,93.31254,350555091.0,0.0,0.0,0.0,0.0,375678453.0,4.9520197,3055.0,61692.0,0.0,1.0072004,12304.0,1221604.0,0.0,0.0,0.0,0.0,0.0,dataset_2023.csv,202308,True,False
2023,8,Junin,Huancayo,Huancayo,MOVISTAR,4.3352275,11349.0,0.87959176,3829.0,9.551344,211618.0,3.17285,14600.0,0.0,0.0,0.0,0.0,197.05496,9191.0,75.104645,244283.0,0.0,0.0,3.6919053,10601068.0,0.0,95.75828,274963730.0,0.0,0.0,0.0,0.0,287143562.0,4.875,1872.0,38400.0,0.0,1.0516758,10691.0,1016568.0,0.0,0.0,0.0,0.0,0.0,dataset_2023.csv,202308,True,False
2023,8,Junin,Huancayo,Pilcomayo,MOVISTAR,2.8918788,1291.0,0.6389616,451.0,6.1000214,15184.0,2.6389084,1338.0,0.0,0.0,0.0,0.0,253.79097,1000.0,76.53002,19861.0,0.0,0.0,7.5227923,2305060.0,0.0,89.36879,27383505.0,0.0,0.0,0.0,0.0,30641016.0,7.3759193,321.0,4352.0,0.0,1.3275499,1111.0,83688.0,0.0,0.0,0.0,0.0,0.0,dataset_2023.csv,202308,True,False
2023,8,Junin,Huancayo,San Agustin,MOVISTAR,5.5578604,4143.0,0.65148264,1078.0,9.309633,42044.0,3.8683124,3137.0,0.0,0.0,0.0,0.0,205.35123,1917.0,76.26433,29163.0,0.0,0.0,6.049089,2138514.0,0.0,92.98888,32874045.0,0.0,0.0,0.0,0.0,35352663.0,4.945055,396.0,8008.0,0.0,1.3741817,1713.0,124656.0,0.0,0.0,0.0,0.0,0.0,dataset_2023.csv,202308,True,False
2023,8,Junin,Junin,Carhuamayo,MOVISTAR,6.493314,2293.0,1.0939921,778.0,9.922787,28588.0,4.61728,2269.0,0.0,0.0,0.0,0.0,158.79251,1659.0,70.17361,16296.0,0.0,0.0,6.064981,1112242.0,0.0,92.03071,16877286.0,0.0,0.0,0.0,0.0,18338755.0,2.795858,189.0,6760.0,0.0,0.52476025,348.0,66316.0,0.0,0.0,0.0,0.0,0.0,dataset_2023.csv,202308,True,False
2023,8,La Libertad,Trujillo,El Porvenir,MOVISTAR,3.334314,5870.0,0.74494845,1757.0,8.000576,57706.0,2.9374862,4883.0,0.0,0.0,0.0,0.0,243.42926,3743.0,79.82523,60589.0,0.0,0.0,6.23758,6657924.0,0.0,92.79561,99049012.0,0.0,0.0,0.0,0.0,106738900.0,6.8768435,1119.0,16272.0,0.0,1.6979443,4361.0,256840.0,0.0,0.0,0.0,0.0,0.0,dataset_2023.csv,202308,True,False
2023,8,La Libertad,Trujillo,La Esperanza,MOVISTAR,3.7296095,6021.0,0.69642806,2342.0,9.201957,73281.0,3.6756704,15552.0,0.0,0.0,0.0,0.0,220.43791,4578.0,79.05188,74369.0,0.0,0.0,4.664196,5742348.0,0.0,94.51169,116358540.0,0.0,0.0,0.0,0.0,123115499.0,5.742156,1142.0,19888.0,0.0,1.2391729,3857.0,311256.0,0.0,0.0,0.0,0.0,0.0,dataset_2023.csv,202308,True,False
2023,8,La Libertad,Trujillo,Moche,MOVISTAR,3.2993135,1336.0,0.7310734,612.0,10.375282,18747.0,5.132826,2334.0,0.0,0.0,0.0,0.0,204.33154,805.0,77.93531,20994.0,0.0,0.0,3.5008125,863404.0,0.0,95.55609,23566960.0,0.0,0.0,0.0,0.0,24662960.0,5.83713,205.0,3512.0,0.0,1.0028653,868.0,86552.0,0.0,0.0,0.0,0.0,0.0,dataset_2023.csv,202308,True,False
2023,8,La Libertad,Trujillo,Trujillo,MOVISTAR,4.667411,39333.0,0.71146566,12360.0,11.4632635,381637.0,3.2902992,29038.0,0.0,0.0,0.0,0.0,186.50296,27704.0,77.43632,407589.0,0.0,0.0,6.602837,31697208.0,0.0,92.00218,441660518.0,0.0,0.0,0.0,0.0,480054387.0,3.6298532,4136.0,113944.0,0.0,0.8041982,13435.0,1670608.0,0.0,0.0,0.0,0.0,0.0,dataset_2023.csv,202308,True,False
2023,8,La Libertad,Trujillo,Victor Larco Herrera,MOVISTAR,4.8254294,5043.0,0.9816831,2421.0,12.020625,72787.0,3.1125748,6674.0,0.0,0.0,0.0,0.0,165.73747,3280.0,75.60026,78611.0,0.0,0.0,3.4811237,3402567.0,0.0,96.31742,94143877.0,0.0,0.0,0.0,0.0,97743355.0,4.282957,577.0,13472.0,0.0,0.73660517,2363.0,320796.0,0.0,0.0,0.0,0.0,0.0,dataset_2023.csv,202308,True,False
2023,8,Lambayeque,Chiclayo,Chiclayo,MOVISTAR,4.115014,12406.0,0.65416044,6436.0,11.073474,232626.0,3.6053214,16858.0,0.0,0.0,0.0,0.0,192.63551,11957.0,79.36402,253952.0,0.0,0.0,4.836694,14994811.0,0.0,94.72699,293674451.0,0.0,0.0,0.0,0.0,310021928.0,4.164989,2069.0,49676.0,0.0,0.85127354,8878.0,1042908.0,0.0,0.0,0.0,0.0,0.0,dataset_2023.csv,202308,True,False
2023,8,Lambayeque,Chiclayo,Jose Leonardo Ortiz,MOVISTAR,3.7624283,3757.0,0.7528179,1881.0,11.12466,75051.0,3.5973752,5490.0,0.0,0.0,0.0,0.0,204.70462,3632.0,80.14222,66848.0,0.0,0.0,5.210733,4676377.0,0.0,94.24796,84582915.0,0.0,0.0,0.0,0.0,89745087.0,3.853834,579.0,15024.0,0.0,1.0779747,2990.0,277372.0,0.0,0.0,0.0,0.0,0.0,dataset_2023.csv,202308,True,False
2023,8,Lambayeque,Chiclayo,La Victoria,MOVISTAR,3.442247,4492.0,0.63902533,1346.0,9.523551,45435.0,2.6428893,3822.0,0.0,0.0,0.0,0.0,215.83876,2733.0,79.41127,48401.0,0.0,0.0,6.061306,4639694.0,0.0,93.32171,71434138.0,0.0,0.0,0.0,0.0,76546108.0,3.4498048,389.0,11276.0,0.0,0.788919,1572.0,199260.0,0.0,0.0,0.0,0.0,0.0,dataset_2023.csv,202308,True,False
2023,8,Lambayeque,Chiclayo,Pimentel,MOVISTAR,4.120552,4000.0,0.6886151,2502.0,11.325372,67368.0,3.260918,3986.0,0.0,0.0,0.0,0.0,192.06433,3054.0,79.11813,61995.0,0.0,0.0,4.988196,4706753.0,0.0,93.83561,88541232.0,0.0,0.0,0.0,0.0,94357818.0,3.9440405,499.0,12652.0,0.0,0.81023973,2063.0,254616.0,0.0,0.0,0.0,0.0,0.0,dataset_2023.csv,202308,True,False
2023,8,Lima,Cañete,Asia,MOVISTAR,3.18099,8356.0,0.6530339,1466.0,13.46805,40167.0,2.9438353,2703.0,0.0,0.0,0.0,0.0,334.18,6222.0,76.15762,35556.0,0.0,0.0,16.424158,6271542.0,0.0,82.439804,31479526.0,0.0,0.0,0.0,0.0,38184861.0,2.9437804,798.0,27108.0,0.0,0.8702619,1260.0,144784.0,0.0,0.0,0.0,0.0,0.0,dataset_2023.csv,202308,True,False
2023,8,Lima,Cañete,Cerro Azul,MOVISTAR,4.4768705,1419.0,0.0,0.0,9.889542,20079.0,4.0710893,2252.0,0.0,0.0,0.0,0.0,243.90213,1049.0,75.91718,19207.0,0.0,0.0,3.7253633,804694.0,0.0,95.841324,20702125.0,0.0,0.0,0.0,0.0,21600417.0,3.3197832,147.0,4428.0,0.0,0.7248966,568.0,78356.0,0.0,0.0,0.0,0.0,0.0,dataset_2023.csv,202308,True,False
2023,8,Lima,Cañete,Chilca,MOVISTAR,3.2236924,3007.0,0.6862831,963.0,7.810936,19660.0,3.3178942,1870.0,0.0,0.0,0.0,0.0,288.04813,1864.0,77.29391,15805.0,0.0,0.0,6.8385,1341164.0,0.0,91.805664,18004891.0,0.0,0.0,0.0,0.0,19611961.0,3.575038,283.0,7916.0,0.0,0.95514446,632.0,66168.0,0.0,0.0,0.0,0.0,0.0,dataset_2023.csv,202308,True,False
2023,8,Lima,Cañete,Mala,MOVISTAR,3.5000153,8967.0,0.63041824,1513.0,7.7059,65824.0,4.4514866,6216.0,0.0,0.0,0.0,0.0,259.26144,5153.0,75.48478,71711.0,0.0,0.0,7.2058387,6994141.0,0.0,92.299995,89588352.0,0.0,0.0,0.0,0.0,97062139.0,2.6854928,582.0,21672.0,0.0,1.000202,2971.0,297040.0,0.0,0.0,0.0,0.0,0.0,dataset_2023.csv,202308,True,False
2023,8,Lima,Huaura,Huaura,MOVISTAR,3.1435916,1627.0,0.7421397,499.0,9.780954,13524.0,2.7731092,916.0,0.0,0.0,0.0,0.0,286.6804,1224.0,75.184395,15149.0,0.0,0.0,11.040043,2418547.0,0.0,81.70777,17899758.0,0.0,0.0,0.0,0.0,21907044.0,3.9827974,213.0,5348.0,0.0,0.9205517,590.0,64092.0,0.0,0.0,0.0,0.0,0.0,dataset_2023.csv,202308,True,False
2023,8,Lima,Lima,Barranco,MOVISTAR,5.093564,1928.0,0.61674815,823.0,12.316273,39303.0,3.5581846,2788.0,0.0,0.0,0.0,0.0,190.76027,1406.0,72.663185,45881.0,0.0,0.0,3.6541529,1906043.0,0.0,88.88563,46363641.0,0.0,0.0,0.0,0.0,52161010.0,2.9620852,175.0,5908.0,0.0,0.64697003,1200.0,185480.0,0.0,0.0,0.0,0.0,0.0,dataset_2023.csv,202308,True,False
2023,8,Lima,Lima,Breña,MOVISTAR,4.45399,9707.0,0.76429117,2513.0,10.210995,108550.0,3.4407537,7018.0,0.0,0.0,0.0,0.0,265.36227,4790.0,73.77187,114018.0,0.0,0.0,3.6990724,4740567.0,0.0,94.80132,121493173.0,0.0,0.0,0.0,0.0,128155562.0,3.9982843,839.0,20984.0,0.0,0.8575017,4001.0,466588.0,0.0,0.0,0.0,0.0,0.0,dataset_2023.csv,202308,True,False
2023,8,Lima,Lima,Carabayllo,MOVISTAR,5.002107,28265.0,1.0831426,6837.0,10.185696,170324.0,3.4666743,12513.0,0.0,0.0,0.0,0.0,305.0895,12195.0,74.522285,161998.0,0.0,0.0,7.3653326,20743872.0,0.0,91.35974,257307434.0,0.0,0.0,0.0,0.0,281642024.0,3.9538126,2099.0,53088.0,0.0,1.0413418,6946.0,667024.0,0.0,0.0,0.0,0.0,0.0,dataset_2023.csv,202308,True,False
2023,8,Lima,Lima,Comas,MOVISTAR,3.691681,43125.0,0.74433017,10549.0,10.54495,291681.0,3.408726,23896.0,0.0,0.0,0.0,0.0,293.9272,27044.0,76.00503,301765.0,0.0,0.0,9.5565815,48627732.0,0.0,88.67465,451212329.0,0.0,0.0,0.0,0.0,508840244.0,4.1218486,4905.0,119000.0,0.0,1.24701,15723.0,1260856.0,0.0,0.0,0.0,0.0,0.0,dataset_2023.csv,202308,True,False
2023,8,Lima,Lima,El Agustino,MOVISTAR,3.0787125,11531.0,0.7397008,3049.0,9.238491,79764.0,3.4757855,6577.0,0.0,0.0,0.0,0.0,311.006,6153.0,74.230736,90106.0,0.0,0.0,9.210411,12847209.0,0.0,88.29308,123156253.0,0.0,0.0,0.0,0.0,139485728.0,5.871132,1662.0,28308.0,0.0,1.1688908,4376.0,374372.0,0.0,0.0,0.0,0.0,0.0,dataset_2023.csv,202308,True,False
2023,8,Lima,Lima,Independencia,MOVISTAR,2.966674,21904.0,0.8031745,4261.0,10.04843,140168.0,4.1891723,11215.0,0.0,0.0,0.0,0.0,258.86435,7758.0,75.56782,148217.0,0.0,0.0,6.6226993,13287366.0,0.0,91.77328,184128113.0,0.0,0.0,0.0,0.0,200633686.0,4.811543,1634.0,33960.0,0.0,1.2459695,7682.0,616548.0,0.0,0.0,0.0,0.0,0.0,dataset_2023.csv,202308,True,False
2023,8,Lima,Lima,Los Olivos,MOVISTAR,4.573834,34432.0,0.8881631,8299.0,11.07961,232553.0,3.995879,21262.0,0.0,0.0,0.0,0.0,250.47334,15982.0,74.493454,251630.0,0.0,0.0,8.341947,31836011.0,0.0,90.40562,345021909.0,0.0,0.0,0.0,0.0,381637685.0,3.7383451,2550.0,68212.0,0.0,0.96841943,10052.0,1037980.0,0.0,0.0,0.0,0.0,0.0,dataset_2023.csv,202308,True,False
2023,8,Lima,Lima,Puente Piedra,MOVISTAR,2.999837,21096.0,0.63335973,4828.0,9.578519,159593.0,2.9025471,12337.0,0.0,0.0,0.0,0.0,280.9495,10412.0,74.98384,165476.0,0.0,0.0,7.904451,17751740.0,0.0,91.043304,204464180.0,0.0,0.0,0.0,0.0,224579041.0,4.24395,1922.0,45288.0,0.0,0.96570593,6622.0,685716.0,0.0,0.0,0.0,0.0,0.0,dataset_2023.csv,202308,True,False
2023,8,Lima,Lima,Punta Negra,MOVISTAR,5.0171127,3831.0,0.68776,798.0,12.654407,15413.0,4.610911,1972.0,0.0,0.0,0.0,0.0,250.18102,2831.0,72.70346,12008.0,0.0,0.0,11.667097,1512459.0,0.0,82.36345,10677149.0,0.0,0.0,0.0,0.0,12963456.0,1.3522885,156.0,11536.0,0.0,1.1511024,568.0,49344.0,0.0,0.0,0.0,0.0,0.0,dataset_2023.csv,202308,True,False
2023,8,Lima,Lima,San Juan De Lurigancho,MOVISTAR,3.675903,52676.0,0.71783316,12819.0,9.942588,410060.0,3.4558296,30337.0,0.0,0.0,0.0,0.0,289.29547,26302.0,74.17628,420225.0,0.0,0.0,8.328465,55079039.0,0.0,88.82863,587454595.0,0.0,0.0,0.0,0.0,661334748.0,4.3415666,5006.0,115304.0,0.0,1.093535,19001.0,1737576.0,0.0,0.0,0.0,0.0,0.0,dataset_2023.csv,202308,True,False
2023,8,Lima,Lima,San Luis,MOVISTAR,3.896692,7188.0,0.762393,1953.0,10.263868,65518.0,3.3681889,4377.0,0.0,0.0,0.0,0.0,256.29053,6311.0,73.87956,83711.0,0.0,0.0,9.423036,8226811.0,0.0,89.56685,78196615.0,0.0,0.0,0.0,0.0,87305312.0,3.1212754,838.0,26848.0,0.0,0.7666433,2621.0,341880.0,0.0,0.0,0.0,0.0,0.0,dataset_2023.csv,202308,True,False
2023,8,Lima,Lima,San Martin De Porres,MOVISTAR,3.5347319,53699.0,0.8584945,12873.0,9.770477,398962.0,3.6262395,32181.0,0.0,0.0,0.0,0.0,289.54395,31456.0,74.53055,433417.0,0.0,0.0,10.09222,70598746.0,0.0,88.32892,617892899.0,0.0,0.0,0.0,0.0,699536337.0,3.9736364,5414.0,136248.0,0.0,0.99513984,17789.0,1787588.0,0.0,0.0,0.0,0.0,0.0,dataset_2023.csv,202308,True,False
2023,8,Piura,Piura,Castilla,MOVISTAR,3.8219988,5599.0,0.6695287,2409.0,10.668741,116825.0,3.2636542,8406.0,0.0,0.0,0.0,0.0,200.10161,5277.0,81.91656,133159.0,0.0,0.0,2.874381,5136034.0,0.0,95.03573,169812811.0,0.0,0.0,0.0,0.0,178683123.0,4.9633994,1112.0,22404.0,0.0,0.8925248,4891.0,547996.0,0.0,0.0,0.0,0.0,0.0,dataset_2023.csv,202308,True,False
2023,8,Piura,Piura,Catacaos,MOVISTAR,3.7509189,1094.0,0.686713,548.0,10.139296,34341.0,3.7816083,2119.0,0.0,0.0,0.0,0.0,199.12138,944.0,81.30614,30949.0,0.0,0.0,1.9047347,719673.0,0.0,97.26706,36750775.0,0.0,0.0,0.0,0.0,37783372.0,4.5386157,181.0,3988.0,0.0,0.83250266,1069.0,128408.0,0.0,0.0,0.0,0.0,0.0,dataset_2023.csv,202308,True,False
2023,8,Piura,Piura,Piura,MOVISTAR,3.92666,7682.0,0.8069154,3843.0,10.917676,159484.0,3.5219934,10317.0,0.0,0.0,0.0,0.0,181.6983,9143.0,82.63855,188707.0,0.0,0.0,4.0724387,8780749.0,0.0,94.745,204283509.0,0.0,0.0,0.0,0.0,215614014.0,3.459786,1306.0,37748.0,0.0,0.7649479,5927.0,774824.0,0.0,0.0,0.0,0.0,0.0,dataset_2023.csv,202308,True,False
2023,8,Piura,Piura,Veintiseis De Octubre,MOVISTAR,5.4947615,7477.0,1.5738524,3455.0,9.754667,83075.0,3.1931036,7404.0,0.0,0.0,0.0,0.0,226.62247,3911.0,82.71789,88955.0,0.0,0.0,2.8255258,3749526.0,0.0,96.36248,127874821.0,0.0,0.0,0.0,0.0,132701883.0,4.248647,691.0,16264.0,0.0,0.94363564,3495.0,370376.0,0.0,0.0,0.0,0.0,0.0,dataset_2023.csv,202308,True,False
2023,8,Puno,Puno,Puno,MOVISTAR,3.8520863,20389.0,0.82063967,6833.0,9.940142,233136.0,3.693692,18404.0,0.0,0.0,0.0,0.0,233.28941,14872.0,82.67486,233240.0,0.0,0.0,5.2832265,14851920.0,0.0,93.39656,262551345.0,0.0,0.0,0.0,0.0,281114585.0,6.1389794,3926.0,63952.0,0.0,1.2181824,11798.0,968492.0,0.0,0.0,0.0,0.0,0.0,dataset_2023.csv,202308,True,False
2023,8,Puno,San Roman,Caracoto,MOVISTAR,2.934025,1785.0,0.61769766,568.0,7.129624,10407.0,2.813013,658.0,0.0,0.0,0.0,0.0,253.68906,977.0,84.94429,9611.0,0.0,0.0,6.5982776,719912.0,0.0,89.87138,9805512.0,0.0,0.0,0.0,0.0,10910605.0,6.4964156,290.0,4464.0,0.0,1.4868058,604.0,40624.0,0.0,0.0,0.0,0.0,0.0,dataset_2023.csv,202308,True,False
2023,8,Puno,San Roman,Juliaca,MOVISTAR,4.0703053,26384.0,0.9354999,8825.0,8.51803,284394.0,3.666612,21355.0,0.0,0.0,0.0,0.0,256.40604,17533.0,84.02924,245118.0,0.0,0.0,5.1877027,15816025.0,0.0,93.68464,285621328.0,0.0,0.0,0.0,0.0,304875316.0,7.191955,5650.0,78560.0,0.0,1.5114012,15998.0,1058488.0,0.0,0.0,0.0,0.0,0.0,dataset_2023.csv,202308,True,False
2023,8,Puno,San Roman,San Miguel,MOVISTAR,2.8120646,5637.0,1.1166346,2019.0,8.307607,42510.0,4.271385,4449.0,0.0,0.0,0.0,0.0,262.9175,3002.0,85.32882,33570.0,0.0,0.0,5.4380693,2245549.0,0.0,94.01286,38820856.0,0.0,0.0,0.0,0.0,41293131.0,6.925373,928.0,13400.0,0.0,1.8572334,2697.0,145216.0,0.0,0.0,0.0,0.0,0.0,dataset_2023.csv,202308,True,False
2023,8,San Martin,Moyobamba,Moyobamba,MOVISTAR,4.009964,13071.0,0.64294565,974.0,9.966956,49205.0,3.6271076,5863.0,0.0,0.0,0.0,0.0,347.81268,2552.0,94.78074,47035.0,0.0,0.0,7.5018244,5281607.0,0.0,91.80296,64633231.0,0.0,0.0,0.0,0.0,70404299.0,5.4243608,611.0,11264.0,0.0,1.3235765,2648.0,200064.0,0.0,0.0,0.0,0.0,0.0,dataset_2023.csv,202308,True,False
2023,8,Tacna,Candarave,Camilaca,MOVISTAR,3.8772051,1154.0,0.0,0.0,5.4476786,4609.0,5.0195656,535.0,0.0,0.0,0.0,0.0,163.15927,971.0,100.967186,5446.0,0.0,0.0,12.93908,932983.0,0.0,82.33699,5936976.0,0.0,0.0,0.0,0.0,7210582.0,2.364185,94.0,3976.0,0.0,2.1317186,514.0,24112.0,0.0,0.0,0.0,0.0,0.0,dataset_2023.csv,202308,True,False
2023,8,Tumbes,Contralmirante Villar,Canoas De Punta Sal,MOVISTAR,3.8541043,1104.0,0.0,0.0,12.786455,15669.0,3.9953709,1036.0,0.0,0.0,0.0,0.0,183.12224,1162.0,81.085945,16995.0,0.0,0.0,5.7601743,991744.0,0.0,93.527176,16102814.0,0.0,0.0,0.0,0.0,17217257.0,3.58615,174.0,4852.0,0.0,0.766889,529.0,68980.0,0.0,0.0,0.0,0.0,0.0,dataset_2023.csv,202308,True,False
2023,8,Tumbes,Tumbes,Tumbes,MOVISTAR,5.265212,2568.0,0.7389119,779.0,11.91402,70109.0,4.04453,9119.0,0.0,0.0,0.0,0.0,209.70729,2800.0,84.76637,69517.0,0.0,0.0,2.6537693,2360194.0,0.0,95.94468,85330726.0,0.0,0.0,0.0,0.0,88937425.0,3.6572623,420.0,11484.0,0.0,0.69676816,1974.0,283308.0,0.0,0.0,0.0,0.0,0.0,dataset_2023.csv,202308,True,False
2023,9,Arequipa,Arequipa,Alto Selva Alegre,MOVISTAR,4.3609147,2111.0,0.85219365,676.0,10.089171,26362.0,3.5629427,1735.0,0.0,0.0,0.0,0.0,213.4844,1570.0,82.5151,32742.0,0.0,0.0,3.7013977,2219304.0,0.0,94.761475,56817597.0,0.0,0.0,0.0,0.0,59958539.0,5.5307097,371.0,6708.0,0.0,1.1366302,1551.0,136456.0,0.0,0.0,0.0,0.0,0.0,dataset_2023.csv,202309,True,False
2023,9,Arequipa,Arequipa,Cayma,MOVISTAR,3.4121056,5285.0,0.5786967,1977.0,7.906494,56175.0,2.5439808,2898.0,0.0,0.0,0.0,0.0,205.65388,4130.0,81.95047,74189.0,0.0,0.0,4.162122,4432630.0,0.0,95.12857,101311245.0,0.0,0.0,0.0,0.0,106499283.0,5.5700955,979.0,17576.0,0.0,1.3264675,4119.0,310524.0,0.0,0.0,0.0,0.0,0.0,dataset_2023.csv,202309,True,False
2023,9,Arequipa,Arequipa,Jacobo Hunter,MOVISTAR,3.4271653,1835.0,0.5937134,512.0,9.11571,33570.0,4.112687,3182.0,0.0,0.0,0.0,0.0,215.59558,1384.0,83.141815,44021.0,0.0,0.0,4.0080037,2351775.0,0.0,95.50094,56037055.0,0.0,0.0,0.0,0.0,58676968.0,5.353569,321.0,5996.0,0.0,1.2771233,2359.0,184712.0,0.0,0.0,0.0,0.0,0.0,dataset_2023.csv,202309,True,False
2023,9,Arequipa,Arequipa,Jose Luis Bustamante Y Rivero,MOVISTAR,4.5865726,4580.0,0.72190875,1523.0,9.949395,82448.0,3.6495814,5996.0,0.0,0.0,0.0,0.0,214.01265,4868.0,82.05883,114383.0,0.0,0.0,4.4276557,6031243.0,0.0,94.591705,128850486.0,0.0,0.0,0.0,0.0,136217531.0,4.421001,901.0,20380.0,0.0,1.0857955,5164.0,475596.0,0.0,0.0,0.0,0.0,0.0,dataset_2023.csv,202309,True,False
2023,9,Arequipa,Arequipa,Mariano Melgar,MOVISTAR,3.8262198,2508.0,0.6978142,719.0,10.527992,49600.0,3.534606,2388.0,0.0,0.0,0.0,0.0,208.85812,2318.0,80.8886,48468.0,0.0,0.0,2.3462098,1683447.0,0.0,96.90982,69534509.0,0.0,0.0,0.0,0.0,71751766.0,3.6737235,354.0,9636.0,0.0,1.1102595,2231.0,200944.0,0.0,0.0,0.0,0.0,0.0,dataset_2023.csv,202309,True,False
2023,9,Arequipa,Arequipa,Miraflores,MOVISTAR,4.2041693,2457.0,0.82541776,769.0,11.926704,64091.0,3.9307237,4459.0,0.0,0.0,0.0,0.0,193.45091,2345.0,81.33496,62198.0,0.0,0.0,2.1552565,1618787.0,0.0,97.09156,72924289.0,0.0,0.0,0.0,0.0,75108782.0,4.8713236,477.0,9792.0,0.0,0.99380285,2553.0,256892.0,0.0,0.0,0.0,0.0,0.0,dataset_2023.csv,202309,True,False
2023,9,Arequipa,Arequipa,Paucarpata,MOVISTAR,4.1375675,9734.0,0.90408754,2874.0,11.649144,117908.0,4.119943,8664.0,0.0,0.0,0.0,0.0,199.53268,5956.0,81.213745,106593.0,0.0,0.0,4.3969984,5438627.0,0.0,95.17906,117726547.0,0.0,0.0,0.0,0.0,123689542.0,4.0805535,1003.0,24580.0,0.0,0.9649441,4250.0,440440.0,0.0,0.0,0.0,0.0,0.0,dataset_2023.csv,202309,True,False
2023,9,Arequipa,Arequipa,Sachaca,MOVISTAR,3.402948,1130.0,0.0,0.0,10.755783,24677.0,2.6971197,1234.0,0.0,0.0,0.0,0.0,216.1572,783.0,80.857025,20909.0,0.0,0.0,5.1286225,1036810.0,0.0,94.55512,19115404.0,0.0,0.0,0.0,0.0,20216149.0,5.314727,179.0,3368.0,0.0,1.010847,876.0,86660.0,0.0,0.0,0.0,0.0,0.0,dataset_2023.csv,202309,True,False
2023,9,Arequipa,Arequipa,Socabaya,MOVISTAR,3.006237,1530.0,0.56740624,456.0,8.930282,26611.0,3.1582735,1447.0,0.0,0.0,0.0,0.0,220.63277,1205.0,82.84898,31747.0,0.0,0.0,4.611926,2529071.0,0.0,94.862335,52020258.0,0.0,0.0,0.0,0.0,54837630.0,5.0238285,253.0,5036.0,0.0,1.2006797,1597.0,133008.0,0.0,0.0,0.0,0.0,0.0,dataset_2023.csv,202309,True,False
2023,9,Arequipa,Arequipa,Tiabaya,MOVISTAR,4.3605113,1480.0,0.6733127,876.0,8.229378,17031.0,4.02938,849.0,0.0,0.0,0.0,0.0,192.5637,1093.0,82.44527,14850.0,0.0,0.0,5.6572447,1110549.0,0.0,93.18278,18292305.0,0.0,0.0,0.0,0.0,19630564.0,5.978261,275.0,4600.0,0.0,0.9043212,555.0,61372.0,0.0,0.0,0.0,0.0,0.0,dataset_2023.csv,202309,True,False
2023,9,Arequipa,Arequipa,Yanahuara,MOVISTAR,5.2935495,1954.0,0.62825984,651.0,11.59785,25912.0,2.798232,2228.0,0.0,0.0,0.0,0.0,189.17966,2180.0,80.73087,38528.0,0.0,0.0,2.9737513,1399060.0,0.0,96.700874,45494834.0,0.0,0.0,0.0,0.0,47046974.0,4.398148,399.0,9072.0,0.0,1.3404292,2156.0,160844.0,0.0,0.0,0.0,0.0,0.0,dataset_2023.csv,202309,True,False
2023,9,Ayacucho,Huamanga,Carmen Alto,MOVISTAR,3.2345595,3470.0,0.45455128,870.0,9.1160965,13727.0,2.3464522,454.0,0.0,0.0,0.0,0.0,229.81505,2639.0,77.84112,13860.0,0.0,0.0,7.4339337,1259586.0,0.0,83.7601,14192090.0,0.0,0.0,0.0,0.0,16943735.0,3.581535,405.0,11308.0,0.0,1.215035,695.0,57200.0,0.0,0.0,0.0,0.0,0.0,dataset_2023.csv,202309,True,False
2023,9,Cajamarca,Celendin,Celendin,MOVISTAR,4.347287,3160.0,0.61944926,971.0,7.0698643,11581.0,2.1985486,1041.0,0.0,0.0,0.0,0.0,310.1796,1708.0,84.6665,12134.0,0.0,0.0,20.808935,2771361.0,0.0,77.79477,10360809.0,0.0,0.0,0.0,0.0,13318130.0,4.5304775,330.0,7284.0,0.0,0.77392673,393.0,50780.0,0.0,0.0,0.0,0.0,0.0,dataset_2023.csv,202309,True,False
2023,9,Cajamarca,Santa Cruz,Santa Cruz,MOVISTAR,4.287171,1226.0,0.0,0.0,8.066202,15820.0,3.4781296,1356.0,0.0,0.0,0.0,0.0,225.35924,1113.0,91.83786,15551.0,0.0,0.0,7.1525016,899351.0,0.0,91.558304,11512483.0,0.0,0.0,0.0,0.0,12573936.0,5.0929837,241.0,4732.0,0.0,1.354341,906.0,66896.0,0.0,0.0,0.0,0.0,0.0,dataset_2023.csv,202309,True,False
2023,9,Callao,Callao,Mi Peru,MOVISTAR,4.3289433,9966.0,1.6428119,3174.0,8.8457985,20190.0,3.8659103,2025.0,0.0,0.0,0.0,0.0,283.15237,2279.0,79.04343,22145.0,0.0,0.0,9.555397,4245292.0,0.0,88.9114,39501746.0,0.0,0.0,0.0,0.0,44428211.0,3.9251208,390.0,9936.0,0.0,1.469332,1376.0,93648.0,0.0,0.0,0.0,0.0,0.0,dataset_2023.csv,202309,True,False
2023,9,Cusco,Acomayo,Pomacanchi,MOVISTAR,0.0,0.0,0.0,0.0,17.20167,1392.0,0.0,0.0,0.0,0.0,0.0,0.0,0.0,0.0,90.729355,1360.0,0.0,0.0,3.5189145,43733.0,0.0,83.01212,1031673.0,0.0,0.0,0.0,0.0,1242798.0,0.0,0.0,0.0,0.0,0.6919155,38.0,5492.0,0.0,0.0,0.0,0.0,0.0,dataset_2023.csv,202309,False,True
2023,9,Cusco,Cusco,Cusco,MOVISTAR,3.7304251,8100.0,0.6855198,2891.0,8.876429,74350.0,3.139775,5202.0,0.0,0.0,0.0,0.0,260.8564,6263.0,89.65417,94801.0,0.0,0.0,7.5433626,9790671.0,0.0,88.90612,115392918.0,0.0,0.0,0.0,0.0,129791867.0,7.2166066,1999.0,27700.0,0.0,2.42012,9998.0,413120.0,0.0,0.0,0.0,0.0,0.0,dataset_2023.csv,202309,True,False
2023,9,Cusco,Cusco,San Jeronimo,MOVISTAR,3.826802,7212.0,0.79126185,2204.0,9.265741,61786.0,3.8963025,4645.0,0.0,0.0,0.0,0.0,248.03282,4613.0,86.62367,59165.0,0.0,0.0,7.6228924,5936852.0,0.0,91.731155,71441950.0,0.0,0.0,0.0,0.0,77881883.0,4.765263,946.0,19852.0,0.0,1.3858565,3453.0,249160.0,0.0,0.0,0.0,0.0,0.0,dataset_2023.csv,202309,True,False
2023,9,Cusco,Cusco,San Sebastian,MOVISTAR,3.4234562,6047.0,0.84176207,2230.0,8.604055,67322.0,3.2583764,5234.0,0.0,0.0,0.0,0.0,233.46547,5091.0,90.3598,69897.0,0.0,0.0,7.1915708,7900404.0,0.0,90.618835,99550636.0,0.0,0.0,0.0,0.0,109856447.0,6.1540546,1363.0,22148.0,0.0,2.42505,7335.0,302468.0,0.0,0.0,0.0,0.0,0.0,dataset_2023.csv,202309,True,False
2023,9,Cusco,Cusco,Santiago,MOVISTAR,3.5309198,3969.0,0.63893,1578.0,9.010396,54630.0,3.7044673,4247.0,0.0,0.0,0.0,0.0,245.3862,2862.0,88.96621,64039.0,0.0,0.0,3.9249384,2995452.0,0.0,93.57205,71412737.0,0.0,0.0,0.0,0.0,76318445.0,6.4784594,794.0,12256.0,0.0,2.9114137,7935.0,272548.0,0.0,0.0,0.0,0.0,0.0,dataset_2023.csv,202309,True,False
2023,9,Cusco,Cusco,Wanchaq,MOVISTAR,3.5543919,6669.0,0.6790987,2825.0,8.809105,72407.0,3.371729,5582.0,0.0,0.0,0.0,0.0,236.1937,5110.0,88.601326,97115.0,0.0,0.0,4.716233,5145023.0,0.0,94.212234,102777812.0,0.0,0.0,0.0,0.0,109091791.0,6.144144,1364.0,22200.0,0.0,1.6837256,6988.0,415032.0,0.0,0.0,0.0,0.0,0.0,dataset_2023.csv,202309,True,False
2023,9,Cusco,La Convencion,Echarate,MOVISTAR,3.51553,756.0,0.0,0.0,9.110687,15794.0,3.9159796,1677.0,0.0,0.0,0.0,0.0,323.5445,888.0,93.34231,11329.0,0.0,0.0,3.7925322,804360.0,0.0,54.774807,11617216.0,0.0,0.0,0.0,0.0,21209049.0,4.6138415,184.0,3988.0,0.0,1.7832595,934.0,52376.0,0.0,0.0,0.0,0.0,0.0,dataset_2023.csv,202309,True,False
2023,9,Huancavelica,Tayacaja,Pampas,MOVISTAR,5.7455745,1893.0,0.7871467,531.0,15.029718,16974.0,4.8288283,1238.0,0.0,0.0,0.0,0.0,222.36067,1468.0,78.15796,11958.0,0.0,0.0,6.8416357,880822.0,0.0,92.52372,11911907.0,0.0,0.0,0.0,0.0,12874436.0,4.539559,280.0,6168.0,0.0,1.5105442,765.0,50644.0,0.0,0.0,0.0,0.0,0.0,dataset_2023.csv,202309,True,False
2023,9,Ica,Chincha,Alto Laran,MOVISTAR,5.1979513,1435.0,0.0,0.0,9.435462,16586.0,4.3288846,951.0,0.0,0.0,0.0,0.0,173.01561,1456.0,75.47537,14748.0,0.0,0.0,8.384759,1133144.0,0.0,89.9971,12162505.0,0.0,0.0,0.0,0.0,13514330.0,3.4333334,206.0,6000.0,0.0,0.8493696,512.0,60280.0,0.0,0.0,0.0,0.0,0.0,dataset_2023.csv,202309,True,False
2023,9,Ica,Chincha,Chincha Alta,MOVISTAR,4.8683004,5583.0,1.0047573,2298.0,11.055296,130952.0,3.581844,10425.0,0.0,0.0,0.0,0.0,173.52235,4653.0,73.801506,138628.0,0.0,0.0,2.3341472,3346103.0,0.0,97.42324,139660515.0,0.0,0.0,0.0,0.0,143354409.0,3.1650221,603.0,19052.0,0.0,0.7268805,4124.0,567356.0,0.0,0.0,0.0,0.0,0.0,dataset_2023.csv,202309,True,False
2023,9,Ica,Chincha,Chincha Baja,MOVISTAR,2.8957565,1374.0,0.5897486,549.0,8.965357,15106.0,2.9292889,983.0,0.0,0.0,0.0,0.0,215.35513,961.0,77.19392,13369.0,0.0,0.0,6.524562,924622.0,0.0,92.5203,13111426.0,0.0,0.0,0.0,0.0,14171404.0,6.1416187,255.0,4152.0,0.0,1.0593374,587.0,55412.0,0.0,0.0,0.0,0.0,0.0,dataset_2023.csv,202309,True,False
2023,9,Ica,Chincha,El Carmen,MOVISTAR,4.142467,997.0,0.0,0.0,13.478856,12057.0,3.1607082,469.0,0.0,0.0,0.0,0.0,202.70374,674.0,72.08663,11791.0,0.0,0.0,11.260785,1153105.0,0.0,84.0787,8609663.0,0.0,0.0,0.0,0.0,10240005.0,6.3469677,180.0,2836.0,0.0,0.71903574,346.0,48120.0,0.0,0.0,0.0,0.0,0.0,dataset_2023.csv,202309,True,False
2023,9,Ica,Chincha,Pueblo Nuevo,MOVISTAR,4.680586,2901.0,0.7155634,980.0,9.723896,69671.0,3.3909266,3850.0,0.0,0.0,0.0,0.0,179.73651,2074.0,73.77264,60452.0,0.0,0.0,2.4643128,1937158.0,0.0,97.19393,76402635.0,0.0,0.0,0.0,0.0,78608443.0,3.8578799,329.0,8528.0,0.0,0.65105224,1605.0,246524.0,0.0,0.0,0.0,0.0,0.0,dataset_2023.csv,202309,True,False
2023,9,Ica,Chincha,Sunampe,MOVISTAR,4.3360615,1799.0,0.8051097,790.0,12.148876,38854.0,5.013847,3802.0,0.0,0.0,0.0,0.0,165.4099,1754.0,72.93021,44767.0,0.0,0.0,5.6710215,2222454.0,0.0,94.073166,36866953.0,0.0,0.0,0.0,0.0,39189659.0,2.63232,187.0,7104.0,0.0,0.64664644,1177.0,182016.0,0.0,0.0,0.0,0.0,0.0,dataset_2023.csv,202309,True,False
2023,9,Ica,Ica,Ica,MOVISTAR,5.4853697,14474.0,0.8010442,5251.0,10.86245,206737.0,3.0051281,17712.0,0.0,0.0,0.0,0.0,175.45805,11502.0,74.10987,242753.0,0.0,0.0,5.081586,13962041.0,0.0,94.30562,259111814.0,0.0,0.0,0.0,0.0,274757563.0,3.4949434,1645.0,47068.0,0.0,0.7686253,7656.0,996064.0,0.0,0.0,0.0,0.0,0.0,dataset_2023.csv,202309,True,False
2023,9,Ica,Ica,La Tinguiña,MOVISTAR,4.8680706,902.0,0.94292444,507.0,10.53965,27710.0,3.0160093,3090.0,0.0,0.0,0.0,0.0,145.6216,1237.0,74.90564,27277.0,0.0,0.0,3.131433,995534.0,0.0,96.22113,30590278.0,0.0,0.0,0.0,0.0,31791643.0,2.779984,140.0,5036.0,0.0,0.76822084,866.0,112728.0,0.0,0.0,0.0,0.0,0.0,dataset_2023.csv,202309,True,False
2023,9,Ica,Ica,Parcona,MOVISTAR,4.672698,3594.0,0.5963812,1076.0,10.118343,36633.0,4.2630816,2677.0,0.0,0.0,0.0,0.0,220.17694,3554.0,75.361115,35247.0,0.0,0.0,6.1873407,3116802.0,0.0,93.09614,46896113.0,0.0,0.0,0.0,0.0,50373853.0,2.156972,310.0,14372.0,0.0,0.7881428,1147.0,145532.0,0.0,0.0,0.0,0.0,0.0,dataset_2023.csv,202309,True,False
2023,9,Ica,Ica,Subtanjalla,MOVISTAR,3.6523783,1674.0,0.6376023,819.0,8.060545,16687.0,3.5891235,1387.0,0.0,0.0,0.0,0.0,228.86243,1289.0,74.33478,23006.0,0.0,0.0,10.774588,3507387.0,0.0,88.56552,28830203.0,0.0,0.0,0.0,0.0,32552400.0,4.047976,216.0,5336.0,0.0,1.0955716,1045.0,95384.0,0.0,0.0,0.0,0.0,0.0,dataset_2023.csv,202309,True,False
2023,9,Junin,Chanchamayo,Chanchamayo,MOVISTAR,5.3576307,4599.0,1.1257744,1692.0,8.099575,25102.0,3.4888225,1804.0,0.0,0.0,0.0,0.0,283.90253,2498.0,78.12256,28853.0,0.0,0.0,7.9517875,2603644.0,0.0,90.611534,29668823.0,0.0,0.0,0.0,0.0,32742878.0,4.5429616,497.0,10940.0,0.0,0.8996087,1085.0,120608.0,0.0,0.0,0.0,0.0,0.0,dataset_2023.csv,202309,True,False
2023,9,Junin,Huancayo,Chilca,MOVISTAR,4.297221,6238.0,0.6768618,1716.0,7.0834107,54848.0,3.209513,5855.0,0.0,0.0,0.0,0.0,249.51332,4724.0,79.38076,59754.0,0.0,0.0,7.0485888,6445898.0,0.0,92.604904,84686704.0,0.0,0.0,0.0,0.0,91449484.0,5.3279505,1069.0,20064.0,0.0,1.783363,4605.0,258220.0,0.0,0.0,0.0,0.0,0.0,dataset_2023.csv,202309,True,False
2023,9,Junin,Huancayo,El Tambo,MOVISTAR,4.403419,20369.0,0.8848439,6979.0,9.070566,264330.0,3.711071,18573.0,0.0,0.0,0.0,0.0,224.89139,13868.0,77.55848,293542.0,0.0,0.0,5.682497,21223774.0,0.0,93.39678,348831165.0,0.0,0.0,0.0,0.0,373493785.0,5.517358,3274.0,59340.0,0.0,1.1669166,14378.0,1232136.0,0.0,0.0,0.0,0.0,0.0,dataset_2023.csv,202309,True,False
2023,9,Junin,Huancayo,Huancayo,MOVISTAR,4.25629,15843.0,0.6940581,5238.0,9.079816,201078.0,2.9660501,15376.0,0.0,0.0,0.0,0.0,210.79036,11695.0,77.43025,242785.0,0.0,0.0,4.3209066,12104725.0,0.0,95.038574,266244092.0,0.0,0.0,0.0,0.0,280143187.0,4.814376,2355.0,48916.0,0.0,1.1330315,11499.0,1014888.0,0.0,0.0,0.0,0.0,0.0,dataset_2023.csv,202309,True,False
2023,9,Junin,Huancayo,Pilcomayo,MOVISTAR,2.9438972,872.0,0.0,0.0,6.2148743,19614.0,2.897066,1889.0,0.0,0.0,0.0,0.0,232.89484,815.0,78.55313,20017.0,0.0,0.0,8.355479,2698228.0,0.0,90.97848,29379605.0,0.0,0.0,0.0,0.0,32292919.0,6.3403783,228.0,3596.0,0.0,1.0837601,914.0,84336.0,0.0,0.0,0.0,0.0,0.0,dataset_2023.csv,202309,True,False
2023,9,Junin,Huancayo,San Agustin,MOVISTAR,5.936362,3068.0,0.54190624,658.0,8.670575,32204.0,3.5581791,2004.0,0.0,0.0,0.0,0.0,217.93669,1258.0,78.99898,22364.0,0.0,0.0,6.0211763,1735324.0,0.0,93.48583,26942943.0,0.0,0.0,0.0,0.0,28820349.0,4.3265615,230.0,5316.0,0.0,1.4160854,1348.0,95192.0,0.0,0.0,0.0,0.0,0.0,dataset_2023.csv,202309,True,False
2023,9,Junin,Junin,Carhuamayo,MOVISTAR,5.101672,5422.0,1.0931547,1500.0,9.737212,38853.0,4.646123,3387.0,0.0,0.0,0.0,0.0,158.48975,3319.0,72.23145,18404.0,0.0,0.0,11.0969305,2328306.0,0.0,86.99713,18253331.0,0.0,0.0,0.0,0.0,20981532.0,2.2484417,303.0,13476.0,0.0,0.86669856,652.0,75228.0,0.0,0.0,0.0,0.0,0.0,dataset_2023.csv,202309,True,False
2023,9,La Libertad,Trujillo,El Porvenir,MOVISTAR,3.3214128,4991.0,0.6591095,1593.0,7.456927,57759.0,3.0915134,4321.0,0.0,0.0,0.0,0.0,224.6858,3841.0,81.44922,61742.0,0.0,0.0,6.2514663,6375341.0,0.0,92.30855,94137665.0,0.0,0.0,0.0,0.0,101981528.0,5.48882,923.0,16816.0,0.0,1.4240845,3718.0,261080.0,0.0,0.0,0.0,0.0,0.0,dataset_2023.csv,202309,True,False
2023,9,La Libertad,Trujillo,La Esperanza,MOVISTAR,4.2062597,6878.0,0.7789515,2364.0,9.1865425,97275.0,3.4896846,13492.0,0.0,0.0,0.0,0.0,216.25116,5677.0,80.631714,97737.0,0.0,0.0,5.7158995,8054680.0,0.0,93.35136,131548025.0,0.0,0.0,0.0,0.0,140917105.0,5.9903893,1471.0,24556.0,0.0,1.1761916,4811.0,409032.0,0.0,0.0,0.0,0.0,0.0,dataset_2023.csv,202309,True,False
2023,9,La Libertad,Trujillo,Moche,MOVISTAR,3.2469602,1238.0,0.7616871,740.0,9.373421,24322.0,3.993054,2051.0,0.0,0.0,0.0,0.0,198.0648,1072.0,77.49915,31197.0,0.0,0.0,2.949982,909696.0,0.0,96.62508,29796606.0,0.0,0.0,0.0,0.0,30837342.0,5.77768,263.0,4552.0,0.0,0.70186955,898.0,127944.0,0.0,0.0,0.0,0.0,0.0,dataset_2023.csv,202309,True,False
2023,9,La Libertad,Trujillo,Trujillo,MOVISTAR,4.9698434,40675.0,0.74106115,13354.0,11.0461,363137.0,3.2271273,29679.0,0.0,0.0,0.0,0.0,193.33282,28225.0,79.15601,419508.0,0.0,0.0,6.7488403,31403129.0,0.0,91.84245,427353497.0,0.0,0.0,0.0,0.0,465311497.0,3.9354706,4596.0,116784.0,0.0,0.8473376,14600.0,1723044.0,0.0,0.0,0.0,0.0,0.0,dataset_2023.csv,202309,True,False
2023,9,La Libertad,Trujillo,Victor Larco Herrera,MOVISTAR,4.6447906,4794.0,0.73318964,2637.0,12.627111,69775.0,3.312736,6076.0,0.0,0.0,0.0,0.0,165.60883,3079.0,78.339294,81741.0,0.0,0.0,3.3081775,3032315.0,0.0,96.471016,88426481.0,0.0,0.0,0.0,0.0,91661193.0,3.769716,478.0,12680.0,0.0,0.6842029,2277.0,332796.0,0.0,0.0,0.0,0.0,0.0,dataset_2023.csv,202309,True,False
2023,9,Lambayeque,Chiclayo,Chiclayo,MOVISTAR,4.403816,11781.0,0.67376834,6580.0,11.611894,225642.0,3.8338358,18464.0,0.0,0.0,0.0,0.0,200.38406,10861.0,80.72674,250912.0,0.0,0.0,4.348057,13313313.0,0.0,95.01459,290925101.0,0.0,0.0,0.0,0.0,306189937.0,4.27908,1935.0,45220.0,0.0,0.7453726,7685.0,1031028.0,0.0,0.0,0.0,0.0,0.0,dataset_2023.csv,202309,True,False
2023,9,Lambayeque,Chiclayo,Jose Leonardo Ortiz,MOVISTAR,3.8293035,4780.0,0.7320034,1989.0,10.984133,68468.0,3.4634826,5528.0,0.0,0.0,0.0,0.0,198.68582,4487.0,81.99051,68043.0,0.0,0.0,4.545706,4639999.0,0.0,94.789734,96755998.0,0.0,0.0,0.0,0.0,102074340.0,3.3178177,613.0,18476.0,0.0,0.82323647,2321.0,281936.0,0.0,0.0,0.0,0.0,0.0,dataset_2023.csv,202309,True,False
2023,9,Lambayeque,Chiclayo,La Victoria,MOVISTAR,3.570362,4510.0,0.71955067,1479.0,10.543329,48956.0,3.5843852,4969.0,0.0,0.0,0.0,0.0,217.17014,3419.0,81.47743,54356.0,0.0,0.0,6.190956,5015207.0,0.0,93.33591,75610111.0,0.0,0.0,0.0,0.0,81008602.0,3.308929,461.0,13932.0,0.0,0.6697228,1496.0,223376.0,0.0,0.0,0.0,0.0,0.0,dataset_2023.csv,202309,True,False
2023,9,Lambayeque,Chiclayo,Pimentel,MOVISTAR,4.513125,3789.0,0.7025505,2786.0,11.779267,62472.0,3.296949,5587.0,0.0,0.0,0.0,0.0,194.7027,2742.0,79.36904,64823.0,0.0,0.0,3.4022243,2757726.0,0.0,94.752686,76803267.0,0.0,0.0,0.0,0.0,81056562.0,3.3769448,382.0,11312.0,0.0,0.60296774,1601.0,265520.0,0.0,0.0,0.0,0.0,0.0,dataset_2023.csv,202309,True,False
2023,9,Lima,Cañete,Asia,MOVISTAR,3.7859395,5377.0,0.8255569,1296.0,12.829848,51668.0,3.6743155,4364.0,0.0,0.0,0.0,0.0,269.2904,4134.0,76.855385,45046.0,0.0,0.0,14.238283,6489904.0,0.0,83.27771,37958533.0,0.0,0.0,0.0,0.0,45580665.0,2.6085956,454.0,17404.0,0.0,0.83154273,1548.0,186160.0,0.0,0.0,0.0,0.0,0.0,dataset_2023.csv,202309,True,False
2023,9,Lima,Cañete,Cerro Azul,MOVISTAR,5.288502,1965.0,1.1304257,445.0,10.365357,22226.0,4.6307983,2933.0,0.0,0.0,0.0,0.0,224.31395,812.0,75.19238,16476.0,0.0,0.0,3.5264804,684619.0,0.0,95.52386,18544679.0,0.0,0.0,0.0,0.0,19413662.0,3.1433609,107.0,3404.0,0.0,0.6794612,456.0,67112.0,0.0,0.0,0.0,0.0,0.0,dataset_2023.csv,202309,True,False
2023,9,Lima,Cañete,Chilca,MOVISTAR,3.3778965,2973.0,0.70224965,760.0,8.208378,21094.0,3.4023232,1797.0,0.0,0.0,0.0,0.0,303.7566,1784.0,78.7933,21519.0,0.0,0.0,6.328805,1541420.0,0.0,92.472176,22522176.0,0.0,0.0,0.0,0.0,24355625.0,3.4167097,265.0,7756.0,0.0,1.0671138,961.0,90056.0,0.0,0.0,0.0,0.0,0.0,dataset_2023.csv,202309,True,False
2023,9,Lima,Cañete,Mala,MOVISTAR,3.3520455,10298.0,0.68183416,1755.0,7.6340723,62753.0,4.615783,5128.0,0.0,0.0,0.0,0.0,261.0483,4050.0,76.58809,75373.0,0.0,0.0,7.9885154,7215392.0,0.0,91.22562,82396856.0,0.0,0.0,0.0,0.0,90322063.0,3.9418848,681.0,17276.0,0.0,0.8079738,2517.0,311520.0,0.0,0.0,0.0,0.0,0.0,dataset_2023.csv,202309,True,False
2023,9,Lima,Huaura,Huaura,MOVISTAR,3.0594501,1623.0,0.5100771,561.0,10.045979,14842.0,2.7501643,675.0,0.0,0.0,0.0,0.0,304.3004,1545.0,75.43485,16169.0,0.0,0.0,9.445553,2170621.0,0.0,80.75191,18557071.0,0.0,0.0,0.0,0.0,22980349.0,4.1250734,281.0,6812.0,0.0,1.2843184,857.0,66728.0,0.0,0.0,0.0,0.0,0.0,dataset_2023.csv,202309,True,False
2023,9,Lima,Lima,Barranco,MOVISTAR,4.899637,1432.0,0.73862946,498.0,13.142123,46005.0,3.977674,3118.0,0.0,0.0,0.0,0.0,175.53699,1166.0,73.88986,46671.0,0.0,0.0,3.2904499,1708265.0,0.0,91.8964,47708797.0,0.0,0.0,0.0,0.0,51915849.0,2.9640229,145.0,4892.0,0.0,0.6316792,1194.0,189020.0,0.0,0.0,0.0,0.0,0.0,dataset_2023.csv,202309,True,False
2023,9,Lima,Lima,Breña,MOVISTAR,4.9809594,15174.0,0.76370203,3204.0,10.249679,119371.0,2.9117715,9495.0,0.0,0.0,0.0,0.0,279.20718,6179.0,75.35118,135276.0,0.0,0.0,4.486221,6529020.0,0.0,94.69995,137821538.0,0.0,0.0,0.0,0.0,145534967.0,4.3588595,1168.0,26796.0,0.0,0.79331803,4390.0,553372.0,0.0,0.0,0.0,0.0,0.0,dataset_2023.csv,202309,True,False
2023,9,Lima,Lima,Carabayllo,MOVISTAR,5.1436596,33613.0,1.6166232,12593.0,10.422202,222418.0,4.209156,25839.0,0.0,0.0,0.0,0.0,304.5215,13545.0,76.355995,198951.0,0.0,0.0,7.7081103,23193330.0,0.0,90.93308,273613244.0,0.0,0.0,0.0,0.0,300895156.0,3.703767,2163.0,58400.0,0.0,0.77172554,6320.0,818944.0,0.0,0.0,0.0,0.0,0.0,dataset_2023.csv,202309,True,False
2023,9,Lima,Lima,Comas,MOVISTAR,3.8382978,53882.0,0.84308195,14812.0,10.267594,306278.0,3.5074573,25328.0,0.0,0.0,0.0,0.0,303.13074,35165.0,77.34461,331837.0,0.0,0.0,10.393998,54902589.0,0.0,87.76628,463594110.0,0.0,0.0,0.0,0.0,528214360.0,3.8414602,5918.0,154056.0,0.0,1.160426,16057.0,1383716.0,0.0,0.0,0.0,0.0,0.0,dataset_2023.csv,202309,True,False
2023,9,Lima,Lima,El Agustino,MOVISTAR,3.024013,12621.0,0.7588455,3169.0,9.359148,96461.0,3.9995341,6953.0,0.0,0.0,0.0,0.0,330.78787,7168.0,74.93412,113869.0,0.0,0.0,9.431702,14489446.0,0.0,88.49307,135947431.0,0.0,0.0,0.0,0.0,153624943.0,6.0814095,2002.0,32920.0,0.0,1.1238477,5306.0,472128.0,0.0,0.0,0.0,0.0,0.0,dataset_2023.csv,202309,True,False
2023,9,Lima,Lima,Independencia,MOVISTAR,3.1956706,21281.0,0.90052456,4635.0,10.359589,153077.0,3.795784,11862.0,0.0,0.0,0.0,0.0,287.6407,9392.0,76.39991,168259.0,0.0,0.0,6.747389,13941255.0,0.0,91.11903,188267460.0,0.0,0.0,0.0,0.0,206617043.0,4.687349,1940.0,41388.0,0.0,1.1386788,7959.0,698968.0,0.0,0.0,0.0,0.0,0.0,dataset_2023.csv,202309,True,False
2023,9,Lima,Lima,Los Olivos,MOVISTAR,4.1489024,37125.0,0.7981864,9279.0,10.781853,252474.0,3.64005,21560.0,0.0,0.0,0.0,0.0,273.04663,18846.0,76.30541,319651.0,0.0,0.0,7.749915,33709214.0,0.0,91.03362,395961996.0,0.0,0.0,0.0,0.0,434962376.0,3.9837716,3260.0,81832.0,0.0,0.91918904,12123.0,1318880.0,0.0,0.0,0.0,0.0,0.0,dataset_2023.csv,202309,True,False
2023,9,Lima,Lima,Puente Piedra,MOVISTAR,3.50092,19692.0,0.8070289,5103.0,10.445403,174656.0,3.903935,15773.0,0.0,0.0,0.0,0.0,286.4297,8810.0,76.33992,180372.0,0.0,0.0,7.4338264,17587880.0,0.0,90.874916,215003282.0,0.0,0.0,0.0,0.0,236592558.0,4.697452,1829.0,38936.0,0.0,0.88611454,6632.0,748436.0,0.0,0.0,0.0,0.0,0.0,dataset_2023.csv,202309,True,False
2023,9,Lima,Lima,Punta Negra,MOVISTAR,5.747615,3121.0,0.7344327,657.0,10.685524,12110.0,4.522989,1126.0,0.0,0.0,0.0,0.0,258.1567,2264.0,76.66208,9693.0,0.0,0.0,12.25036,1203392.0,0.0,87.07443,8553600.0,0.0,0.0,0.0,0.0,9823320.0,1.1417493,106.0,9284.0,0.0,0.9964682,395.0,39640.0,0.0,0.0,0.0,0.0,0.0,dataset_2023.csv,202309,True,False
2023,9,Lima,Lima,San Juan De Lurigancho,MOVISTAR,3.436708,59890.0,0.7859166,15255.0,9.953348,467373.0,3.412596,34367.0,0.0,0.0,0.0,0.0,278.63068,30730.0,75.248474,500655.0,0.0,0.0,8.15969,58892401.0,0.0,89.50355,645990090.0,0.0,0.0,0.0,0.0,721748022.0,4.062109,5452.0,134216.0,0.0,1.0331628,21393.0,2070632.0,0.0,0.0,0.0,0.0,0.0,dataset_2023.csv,202309,True,False
2023,9,Lima,Lima,San Luis,MOVISTAR,4.2099,8285.0,0.7392352,2426.0,10.910719,87506.0,3.8504705,6818.0,0.0,0.0,0.0,0.0,268.7443,8127.0,75.6232,109190.0,0.0,0.0,8.73682,9232564.0,0.0,90.24186,95362354.0,0.0,0.0,0.0,0.0,105674188.0,3.516881,1225.0,34832.0,0.0,0.83307946,3719.0,446416.0,0.0,0.0,0.0,0.0,0.0,dataset_2023.csv,202309,True,False
2023,9,Lima,Lima,San Martin De Porres,MOVISTAR,3.6158695,57251.0,0.87774813,15354.0,9.724819,427458.0,3.5930758,33805.0,0.0,0.0,0.0,0.0,299.0569,35605.0,75.75801,483672.0,0.0,0.0,10.098565,73239121.0,0.0,88.39279,641062435.0,0.0,0.0,0.0,0.0,725242872.0,3.704431,5658.0,152736.0,0.0,0.9019171,17983.0,1993864.0,0.0,0.0,0.0,0.0,0.0,dataset_2023.csv,202309,True,False
2023,9,Piura,Piura,Castilla,MOVISTAR,4.1492753,7805.0,0.7429879,3471.0,10.051635,126933.0,3.4481714,9748.0,0.0,0.0,0.0,0.0,213.2349,7338.0,83.93253,150549.0,0.0,0.0,3.5359557,6157946.0,0.0,95.47362,166269441.0,0.0,0.0,0.0,0.0,174152237.0,4.4169383,1356.0,30700.0,0.0,1.016635,6373.0,626872.0,0.0,0.0,0.0,0.0,0.0,dataset_2023.csv,202309,True,False
2023,9,Piura,Piura,Catacaos,MOVISTAR,3.4181023,1150.0,0.85634375,798.0,9.0679655,38768.0,2.938005,2065.0,0.0,0.0,0.0,0.0,185.0336,1162.0,83.36314,38326.0,0.0,0.0,1.5472153,775274.0,0.0,97.88858,49049717.0,0.0,0.0,0.0,0.0,50107700.0,4.51249,224.0,4964.0,0.0,0.8667382,1389.0,160256.0,0.0,0.0,0.0,0.0,0.0,dataset_2023.csv,202309,True,False
2023,9,Piura,Piura,Piura,MOVISTAR,3.9677012,7425.0,0.69680864,3990.0,10.181738,187902.0,3.171674,12915.0,0.0,0.0,0.0,0.0,195.79114,8295.0,84.68352,222714.0,0.0,0.0,3.2883852,7535433.0,0.0,96.14924,220328866.0,0.0,0.0,0.0,0.0,229152999.0,3.7979095,1308.0,34440.0,0.0,0.89710116,8274.0,922304.0,0.0,0.0,0.0,0.0,0.0,dataset_2023.csv,202309,True,False
2023,9,Piura,Piura,Veintiseis De Octubre,MOVISTAR,3.63598,4199.0,0.84843147,2424.0,9.774282,101931.0,3.3269348,8633.0,0.0,0.0,0.0,0.0,205.80629,3445.0,85.88213,116687.0,0.0,0.0,2.0883598,3219840.0,0.0,97.45369,150254412.0,0.0,0.0,0.0,0.0,154180321.0,4.5800996,661.0,14432.0,0.0,1.2016293,5900.0,491000.0,0.0,0.0,0.0,0.0,0.0,dataset_2023.csv,202309,True,False
2023,9,Puno,Puno,Puno,MOVISTAR,3.5766602,22848.0,0.8207881,7915.0,9.828784,256728.0,4.1087513,20272.0,0.0,0.0,0.0,0.0,252.80467,16029.0,86.99219,258578.0,0.0,0.0,5.0375504,14956630.0,0.0,93.972946,279008343.0,0.0,0.0,0.0,0.0,296902832.0,6.497054,4543.0,69924.0,0.0,0.9575014,10299.0,1075612.0,0.0,0.0,0.0,0.0,0.0,dataset_2023.csv,202309,True,False
2023,9,Puno,San Roman,Caracoto,MOVISTAR,2.656718,1764.0,0.7700605,727.0,8.1841345,18888.0,4.0197854,1379.0,0.0,0.0,0.0,0.0,267.15448,1006.0,84.48728,12095.0,0.0,0.0,5.6522546,780638.0,0.0,93.70745,12942020.0,0.0,0.0,0.0,0.0,13811090.0,7.0783134,329.0,4648.0,0.0,1.1539977,586.0,50780.0,0.0,0.0,0.0,0.0,0.0,dataset_2023.csv,202309,True,False
2023,9,Puno,San Roman,Juliaca,MOVISTAR,3.7533252,24330.0,0.75159615,8073.0,8.4292755,287503.0,3.748597,21490.0,0.0,0.0,0.0,0.0,261.66843,16637.0,85.15792,275359.0,0.0,0.0,4.6616063,14190668.0,0.0,94.46247,287558725.0,0.0,0.0,0.0,0.0,304415837.0,7.243353,5416.0,74772.0,0.0,1.4854486,17446.0,1174460.0,0.0,0.0,0.0,0.0,0.0,dataset_2023.csv,202309,True,False
2023,9,Puno,San Roman,San Miguel,MOVISTAR,3.085328,6568.0,0.7900198,2228.0,7.9020476,36977.0,4.317391,2967.0,0.0,0.0,0.0,0.0,232.01286,4023.0,86.53437,32209.0,0.0,0.0,7.5757136,3141884.0,0.0,91.282,37857481.0,0.0,0.0,0.0,0.0,41473109.0,5.8139534,1030.0,17716.0,0.0,1.6082335,2233.0,138848.0,0.0,0.0,0.0,0.0,0.0,dataset_2023.csv,202309,True,False
2023,9,San Martin,Moyobamba,Moyobamba,MOVISTAR,3.932912,9206.0,1.0560546,1191.0,10.911425,63097.0,3.7624352,7643.0,0.0,0.0,0.0,0.0,371.68173,2433.0,91.85313,66822.0,0.0,0.0,6.420832,4658796.0,0.0,92.832375,67356861.0,0.0,0.0,0.0,0.0,72557511.0,6.1961207,690.0,11136.0,0.0,1.071408,2984.0,278512.0,0.0,0.0,0.0,0.0,0.0,dataset_2023.csv,202309,True,False
2023,9,Tacna,Candarave,Camilaca,MOVISTAR,4.7708263,1321.0,1.8039457,414.0,7.7819657,1723.0,4.5365396,520.0,0.0,0.0,0.0,0.0,149.27972,1168.0,97.97161,1768.0,0.0,0.0,23.403133,648194.0,0.0,62.57215,1733054.0,0.0,0.0,0.0,0.0,2769689.0,2.1440465,103.0,4804.0,0.0,1.068038,81.0,7584.0,0.0,0.0,0.0,0.0,0.0,dataset_2023.csv,202309,True,False
2023,9,Tumbes,Contralmirante Villar,Canoas De Punta Sal,MOVISTAR,4.0578885,1052.0,0.0,0.0,14.128096,12496.0,3.3427067,696.0,0.0,0.0,0.0,0.0,168.30212,1166.0,82.74986,17803.0,0.0,0.0,4.016475,618874.0,0.0,93.74887,14445188.0,0.0,0.0,0.0,0.0,15408386.0,3.4762697,167.0,4804.0,0.0,0.34968916,252.0,72064.0,0.0,0.0,0.0,0.0,0.0,dataset_2023.csv,202309,True,False
2023,9,Tumbes,Tumbes,Tumbes,MOVISTAR,4.3663597,2993.0,0.75419486,1398.0,11.153516,53514.0,4.257347,5594.0,0.0,0.0,0.0,0.0,211.42284,2822.0,86.52385,68030.0,0.0,0.0,3.1494296,2601364.0,0.0,96.24258,79494392.0,0.0,0.0,0.0,0.0,82597945.0,3.8303695,448.0,11696.0,0.0,0.48645267,1353.0,278136.0,0.0,0.0,0.0,0.0,0.0,dataset_2023.csv,202309,True,False
2023,10,Arequipa,Arequipa,Alto Selva Alegre,MOVISTAR,4.2316165,2508.0,0.6332366,772.0,9.493455,46642.0,2.156025,4560.0,0.0,0.0,0.0,0.0,217.37253,2356.0,81.18268,50479.0,0.0,0.0,4.2995257,3059283.0,0.0,94.80547,67457850.0,0.0,0.0,0.0,0.0,71153964.0,5.06,506.0,10000.0,0.0,1.0382961,2182.0,210152.0,0.0,0.0,0.0,0.0,0.0,dataset_2023.csv,202310,True,False
2023,10,Arequipa,Arequipa,Cayma,MOVISTAR,3.7499962,4757.0,0.6859597,1915.0,8.919432,67352.0,2.9836218,4636.0,0.0,0.0,0.0,0.0,201.14336,5154.0,80.29694,84260.0,0.0,0.0,6.5725594,7902448.0,0.0,91.64385,110187029.0,0.0,0.0,0.0,0.0,120233956.0,5.9150567,1298.0,21944.0,0.0,1.2699863,4448.0,350240.0,0.0,0.0,0.0,0.0,0.0,dataset_2023.csv,202310,True,False
2023,10,Arequipa,Arequipa,Jacobo Hunter,MOVISTAR,3.739515,2246.0,0.7421918,993.0,9.932203,45158.0,3.379954,4714.0,0.0,0.0,0.0,0.0,208.21803,1891.0,81.64355,51196.0,0.0,0.0,4.308682,3007216.0,0.0,94.68258,66083076.0,0.0,0.0,0.0,0.0,69794335.0,4.313774,347.0,8044.0,0.0,1.3808788,2969.0,215008.0,0.0,0.0,0.0,0.0,0.0,dataset_2023.csv,202310,True,False
2023,10,Arequipa,Arequipa,Jose Luis Bustamante Y Rivero,MOVISTAR,3.9867728,6529.0,0.71276647,2390.0,9.025182,99551.0,2.8168278,7086.0,0.0,0.0,0.0,0.0,216.2291,6220.0,81.636566,136441.0,0.0,0.0,5.584452,8918581.0,0.0,93.18052,148812799.0,0.0,0.0,0.0,0.0,159703772.0,4.555133,1198.0,26300.0,0.0,1.0134444,5744.0,566780.0,0.0,0.0,0.0,0.0,0.0,dataset_2023.csv,202310,True,False
2023,10,Arequipa,Arequipa,Mariano Melgar,MOVISTAR,4.013987,2881.0,0.6919485,993.0,10.085776,47819.0,3.035381,3156.0,0.0,0.0,0.0,0.0,213.24797,2594.0,80.075,60022.0,0.0,0.0,2.7866056,2153676.0,0.0,96.97027,74945137.0,0.0,0.0,0.0,0.0,77286720.0,3.9630735,425.0,10724.0,0.0,1.384828,3467.0,250356.0,0.0,0.0,0.0,0.0,0.0,dataset_2023.csv,202310,True,False
2023,10,Arequipa,Arequipa,Miraflores,MOVISTAR,3.5539525,2604.0,0.755929,859.0,11.809519,57330.0,4.07575,3836.0,0.0,0.0,0.0,0.0,186.01506,3070.0,79.162186,68629.0,0.0,0.0,3.079514,2395086.0,0.0,96.5768,75112418.0,0.0,0.0,0.0,0.0,77774807.0,4.784429,617.0,12896.0,0.0,1.019233,2885.0,283056.0,0.0,0.0,0.0,0.0,0.0,dataset_2023.csv,202310,True,False
2023,10,Arequipa,Arequipa,Paucarpata,MOVISTAR,4.2102776,10969.0,0.7859003,3382.0,10.708123,137505.0,3.4751155,8010.0,0.0,0.0,0.0,0.0,189.20271,7921.0,80.59598,127156.0,0.0,0.0,4.71138,6719151.0,0.0,95.00257,135488241.0,0.0,0.0,0.0,0.0,142615345.0,3.543956,1161.0,32760.0,0.0,0.96396977,5078.0,526780.0,0.0,0.0,0.0,0.0,0.0,dataset_2023.csv,202310,True,False
2023,10,Arequipa,Arequipa,Sachaca,MOVISTAR,4.243133,1505.0,0.7199282,648.0,11.708924,28139.0,3.4293177,2235.0,0.0,0.0,0.0,0.0,205.59879,1235.0,80.70253,25583.0,0.0,0.0,5.029883,1170397.0,0.0,92.49156,21521744.0,0.0,0.0,0.0,0.0,23268872.0,5.5409465,295.0,5324.0,0.0,1.0560079,1126.0,106628.0,0.0,0.0,0.0,0.0,0.0,dataset_2023.csv,202310,True,False
2023,10,Arequipa,Arequipa,Socabaya,MOVISTAR,3.2717755,2049.0,0.6021692,664.0,9.42057,36595.0,2.5525844,1927.0,0.0,0.0,0.0,0.0,181.42409,2072.0,81.79505,41673.0,0.0,0.0,4.454136,2888134.0,0.0,95.13116,61684588.0,0.0,0.0,0.0,0.0,64841623.0,4.6695733,407.0,8716.0,0.0,1.3155493,2306.0,175288.0,0.0,0.0,0.0,0.0,0.0,dataset_2023.csv,202310,True,False
2023,10,Arequipa,Arequipa,Tiabaya,MOVISTAR,3.6373527,1381.0,0.65699065,566.0,8.78684,20918.0,2.6266499,929.0,0.0,0.0,0.0,0.0,187.03131,1388.0,81.019104,19129.0,0.0,0.0,4.8803186,1192601.0,0.0,93.938095,22955605.0,0.0,0.0,0.0,0.0,24436949.0,4.086207,237.0,5800.0,0.0,0.85056365,673.0,79124.0,0.0,0.0,0.0,0.0,0.0,dataset_2023.csv,202310,True,False
2023,10,Arequipa,Arequipa,Yanahuara,MOVISTAR,3.8620934,1892.0,0.69032633,705.0,11.876763,32488.0,2.6848512,1536.0,0.0,0.0,0.0,0.0,190.46132,2134.0,79.41111,45846.0,0.0,0.0,2.5460498,1423413.0,0.0,94.9956,53108923.0,0.0,0.0,0.0,0.0,55906722.0,4.465869,403.0,9024.0,0.0,1.2973706,2469.0,190308.0,0.0,0.0,0.0,0.0,0.0,dataset_2023.csv,202310,True,False
2023,10,Ayacucho,Huamanga,Carmen Alto,MOVISTAR,2.8643022,4472.0,0.4728115,930.0,8.549798,20886.0,2.842735,674.0,0.0,0.0,0.0,0.0,233.4111,3335.0,78.35865,18570.0,0.0,0.0,8.144629,1845026.0,0.0,87.635666,19852358.0,0.0,0.0,0.0,0.0,22653286.0,3.426184,492.0,14360.0,0.0,1.3031956,1013.0,77732.0,0.0,0.0,0.0,0.0,0.0,dataset_2023.csv,202310,True,False
2023,10,Cajamarca,Celendin,Celendin,MOVISTAR,3.6154277,516.0,0.0,0.0,6.031417,6211.0,0.0,0.0,0.0,0.0,0.0,0.0,262.9958,816.0,82.30267,9277.0,0.0,0.0,12.903156,1430479.0,0.0,84.09504,9323005.0,0.0,0.0,0.0,0.0,11086272.0,5.4310346,189.0,3480.0,0.0,0.93730474,360.0,38408.0,0.0,0.0,0.0,0.0,0.0,dataset_2023.csv,202310,True,False
2023,10,Cajamarca,Santa Cruz,Santa Cruz,MOVISTAR,3.5391119,885.0,0.0,0.0,7.489323,13355.0,2.9257116,912.0,0.0,0.0,0.0,0.0,238.37433,974.0,88.90193,14254.0,0.0,0.0,8.305647,886940.0,0.0,89.8964,9599820.0,0.0,0.0,0.0,0.0,10678759.0,6.962928,293.0,4208.0,0.0,1.2084492,730.0,60408.0,0.0,0.0,0.0,0.0,0.0,dataset_2023.csv,202310,True,False
2023,10,Callao,Callao,Mi Peru,MOVISTAR,3.9078698,7616.0,1.3843932,2282.0,8.045368,19676.0,3.617229,2529.0,0.0,0.0,0.0,0.0,270.22305,2113.0,76.63406,27095.0,0.0,0.0,6.799473,3504481.0,0.0,92.16607,47502834.0,0.0,0.0,0.0,0.0,51540480.0,3.7271142,342.0,9176.0,0.0,1.0418876,1179.0,113160.0,0.0,0.0,0.0,0.0,0.0,dataset_2023.csv,202310,True,False
2023,10,Cusco,Acomayo,Pomacanchi,MOVISTAR,0.0,0.0,0.0,0.0,13.625662,955.0,0.0,0.0,0.0,0.0,0.0,0.0,0.0,0.0,86.13017,2547.0,0.0,0.0,2.9635031,48799.0,0.0,88.050644,1449900.0,0.0,0.0,0.0,0.0,1646666.0,0.0,0.0,0.0,0.0,0.31225604,32.0,10248.0,0.0,0.0,0.0,0.0,0.0,dataset_2023.csv,202310,False,True
2023,10,Cusco,Cusco,Cusco,MOVISTAR,3.2339442,9707.0,0.61874384,3436.0,8.453286,91349.0,3.640302,6650.0,0.0,0.0,0.0,0.0,267.74734,7949.0,89.19902,119348.0,0.0,0.0,8.566914,12033887.0,0.0,88.01015,123627281.0,0.0,0.0,0.0,0.0,140469344.0,7.7533407,2785.0,35920.0,0.0,2.593037,13576.0,523556.0,0.0,0.0,0.0,0.0,0.0,dataset_2023.csv,202310,True,False
2023,10,Cusco,Cusco,San Jeronimo,MOVISTAR,4.111533,10171.0,0.71618164,3310.0,8.992236,59974.0,3.7012722,3960.0,0.0,0.0,0.0,0.0,242.98662,5969.0,85.98988,61788.0,0.0,0.0,8.556427,7415145.0,0.0,90.46437,78397960.0,0.0,0.0,0.0,0.0,86661696.0,5.2152963,1342.0,25732.0,0.0,1.3260489,3449.0,260096.0,0.0,0.0,0.0,0.0,0.0,dataset_2023.csv,202310,True,False
2023,10,Cusco,Cusco,San Sebastian,MOVISTAR,3.75898,6979.0,0.88393676,2607.0,8.381458,69166.0,3.458965,5538.0,0.0,0.0,0.0,0.0,239.39227,6081.0,89.29277,81182.0,0.0,0.0,7.8499365,9399063.0,0.0,90.56008,108431447.0,0.0,0.0,0.0,0.0,119734259.0,6.5033526,1707.0,26248.0,0.0,2.5052192,8832.0,352544.0,0.0,0.0,0.0,0.0,0.0,dataset_2023.csv,202310,True,False
2023,10,Cusco,Cusco,Santiago,MOVISTAR,3.6942794,5148.0,0.67563236,1862.0,9.481541,58461.0,3.4909725,4473.0,0.0,0.0,0.0,0.0,246.72911,3757.0,89.18243,75555.0,0.0,0.0,4.453727,3630500.0,0.0,93.79083,76454533.0,0.0,0.0,0.0,0.0,81516000.0,6.633025,1091.0,16448.0,0.0,2.9873705,9594.0,321152.0,0.0,0.0,0.0,0.0,0.0,dataset_2023.csv,202310,True,False
2023,10,Cusco,Cusco,Wanchaq,MOVISTAR,3.406304,7940.0,0.7210221,2892.0,8.337417,82483.0,3.2163625,5635.0,0.0,0.0,0.0,0.0,244.44641,6798.0,88.152855,121957.0,0.0,0.0,4.94797,6316701.0,0.0,93.850876,119812355.0,0.0,0.0,0.0,0.0,127662482.0,6.291051,1839.0,29232.0,0.0,1.9391685,10132.0,522492.0,0.0,0.0,0.0,0.0,0.0,dataset_2023.csv,202310,True,False
2023,10,Cusco,La Convencion,Echarate,MOVISTAR,3.5517066,945.0,0.0,0.0,8.890772,13666.0,4.6775327,1449.0,0.0,0.0,0.0,0.0,400.8273,819.0,89.44245,14271.0,0.0,0.0,4.7236323,1185147.0,0.0,53.699,13472939.0,0.0,0.0,0.0,0.0,25089738.0,6.4540057,261.0,4044.0,0.0,1.3060398,839.0,64240.0,0.0,0.0,0.0,0.0,0.0,dataset_2023.csv,202310,True,False
2023,10,Huancavelica,Tayacaja,Pampas,MOVISTAR,3.075273,549.0,0.0,0.0,11.630613,15867.0,4.77789,792.0,0.0,0.0,0.0,0.0,285.38904,1087.0,76.291466,18926.0,0.0,0.0,3.6648262,653559.0,0.0,95.56087,17041645.0,0.0,0.0,0.0,0.0,17833288.0,6.2657166,299.0,4772.0,0.0,1.0395589,822.0,79072.0,0.0,0.0,0.0,0.0,0.0,dataset_2023.csv,202310,True,False
2023,10,Ica,Chincha,Alto Laran,MOVISTAR,6.1196113,2023.0,1.2741269,848.0,9.880943,19226.0,2.9673567,633.0,0.0,0.0,0.0,0.0,177.13818,1548.0,73.50333,15502.0,0.0,0.0,9.271618,1342366.0,0.0,89.41952,12946362.0,0.0,0.0,0.0,0.0,14478228.0,3.783102,240.0,6344.0,0.0,0.72315353,459.0,63472.0,0.0,0.0,0.0,0.0,0.0,dataset_2023.csv,202310,True,False
2023,10,Ica,Chincha,Chincha Alta,MOVISTAR,5.7060184,10540.0,1.105066,3637.0,11.008888,151165.0,3.495855,9911.0,0.0,0.0,0.0,0.0,185.89429,7250.0,72.28452,163214.0,0.0,0.0,2.9828713,5030471.0,0.0,96.77197,163201347.0,0.0,0.0,0.0,0.0,168645263.0,3.4897103,1031.0,29544.0,0.0,0.6822907,4555.0,667604.0,0.0,0.0,0.0,0.0,0.0,dataset_2023.csv,202310,True,False
2023,10,Ica,Chincha,Chincha Baja,MOVISTAR,2.636034,5509.0,0.52795756,1397.0,8.726924,15550.0,2.8492625,634.0,0.0,0.0,0.0,0.0,244.77777,4435.0,77.85661,18128.0,0.0,0.0,16.64922,3367154.0,0.0,81.61186,16505260.0,0.0,0.0,0.0,0.0,20224095.0,7.10292,1372.0,19316.0,0.0,1.213902,913.0,75212.0,0.0,0.0,0.0,0.0,0.0,dataset_2023.csv,202310,True,False
2023,10,Ica,Chincha,El Carmen,MOVISTAR,4.0924697,2046.0,0.9461621,639.0,12.024993,21346.0,4.260778,1183.0,0.0,0.0,0.0,0.0,206.05362,1588.0,71.075226,20601.0,0.0,0.0,16.878225,2828456.0,0.0,81.54841,13665897.0,0.0,0.0,0.0,0.0,16758018.0,4.2865705,286.0,6672.0,0.0,0.56215984,471.0,83784.0,0.0,0.0,0.0,0.0,0.0,dataset_2023.csv,202310,True,False
2023,10,Ica,Chincha,Pueblo Nuevo,MOVISTAR,4.644877,3605.0,0.70798385,1383.0,9.523275,57951.0,3.7578187,5315.0,0.0,0.0,0.0,0.0,186.4231,2565.0,72.8728,60830.0,0.0,0.0,3.9888568,2900348.0,0.0,95.708565,69590904.0,0.0,0.0,0.0,0.0,72711260.0,3.36758,354.0,10512.0,0.0,0.7526692,1878.0,249512.0,0.0,0.0,0.0,0.0,0.0,dataset_2023.csv,202310,True,False
2023,10,Ica,Chincha,Sunampe,MOVISTAR,5.757625,1586.0,0.7281604,695.0,11.478579,44338.0,4.1402807,3100.0,0.0,0.0,0.0,0.0,149.09618,1414.0,72.438034,47556.0,0.0,0.0,2.4390695,1009910.0,0.0,97.39433,40326655.0,0.0,0.0,0.0,0.0,41405546.0,2.3535564,135.0,5736.0,0.0,0.62646264,1210.0,193148.0,0.0,0.0,0.0,0.0,0.0,dataset_2023.csv,202310,True,False
2023,10,Ica,Ica,Ica,MOVISTAR,5.663787,21855.0,0.84759784,7262.0,10.814854,250590.0,2.9799178,20544.0,0.0,0.0,0.0,0.0,175.24527,17666.0,73.56489,300495.0,0.0,0.0,5.6747174,18276251.0,0.0,93.55027,301292211.0,0.0,0.0,0.0,0.0,322064502.0,3.2284906,2328.0,72108.0,0.0,0.8446301,10445.0,1236636.0,0.0,0.0,0.0,0.0,0.0,dataset_2023.csv,202310,True,False
2023,10,Ica,Ica,La Tinguiña,MOVISTAR,5.5469923,1897.0,0.8658385,530.0,9.521847,28599.0,3.7368948,1684.0,0.0,0.0,0.0,0.0,158.74863,1795.0,73.81393,29490.0,0.0,0.0,4.981562,1851156.0,0.0,94.068245,34955899.0,0.0,0.0,0.0,0.0,37160149.0,3.275109,240.0,7328.0,0.0,0.8909181,1083.0,121560.0,0.0,0.0,0.0,0.0,0.0,dataset_2023.csv,202310,True,False
2023,10,Ica,Ica,Parcona,MOVISTAR,3.620784,3243.0,0.63416564,1318.0,10.01934,36733.0,4.4845324,2780.0,0.0,0.0,0.0,0.0,170.50093,2146.0,74.32986,39437.0,0.0,0.0,4.906067,2494551.0,0.0,93.83207,47710089.0,0.0,0.0,0.0,0.0,50846251.0,3.5681818,314.0,8800.0,0.0,0.81857485,1333.0,162844.0,0.0,0.0,0.0,0.0,0.0,dataset_2023.csv,202310,True,False
2023,10,Ica,Ica,Subtanjalla,MOVISTAR,4.86284,1776.0,0.7104782,496.0,8.015013,19346.0,2.51598,1146.0,0.0,0.0,0.0,0.0,210.07948,1440.0,73.97229,26386.0,0.0,0.0,9.229894,3463011.0,0.0,89.82436,33701661.0,0.0,0.0,0.0,0.0,37519510.0,4.339119,260.0,5992.0,0.0,1.0930902,1201.0,109872.0,0.0,0.0,0.0,0.0,0.0,dataset_2023.csv,202310,True,False
2023,10,Junin,Chanchamayo,Chanchamayo,MOVISTAR,3.7423468,2035.0,0.8111111,1021.0,7.537313,20138.0,3.140914,1545.0,0.0,0.0,0.0,0.0,212.4628,2040.0,75.93308,29485.0,0.0,0.0,5.8162293,1867113.0,0.0,92.24101,29611006.0,0.0,0.0,0.0,0.0,32101778.0,4.6184273,397.0,8596.0,0.0,0.94550866,1157.0,122368.0,0.0,0.0,0.0,0.0,0.0,dataset_2023.csv,202310,True,False
2023,10,Junin,Huancayo,Chilca,MOVISTAR,3.587372,5837.0,0.77715194,1807.0,6.7022567,67216.0,3.6131597,8031.0,0.0,0.0,0.0,0.0,271.89502,5559.0,78.241875,76068.0,0.0,0.0,5.1338444,5722629.0,0.0,94.09767,104889444.0,0.0,0.0,0.0,0.0,111468690.0,4.927966,1163.0,23600.0,0.0,1.7025429,5565.0,326864.0,0.0,0.0,0.0,0.0,0.0,dataset_2023.csv,202310,True,False
2023,10,Junin,Huancayo,El Tambo,MOVISTAR,4.212287,20982.0,0.7739616,7655.0,9.720351,348895.0,3.379343,24398.0,0.0,0.0,0.0,0.0,202.11436,16275.0,76.52368,382596.0,0.0,0.0,5.254669,22484869.0,0.0,93.99184,402193560.0,0.0,0.0,0.0,0.0,427902650.0,5.1581283,3536.0,68552.0,0.0,0.97643906,15622.0,1599895.0,0.0,0.0,0.0,0.0,0.0,dataset_2023.csv,202310,True,False
2023,10,Junin,Huancayo,Huancayo,MOVISTAR,4.3570695,15570.0,0.86740565,6023.0,9.206847,236255.0,3.2201877,18734.0,0.0,0.0,0.0,0.0,211.36057,12978.0,76.70285,303934.0,0.0,0.0,4.3397326,14318579.0,0.0,95.16614,313992585.0,0.0,0.0,0.0,0.0,329941507.0,5.554949,3051.0,54924.0,0.0,1.1600419,14771.0,1273316.0,0.0,0.0,0.0,0.0,0.0,dataset_2023.csv,202310,True,False
2023,10,Junin,Huancayo,Pilcomayo,MOVISTAR,3.0782356,1140.0,0.7388006,423.0,6.9094663,22682.0,2.6458032,2157.0,0.0,0.0,0.0,0.0,213.13994,1445.0,77.203125,24866.0,0.0,0.0,10.539409,3355772.0,0.0,88.999435,28337625.0,0.0,0.0,0.0,0.0,31840231.0,6.846204,422.0,6164.0,0.0,1.2265155,1290.0,105176.0,0.0,0.0,0.0,0.0,0.0,dataset_2023.csv,202310,True,False
2023,10,Junin,Huancayo,San Agustin,MOVISTAR,3.4601161,1402.0,0.75219554,500.0,8.792845,39402.0,3.8513355,2593.0,0.0,0.0,0.0,0.0,217.48883,1426.0,77.9499,33878.0,0.0,0.0,2.9984875,1175668.0,0.0,96.722885,37923787.0,0.0,0.0,0.0,0.0,39208702.0,5.7755237,353.0,6112.0,0.0,1.6675323,2440.0,146324.0,0.0,0.0,0.0,0.0,0.0,dataset_2023.csv,202310,True,False
2023,10,Junin,Junin,Carhuamayo,MOVISTAR,4.9022107,9470.0,0.9903834,1696.0,10.192772,30353.0,3.5507255,2683.0,0.0,0.0,0.0,0.0,162.53798,4126.0,72.33298,20967.0,0.0,0.0,16.087328,3352516.0,0.0,82.482635,17188955.0,0.0,0.0,0.0,0.0,20839483.0,2.2055316,370.0,16776.0,0.0,0.49220297,428.0,86956.0,0.0,0.0,0.0,0.0,0.0,dataset_2023.csv,202310,True,False
2023,10,La Libertad,Trujillo,El Porvenir,MOVISTAR,3.104105,5342.0,0.6747188,1835.0,8.25502,65778.0,3.357137,5396.0,0.0,0.0,0.0,0.0,250.48053,4689.0,80.717766,70762.0,0.0,0.0,6.522351,7817330.0,0.0,92.830635,111261676.0,0.0,0.0,0.0,0.0,119854485.0,7.1069427,1470.0,20684.0,0.0,1.359802,4088.0,300632.0,0.0,0.0,0.0,0.0,0.0,dataset_2023.csv,202310,True,False
2023,10,La Libertad,Trujillo,La Esperanza,MOVISTAR,4.0884423,7997.0,0.9613182,3424.0,9.012568,89685.0,3.4096315,10068.0,0.0,0.0,0.0,0.0,220.6898,6303.0,78.23194,110295.0,0.0,0.0,6.9537673,9994513.0,0.0,92.44006,132862280.0,0.0,0.0,0.0,0.0,143728031.0,5.898669,1595.0,27040.0,0.0,1.0212685,4700.0,460212.0,0.0,0.0,0.0,0.0,0.0,dataset_2023.csv,202310,True,False
2023,10,La Libertad,Trujillo,Moche,MOVISTAR,3.471247,1921.0,0.7368811,970.0,8.487272,25546.0,3.389606,2253.0,0.0,0.0,0.0,0.0,206.94572,1223.0,77.46169,29365.0,0.0,0.0,3.4204085,1076689.0,0.0,95.96146,30207107.0,0.0,0.0,0.0,0.0,31478375.0,6.9148936,364.0,5264.0,0.0,0.8353715,1011.0,121024.0,0.0,0.0,0.0,0.0,0.0,dataset_2023.csv,202310,True,False
2023,10,La Libertad,Trujillo,Trujillo,MOVISTAR,4.5947146,40238.0,0.71372277,14369.0,11.55875,429693.0,3.4323988,36849.0,0.0,0.0,0.0,0.0,194.377,32444.0,77.45898,486044.0,0.0,0.0,5.840829,30698408.0,0.0,93.16278,489647801.0,0.0,0.0,0.0,0.0,525583076.0,4.1487775,5566.0,134160.0,0.0,0.7220742,14386.0,1992316.0,0.0,0.0,0.0,0.0,0.0,dataset_2023.csv,202310,True,False
2023,10,La Libertad,Trujillo,Victor Larco Herrera,MOVISTAR,4.8382845,5490.0,0.7300018,2722.0,12.595555,78242.0,3.120816,7206.0,0.0,0.0,0.0,0.0,183.0934,4330.0,76.91309,96876.0,0.0,0.0,4.0274405,4014360.0,0.0,95.70495,95394116.0,0.0,0.0,0.0,0.0,99675220.0,3.343448,595.0,17796.0,0.0,0.6458264,2556.0,395772.0,0.0,0.0,0.0,0.0,0.0,dataset_2023.csv,202310,True,False
2023,10,Lambayeque,Chiclayo,Chiclayo,MOVISTAR,3.9978747,15911.0,0.67418516,9105.0,10.91961,249650.0,3.3866313,19781.0,0.0,0.0,0.0,0.0,188.61505,12979.0,79.62868,282336.0,0.0,0.0,4.566279,15279518.0,0.0,94.709496,316913516.0,0.0,0.0,0.0,0.0,334616404.0,4.8391876,2612.0,53976.0,0.0,0.68128216,7915.0,1161780.0,0.0,0.0,0.0,0.0,0.0,dataset_2023.csv,202310,True,False
2023,10,Lambayeque,Chiclayo,Jose Leonardo Ortiz,MOVISTAR,4.6017175,7433.0,0.79245174,2452.0,9.836654,79752.0,3.5328844,6215.0,0.0,0.0,0.0,0.0,214.12607,5147.0,80.03567,84664.0,0.0,0.0,5.0895715,5933328.0,0.0,93.97892,109558880.0,0.0,0.0,0.0,0.0,116578148.0,4.4499907,945.0,21236.0,0.0,0.8545872,3021.0,353504.0,0.0,0.0,0.0,0.0,0.0,dataset_2023.csv,202310,True,False
2023,10,Lambayeque,Chiclayo,La Victoria,MOVISTAR,3.8410523,3334.0,0.7519035,1928.0,9.979233,45882.0,2.9122372,3530.0,0.0,0.0,0.0,0.0,190.74579,2424.0,79.472786,56037.0,0.0,0.0,5.3492317,4321046.0,0.0,94.1858,76082171.0,0.0,0.0,0.0,0.0,80778817.0,5.2240286,527.0,10088.0,0.0,0.662805,1531.0,230988.0,0.0,0.0,0.0,0.0,0.0,dataset_2023.csv,202310,True,False
2023,10,Lambayeque,Chiclayo,Pimentel,MOVISTAR,4.122879,4254.0,0.6465727,3045.0,10.931951,74254.0,3.1166074,6851.0,0.0,0.0,0.0,0.0,177.11862,3309.0,78.20343,73159.0,0.0,0.0,3.7490861,3249774.0,0.0,95.359955,82659689.0,0.0,0.0,0.0,0.0,86681762.0,4.291814,583.0,13584.0,0.0,0.59455645,1786.0,300392.0,0.0,0.0,0.0,0.0,0.0,dataset_2023.csv,202310,True,False
2023,10,Lima,Cañete,Asia,MOVISTAR,5.1634793,8333.0,0.6893966,2683.0,12.401658,51352.0,2.2324727,3507.0,0.0,0.0,0.0,0.0,277.48022,8649.0,74.53311,52664.0,0.0,0.0,16.072924,8858195.0,0.0,81.15716,44727762.0,0.0,0.0,0.0,0.0,55112530.0,2.0590844,743.0,36084.0,0.0,0.7643241,1644.0,215092.0,0.0,0.0,0.0,0.0,0.0,dataset_2023.csv,202310,True,False
2023,10,Lima,Cañete,Cerro Azul,MOVISTAR,4.454871,1892.0,0.74936134,1076.0,11.402513,25713.0,3.0015864,1950.0,0.0,0.0,0.0,0.0,210.55571,1196.0,74.25617,23406.0,0.0,0.0,2.8949778,624343.0,0.0,96.60495,20834226.0,0.0,0.0,0.0,0.0,21566417.0,2.749004,138.0,5020.0,0.0,0.73158425,696.0,95136.0,0.0,0.0,0.0,0.0,0.0,dataset_2023.csv,202310,True,False
2023,10,Lima,Cañete,Chilca,MOVISTAR,3.4450758,2254.0,0.9663027,762.0,9.537236,32103.0,3.7649622,3069.0,0.0,0.0,0.0,0.0,270.23022,1500.0,76.57228,31367.0,0.0,0.0,3.6627257,1174422.0,0.0,95.2381,30537290.0,0.0,0.0,0.0,0.0,32064153.0,4.0611486,263.0,6476.0,0.0,0.86127627,1124.0,130504.0,0.0,0.0,0.0,0.0,0.0,dataset_2023.csv,202310,True,False
2023,10,Lima,Cañete,Mala,MOVISTAR,3.1182501,8702.0,0.60295343,2558.0,7.6143208,72158.0,4.069089,5932.0,0.0,0.0,0.0,0.0,293.05338,4391.0,75.519356,87655.0,0.0,0.0,8.328071,8170198.0,0.0,90.93961,89215696.0,0.0,0.0,0.0,0.0,98104326.0,4.0813093,773.0,18940.0,0.0,0.7891484,2860.0,362416.0,0.0,0.0,0.0,0.0,0.0,dataset_2023.csv,202310,True,False
2023,10,Lima,Huaura,Huaura,MOVISTAR,2.8536453,1385.0,0.0,0.0,8.749855,14642.0,3.3581033,717.0,0.0,0.0,0.0,0.0,251.73236,927.0,75.35813,14827.0,0.0,0.0,7.6992416,1969496.0,0.0,85.08089,21764023.0,0.0,0.0,0.0,0.0,25580390.0,4.9455986,200.0,4044.0,0.0,1.0959308,669.0,61044.0,0.0,0.0,0.0,0.0,0.0,dataset_2023.csv,202310,True,False
2023,10,Lima,Lima,Barranco,MOVISTAR,5.1102667,1628.0,0.64630663,597.0,12.224918,55750.0,3.635846,3583.0,0.0,0.0,0.0,0.0,218.64609,2298.0,72.569984,62242.0,0.0,0.0,4.0721107,2862492.0,0.0,90.43957,63574538.0,0.0,0.0,0.0,0.0,70295046.0,3.669819,357.0,9728.0,0.0,0.67868817,1711.0,252104.0,0.0,0.0,0.0,0.0,0.0,dataset_2023.csv,202310,True,False
2023,10,Lima,Lima,Breña,MOVISTAR,4.045326,11938.0,0.6468907,3261.0,10.012037,132482.0,2.9294305,10322.0,0.0,0.0,0.0,0.0,262.2249,6928.0,74.33417,171862.0,0.0,0.0,4.6054187,7983976.0,0.0,94.44945,163738023.0,0.0,0.0,0.0,0.0,173360489.0,4.8694053,1484.0,30476.0,0.0,0.7765501,5468.0,704140.0,0.0,0.0,0.0,0.0,0.0,dataset_2023.csv,202310,True,False
2023,10,Lima,Lima,Carabayllo,MOVISTAR,4.316299,31042.0,1.3156115,9243.0,10.062064,193487.0,4.051323,20702.0,0.0,0.0,0.0,0.0,299.2897,16575.0,75.607285,202567.0,0.0,0.0,8.685583,25708073.0,0.0,90.09923,266680725.0,0.0,0.0,0.0,0.0,295985582.0,4.017082,2869.0,71420.0,0.0,0.73945725,6154.0,832232.0,0.0,0.0,0.0,0.0,0.0,dataset_2023.csv,202310,True,False
2023,10,Lima,Lima,Comas,MOVISTAR,3.9147289,54528.0,0.7240769,13953.0,10.875702,374117.0,3.3807435,22879.0,0.0,0.0,0.0,0.0,296.98877,37487.0,76.11558,413056.0,0.0,0.0,9.978882,58655223.0,0.0,88.774025,521808023.0,0.0,0.0,0.0,0.0,587793563.0,3.9698107,6517.0,164164.0,0.0,1.1209471,19275.0,1719528.0,0.0,0.0,0.0,0.0,0.0,dataset_2023.csv,202310,True,False
2023,10,Lima,Lima,El Agustino,MOVISTAR,3.6462073,15250.0,0.79175425,3740.0,9.776394,98896.0,3.5834725,7752.0,0.0,0.0,0.0,0.0,327.00806,8074.0,75.23911,117190.0,0.0,0.0,9.516331,16203168.0,0.0,88.57389,150812071.0,0.0,0.0,0.0,0.0,170266962.0,5.938345,2196.0,36980.0,0.0,1.2206322,5981.0,489992.0,0.0,0.0,0.0,0.0,0.0,dataset_2023.csv,202310,True,False
2023,10,Lima,Lima,Independencia,MOVISTAR,3.1500874,23357.0,0.78289646,5854.0,10.772656,173473.0,3.9366674,16249.0,0.0,0.0,0.0,0.0,266.17395,12027.0,75.36251,194955.0,0.0,0.0,6.7081313,15139708.0,0.0,91.53618,206589719.0,0.0,0.0,0.0,0.0,225691881.0,4.5409713,2394.0,52720.0,0.0,1.1242782,9104.0,809764.0,0.0,0.0,0.0,0.0,0.0,dataset_2023.csv,202310,True,False
2023,10,Lima,Lima,Los Olivos,MOVISTAR,3.6998224,41721.0,0.7946629,11733.0,11.047243,268147.0,3.7353773,21624.0,0.0,0.0,0.0,0.0,264.63275,22611.0,74.69219,333220.0,0.0,0.0,8.884801,42069036.0,0.0,90.03466,426309085.0,0.0,0.0,0.0,0.0,473494407.0,4.0935793,4014.0,98056.0,0.0,0.9870902,13509.0,1368568.0,0.0,0.0,0.0,0.0,0.0,dataset_2023.csv,202310,True,False
2023,10,Lima,Lima,Puente Piedra,MOVISTAR,3.176189,20605.0,0.7179822,5450.0,9.733292,170848.0,3.958012,15442.0,0.0,0.0,0.0,0.0,304.84738,11903.0,76.08753,195846.0,0.0,0.0,8.935212,22900211.0,0.0,89.745346,230009923.0,0.0,0.0,0.0,0.0,256291750.0,4.578327,2393.0,52268.0,0.0,0.9367693,7580.0,809164.0,0.0,0.0,0.0,0.0,0.0,dataset_2023.csv,202310,True,False
2023,10,Lima,Lima,Punta Negra,MOVISTAR,4.3048544,1156.0,0.0,0.0,13.805149,16911.0,3.6460376,1178.0,0.0,0.0,0.0,0.0,210.40224,724.0,71.63812,15140.0,0.0,0.0,4.7888627,655720.0,0.0,94.26166,12906875.0,0.0,0.0,0.0,0.0,13692604.0,1.7068273,51.0,2988.0,0.0,0.8472647,521.0,61492.0,0.0,0.0,0.0,0.0,0.0,dataset_2023.csv,202310,True,False
2023,10,Lima,Lima,San Juan De Lurigancho,MOVISTAR,3.7464914,70130.0,0.7227934,17409.0,9.779831,518252.0,3.4480853,38544.0,0.0,0.0,0.0,0.0,289.4841,35731.0,74.42551,571207.0,0.0,0.0,6.1429777,65370349.0,0.0,91.95511,978538023.0,0.0,0.0,0.0,0.0,1064147564.0,4.3704515,6870.0,157192.0,0.0,1.0146676,23988.0,2364124.0,0.0,0.0,0.0,0.0,0.0,dataset_2023.csv,202310,True,False
2023,10,Lima,Lima,San Luis,MOVISTAR,4.8837132,9986.0,0.80493164,2573.0,10.16965,110983.0,2.518714,8574.0,0.0,0.0,0.0,0.0,256.111,7713.0,74.62119,138430.0,0.0,0.0,7.4617863,9805948.0,0.0,91.75873,120585242.0,0.0,0.0,0.0,0.0,131415558.0,3.3698778,1125.0,33384.0,0.0,0.76517075,4326.0,565364.0,0.0,0.0,0.0,0.0,0.0,dataset_2023.csv,202310,True,False
2023,10,Lima,Lima,San Martin De Porres,MOVISTAR,3.6065297,61178.0,0.850628,16338.0,9.699075,482388.0,3.5674903,37294.0,0.0,0.0,0.0,0.0,294.6687,38408.0,74.84399,570473.0,0.0,0.0,9.544602,75780801.0,0.0,88.36527,701589307.0,0.0,0.0,0.0,0.0,793964962.0,3.989626,6584.0,165028.0,0.0,0.82794064,19442.0,2348236.0,0.0,0.0,0.0,0.0,0.0,dataset_2023.csv,202310,True,False
2023,10,Piura,Piura,Castilla,MOVISTAR,3.9475424,8026.0,0.7036618,3383.0,10.769627,143223.0,3.3952208,12855.0,0.0,0.0,0.0,0.0,222.1566,7339.0,81.946915,167176.0,0.0,0.0,3.6122067,6775140.0,0.0,95.407074,178947749.0,0.0,0.0,0.0,0.0,187562353.0,4.721322,1457.0,30860.0,0.0,0.89798313,6219.0,692552.0,0.0,0.0,0.0,0.0,0.0,dataset_2023.csv,202310,True,False
2023,10,Piura,Piura,Catacaos,MOVISTAR,4.3641305,2091.0,0.67303604,1070.0,9.681214,47123.0,3.1857135,2520.0,0.0,0.0,0.0,0.0,180.25543,1579.0,81.83725,47204.0,0.0,0.0,2.2686105,1181483.0,0.0,96.71344,50367961.0,0.0,0.0,0.0,0.0,52079586.0,4.143898,273.0,6588.0,0.0,0.89324015,1749.0,195804.0,0.0,0.0,0.0,0.0,0.0,dataset_2023.csv,202310,True,False
2023,10,Piura,Piura,Piura,MOVISTAR,5.6103363,11817.0,0.68993664,5222.0,10.274674,216611.0,3.17719,12898.0,0.0,0.0,0.0,0.0,195.11813,11321.0,83.08429,282052.0,0.0,0.0,3.514042,9210018.0,0.0,96.098885,251867372.0,0.0,0.0,0.0,0.0,262091871.0,3.6416235,1712.0,47012.0,0.0,0.7196846,8379.0,1164260.0,0.0,0.0,0.0,0.0,0.0,dataset_2023.csv,202310,True,False
2023,10,Piura,Piura,Veintiseis De Octubre,MOVISTAR,4.753412,5064.0,0.7103,2050.0,9.5374975,119155.0,3.0436964,9267.0,0.0,0.0,0.0,0.0,207.69757,3868.0,84.16644,134554.0,0.0,0.0,2.1533384,3754196.0,0.0,97.38967,169792133.0,0.0,0.0,0.0,0.0,174343056.0,4.431233,723.0,16316.0,0.0,1.0558752,5976.0,565976.0,0.0,0.0,0.0,0.0,0.0,dataset_2023.csv,202310,True,False
2023,10,Puno,Puno,Puno,MOVISTAR,3.7098057,25400.0,0.8080763,8532.0,10.4862795,330620.0,4.707726,34420.0,0.0,0.0,0.0,0.0,231.5416,20673.0,86.15816,311970.0,0.0,0.0,5.6519437,18337582.0,0.0,93.004585,301750926.0,0.0,0.0,0.0,0.0,324447361.0,6.042442,5393.0,89252.0,0.0,1.049564,13639.0,1299492.0,0.0,0.0,0.0,0.0,0.0,dataset_2023.csv,202310,True,False
2023,10,Puno,San Roman,Caracoto,MOVISTAR,2.631141,2106.0,0.64701337,760.0,6.9875016,13301.0,3.2201805,785.0,0.0,0.0,0.0,0.0,267.966,1536.0,87.64694,12618.0,0.0,0.0,8.068681,1172087.0,0.0,90.15847,13096759.0,0.0,0.0,0.0,0.0,14526377.0,7.0464983,491.0,6968.0,0.0,1.8600252,1003.0,53924.0,0.0,0.0,0.0,0.0,0.0,dataset_2023.csv,202310,True,False
2023,10,Puno,San Roman,Juliaca,MOVISTAR,3.8601322,29070.0,0.6671468,9423.0,8.321735,312974.0,3.476655,20284.0,0.0,0.0,0.0,0.0,276.49634,20669.0,84.836586,310388.0,0.0,0.0,4.7976966,15756768.0,0.0,94.331,309805275.0,0.0,0.0,0.0,0.0,328423614.0,7.529675,7130.0,94692.0,0.0,1.5570947,21335.0,1370180.0,0.0,0.0,0.0,0.0,0.0,dataset_2023.csv,202310,True,False
2023,10,Puno,San Roman,San Miguel,MOVISTAR,2.9903417,6389.0,0.7289037,2527.0,8.167786,43980.0,3.540608,3224.0,0.0,0.0,0.0,0.0,262.20642,4229.0,86.30489,39767.0,0.0,0.0,6.6958604,3014127.0,0.0,92.64695,41704823.0,0.0,0.0,0.0,0.0,45014782.0,6.8176985,1282.0,18804.0,0.0,1.9368151,3351.0,173016.0,0.0,0.0,0.0,0.0,0.0,dataset_2023.csv,202310,True,False
2023,10,San Martin,Moyobamba,Moyobamba,MOVISTAR,3.637176,10629.0,0.52249855,1344.0,10.304752,65133.0,3.5056949,4883.0,0.0,0.0,0.0,0.0,378.31857,5543.0,90.62369,74244.0,0.0,0.0,5.980249,4958916.0,0.0,93.33774,77397112.0,0.0,0.0,0.0,0.0,82921567.0,4.5069017,1084.0,24052.0,0.0,0.77295846,2383.0,308296.0,0.0,0.0,0.0,0.0,0.0,dataset_2023.csv,202310,True,False
2023,10,Tacna,Candarave,Camilaca,MOVISTAR,4.7432346,855.0,0.0,0.0,8.101029,1896.0,4.9428587,504.0,0.0,0.0,0.0,0.0,182.79738,630.0,93.512634,2166.0,0.0,0.0,16.857607,381181.0,0.0,78.92283,1784588.0,0.0,0.0,0.0,0.0,2261181.0,3.522205,92.0,2612.0,0.0,1.5207877,139.0,9140.0,0.0,0.0,0.0,0.0,0.0,dataset_2023.csv,202310,True,False
2023,10,Tumbes,Contralmirante Villar,Canoas De Punta Sal,MOVISTAR,5.0534177,1392.0,0.7532844,419.0,15.131325,18174.0,3.9646175,1330.0,0.0,0.0,0.0,0.0,152.3497,1656.0,81.17013,22386.0,0.0,0.0,5.5534825,1045486.0,0.0,91.267975,17181902.0,0.0,0.0,0.0,0.0,18825773.0,4.2013063,283.0,6736.0,0.0,0.43503225,394.0,90568.0,0.0,0.0,0.0,0.0,0.0,dataset_2023.csv,202310,True,False
2023,10,Tumbes,Tumbes,Tumbes,MOVISTAR,4.57881,3172.0,0.69300777,1144.0,10.947929,73507.0,4.0835805,6243.0,0.0,0.0,0.0,0.0,201.26526,2680.0,83.16205,79729.0,0.0,0.0,3.02398,2969148.0,0.0,96.28602,94540129.0,0.0,0.0,0.0,0.0,98186765.0,3.850365,422.0,10960.0,0.0,0.31329948,1014.0,323652.0,0.0,0.0,0.0,0.0,0.0,dataset_2023.csv,202310,True,False
2023,11,Arequipa,Arequipa,Alto Selva Alegre,MOVISTAR,3.746599,2465.0,1.0184968,824.0,9.412714,31657.0,3.1514735,2144.0,0.0,0.0,0.0,0.0,235.93256,1751.0,81.74422,37229.0,0.0,0.0,4.749409,3058553.0,0.0,93.87285,60452801.0,0.0,0.0,0.0,0.0,64398600.0,5.0242457,373.0,7424.0,0.0,1.1484121,1785.0,155432.0,0.0,0.0,0.0,0.0,0.0,dataset_2023.csv,202311,True,False
2023,11,Arequipa,Arequipa,Cayma,MOVISTAR,3.3230014,4543.0,0.71948487,1969.0,9.05764,69673.0,2.9549925,5171.0,0.0,0.0,0.0,0.0,201.61943,4153.0,81.289536,83407.0,0.0,0.0,4.1444464,4444304.0,0.0,94.566284,101408316.0,0.0,0.0,0.0,0.0,107235170.0,6.1421437,1082.0,17616.0,0.0,1.3660188,4785.0,350288.0,0.0,0.0,0.0,0.0,0.0,dataset_2023.csv,202311,True,False
2023,11,Arequipa,Arequipa,Jacobo Hunter,MOVISTAR,3.5143075,2569.0,0.6980078,876.0,9.258035,42876.0,2.7938497,3165.0,0.0,0.0,0.0,0.0,206.54475,2193.0,82.18349,50206.0,0.0,0.0,3.3733463,2588894.0,0.0,95.82294,73539861.0,0.0,0.0,0.0,0.0,76745572.0,4.4940224,421.0,9368.0,0.0,1.2261297,2594.0,211560.0,0.0,0.0,0.0,0.0,0.0,dataset_2023.csv,202311,True,False
2023,11,Arequipa,Arequipa,Jose Luis Bustamante Y Rivero,MOVISTAR,4.497931,4570.0,0.7905554,1898.0,9.920855,96436.0,3.1804895,6636.0,0.0,0.0,0.0,0.0,210.7865,5762.0,81.27123,130101.0,0.0,0.0,3.7659194,5552971.0,0.0,93.57803,137983864.0,0.0,0.0,0.0,0.0,147453258.0,4.4047027,1064.0,24156.0,0.0,0.97473496,5267.0,540352.0,0.0,0.0,0.0,0.0,0.0,dataset_2023.csv,202311,True,False
2023,11,Arequipa,Arequipa,Mariano Melgar,MOVISTAR,3.6230233,3698.0,0.71507293,1161.0,9.369521,40261.0,2.741023,2648.0,0.0,0.0,0.0,0.0,213.41226,3304.0,81.19947,49993.0,0.0,0.0,4.1734567,2671618.0,0.0,95.55367,61168216.0,0.0,0.0,0.0,0.0,64014513.0,4.070616,558.0,13708.0,0.0,1.3003316,2714.0,208716.0,0.0,0.0,0.0,0.0,0.0,dataset_2023.csv,202311,True,False
2023,11,Arequipa,Arequipa,Miraflores,MOVISTAR,4.3493423,3588.0,0.88398874,1311.0,13.580461,61302.0,3.9315588,5489.0,0.0,0.0,0.0,0.0,175.83931,3288.0,79.71823,67490.0,0.0,0.0,3.3593454,2376018.0,0.0,95.1339,67286881.0,0.0,0.0,0.0,0.0,70728602.0,5.0,683.0,13660.0,0.0,0.9404704,2620.0,278584.0,0.0,0.0,0.0,0.0,0.0,dataset_2023.csv,202311,True,False
2023,11,Arequipa,Arequipa,Paucarpata,MOVISTAR,4.2412043,8495.0,0.7017584,2775.0,10.565987,122244.0,3.7034342,8114.0,0.0,0.0,0.0,0.0,196.82892,6586.0,80.68163,110957.0,0.0,0.0,4.1853004,5552771.0,0.0,95.205215,126311780.0,0.0,0.0,0.0,0.0,132673174.0,3.973946,1086.0,27328.0,0.0,0.9699136,4472.0,461072.0,0.0,0.0,0.0,0.0,0.0,dataset_2023.csv,202311,True,False
2023,11,Arequipa,Arequipa,Sachaca,MOVISTAR,3.437908,2341.0,0.52666396,910.0,8.9527,22523.0,2.659819,1266.0,0.0,0.0,0.0,0.0,208.8007,2713.0,83.90137,28000.0,0.0,0.0,8.192345,2016710.0,0.0,91.14323,22436733.0,0.0,0.0,0.0,0.0,24617006.0,6.304272,726.0,11516.0,0.0,1.3548551,1599.0,118020.0,0.0,0.0,0.0,0.0,0.0,dataset_2023.csv,202311,True,False
2023,11,Arequipa,Arequipa,Socabaya,MOVISTAR,3.6546633,2531.0,0.55255395,666.0,8.429635,27135.0,2.4100478,1548.0,0.0,0.0,0.0,0.0,201.31972,1831.0,82.53257,32265.0,0.0,0.0,4.439937,2380109.0,0.0,94.95816,50904047.0,0.0,0.0,0.0,0.0,53606816.0,5.070203,390.0,7692.0,0.0,1.3129791,1795.0,136712.0,0.0,0.0,0.0,0.0,0.0,dataset_2023.csv,202311,True,False
2023,11,Arequipa,Arequipa,Tiabaya,MOVISTAR,5.0221806,1518.0,0.5727715,486.0,8.556181,21737.0,3.049534,1120.0,0.0,0.0,0.0,0.0,207.37224,1102.0,80.78585,20097.0,0.0,0.0,7.954566,1948445.0,0.0,91.3945,22386785.0,0.0,0.0,0.0,0.0,24494674.0,5.1184435,242.0,4728.0,0.0,0.96583,805.0,83348.0,0.0,0.0,0.0,0.0,0.0,dataset_2023.csv,202311,True,False
2023,11,Arequipa,Arequipa,Yanahuara,MOVISTAR,3.943243,1673.0,0.73341846,655.0,12.05918,22030.0,3.1714303,1169.0,0.0,0.0,0.0,0.0,217.09404,1361.0,81.86218,32372.0,0.0,0.0,2.3743515,1107018.0,0.0,96.58665,45032571.0,0.0,0.0,0.0,0.0,46624014.0,6.2117085,365.0,5876.0,0.0,1.8412699,2552.0,138600.0,0.0,0.0,0.0,0.0,0.0,dataset_2023.csv,202311,True,False
2023,11,Ayacucho,Huamanga,Carmen Alto,MOVISTAR,2.729365,4522.0,0.5937025,1126.0,8.29142,19729.0,3.2125096,617.0,0.0,0.0,0.0,0.0,250.05516,3237.0,79.7147,15349.0,0.0,0.0,12.168341,2461046.0,0.0,82.904625,16767454.0,0.0,0.0,0.0,0.0,20224992.0,4.7780604,676.0,14148.0,0.0,1.8940556,1235.0,65204.0,0.0,0.0,0.0,0.0,0.0,dataset_2023.csv,202311,True,False
2023,11,Cajamarca,Celendin,Celendin,MOVISTAR,3.4160068,876.0,0.0,0.0,8.762303,13145.0,3.0573285,973.0,0.0,0.0,0.0,0.0,235.47714,1041.0,82.31371,14851.0,0.0,0.0,12.586277,1510161.0,0.0,84.61683,10152727.0,0.0,0.0,0.0,0.0,11998473.0,3.660221,159.0,4344.0,0.0,0.718933,442.0,61480.0,0.0,0.0,0.0,0.0,0.0,dataset_2023.csv,202311,True,False
2023,11,Cajamarca,Santa Cruz,Santa Cruz,MOVISTAR,3.5399985,527.0,0.0,0.0,6.719932,14201.0,2.3787777,888.0,0.0,0.0,0.0,0.0,298.91238,613.0,90.26201,14563.0,0.0,0.0,6.448229,722954.0,0.0,91.226204,10227979.0,0.0,0.0,0.0,0.0,11211668.0,8.071428,226.0,2800.0,0.0,1.4663758,901.0,61444.0,0.0,0.0,0.0,0.0,0.0,dataset_2023.csv,202311,True,False
2023,11,Callao,Callao,Mi Peru,MOVISTAR,4.0579467,6339.0,1.3377888,2233.0,8.240242,14896.0,3.0262733,1382.0,0.0,0.0,0.0,0.0,285.812,2084.0,76.855415,20755.0,0.0,0.0,7.1374073,2876826.0,0.0,91.8988,37041024.0,0.0,0.0,0.0,0.0,40306317.0,2.9674253,266.0,8964.0,0.0,1.0596546,918.0,86632.0,0.0,0.0,0.0,0.0,0.0,dataset_2023.csv,202311,True,False
2023,11,Cusco,Acomayo,Pomacanchi,MOVISTAR,0.0,0.0,0.0,0.0,8.950341,1187.0,0.0,0.0,0.0,0.0,0.0,0.0,0.0,0.0,85.14948,1904.0,0.0,0.0,0.8995954,11348.0,0.0,95.263565,1201708.0,0.0,0.0,0.0,0.0,1261456.0,0.0,0.0,0.0,0.0,0.33783785,26.0,7696.0,0.0,0.0,0.0,0.0,0.0,dataset_2023.csv,202311,False,True
2023,11,Cusco,Cusco,Cusco,MOVISTAR,3.8145075,8101.0,0.64436126,3102.0,9.441888,83979.0,3.285965,6900.0,0.0,0.0,0.0,0.0,263.59564,7347.0,88.561134,111856.0,0.0,0.0,8.178962,10493831.0,0.0,89.089096,114303735.0,0.0,0.0,0.0,0.0,128302720.0,7.505795,2461.0,32788.0,0.0,2.1434453,10412.0,485760.0,0.0,0.0,0.0,0.0,0.0,dataset_2023.csv,202311,True,False
2023,11,Cusco,Cusco,San Jeronimo,MOVISTAR,4.4879994,8392.0,1.0156665,3717.0,8.048536,54051.0,3.6750035,4412.0,0.0,0.0,0.0,0.0,228.29745,5183.0,86.18682,54904.0,0.0,0.0,9.529513,7250159.0,0.0,89.38637,68006133.0,0.0,0.0,0.0,0.0,76081104.0,4.6007743,998.0,21692.0,0.0,1.1360079,2613.0,230016.0,0.0,0.0,0.0,0.0,0.0,dataset_2023.csv,202311,True,False
2023,11,Cusco,Cusco,San Sebastian,MOVISTAR,3.31867,4750.0,0.6150649,1749.0,8.670547,73218.0,4.4779468,6525.0,0.0,0.0,0.0,0.0,247.2234,3708.0,88.50328,76069.0,0.0,0.0,7.2495246,8265140.0,0.0,91.50145,104320261.0,0.0,0.0,0.0,0.0,114009406.0,7.463697,1213.0,16252.0,0.0,1.9692907,6405.0,325244.0,0.0,0.0,0.0,0.0,0.0,dataset_2023.csv,202311,True,False
2023,11,Cusco,Cusco,Santiago,MOVISTAR,3.5966935,4708.0,0.58193964,1597.0,9.355169,60513.0,4.105789,5899.0,0.0,0.0,0.0,0.0,233.32747,4344.0,89.605354,75022.0,0.0,0.0,5.1551857,4124501.0,0.0,92.6234,74105051.0,0.0,0.0,0.0,0.0,80006839.0,6.662088,1261.0,18928.0,0.0,2.889048,9275.0,321040.0,0.0,0.0,0.0,0.0,0.0,dataset_2023.csv,202311,True,False
2023,11,Cusco,Cusco,Wanchaq,MOVISTAR,4.0852976,9675.0,0.6105656,2830.0,8.309232,80101.0,2.8584292,6103.0,0.0,0.0,0.0,0.0,233.78725,6841.0,88.15146,113384.0,0.0,0.0,5.897061,7601159.0,0.0,92.27019,118933887.0,0.0,0.0,0.0,0.0,128897415.0,5.5414844,1619.0,29216.0,0.0,1.6643314,8030.0,482476.0,0.0,0.0,0.0,0.0,0.0,dataset_2023.csv,202311,True,False
2023,11,Cusco,La Convencion,Echarate,MOVISTAR,3.9168873,1067.0,0.0,0.0,9.224028,11971.0,4.392784,1727.0,0.0,0.0,0.0,0.0,284.46295,827.0,91.92122,10260.0,0.0,0.0,3.8849385,970137.0,0.0,52.311447,13063082.0,0.0,0.0,0.0,0.0,24971747.0,7.377049,288.0,3904.0,0.0,2.1531618,997.0,46304.0,0.0,0.0,0.0,0.0,0.0,dataset_2023.csv,202311,True,False
2023,11,Huancavelica,Tayacaja,Pampas,MOVISTAR,5.504394,2925.0,1.0840607,850.0,10.674267,13157.0,3.9156709,1102.0,0.0,0.0,0.0,0.0,224.67395,2775.0,77.245766,16921.0,0.0,0.0,8.30238,1520040.0,0.0,80.56748,14750686.0,0.0,0.0,0.0,0.0,18308486.0,4.0653234,468.0,11512.0,0.0,1.5052578,1065.0,70752.0,0.0,0.0,0.0,0.0,0.0,dataset_2023.csv,202311,True,False
2023,11,Ica,Chincha,Alto Laran,MOVISTAR,4.781879,2174.0,0.69816244,756.0,9.258362,21761.0,3.5837743,881.0,0.0,0.0,0.0,0.0,175.81384,1611.0,74.96524,16643.0,0.0,0.0,7.943673,1324791.0,0.0,90.97816,15172709.0,0.0,0.0,0.0,0.0,16677310.0,3.7311177,247.0,6620.0,0.0,0.7385763,503.0,68104.0,0.0,0.0,0.0,0.0,0.0,dataset_2023.csv,202311,True,False
2023,11,Ica,Chincha,Chincha Alta,MOVISTAR,7.2634892,14247.0,1.0630934,4491.0,10.794546,131546.0,2.9737625,7194.0,0.0,0.0,0.0,0.0,196.29846,8895.0,72.77444,142203.0,0.0,0.0,3.6654437,5480936.0,0.0,95.60914,142964297.0,0.0,0.0,0.0,0.0,149529950.0,2.9906025,1082.0,36180.0,0.0,0.87972367,5129.0,583024.0,0.0,0.0,0.0,0.0,0.0,dataset_2023.csv,202311,True,False
2023,11,Ica,Chincha,Chincha Baja,MOVISTAR,2.9629083,6531.0,0.48030606,1644.0,8.397829,15053.0,4.2182474,960.0,0.0,0.0,0.0,0.0,237.04524,5256.0,77.41117,19938.0,0.0,0.0,18.296886,3412383.0,0.0,80.49483,15012345.0,0.0,0.0,0.0,0.0,18650075.0,4.8831987,1087.0,22260.0,0.0,1.2216046,1011.0,82760.0,0.0,0.0,0.0,0.0,0.0,dataset_2023.csv,202311,True,False
2023,11,Ica,Chincha,El Carmen,MOVISTAR,4.077094,2118.0,0.6899276,973.0,12.903142,20500.0,4.396421,1350.0,0.0,0.0,0.0,0.0,168.40059,1724.0,72.39782,16622.0,0.0,0.0,10.6699295,1451009.0,0.0,88.80228,12076265.0,0.0,0.0,0.0,0.0,13599049.0,3.868715,277.0,7160.0,0.0,0.75726324,514.0,67876.0,0.0,0.0,0.0,0.0,0.0,dataset_2023.csv,202311,True,False
2023,11,Ica,Chincha,Pueblo Nuevo,MOVISTAR,4.7638006,1930.0,0.81325287,731.0,9.894586,56214.0,3.378007,4017.0,0.0,0.0,0.0,0.0,163.36882,1645.0,74.20602,57379.0,0.0,0.0,2.9902022,2094822.0,0.0,96.49571,67601224.0,0.0,0.0,0.0,0.0,70056197.0,3.239645,219.0,6760.0,0.0,0.92302483,2180.0,236180.0,0.0,0.0,0.0,0.0,0.0,dataset_2023.csv,202311,True,False
2023,11,Ica,Chincha,Sunampe,MOVISTAR,4.149082,1747.0,0.6784575,619.0,11.530546,40265.0,4.3589444,3186.0,0.0,0.0,0.0,0.0,176.63997,1165.0,72.49619,46325.0,0.0,0.0,3.782743,1626957.0,0.0,96.01902,41297763.0,0.0,0.0,0.0,0.0,43009981.0,3.57445,169.0,4728.0,0.0,0.7557842,1419.0,187752.0,0.0,0.0,0.0,0.0,0.0,dataset_2023.csv,202311,True,False
2023,11,Ica,Ica,Ica,MOVISTAR,5.3618217,19704.0,0.6551738,6172.0,10.274536,206206.0,2.4746397,15846.0,0.0,0.0,0.0,0.0,170.41626,13537.0,73.60656,253089.0,0.0,0.0,5.930764,17390542.0,0.0,93.199326,273284630.0,0.0,0.0,0.0,0.0,293225982.0,3.152535,1746.0,55384.0,0.0,0.94076824,9787.0,1040320.0,0.0,0.0,0.0,0.0,0.0,dataset_2023.csv,202311,True,False
2023,11,Ica,Ica,La Tinguiña,MOVISTAR,5.046049,1362.0,0.84101295,598.0,9.350632,32630.0,3.840354,2913.0,0.0,0.0,0.0,0.0,166.1436,1968.0,72.2425,37897.0,0.0,0.0,3.6185408,1467426.0,0.0,95.89788,38889443.0,0.0,0.0,0.0,0.0,40552976.0,4.418317,357.0,8080.0,0.0,0.9460222,1475.0,155916.0,0.0,0.0,0.0,0.0,0.0,dataset_2023.csv,202311,True,False
2023,11,Ica,Ica,Parcona,MOVISTAR,4.9522033,2735.0,0.6131436,729.0,10.216735,37694.0,2.8135562,2227.0,0.0,0.0,0.0,0.0,200.14352,2003.0,73.32168,39867.0,0.0,0.0,4.31196,2206284.0,0.0,94.73132,48470808.0,0.0,0.0,0.0,0.0,51166613.0,3.0867221,252.0,8164.0,0.0,0.94965255,1558.0,164060.0,0.0,0.0,0.0,0.0,0.0,dataset_2023.csv,202311,True,False
2023,11,Ica,Ica,Subtanjalla,MOVISTAR,4.26307,1368.0,0.6225136,547.0,6.1018004,16001.0,2.012551,1080.0,0.0,0.0,0.0,0.0,234.44038,902.0,74.35091,18569.0,0.0,0.0,10.044469,2873472.0,0.0,88.607506,25348397.0,0.0,0.0,0.0,0.0,28607506.0,2.9584222,111.0,3752.0,0.0,1.1681886,916.0,78412.0,0.0,0.0,0.0,0.0,0.0,dataset_2023.csv,202311,True,False
2023,11,Junin,Chanchamayo,Chanchamayo,MOVISTAR,5.32538,2934.0,0.8808981,1565.0,10.495525,27032.0,3.6994035,2455.0,0.0,0.0,0.0,0.0,177.46951,2710.0,75.81784,33416.0,0.0,0.0,5.409201,1735795.0,0.0,92.665085,29735923.0,0.0,0.0,0.0,0.0,32089673.0,3.4815733,393.0,11288.0,0.0,0.7948228,1098.0,138144.0,0.0,0.0,0.0,0.0,0.0,dataset_2023.csv,202311,True,False
2023,11,Junin,Huancayo,Chilca,MOVISTAR,3.9655623,3732.0,0.8304684,1368.0,7.321846,62028.0,3.4313757,6769.0,0.0,0.0,0.0,0.0,244.30516,3059.0,77.676926,61921.0,0.0,0.0,4.6540055,4233933.0,0.0,94.204445,85701508.0,0.0,0.0,0.0,0.0,90973957.0,5.850737,762.0,13024.0,0.0,1.7311202,4591.0,265204.0,0.0,0.0,0.0,0.0,0.0,dataset_2023.csv,202311,True,False
2023,11,Junin,Huancayo,El Tambo,MOVISTAR,4.6280313,23200.0,0.68250257,7857.0,9.654046,273020.0,3.6632261,22268.0,0.0,0.0,0.0,0.0,230.32983,16957.0,75.82125,305854.0,0.0,0.0,6.6562715,25589373.0,0.0,92.16028,354301018.0,0.0,0.0,0.0,0.0,384440040.0,4.5250645,3228.0,71336.0,0.0,1.0855023,13825.0,1273604.0,0.0,0.0,0.0,0.0,0.0,dataset_2023.csv,202311,True,False
2023,11,Junin,Huancayo,Huancayo,MOVISTAR,4.609824,12757.0,0.78913033,4670.0,8.621702,212038.0,3.0222545,19243.0,0.0,0.0,0.0,0.0,209.54742,11828.0,77.131134,278952.0,0.0,0.0,4.5924854,14466974.0,0.0,94.50809,297713760.0,0.0,0.0,0.0,0.0,315014057.0,5.7218657,2890.0,50508.0,0.0,1.242424,14530.0,1169488.0,0.0,0.0,0.0,0.0,0.0,dataset_2023.csv,202311,True,False
2023,11,Junin,Huancayo,Pilcomayo,MOVISTAR,2.9426897,1128.0,0.0,0.0,6.800065,18044.0,1.9980453,1720.0,0.0,0.0,0.0,0.0,242.881,1246.0,78.183136,20321.0,0.0,0.0,13.298389,3981156.0,0.0,86.19891,25805479.0,0.0,0.0,0.0,0.0,29937128.0,6.315007,340.0,5384.0,0.0,1.3165246,1131.0,85908.0,0.0,0.0,0.0,0.0,0.0,dataset_2023.csv,202311,True,False
2023,11,Junin,Huancayo,San Agustin,MOVISTAR,3.9683616,1867.0,0.5956483,1035.0,8.945353,34144.0,3.3863466,2694.0,0.0,0.0,0.0,0.0,226.056,1217.0,77.39635,26953.0,0.0,0.0,3.5678728,1229252.0,0.0,94.814186,32666672.0,0.0,0.0,0.0,0.0,34453359.0,6.331794,329.0,5196.0,0.0,1.9431345,2258.0,116204.0,0.0,0.0,0.0,0.0,0.0,dataset_2023.csv,202311,True,False
2023,11,Junin,Junin,Carhuamayo,MOVISTAR,5.8050075,4494.0,1.1295729,1540.0,10.26696,19699.0,4.528599,3773.0,0.0,0.0,0.0,0.0,182.25151,2881.0,71.353676,15370.0,0.0,0.0,11.938284,2000027.0,0.0,85.88703,14388700.0,0.0,0.0,0.0,0.0,16753053.0,2.4204583,283.0,11692.0,0.0,0.6327112,400.0,63220.0,0.0,0.0,0.0,0.0,0.0,dataset_2023.csv,202311,True,False
2023,11,La Libertad,Trujillo,El Porvenir,MOVISTAR,3.2140121,4299.0,0.7954638,1821.0,8.028572,44260.0,3.3851511,3201.0,0.0,0.0,0.0,0.0,233.94122,4237.0,80.339264,60784.0,0.0,0.0,9.285586,9103391.0,0.0,90.07679,88309369.0,0.0,0.0,0.0,0.0,98037872.0,6.692956,1239.0,18512.0,0.0,1.052232,2689.0,255552.0,0.0,0.0,0.0,0.0,0.0,dataset_2023.csv,202311,True,False
2023,11,La Libertad,Trujillo,La Esperanza,MOVISTAR,3.7751243,8989.0,0.9484331,3444.0,9.322027,77962.0,3.6988003,8997.0,0.0,0.0,0.0,0.0,212.53503,7224.0,79.39789,92603.0,0.0,0.0,10.283513,13280511.0,0.0,88.98989,114924853.0,0.0,0.0,0.0,0.0,129143722.0,5.0685377,1553.0,30640.0,0.0,0.9607831,3718.0,386976.0,0.0,0.0,0.0,0.0,0.0,dataset_2023.csv,202311,True,False
2023,11,La Libertad,Trujillo,Moche,MOVISTAR,3.1486638,1594.0,0.66526735,713.0,10.3770075,26291.0,2.9241858,2574.0,0.0,0.0,0.0,0.0,200.9859,1024.0,76.22258,28772.0,0.0,0.0,2.7136202,928873.0,0.0,96.719894,33107250.0,0.0,0.0,0.0,0.0,34230031.0,6.238532,272.0,4360.0,0.0,0.8155573,965.0,118324.0,0.0,0.0,0.0,0.0,0.0,dataset_2023.csv,202311,True,False
2023,11,La Libertad,Trujillo,Trujillo,MOVISTAR,4.320339,35024.0,0.6320895,13848.0,11.281875,362789.0,2.9406888,31157.0,0.0,0.0,0.0,0.0,190.46849,29669.0,78.07402,430209.0,0.0,0.0,6.707343,32021195.0,0.0,92.20907,440210747.0,0.0,0.0,0.0,0.0,477405048.0,4.1836567,5130.0,122620.0,0.0,0.58522207,10314.0,1762408.0,0.0,0.0,0.0,0.0,0.0,dataset_2023.csv,202311,True,False
2023,11,La Libertad,Trujillo,Victor Larco Herrera,MOVISTAR,4.3909006,4670.0,0.72740084,2356.0,11.327853,79158.0,3.3161755,8856.0,0.0,0.0,0.0,0.0,179.86609,4588.0,77.814156,89805.0,0.0,0.0,5.055483,4762453.0,0.0,94.3834,88912677.0,0.0,0.0,0.0,0.0,94203721.0,3.2077284,601.0,18736.0,0.0,0.5309667,1954.0,368008.0,0.0,0.0,0.0,0.0,0.0,dataset_2023.csv,202311,True,False
2023,11,Lambayeque,Chiclayo,Chiclayo,MOVISTAR,4.0586295,15905.0,0.66803277,8078.0,10.55678,222418.0,3.3592253,20495.0,0.0,0.0,0.0,0.0,205.95374,14790.0,80.552246,260316.0,0.0,0.0,4.6447644,15031877.0,0.0,94.61415,306200310.0,0.0,0.0,0.0,0.0,323630569.0,4.1997657,2580.0,61432.0,0.0,0.67426455,7232.0,1072576.0,0.0,0.0,0.0,0.0,0.0,dataset_2023.csv,202311,True,False
2023,11,Lambayeque,Chiclayo,Jose Leonardo Ortiz,MOVISTAR,4.5785866,7969.0,0.67846775,2611.0,9.683672,64895.0,3.0540557,4767.0,0.0,0.0,0.0,0.0,210.93793,4835.0,81.03876,73090.0,0.0,0.0,6.678154,7100893.0,0.0,91.79607,97606924.0,0.0,0.0,0.0,0.0,106330181.0,3.2418578,645.0,19896.0,0.0,0.67830735,2055.0,302960.0,0.0,0.0,0.0,0.0,0.0,dataset_2023.csv,202311,True,False
2023,11,Lambayeque,Chiclayo,La Victoria,MOVISTAR,4.645293,3384.0,0.8787206,1589.0,10.382427,45691.0,2.5344832,4778.0,0.0,0.0,0.0,0.0,184.39618,2093.0,80.36291,54192.0,0.0,0.0,4.2399445,3212019.0,0.0,95.53153,72371012.0,0.0,0.0,0.0,0.0,75756154.0,4.2597766,366.0,8592.0,0.0,0.59012395,1316.0,223004.0,0.0,0.0,0.0,0.0,0.0,dataset_2023.csv,202311,True,False
2023,11,Lambayeque,Chiclayo,Pimentel,MOVISTAR,4.401127,4813.0,0.65391505,3141.0,10.857962,72749.0,3.0833535,5918.0,0.0,0.0,0.0,0.0,181.03166,3696.0,80.479614,69534.0,0.0,0.0,4.506649,3695389.0,0.0,93.68966,76824205.0,0.0,0.0,0.0,0.0,81998599.0,4.0797467,618.0,15148.0,0.0,0.699851,2010.0,287204.0,0.0,0.0,0.0,0.0,0.0,dataset_2023.csv,202311,True,False
2023,11,Lima,Cañete,Asia,MOVISTAR,5.264906,7555.0,0.6350383,2647.0,12.136772,55608.0,2.8363564,4162.0,0.0,0.0,0.0,0.0,258.36816,7221.0,74.42805,58655.0,0.0,0.0,14.37993,8568738.0,0.0,81.89546,48800011.0,0.0,0.0,0.0,0.0,59588176.0,1.791225,534.0,29812.0,0.0,0.72178036,1717.0,237884.0,0.0,0.0,0.0,0.0,0.0,dataset_2023.csv,202311,True,False
2023,11,Lima,Cañete,Cerro Azul,MOVISTAR,4.873574,1738.0,0.7720842,718.0,10.160383,19190.0,2.5295951,2114.0,0.0,0.0,0.0,0.0,202.487,1029.0,75.17464,17554.0,0.0,0.0,3.6800406,660703.0,0.0,94.911125,17040047.0,0.0,0.0,0.0,0.0,17953688.0,3.229554,139.0,4304.0,0.0,0.6717208,482.0,71756.0,0.0,0.0,0.0,0.0,0.0,dataset_2023.csv,202311,True,False
2023,11,Lima,Cañete,Chilca,MOVISTAR,3.1327767,2296.0,0.9477703,637.0,9.385018,22487.0,2.690737,2972.0,0.0,0.0,0.0,0.0,302.82275,1329.0,79.1843,24627.0,0.0,0.0,4.291603,1059606.0,0.0,94.623146,23362659.0,0.0,0.0,0.0,0.0,24690215.0,5.0067205,298.0,5952.0,0.0,1.0183496,1050.0,103108.0,0.0,0.0,0.0,0.0,0.0,dataset_2023.csv,202311,True,False
2023,11,Lima,Cañete,Mala,MOVISTAR,2.9657185,6379.0,0.7403499,1872.0,8.346161,60883.0,4.402574,6387.0,0.0,0.0,0.0,0.0,277.5855,3585.0,75.18466,77781.0,0.0,0.0,7.3986254,6768470.0,0.0,91.59097,83789989.0,0.0,0.0,0.0,0.0,91482804.0,3.0041797,460.0,15312.0,0.0,0.78583926,2515.0,320040.0,0.0,0.0,0.0,0.0,0.0,dataset_2023.csv,202311,True,False
2023,11,Lima,Huaura,Huaura,MOVISTAR,2.89117,997.0,0.73704237,412.0,10.20107,17926.0,3.9166312,1216.0,0.0,0.0,0.0,0.0,304.90842,1051.0,75.395966,20298.0,0.0,0.0,7.933122,2068232.0,0.0,88.6013,23099108.0,0.0,0.0,0.0,0.0,26070845.0,4.05816,187.0,4608.0,0.0,1.1144907,938.0,84164.0,0.0,0.0,0.0,0.0,0.0,dataset_2023.csv,202311,True,False
2023,11,Lima,Lima,Barranco,MOVISTAR,4.8218207,1298.0,0.7467527,472.0,12.290767,53800.0,3.9357543,3592.0,0.0,0.0,0.0,0.0,222.71877,1433.0,73.4864,61631.0,0.0,0.0,3.654221,2560174.0,0.0,92.75469,64984615.0,0.0,0.0,0.0,0.0,70060731.0,3.4482758,208.0,6032.0,0.0,0.5520758,1375.0,249060.0,0.0,0.0,0.0,0.0,0.0,dataset_2023.csv,202311,True,False
2023,11,Lima,Lima,Breña,MOVISTAR,3.8677795,9915.0,0.7787945,2931.0,10.865821,130868.0,3.231762,12242.0,0.0,0.0,0.0,0.0,230.6491,5819.0,74.88499,161118.0,0.0,0.0,4.0268893,6684205.0,0.0,94.85832,157454654.0,0.0,0.0,0.0,0.0,165989294.0,4.347826,1104.0,25392.0,0.0,0.77851,5132.0,659208.0,0.0,0.0,0.0,0.0,0.0,dataset_2023.csv,202311,True,False
2023,11,Lima,Lima,Carabayllo,MOVISTAR,3.7116823,34827.0,0.98840225,8160.0,9.969249,184331.0,4.135985,20687.0,0.0,0.0,0.0,0.0,294.40967,16227.0,74.691124,177767.0,0.0,0.0,8.409466,22262392.0,0.0,90.25124,238922257.0,0.0,0.0,0.0,0.0,264730153.0,3.6931982,2578.0,69804.0,0.0,0.7966722,5805.0,728656.0,0.0,0.0,0.0,0.0,0.0,dataset_2023.csv,202311,True,False
2023,11,Lima,Lima,Comas,MOVISTAR,3.502726,47283.0,0.850309,11928.0,10.559792,321156.0,3.4521751,22716.0,0.0,0.0,0.0,0.0,304.8044,32430.0,76.07001,366610.0,0.0,0.0,9.983652,54587598.0,0.0,88.26977,482632498.0,0.0,0.0,0.0,0.0,546769853.0,4.263065,6066.0,142292.0,0.0,1.07337,16326.0,1521004.0,0.0,0.0,0.0,0.0,0.0,dataset_2023.csv,202311,True,False
2023,11,Lima,Lima,El Agustino,MOVISTAR,3.6570385,12481.0,0.7511294,3354.0,9.289914,90801.0,3.5860393,7542.0,0.0,0.0,0.0,0.0,299.98532,7088.0,75.50451,107933.0,0.0,0.0,9.866278,17173240.0,0.0,88.42117,153905861.0,0.0,0.0,0.0,0.0,174059970.0,5.876692,1893.0,32212.0,0.0,1.119058,5035.0,449932.0,0.0,0.0,0.0,0.0,0.0,dataset_2023.csv,202311,True,False
2023,11,Lima,Lima,Independencia,MOVISTAR,3.257651,24441.0,0.71227384,5825.0,10.192293,167366.0,3.4916048,13927.0,0.0,0.0,0.0,0.0,241.64096,13109.0,75.40476,191581.0,0.0,0.0,6.1428604,14009163.0,0.0,92.243805,210367556.0,0.0,0.0,0.0,0.0,228056027.0,4.299082,2435.0,56640.0,0.0,1.0892489,8656.0,794676.0,0.0,0.0,0.0,0.0,0.0,dataset_2023.csv,202311,True,False
2023,11,Lima,Lima,Los Olivos,MOVISTAR,4.0303307,36617.0,0.7745677,11041.0,10.634802,259056.0,3.4170325,19826.0,0.0,0.0,0.0,0.0,253.07669,22029.0,75.12732,311834.0,0.0,0.0,8.578849,37876581.0,0.0,90.3704,398995492.0,0.0,0.0,0.0,0.0,441511252.0,3.5764585,3352.0,93724.0,0.0,0.929034,11901.0,1281008.0,0.0,0.0,0.0,0.0,0.0,dataset_2023.csv,202311,True,False
2023,11,Lima,Lima,Puente Piedra,MOVISTAR,3.1099188,19901.0,0.76994205,5674.0,9.9946,162383.0,3.684541,13873.0,0.0,0.0,0.0,0.0,303.2915,11101.0,76.35022,182717.0,0.0,0.0,7.7536216,18144951.0,0.0,91.38218,213851707.0,0.0,0.0,0.0,0.0,234019048.0,4.8365564,2391.0,49436.0,0.0,0.92687565,6976.0,752636.0,0.0,0.0,0.0,0.0,0.0,dataset_2023.csv,202311,True,False
2023,11,Lima,Lima,Punta Negra,MOVISTAR,4.9767404,1619.0,1.0176616,500.0,13.236857,15678.0,4.510653,1158.0,0.0,0.0,0.0,0.0,197.689,1306.0,72.17464,18470.0,0.0,0.0,5.266629,912579.0,0.0,93.883995,16267817.0,0.0,0.0,0.0,0.0,17327572.0,1.2490679,67.0,5364.0,0.0,0.9058358,678.0,74848.0,0.0,0.0,0.0,0.0,0.0,dataset_2023.csv,202311,True,False
2023,11,Lima,Lima,San Juan De Lurigancho,MOVISTAR,3.8050325,60755.0,0.75038856,16150.0,9.6831875,437206.0,3.495749,34319.0,0.0,0.0,0.0,0.0,277.4892,30462.0,74.50547,508141.0,0.0,0.0,8.165778,56385863.0,0.0,89.40822,617376528.0,0.0,0.0,0.0,0.0,690514275.0,4.567293,6103.0,133624.0,0.0,0.9646486,20220.0,2096100.0,0.0,0.0,0.0,0.0,0.0,dataset_2023.csv,202311,True,False
2023,11,Lima,Lima,San Luis,MOVISTAR,3.945249,8361.0,0.67074156,2314.0,10.11583,95144.0,3.1884184,8451.0,0.0,0.0,0.0,0.0,224.53769,5470.0,74.40933,112878.0,0.0,0.0,5.7036924,6793590.0,0.0,93.87617,111814617.0,0.0,0.0,0.0,0.0,119108633.0,3.4487178,807.0,23400.0,0.0,0.7159211,3302.0,461224.0,0.0,0.0,0.0,0.0,0.0,dataset_2023.csv,202311,True,False
2023,11,Lima,Lima,San Martin De Porres,MOVISTAR,3.4617894,52410.0,0.79739547,14325.0,9.945142,435610.0,3.5767772,35463.0,0.0,0.0,0.0,0.0,283.35028,32106.0,75.19566,520398.0,0.0,0.0,8.785592,65443893.0,0.0,88.9697,662735527.0,0.0,0.0,0.0,0.0,744900237.0,4.1564755,5778.0,139012.0,0.0,0.8648809,18518.0,2141104.0,0.0,0.0,0.0,0.0,0.0,dataset_2023.csv,202311,True,False
2023,11,Piura,Piura,Castilla,MOVISTAR,4.3378944,6311.0,0.64688325,3166.0,10.599823,122090.0,3.341499,9414.0,0.0,0.0,0.0,0.0,191.3782,5582.0,83.27326,145642.0,0.0,0.0,3.1590343,5686618.0,0.0,95.86161,172561711.0,0.0,0.0,0.0,0.0,180011275.0,4.631525,1086.0,23448.0,0.0,0.82010317,4928.0,600900.0,0.0,0.0,0.0,0.0,0.0,dataset_2023.csv,202311,True,False
2023,11,Piura,Piura,Catacaos,MOVISTAR,3.574623,1612.0,0.6977237,694.0,9.752575,47398.0,2.7454667,2360.0,0.0,0.0,0.0,0.0,194.7432,1313.0,82.71194,47211.0,0.0,0.0,2.0400243,1152801.0,0.0,96.319275,54429230.0,0.0,0.0,0.0,0.0,56509178.0,6.107143,342.0,5600.0,0.0,0.77544826,1512.0,194984.0,0.0,0.0,0.0,0.0,0.0,dataset_2023.csv,202311,True,False
2023,11,Piura,Piura,Piura,MOVISTAR,5.0542192,12852.0,0.6556524,5318.0,9.787883,200884.0,3.1692533,14198.0,0.0,0.0,0.0,0.0,170.21266,10811.0,83.37846,269199.0,0.0,0.0,4.2442718,11083400.0,0.0,95.17441,248536411.0,0.0,0.0,0.0,0.0,261137851.0,3.9333153,1753.0,44568.0,0.0,0.74481434,8263.0,1109404.0,0.0,0.0,0.0,0.0,0.0,dataset_2023.csv,202311,True,False
2023,11,Piura,Piura,Veintiseis De Octubre,MOVISTAR,4.406522,5129.0,0.6641696,2277.0,8.760195,102322.0,2.977935,9769.0,0.0,0.0,0.0,0.0,212.3815,3912.0,85.06364,126043.0,0.0,0.0,2.3760114,3765876.0,0.0,96.99461,153732311.0,0.0,0.0,0.0,0.0,158495714.0,4.1029377,676.0,16476.0,0.0,1.0847955,5740.0,529132.0,0.0,0.0,0.0,0.0,0.0,dataset_2023.csv,202311,True,False
2023,11,Puno,Puno,Puno,MOVISTAR,4.113334,26253.0,0.90706205,9301.0,10.616239,281573.0,4.473508,29907.0,0.0,0.0,0.0,0.0,241.54639,19628.0,86.97574,275520.0,0.0,0.0,6.483182,19180137.0,0.0,92.22687,272848109.0,0.0,0.0,0.0,0.0,295844490.0,6.125766,5239.0,85524.0,0.0,1.1511749,13227.0,1149000.0,0.0,0.0,0.0,0.0,0.0,dataset_2023.csv,202311,True,False
2023,11,Puno,San Roman,Caracoto,MOVISTAR,2.8827758,1880.0,0.67727953,564.0,5.614563,8294.0,3.8355353,597.0,0.0,0.0,0.0,0.0,263.30313,1378.0,87.994965,9117.0,0.0,0.0,8.738081,1034713.0,0.0,90.30664,10693590.0,0.0,0.0,0.0,0.0,11841422.0,7.0631375,443.0,6272.0,0.0,1.9687815,782.0,39720.0,0.0,0.0,0.0,0.0,0.0,dataset_2023.csv,202311,True,False
2023,11,Puno,San Roman,Juliaca,MOVISTAR,3.8006852,31044.0,0.6995279,10229.0,8.572559,292724.0,3.2846756,19678.0,0.0,0.0,0.0,0.0,272.71097,20866.0,84.65699,286504.0,0.0,0.0,5.734663,17481495.0,0.0,93.18295,284058071.0,0.0,0.0,0.0,0.0,304839101.0,7.1618204,6798.0,94920.0,0.0,1.4534392,18217.0,1253372.0,0.0,0.0,0.0,0.0,0.0,dataset_2023.csv,202311,True,False
2023,11,Puno,San Roman,San Miguel,MOVISTAR,2.8975089,3202.0,0.6600013,1276.0,7.712619,32389.0,3.6080592,3989.0,0.0,0.0,0.0,0.0,283.25278,2582.0,86.93156,30877.0,0.0,0.0,6.7838635,2412062.0,0.0,91.624794,32577997.0,0.0,0.0,0.0,0.0,35555874.0,9.122421,1079.0,11828.0,0.0,1.7184446,2321.0,135064.0,0.0,0.0,0.0,0.0,0.0,dataset_2023.csv,202311,True,False
2023,11,San Martin,Moyobamba,Moyobamba,MOVISTAR,3.513984,4660.0,0.594629,1467.0,10.708098,64848.0,3.2472575,6979.0,0.0,0.0,0.0,0.0,381.91235,4695.0,92.84389,68365.0,0.0,0.0,4.0085664,3133129.0,0.0,94.243256,73661311.0,0.0,0.0,0.0,0.0,78160833.0,4.8752947,993.0,20368.0,0.0,1.0095806,2900.0,287248.0,0.0,0.0,0.0,0.0,0.0,dataset_2023.csv,202311,True,False
2023,11,Tacna,Candarave,Camilaca,MOVISTAR,4.2367845,1026.0,0.0,0.0,5.9657536,4186.0,5.6846843,536.0,0.0,0.0,0.0,0.0,0.0,0.0,100.05754,1849.0,0.0,0.0,13.5076275,852758.0,0.0,69.825294,4408182.0,0.0,0.0,0.0,0.0,6313159.0,3.051948,0.0,0.0,0.0,1.5226338,148.0,9720.0,0.0,0.0,0.0,0.0,0.0,dataset_2023.csv,202311,True,False
2023,11,Tumbes,Contralmirante Villar,Canoas De Punta Sal,MOVISTAR,3.7853923,975.0,0.0,0.0,8.997141,11326.0,3.447469,1139.0,0.0,0.0,0.0,0.0,186.48253,1160.0,80.68966,16462.0,0.0,0.0,5.674125,723868.0,0.0,92.389206,11786414.0,0.0,0.0,0.0,0.0,12757350.0,4.0607057,198.0,4876.0,0.0,0.41951337,280.0,66744.0,0.0,0.0,0.0,0.0,0.0,dataset_2023.csv,202311,True,False
2023,11,Tumbes,Tumbes,Tumbes,MOVISTAR,4.434182,2643.0,0.73569316,1209.0,10.918679,73401.0,3.45855,6646.0,0.0,0.0,0.0,0.0,184.24326,2866.0,84.52995,78966.0,0.0,0.0,4.137238,3845277.0,0.0,94.95002,88249487.0,0.0,0.0,0.0,0.0,92943093.0,3.9198904,458.0,11684.0,0.0,0.44001594,1414.0,321352.0,0.0,0.0,0.0,0.0,0.0,dataset_2023.csv,202311,True,False
2023,12,Arequipa,Arequipa,Alto Selva Alegre,MOVISTAR,4.404125,2824.0,0.7988805,952.0,10.1749115,38109.0,2.9225984,3246.0,0.0,0.0,0.0,0.0,261.2906,2233.0,79.87716,46153.0,0.0,0.0,5.7730336,3967655.0,0.0,92.899765,63847579.0,0.0,0.0,0.0,0.0,68727385.0,5.458927,521.0,9544.0,0.0,0.9662289,1854.0,191880.0,0.0,0.0,0.0,0.0,0.0,dataset_2023.csv,202312,True,False
2023,12,Arequipa,Arequipa,Cayma,MOVISTAR,3.851353,5076.0,1.1536314,2317.0,9.730453,61711.0,3.0532782,4563.0,0.0,0.0,0.0,0.0,230.5873,4299.0,81.492424,90239.0,0.0,0.0,4.4499063,4882599.0,0.0,94.89275,104119782.0,0.0,0.0,0.0,0.0,109723640.0,6.008838,1115.0,18556.0,0.0,1.2127999,4592.0,378628.0,0.0,0.0,0.0,0.0,0.0,dataset_2023.csv,202312,True,False
2023,12,Arequipa,Arequipa,Jacobo Hunter,MOVISTAR,3.8253655,2473.0,0.68182117,713.0,9.53447,33654.0,3.4849496,2700.0,0.0,0.0,0.0,0.0,236.97432,1532.0,81.55969,44004.0,0.0,0.0,4.0483947,2566326.0,0.0,94.94512,60186855.0,0.0,0.0,0.0,0.0,63391204.0,4.6096096,307.0,6660.0,0.0,1.1983927,2213.0,184664.0,0.0,0.0,0.0,0.0,0.0,dataset_2023.csv,202312,True,False
2023,12,Arequipa,Arequipa,Jose Luis Bustamante Y Rivero,MOVISTAR,4.3312654,4535.0,0.7005418,1708.0,9.880517,87251.0,2.8589363,6866.0,0.0,0.0,0.0,0.0,269.9986,6842.0,80.74697,136465.0,0.0,0.0,4.120362,6348321.0,0.0,93.513374,144077855.0,0.0,0.0,0.0,0.0,154071923.0,3.489103,999.0,28632.0,0.0,0.9272981,5256.0,566808.0,0.0,0.0,0.0,0.0,0.0,dataset_2023.csv,202312,True,False
2023,12,Arequipa,Arequipa,Mariano Melgar,MOVISTAR,3.5634103,1856.0,0.66467357,770.0,9.937215,33692.0,2.9040701,2496.0,0.0,0.0,0.0,0.0,197.00595,1864.0,79.896515,47595.0,0.0,0.0,2.4104886,1431302.0,0.0,97.03968,57620304.0,0.0,0.0,0.0,0.0,59378086.0,3.038961,234.0,7700.0,0.0,0.91589034,1805.0,197076.0,0.0,0.0,0.0,0.0,0.0,dataset_2023.csv,202312,True,False
2023,12,Arequipa,Arequipa,Miraflores,MOVISTAR,4.1072392,3090.0,0.8979193,1211.0,12.117199,68463.0,4.52186,6745.0,0.0,0.0,0.0,0.0,197.82224,2691.0,79.44161,77489.0,0.0,0.0,2.9853277,2490208.0,0.0,96.387596,80401614.0,0.0,0.0,0.0,0.0,83414895.0,4.7359157,538.0,11360.0,0.0,0.75647193,2409.0,318452.0,0.0,0.0,0.0,0.0,0.0,dataset_2023.csv,202312,True,False
2023,12,Arequipa,Arequipa,Paucarpata,MOVISTAR,4.1030655,6684.0,0.72806615,1935.0,10.42874,116234.0,2.9715135,8117.0,0.0,0.0,0.0,0.0,223.50517,5338.0,80.09166,118698.0,0.0,0.0,4.081107,5731148.0,0.0,94.94013,133325578.0,0.0,0.0,0.0,0.0,140431209.0,4.8578835,1087.0,22376.0,0.0,0.8754522,4288.0,489804.0,0.0,0.0,0.0,0.0,0.0,dataset_2023.csv,202312,True,False
2023,12,Arequipa,Arequipa,Sachaca,MOVISTAR,3.349072,2135.0,0.7127044,608.0,9.558881,17756.0,3.0662093,937.0,0.0,0.0,0.0,0.0,218.31396,2234.0,82.09693,24928.0,0.0,0.0,8.854193,2255511.0,0.0,90.36152,23018632.0,0.0,0.0,0.0,0.0,25473932.0,6.681837,646.0,9668.0,0.0,1.0719345,1120.0,104484.0,0.0,0.0,0.0,0.0,0.0,dataset_2023.csv,202312,True,False
2023,12,Arequipa,Arequipa,Socabaya,MOVISTAR,3.7439783,1841.0,0.82390594,588.0,8.537264,27428.0,2.9241915,1854.0,0.0,0.0,0.0,0.0,206.9224,1581.0,82.74952,31766.0,0.0,0.0,3.7913597,2025358.0,0.0,95.761505,51156143.0,0.0,0.0,0.0,0.0,53420362.0,6.4792542,431.0,6652.0,0.0,1.3186342,1781.0,135064.0,0.0,0.0,0.0,0.0,0.0,dataset_2023.csv,202312,True,False
2023,12,Arequipa,Arequipa,Tiabaya,MOVISTAR,5.171314,1749.0,0.60250634,672.0,9.629781,24589.0,1.7828871,1853.0,0.0,0.0,0.0,0.0,231.43927,1748.0,80.26638,24609.0,0.0,0.0,3.354872,978229.0,0.0,95.835205,27944070.0,0.0,0.0,0.0,0.0,29158460.0,4.3183055,318.0,7364.0,0.0,0.80635667,822.0,101940.0,0.0,0.0,0.0,0.0,0.0,dataset_2023.csv,202312,True,False
2023,12,Arequipa,Arequipa,Yanahuara,MOVISTAR,4.0474696,1111.0,0.5844328,440.0,12.714553,24298.0,2.808022,1303.0,0.0,0.0,0.0,0.0,204.91634,1414.0,79.79129,39817.0,0.0,0.0,2.1991298,1080789.0,0.0,97.22506,47782433.0,0.0,0.0,0.0,0.0,49146212.0,5.3045187,324.0,6108.0,0.0,1.1862061,1971.0,166160.0,0.0,0.0,0.0,0.0,0.0,dataset_2023.csv,202312,True,False
2023,12,Ayacucho,Huamanga,Carmen Alto,MOVISTAR,3.129245,3627.0,0.5027583,1103.0,10.273239,11561.0,3.354692,586.0,0.0,0.0,0.0,0.0,250.22627,2515.0,80.321045,11663.0,0.0,0.0,11.007532,1983575.0,0.0,85.67021,15437910.0,0.0,0.0,0.0,0.0,18020161.0,4.146745,451.0,10876.0,0.0,1.4602379,722.0,49444.0,0.0,0.0,0.0,0.0,0.0,dataset_2023.csv,202312,True,False
2023,12,Cajamarca,Celendin,Celendin,MOVISTAR,4.1345935,2133.0,0.83977354,555.0,8.294523,20705.0,2.8494303,1453.0,0.0,0.0,0.0,0.0,302.87704,2245.0,83.70279,17341.0,0.0,0.0,15.304212,2199542.0,0.0,83.85558,12051838.0,0.0,0.0,0.0,0.0,14372135.0,3.3586688,327.0,9736.0,0.0,0.6816436,497.0,72912.0,0.0,0.0,0.0,0.0,0.0,dataset_2023.csv,202312,True,False
2023,12,Cajamarca,Santa Cruz,Santa Cruz,MOVISTAR,4.9236164,1377.0,0.703191,507.0,7.83789,21870.0,1.7522862,1018.0,0.0,0.0,0.0,0.0,236.47719,1311.0,90.48,21607.0,0.0,0.0,6.704213,991322.0,0.0,92.26842,13643318.0,0.0,0.0,0.0,0.0,14786553.0,5.7382784,328.0,5716.0,0.0,1.3365191,1225.0,91656.0,0.0,0.0,0.0,0.0,0.0,dataset_2023.csv,202312,True,False
2023,12,Callao,Callao,Mi Peru,MOVISTAR,3.499923,9105.0,1.2551088,2645.0,8.792715,21111.0,3.1018577,1281.0,0.0,0.0,0.0,0.0,286.5252,3572.0,75.39842,28619.0,0.0,0.0,7.1046567,3380323.0,0.0,91.76148,43659175.0,0.0,0.0,0.0,0.0,47578976.0,2.899027,441.0,15212.0,0.0,0.8561992,1011.0,118080.0,0.0,0.0,0.0,0.0,0.0,dataset_2023.csv,202312,True,False
2023,12,Cusco,Acomayo,Pomacanchi,MOVISTAR,0.0,0.0,0.0,0.0,14.258737,1714.0,0.0,0.0,0.0,0.0,0.0,0.0,0.0,0.0,82.69098,2644.0,0.0,0.0,0.867933,14320.0,0.0,97.403114,1607051.0,0.0,0.0,0.0,0.0,1649897.0,0.0,0.0,0.0,0.0,0.34787515,37.0,10636.0,0.0,0.0,0.0,0.0,0.0,dataset_2023.csv,202312,False,True
2023,12,Cusco,Cusco,Cusco,MOVISTAR,3.639903,7852.0,0.68739897,3168.0,8.622981,88542.0,3.1497548,8815.0,0.0,0.0,0.0,0.0,273.78943,7937.0,88.4356,132947.0,0.0,0.0,7.3877406,11250406.0,0.0,90.32515,137551479.0,0.0,0.0,0.0,0.0,152284803.0,8.110751,2903.0,35792.0,0.0,2.233263,12923.0,578660.0,0.0,0.0,0.0,0.0,0.0,dataset_2023.csv,202312,True,False
2023,12,Cusco,Cusco,San Jeronimo,MOVISTAR,4.370698,8481.0,0.6466471,2810.0,8.976121,63570.0,3.662497,5069.0,0.0,0.0,0.0,0.0,229.61789,5463.0,84.66017,66701.0,0.0,0.0,7.9427166,6210245.0,0.0,91.33359,71411835.0,0.0,0.0,0.0,0.0,78187920.0,4.1586413,950.0,22844.0,0.0,0.9534977,2659.0,278868.0,0.0,0.0,0.0,0.0,0.0,dataset_2023.csv,202312,True,False
2023,12,Cusco,Cusco,San Sebastian,MOVISTAR,3.6558642,4545.0,0.7673491,1728.0,9.029859,58336.0,3.721756,5064.0,0.0,0.0,0.0,0.0,242.04785,3294.0,87.316826,71296.0,0.0,0.0,6.307147,6895190.0,0.0,92.729965,101375592.0,0.0,0.0,0.0,0.0,109323441.0,7.4094706,1064.0,14360.0,0.0,1.6602993,5076.0,305728.0,0.0,0.0,0.0,0.0,0.0,dataset_2023.csv,202312,True,False
2023,12,Cusco,Cusco,Santiago,MOVISTAR,2.8901267,4336.0,0.6046347,1503.0,9.213281,56581.0,4.0440316,5599.0,0.0,0.0,0.0,0.0,259.4558,3754.0,87.92886,73819.0,0.0,0.0,4.839135,4370218.0,0.0,92.33702,83389467.0,0.0,0.0,0.0,0.0,90309895.0,7.5356293,1269.0,16840.0,0.0,1.7369016,5523.0,317980.0,0.0,0.0,0.0,0.0,0.0,dataset_2023.csv,202312,True,False
2023,12,Cusco,Cusco,Wanchaq,MOVISTAR,3.946234,6492.0,0.709756,2715.0,8.424419,79092.0,2.6591606,9950.0,0.0,0.0,0.0,0.0,232.43185,5802.0,87.681305,113511.0,0.0,0.0,4.961607,5719168.0,0.0,93.987465,108337908.0,0.0,0.0,0.0,0.0,115268465.0,5.681999,1428.0,25132.0,0.0,1.7302277,8406.0,485832.0,0.0,0.0,0.0,0.0,0.0,dataset_2023.csv,202312,True,False
2023,12,Cusco,La Convencion,Echarate,MOVISTAR,2.9603066,934.0,0.0,0.0,7.5120645,8043.0,3.2234929,952.0,0.0,0.0,0.0,0.0,302.07758,778.0,89.34433,8512.0,0.0,0.0,4.216727,854639.0,0.0,52.93768,10729318.0,0.0,0.0,0.0,0.0,20267829.0,5.175339,183.0,3536.0,0.0,2.681174,1067.0,39796.0,0.0,0.0,0.0,0.0,0.0,dataset_2023.csv,202312,True,False
2023,12,Huancavelica,Tayacaja,Pampas,MOVISTAR,4.8958097,1700.0,0.7390178,783.0,11.924395,10821.0,3.6795945,530.0,0.0,0.0,0.0,0.0,223.48767,1320.0,78.03673,11590.0,0.0,0.0,5.989107,879355.0,0.0,91.99413,13507106.0,0.0,0.0,0.0,0.0,14682573.0,4.843977,267.0,5512.0,0.0,1.7826825,882.0,49476.0,0.0,0.0,0.0,0.0,0.0,dataset_2023.csv,202312,True,False
2023,12,Ica,Chincha,Alto Laran,MOVISTAR,4.315619,1539.0,0.65055144,886.0,9.543307,15786.0,2.8269577,844.0,0.0,0.0,0.0,0.0,172.61406,1115.0,74.65644,13961.0,0.0,0.0,7.752057,1024139.0,0.0,91.3473,12068065.0,0.0,0.0,0.0,0.0,13211190.0,3.5464098,162.0,4568.0,0.0,0.6339504,363.0,57260.0,0.0,0.0,0.0,0.0,0.0,dataset_2023.csv,202312,True,False
2023,12,Ica,Chincha,Chincha Alta,MOVISTAR,6.3079305,12520.0,1.1138895,4667.0,11.153985,133507.0,2.89916,8581.0,0.0,0.0,0.0,0.0,192.5875,8357.0,71.83906,141762.0,0.0,0.0,3.4354355,5137256.0,0.0,95.947426,143477143.0,0.0,0.0,0.0,0.0,149537253.0,3.4804904,1181.0,33932.0,0.0,0.6665518,3870.0,580600.0,0.0,0.0,0.0,0.0,0.0,dataset_2023.csv,202312,True,False
2023,12,Ica,Chincha,Chincha Baja,MOVISTAR,3.577964,2375.0,0.9269326,863.0,9.9244795,12996.0,3.101614,874.0,0.0,0.0,0.0,0.0,224.18695,2481.0,77.0463,16174.0,0.0,0.0,13.384083,2205634.0,0.0,85.454124,14082439.0,0.0,0.0,0.0,0.0,16479531.0,7.4208317,778.0,10484.0,0.0,1.166042,784.0,67236.0,0.0,0.0,0.0,0.0,0.0,dataset_2023.csv,202312,True,False
2023,12,Ica,Chincha,El Carmen,MOVISTAR,4.2644987,1298.0,0.6504193,644.0,10.842712,16660.0,2.5428972,911.0,0.0,0.0,0.0,0.0,188.36127,735.0,73.326035,14120.0,0.0,0.0,5.870837,868903.0,0.0,93.58101,13850294.0,0.0,0.0,0.0,0.0,14800325.0,5.2408853,161.0,3072.0,0.0,0.62794894,362.0,57648.0,0.0,0.0,0.0,0.0,0.0,dataset_2023.csv,202312,True,False
2023,12,Ica,Chincha,Pueblo Nuevo,MOVISTAR,3.3577693,4095.0,0.663914,1093.0,10.077128,59275.0,3.4228897,4370.0,0.0,0.0,0.0,0.0,205.52116,2376.0,73.034996,64203.0,0.0,0.0,3.9920669,2775907.0,0.0,95.7421,66574829.0,0.0,0.0,0.0,0.0,69535582.0,3.8334708,372.0,9704.0,0.0,0.5105537,1341.0,262656.0,0.0,0.0,0.0,0.0,0.0,dataset_2023.csv,202312,True,False
2023,12,Ica,Chincha,Sunampe,MOVISTAR,3.461994,1486.0,0.7924319,1097.0,13.140054,52965.0,3.5288587,3418.0,0.0,0.0,0.0,0.0,170.47139,1126.0,70.741936,55208.0,0.0,0.0,2.3032534,1184797.0,0.0,95.87731,49319432.0,0.0,0.0,0.0,0.0,51440150.0,3.7206266,171.0,4596.0,0.0,0.40339208,900.0,223108.0,0.0,0.0,0.0,0.0,0.0,dataset_2023.csv,202312,True,False
2023,12,Ica,Ica,Ica,MOVISTAR,5.4723287,19741.0,0.75012493,6748.0,10.900457,220905.0,2.6693628,18075.0,0.0,0.0,0.0,0.0,175.91032,14596.0,73.049736,273355.0,0.0,0.0,4.9379306,15255383.0,0.0,93.85353,289953752.0,0.0,0.0,0.0,0.0,308942833.0,3.0360372,1813.0,59716.0,0.0,0.67896235,7610.0,1120828.0,0.0,0.0,0.0,0.0,0.0,dataset_2023.csv,202312,True,False
2023,12,Ica,Ica,La Tinguiña,MOVISTAR,4.4465985,1135.0,0.7421101,565.0,8.152229,27906.0,3.3542469,2433.0,0.0,0.0,0.0,0.0,195.96643,1891.0,72.19778,37576.0,0.0,0.0,3.396466,1258269.0,0.0,96.03258,35576628.0,0.0,0.0,0.0,0.0,37046417.0,5.065856,400.0,7896.0,0.0,0.57997715,894.0,154144.0,0.0,0.0,0.0,0.0,0.0,dataset_2023.csv,202312,True,False
2023,12,Ica,Ica,Parcona,MOVISTAR,4.4245753,2724.0,0.6846919,1088.0,11.020906,47719.0,5.039068,6343.0,0.0,0.0,0.0,0.0,219.13503,2851.0,72.17976,54237.0,0.0,0.0,4.914476,2739927.0,0.0,94.25209,52547588.0,0.0,0.0,0.0,0.0,55752172.0,2.8859408,335.0,11608.0,0.0,0.5458731,1214.0,222396.0,0.0,0.0,0.0,0.0,0.0,dataset_2023.csv,202312,True,False
2023,12,Ica,Ica,Subtanjalla,MOVISTAR,4.355447,1238.0,0.57972187,540.0,6.3913107,16129.0,3.1307402,1572.0,0.0,0.0,0.0,0.0,243.03104,844.0,73.85511,19336.0,0.0,0.0,14.02849,4068316.0,0.0,85.28682,24733505.0,0.0,0.0,0.0,0.0,29000385.0,3.721591,131.0,3520.0,0.0,0.7894476,638.0,80816.0,0.0,0.0,0.0,0.0,0.0,dataset_2023.csv,202312,True,False
2023,12,Junin,Chanchamayo,Chanchamayo,MOVISTAR,5.5084567,5282.0,1.3111738,2429.0,8.586943,29607.0,3.0067704,2811.0,0.0,0.0,0.0,0.0,184.27658,4095.0,77.76192,36835.0,0.0,0.0,7.892466,3102539.0,0.0,90.45516,35558045.0,0.0,0.0,0.0,0.0,39310134.0,3.4573843,589.0,17036.0,0.0,0.6459629,993.0,153724.0,0.0,0.0,0.0,0.0,0.0,dataset_2023.csv,202312,True,False
2023,12,Junin,Huancayo,Chilca,MOVISTAR,3.7464194,3926.0,0.8397384,1480.0,7.797976,59652.0,2.8428354,4632.0,0.0,0.0,0.0,0.0,231.479,3034.0,77.86936,69167.0,0.0,0.0,4.3625,3875330.0,0.0,94.36807,83829771.0,0.0,0.0,0.0,0.0,88832771.0,7.160494,928.0,12960.0,0.0,1.4480778,4276.0,295288.0,0.0,0.0,0.0,0.0,0.0,dataset_2023.csv,202312,True,False
2023,12,Junin,Huancayo,El Tambo,MOVISTAR,4.1593323,21112.0,0.71953994,8426.0,9.948067,287237.0,3.0217147,22702.0,0.0,0.0,0.0,0.0,221.74359,16098.0,75.72865,330919.0,0.0,0.0,6.180289,25633355.0,0.0,93.19942,386553758.0,0.0,0.0,0.0,0.0,414759841.0,4.8342624,3296.0,68180.0,0.0,0.85677636,11795.0,1376672.0,0.0,0.0,0.0,0.0,0.0,dataset_2023.csv,202312,True,False
2023,12,Junin,Huancayo,Huancayo,MOVISTAR,4.0457816,14329.0,0.7448253,5692.0,9.246012,207940.0,3.00409,19249.0,0.0,0.0,0.0,0.0,216.37444,12356.0,77.43773,279180.0,0.0,0.0,5.0934505,16132770.0,0.0,94.00674,297752782.0,0.0,0.0,0.0,0.0,316735584.0,5.580905,2911.0,52160.0,0.0,1.201746,14091.0,1172544.0,0.0,0.0,0.0,0.0,0.0,dataset_2023.csv,202312,True,False
2023,12,Junin,Huancayo,Pilcomayo,MOVISTAR,3.2824593,2553.0,0.6987164,512.0,6.820261,22510.0,1.9787148,2039.0,0.0,0.0,0.0,0.0,262.65384,1701.0,79.159836,27733.0,0.0,0.0,11.516573,4320423.0,0.0,87.67314,32890433.0,0.0,0.0,0.0,0.0,37514833.0,6.9786096,522.0,7480.0,0.0,0.99563926,1169.0,117412.0,0.0,0.0,0.0,0.0,0.0,dataset_2023.csv,202312,True,False
2023,12,Junin,Huancayo,San Agustin,MOVISTAR,6.2965164,1971.0,0.6843768,1608.0,9.757801,33071.0,2.1461058,2258.0,0.0,0.0,0.0,0.0,220.60185,1056.0,75.195656,26191.0,0.0,0.0,2.8187563,916242.0,0.0,96.08817,31233639.0,0.0,0.0,0.0,0.0,32505185.0,5.2863436,240.0,4540.0,0.0,1.3341151,1479.0,110860.0,0.0,0.0,0.0,0.0,0.0,dataset_2023.csv,202312,True,False
2023,12,Junin,Junin,Carhuamayo,MOVISTAR,5.966707,3243.0,1.0528238,1277.0,11.220088,23440.0,3.8415296,3124.0,0.0,0.0,0.0,0.0,172.98157,1965.0,73.262024,15736.0,0.0,0.0,8.231968,1399111.0,0.0,89.518394,15214609.0,0.0,0.0,0.0,0.0,16996070.0,3.5052578,280.0,7988.0,0.0,0.48889163,316.0,64636.0,0.0,0.0,0.0,0.0,0.0,dataset_2023.csv,202312,True,False
2023,12,La Libertad,Trujillo,El Porvenir,MOVISTAR,2.7098513,4679.0,0.69721043,1904.0,8.0841465,46324.0,3.059543,3618.0,0.0,0.0,0.0,0.0,244.32869,3738.0,80.26742,62342.0,0.0,0.0,8.683837,9109564.0,0.0,90.035095,94449083.0,0.0,0.0,0.0,0.0,104902522.0,6.747279,1116.0,16540.0,0.0,1.1222247,2962.0,263940.0,0.0,0.0,0.0,0.0,0.0,dataset_2023.csv,202312,True,False
2023,12,La Libertad,Trujillo,La Esperanza,MOVISTAR,3.3453598,7381.0,0.6725113,3094.0,9.223842,89136.0,3.1153805,9034.0,0.0,0.0,0.0,0.0,202.16801,7218.0,78.74958,107929.0,0.0,0.0,9.3513,13356808.0,0.0,89.717155,128146337.0,0.0,0.0,0.0,0.0,142833704.0,5.380037,1645.0,30576.0,0.0,1.0089041,4555.0,451480.0,0.0,0.0,0.0,0.0,0.0,dataset_2023.csv,202312,True,False
2023,12,La Libertad,Trujillo,Moche,MOVISTAR,3.635901,1123.0,0.76678675,417.0,11.155363,28619.0,3.4135294,2578.0,0.0,0.0,0.0,0.0,231.28407,900.0,75.89934,30503.0,0.0,0.0,2.997112,982325.0,0.0,96.47096,31619052.0,0.0,0.0,0.0,0.0,32775719.0,7.502569,292.0,3892.0,0.0,0.86823696,1097.0,126348.0,0.0,0.0,0.0,0.0,0.0,dataset_2023.csv,202312,True,False
2023,12,La Libertad,Trujillo,Trujillo,MOVISTAR,4.0831203,29935.0,0.66671133,13652.0,11.845366,375656.0,2.8209705,34778.0,0.0,0.0,0.0,0.0,190.30365,24560.0,77.17775,456626.0,0.0,0.0,6.2986975,29784547.0,0.0,92.781296,438733373.0,0.0,0.0,0.0,0.0,472868355.0,4.6317663,4737.0,102272.0,0.0,0.702799,13193.0,1877208.0,0.0,0.0,0.0,0.0,0.0,dataset_2023.csv,202312,True,False
2023,12,La Libertad,Trujillo,Victor Larco Herrera,MOVISTAR,4.2366705,5061.0,0.7160848,3429.0,11.954147,74417.0,3.021222,8205.0,0.0,0.0,0.0,0.0,162.37517,3633.0,76.49639,88574.0,0.0,0.0,5.122667,4768511.0,0.0,94.40704,87880208.0,0.0,0.0,0.0,0.0,93086493.0,4.058966,603.0,14856.0,0.0,0.45369282,1635.0,360376.0,0.0,0.0,0.0,0.0,0.0,dataset_2023.csv,202312,True,False
2023,12,Lambayeque,Chiclayo,Chiclayo,MOVISTAR,4.3422327,16817.0,0.701164,8628.0,10.625832,205859.0,2.6723788,16626.0,0.0,0.0,0.0,0.0,218.71077,16015.0,79.468,266824.0,0.0,0.0,5.8226643,19342072.0,0.0,93.29089,309899215.0,0.0,0.0,0.0,0.0,332185933.0,4.715943,3171.0,67240.0,0.0,0.7359383,8098.0,1100364.0,0.0,0.0,0.0,0.0,0.0,dataset_2023.csv,202312,True,False
2023,12,Lambayeque,Chiclayo,Jose Leonardo Ortiz,MOVISTAR,4.6123543,6237.0,0.7806195,2297.0,10.2116165,54866.0,2.6389878,4060.0,0.0,0.0,0.0,0.0,224.79088,4897.0,79.60241,62754.0,0.0,0.0,6.541752,6065907.0,0.0,91.99048,85299121.0,0.0,0.0,0.0,0.0,92726034.0,3.5939035,731.0,20340.0,0.0,0.9769983,2557.0,261720.0,0.0,0.0,0.0,0.0,0.0,dataset_2023.csv,202312,True,False
2023,12,Lambayeque,Chiclayo,La Victoria,MOVISTAR,5.8537517,4101.0,0.8326179,1251.0,10.288975,43497.0,2.689894,3958.0,0.0,0.0,0.0,0.0,198.83984,2950.0,78.938446,60134.0,0.0,0.0,4.133407,3207615.0,0.0,95.200676,73877823.0,0.0,0.0,0.0,0.0,77602204.0,4.003295,486.0,12140.0,0.0,0.6753052,1675.0,248036.0,0.0,0.0,0.0,0.0,0.0,dataset_2023.csv,202312,True,False
2023,12,Lambayeque,Chiclayo,Pimentel,MOVISTAR,4.133112,4594.0,0.7862956,3096.0,10.418262,60186.0,2.704628,6149.0,0.0,0.0,0.0,0.0,208.35005,3684.0,79.053055,65789.0,0.0,0.0,4.712639,3977841.0,0.0,93.26963,78726966.0,0.0,0.0,0.0,0.0,84407933.0,4.298315,653.0,15192.0,0.0,0.671666,1820.0,270968.0,0.0,0.0,0.0,0.0,0.0,dataset_2023.csv,202312,True,False
2023,12,Lima,Cañete,Asia,MOVISTAR,3.7507567,4384.0,0.71611965,1697.0,12.411073,45382.0,3.4381146,5063.0,0.0,0.0,0.0,0.0,280.0546,5788.0,74.746216,52542.0,0.0,0.0,14.8895445,8072960.0,0.0,78.660225,42648779.0,0.0,0.0,0.0,0.0,54218987.0,2.2955406,558.0,24308.0,0.0,0.7207898,1542.0,213932.0,0.0,0.0,0.0,0.0,0.0,dataset_2023.csv,202312,True,False
2023,12,Lima,Cañete,Cerro Azul,MOVISTAR,4.751462,2908.0,0.88707364,851.0,10.069548,32076.0,2.9670436,4346.0,0.0,0.0,0.0,0.0,281.3395,1473.0,75.86776,28150.0,0.0,0.0,3.9275665,1031716.0,0.0,95.32981,25041788.0,0.0,0.0,0.0,0.0,26268581.0,3.2242384,199.0,6172.0,0.0,0.599398,693.0,115616.0,0.0,0.0,0.0,0.0,0.0,dataset_2023.csv,202312,True,False
2023,12,Lima,Cañete,Chilca,MOVISTAR,3.3729858,3684.0,0.8702859,927.0,9.42909,25568.0,2.53037,2148.0,0.0,0.0,0.0,0.0,306.69775,1643.0,79.38109,27524.0,0.0,0.0,4.1883416,1162187.0,0.0,94.84542,26317843.0,0.0,0.0,0.0,0.0,27748142.0,4.595987,339.0,7376.0,0.0,1.1188126,1301.0,116284.0,0.0,0.0,0.0,0.0,0.0,dataset_2023.csv,202312,True,False
2023,12,Lima,Cañete,Mala,MOVISTAR,3.8363507,6378.0,0.66316617,2361.0,8.348308,69870.0,3.4230187,5005.0,0.0,0.0,0.0,0.0,300.37027,4289.0,74.76828,88236.0,0.0,0.0,6.1604395,5899471.0,0.0,92.462234,88545352.0,0.0,0.0,0.0,0.0,95763803.0,3.9761646,734.0,18460.0,0.0,0.73468965,2681.0,364916.0,0.0,0.0,0.0,0.0,0.0,dataset_2023.csv,202312,True,False
2023,12,Lima,Huaura,Huaura,MOVISTAR,2.9080248,2029.0,0.6745887,943.0,11.069459,17516.0,3.4171996,1404.0,0.0,0.0,0.0,0.0,306.85117,1786.0,75.49125,18740.0,0.0,0.0,10.972401,2681926.0,0.0,85.12656,20807036.0,0.0,0.0,0.0,0.0,24442473.0,4.1942043,330.0,7868.0,0.0,0.9797106,761.0,77676.0,0.0,0.0,0.0,0.0,0.0,dataset_2023.csv,202312,True,False
2023,12,Lima,Lima,Barranco,MOVISTAR,4.615085,1351.0,0.7333447,641.0,11.960359,46194.0,3.3347466,4661.0,0.0,0.0,0.0,0.0,228.41422,1549.0,73.335175,62575.0,0.0,0.0,2.8539932,1830839.0,0.0,90.901634,58313474.0,0.0,0.0,0.0,0.0,64150082.0,2.7627628,184.0,6660.0,0.0,0.43130007,1092.0,253188.0,0.0,0.0,0.0,0.0,0.0,dataset_2023.csv,202312,True,False
2023,12,Lima,Lima,Breña,MOVISTAR,4.1423545,9695.0,0.7184898,3087.0,10.609317,116421.0,3.0660772,10678.0,0.0,0.0,0.0,0.0,265.74487,6149.0,74.55954,149484.0,0.0,0.0,4.4803004,6641424.0,0.0,94.74203,140441918.0,0.0,0.0,0.0,0.0,148236135.0,4.2479734,1132.0,26648.0,0.0,0.6319778,3856.0,610148.0,0.0,0.0,0.0,0.0,0.0,dataset_2023.csv,202312,True,False
2023,12,Lima,Lima,Carabayllo,MOVISTAR,4.1533737,36142.0,1.0721463,9860.0,10.590093,186774.0,4.109364,16657.0,0.0,0.0,0.0,0.0,290.9778,14454.0,74.72531,192963.0,0.0,0.0,8.955382,25663189.0,0.0,89.15434,255487106.0,0.0,0.0,0.0,0.0,286567208.0,3.6611412,2297.0,62740.0,0.0,0.76273197,6047.0,792808.0,0.0,0.0,0.0,0.0,0.0,dataset_2023.csv,202312,True,False
2023,12,Lima,Lima,Comas,MOVISTAR,3.637777,44501.0,0.7820751,12109.0,10.277412,272084.0,3.3657277,23844.0,0.0,0.0,0.0,0.0,294.04773,31265.0,75.76244,347743.0,0.0,0.0,9.843461,53427317.0,0.0,88.41013,479863323.0,0.0,0.0,0.0,0.0,542769607.0,4.249424,5828.0,137148.0,0.0,0.97267896,14020.0,1441380.0,0.0,0.0,0.0,0.0,0.0,dataset_2023.csv,202312,True,False
2023,12,Lima,Lima,El Agustino,MOVISTAR,3.5832207,12253.0,0.7507477,3494.0,10.088043,92208.0,3.2115366,7282.0,0.0,0.0,0.0,0.0,296.85605,7004.0,74.99031,110782.0,0.0,0.0,10.378669,18091231.0,0.0,88.20762,153756181.0,0.0,0.0,0.0,0.0,174311678.0,5.768502,1827.0,31672.0,0.0,0.9399135,4313.0,458872.0,0.0,0.0,0.0,0.0,0.0,dataset_2023.csv,202312,True,False
2023,12,Lima,Lima,Independencia,MOVISTAR,3.1161478,27000.0,0.7006885,7164.0,10.614293,166346.0,3.441861,16055.0,0.0,0.0,0.0,0.0,272.09552,13847.0,75.49643,202941.0,0.0,0.0,8.115176,19632038.0,0.0,89.96319,217636772.0,0.0,0.0,0.0,0.0,241917587.0,4.6026816,2815.0,61160.0,0.0,1.0204468,8616.0,844336.0,0.0,0.0,0.0,0.0,0.0,dataset_2023.csv,202312,True,False
2023,12,Lima,Lima,Los Olivos,MOVISTAR,4.101613,37294.0,0.8178358,11539.0,11.18188,261862.0,3.3216097,22757.0,0.0,0.0,0.0,0.0,272.87915,21129.0,74.92723,325570.0,0.0,0.0,8.546827,40156711.0,0.0,90.41304,424799762.0,0.0,0.0,0.0,0.0,469843479.0,4.015892,3649.0,90864.0,0.0,0.79363894,10616.0,1337636.0,0.0,0.0,0.0,0.0,0.0,dataset_2023.csv,202312,True,False
2023,12,Lima,Lima,Puente Piedra,MOVISTAR,2.9110847,18981.0,0.6998783,5330.0,9.861002,167869.0,3.4534705,14231.0,0.0,0.0,0.0,0.0,298.50192,10129.0,75.30001,201366.0,0.0,0.0,7.893843,19921683.0,0.0,90.95739,229549065.0,0.0,0.0,0.0,0.0,252369883.0,5.441787,2466.0,45316.0,0.0,0.7513387,6213.0,826924.0,0.0,0.0,0.0,0.0,0.0,dataset_2023.csv,202312,True,False
2023,12,Lima,Lima,Punta Negra,MOVISTAR,4.447972,1121.0,0.0,0.0,16.377127,19439.0,4.0126357,1468.0,0.0,0.0,0.0,0.0,286.90088,1906.0,71.09403,19985.0,0.0,0.0,6.72596,1110342.0,0.0,92.367325,15248280.0,0.0,0.0,0.0,0.0,16508306.0,2.4472892,195.0,7968.0,0.0,0.69861263,568.0,81304.0,0.0,0.0,0.0,0.0,0.0,dataset_2023.csv,202312,True,False
2023,12,Lima,Lima,San Juan De Lurigancho,MOVISTAR,3.79722,60201.0,0.70507514,16780.0,10.06643,432746.0,3.0670798,34370.0,0.0,0.0,0.0,0.0,285.40036,32735.0,74.33579,511216.0,0.0,0.0,8.67452,63688147.0,0.0,88.77526,651786176.0,0.0,0.0,0.0,0.0,734198003.0,4.3727694,6273.0,143456.0,0.0,0.81940365,17263.0,2106776.0,0.0,0.0,0.0,0.0,0.0,dataset_2023.csv,202312,True,False
2023,12,Lima,Lima,San Luis,MOVISTAR,3.8593502,6592.0,0.62545925,2034.0,10.10852,88041.0,2.9426105,5692.0,0.0,0.0,0.0,0.0,240.67105,4586.0,74.06267,102659.0,0.0,0.0,4.1943226,4901768.0,0.0,95.06143,111095198.0,0.0,0.0,0.0,0.0,116866742.0,3.6049836,706.0,19584.0,0.0,0.59059614,2484.0,420592.0,0.0,0.0,0.0,0.0,0.0,dataset_2023.csv,202312,True,False
2023,12,Lima,Lima,San Martin De Porres,MOVISTAR,3.710448,47621.0,0.74551547,12476.0,10.71457,490453.0,3.6199996,44782.0,0.0,0.0,0.0,0.0,266.34222,30497.0,74.90492,553546.0,0.0,0.0,7.9331493,60733614.0,0.0,90.73328,694624470.0,0.0,0.0,0.0,0.0,765567497.0,4.2354903,5590.0,131980.0,0.0,0.73902655,16801.0,2273396.0,0.0,0.0,0.0,0.0,0.0,dataset_2023.csv,202312,True,False
2023,12,Piura,Piura,Castilla,MOVISTAR,4.3138137,7920.0,0.71533966,3828.0,10.542508,122277.0,2.6989574,8853.0,0.0,0.0,0.0,0.0,222.73878,6731.0,81.79299,158937.0,0.0,0.0,3.5722735,6253202.0,0.0,95.554085,167265745.0,0.0,0.0,0.0,0.0,175048239.0,4.1619115,1167.0,28040.0,0.0,0.70866144,4626.0,652780.0,0.0,0.0,0.0,0.0,0.0,dataset_2023.csv,202312,True,False
2023,12,Piura,Piura,Catacaos,MOVISTAR,3.998958,1860.0,0.69138324,610.0,8.961709,39997.0,2.8477778,2544.0,0.0,0.0,0.0,0.0,210.08247,1923.0,82.01743,48207.0,0.0,0.0,2.7940404,1593323.0,0.0,96.79949,55200653.0,0.0,0.0,0.0,0.0,57025766.0,6.194799,505.0,8152.0,0.0,0.8600048,1724.0,200464.0,0.0,0.0,0.0,0.0,0.0,dataset_2023.csv,202312,True,False
2023,12,Piura,Piura,Piura,MOVISTAR,5.118668,13568.0,0.70931566,7085.0,10.041179,204158.0,3.3836823,18894.0,0.0,0.0,0.0,0.0,203.02736,12195.0,82.45986,277294.0,0.0,0.0,4.402722,12054776.0,0.0,94.74531,259415312.0,0.0,0.0,0.0,0.0,273802817.0,3.4836228,1757.0,50436.0,0.0,0.72101736,8229.0,1141304.0,0.0,0.0,0.0,0.0,0.0,dataset_2023.csv,202312,True,False
2023,12,Piura,Piura,Veintiseis De Octubre,MOVISTAR,3.974604,5609.0,0.7504984,2481.0,8.690054,106011.0,3.1205869,8660.0,0.0,0.0,0.0,0.0,245.94165,5110.0,84.1844,134054.0,0.0,0.0,2.7084315,4235349.0,0.0,96.643906,151128309.0,0.0,0.0,0.0,0.0,156376447.0,5.2953157,1144.0,21604.0,0.0,1.0317996,5808.0,562900.0,0.0,0.0,0.0,0.0,0.0,dataset_2023.csv,202312,True,False
2023,12,Puno,Puno,Puno,MOVISTAR,4.1078153,23789.0,0.79534173,7172.0,10.016251,260499.0,3.915156,23922.0,0.0,0.0,0.0,0.0,255.58684,17597.0,86.532486,277402.0,0.0,0.0,5.6956697,16653569.0,0.0,93.34202,272922734.0,0.0,0.0,0.0,0.0,292390000.0,6.0249453,4618.0,76648.0,0.0,1.058876,12293.0,1160948.0,0.0,0.0,0.0,0.0,0.0,dataset_2023.csv,202312,True,False
2023,12,Puno,San Roman,Caracoto,MOVISTAR,2.971538,2409.0,0.6482769,626.0,7.6810956,10304.0,4.3640857,909.0,0.0,0.0,0.0,0.0,258.29214,1834.0,87.059364,12657.0,0.0,0.0,10.342741,1414441.0,0.0,88.15736,12056125.0,0.0,0.0,0.0,0.0,13675688.0,8.106134,666.0,8216.0,0.0,1.5835505,851.0,53740.0,0.0,0.0,0.0,0.0,0.0,dataset_2023.csv,202312,True,False
2023,12,Puno,San Roman,Juliaca,MOVISTAR,3.890939,33220.0,0.7716167,11600.0,9.093344,313213.0,3.3313131,26371.0,0.0,0.0,0.0,0.0,274.97855,23071.0,83.738174,342986.0,0.0,0.0,6.029518,19872535.0,0.0,93.161934,307050040.0,0.0,0.0,0.0,0.0,329587442.0,7.3737106,7748.0,105076.0,0.0,1.2803758,18595.0,1452308.0,0.0,0.0,0.0,0.0,0.0,dataset_2023.csv,202312,True,False
2023,12,Puno,San Roman,San Miguel,MOVISTAR,3.575126,4872.0,0.6706255,1520.0,8.356996,36368.0,3.7025409,3917.0,0.0,0.0,0.0,0.0,308.3869,3191.0,86.17723,35913.0,0.0,0.0,7.9505477,2998784.0,0.0,90.27691,34050605.0,0.0,0.0,0.0,0.0,37717956.0,6.474719,922.0,14240.0,0.0,1.3549402,2102.0,155136.0,0.0,0.0,0.0,0.0,0.0,dataset_2023.csv,202312,True,False
2023,12,San Martin,Moyobamba,Moyobamba,MOVISTAR,3.1917758,3564.0,0.5767124,1141.0,11.901229,46208.0,3.990829,4712.0,0.0,0.0,0.0,0.0,378.8285,2514.0,89.09788,53278.0,0.0,0.0,3.518619,2233280.0,0.0,94.36442,59893430.0,0.0,0.0,0.0,0.0,63470354.0,5.505479,623.0,11316.0,0.0,0.88299626,1970.0,223104.0,0.0,0.0,0.0,0.0,0.0,dataset_2023.csv,202312,True,False
2023,12,Tacna,Candarave,Camilaca,MOVISTAR,4.1256204,767.0,0.0,0.0,5.180711,4094.0,4.2645707,445.0,0.0,0.0,0.0,0.0,0.0,0.0,101.99542,1750.0,0.0,0.0,11.821717,544888.0,0.0,79.910904,3683263.0,0.0,0.0,0.0,0.0,4609212.0,2.875,0.0,0.0,0.0,1.8409818,138.0,7496.0,0.0,0.0,0.0,0.0,0.0,dataset_2023.csv,202312,True,False
2023,12,Tumbes,Contralmirante Villar,Canoas De Punta Sal,MOVISTAR,4.2170787,1635.0,0.6737838,578.0,10.884134,15288.0,2.5548387,998.0,0.0,0.0,0.0,0.0,223.71011,1775.0,82.56047,14444.0,0.0,0.0,10.342116,1687953.0,0.0,88.29535,14410823.0,0.0,0.0,0.0,0.0,16321157.0,3.0282454,223.0,7364.0,0.0,0.47932586,281.0,58624.0,0.0,0.0,0.0,0.0,0.0,dataset_2023.csv,202312,True,False
2023,12,Tumbes,Tumbes,Tumbes,MOVISTAR,4.2815585,4552.0,0.7040486,2592.0,11.682578,84455.0,3.6656244,8975.0,0.0,0.0,0.0,0.0,217.10127,4105.0,84.89761,86942.0,0.0,0.0,3.7724214,3970514.0,0.0,94.501465,99463805.0,0.0,0.0,0.0,0.0,105251076.0,3.8147624,645.0,16908.0,0.0,0.4205497,1491.0,354536.0,0.0,0.0,0.0,0.0,0.0,dataset_2023.csv,202312,True,False
2024,1,Arequipa,Arequipa,Alto Selva Alegre,MOVISTAR,3.440756,2273.0,0.5933443,642.0,9.774075,41886.0,2.600924,2523.0,0.0,0.0,0.0,0.0,266.20425,1708.0,80.17063,43999.0,0.0,0.0,5.298412,3226339.0,0.0,91.888985,55953564.0,0.0,0.0,0.0,0.0,60892569.0,5.292366,391.0,7388.0,0.0,0.9521739,1752.0,184000.0,0.0,0.0,0.0,0.0,0.0,dataset_2024.csv,202401,True,False
2024,1,Arequipa,Arequipa,Cayma,MOVISTAR,3.7187953,3451.0,0.67895955,1243.0,9.199151,57594.0,2.547361,4274.0,0.0,0.0,0.0,0.0,258.8429,3480.0,81.31103,74174.0,0.0,0.0,4.270412,4221608.0,0.0,94.895775,93811270.0,0.0,0.0,0.0,0.0,98857162.0,6.318315,948.0,15004.0,0.0,1.2104816,3763.0,310868.0,0.0,0.0,0.0,0.0,0.0,dataset_2024.csv,202401,True,False
2024,1,Arequipa,Arequipa,Jacobo Hunter,MOVISTAR,3.844642,1710.0,0.9098036,609.0,9.828189,34343.0,2.7914474,2811.0,0.0,0.0,0.0,0.0,221.72447,1158.0,81.667244,42601.0,0.0,0.0,2.7902868,1549825.0,0.0,96.39958,53543777.0,0.0,0.0,0.0,0.0,55543576.0,5.278002,262.0,4964.0,0.0,1.0745244,1909.0,177660.0,0.0,0.0,0.0,0.0,0.0,dataset_2024.csv,202401,True,False
2024,1,Arequipa,Arequipa,Jose Luis Bustamante Y Rivero,MOVISTAR,3.929128,3459.0,0.7290176,1144.0,9.984208,85147.0,2.568033,5833.0,0.0,0.0,0.0,0.0,228.6983,3403.0,80.88406,111565.0,0.0,0.0,3.4002404,4432481.0,0.0,94.136215,122713958.0,0.0,0.0,0.0,0.0,130357867.0,4.0621514,583.0,14352.0,0.0,0.8312712,3843.0,462304.0,0.0,0.0,0.0,0.0,0.0,dataset_2024.csv,202401,True,False
2024,1,Arequipa,Arequipa,Mariano Melgar,MOVISTAR,3.575736,2200.0,0.6684186,710.0,9.682844,43671.0,3.621847,3953.0,0.0,0.0,0.0,0.0,218.84956,2719.0,80.7498,48785.0,0.0,0.0,2.8079443,1701237.0,0.0,97.049995,58799257.0,0.0,0.0,0.0,0.0,60586565.0,2.917559,327.0,11208.0,0.0,1.0458993,2121.0,202792.0,0.0,0.0,0.0,0.0,0.0,dataset_2024.csv,202401,True,False
2024,1,Arequipa,Arequipa,Miraflores,MOVISTAR,4.0821753,2501.0,0.88432944,762.0,11.188906,58094.0,4.135539,4856.0,0.0,0.0,0.0,0.0,224.41426,2231.0,79.67931,64715.0,0.0,0.0,3.3777013,2329211.0,0.0,96.17862,66323301.0,0.0,0.0,0.0,0.0,68958464.0,4.8256803,454.0,9408.0,0.0,0.9204713,2450.0,266168.0,0.0,0.0,0.0,0.0,0.0,dataset_2024.csv,202401,True,False
2024,1,Arequipa,Arequipa,Paucarpata,MOVISTAR,4.2391067,6050.0,0.79226094,1735.0,10.244762,107669.0,3.5304239,9075.0,0.0,0.0,0.0,0.0,221.46931,5337.0,81.125046,112887.0,0.0,0.0,4.37204,5598136.0,0.0,95.254295,121967444.0,0.0,0.0,0.0,0.0,128044032.0,4.928952,1110.0,22520.0,0.0,0.98562706,4611.0,467824.0,0.0,0.0,0.0,0.0,0.0,dataset_2024.csv,202401,True,False
2024,1,Arequipa,Arequipa,Sachaca,MOVISTAR,3.9702997,1369.0,0.91633683,439.0,9.001352,16016.0,3.035073,1028.0,0.0,0.0,0.0,0.0,219.94345,1030.0,80.36774,20136.0,0.0,0.0,6.6615787,1166834.0,0.0,92.810875,16256639.0,0.0,0.0,0.0,0.0,17515878.0,5.560579,246.0,4424.0,0.0,1.0335367,874.0,84564.0,0.0,0.0,0.0,0.0,0.0,dataset_2024.csv,202401,True,False
2024,1,Arequipa,Arequipa,Socabaya,MOVISTAR,7.84839,2808.0,0.81397235,1003.0,9.274182,20774.0,3.2040222,2402.0,0.0,0.0,0.0,0.0,200.81885,1969.0,81.362885,26153.0,0.0,0.0,5.476985,2393417.0,0.0,93.523125,40869169.0,0.0,0.0,0.0,0.0,43699535.0,5.6529045,471.0,8332.0,0.0,1.2303826,1361.0,110616.0,0.0,0.0,0.0,0.0,0.0,dataset_2024.csv,202401,True,False
2024,1,Arequipa,Arequipa,Tiabaya,MOVISTAR,5.984735,2192.0,0.6034434,608.0,7.9157424,18669.0,1.2180978,1750.0,0.0,0.0,0.0,0.0,224.38336,1014.0,81.17819,17982.0,0.0,0.0,3.7492492,927841.0,0.0,95.56064,23648757.0,0.0,0.0,0.0,0.0,24747382.0,4.3539324,186.0,4272.0,0.0,0.8915797,673.0,75484.0,0.0,0.0,0.0,0.0,0.0,dataset_2024.csv,202401,True,False
2024,1,Arequipa,Arequipa,Yanahuara,MOVISTAR,3.7078197,1250.0,0.0,0.0,12.591893,22011.0,3.3919287,1428.0,0.0,0.0,0.0,0.0,235.82396,1010.0,78.85144,31852.0,0.0,0.0,2.1312182,794183.0,0.0,97.052284,36165828.0,0.0,0.0,0.0,0.0,37264274.0,4.822566,212.0,4396.0,0.0,1.0017633,1318.0,131568.0,0.0,0.0,0.0,0.0,0.0,dataset_2024.csv,202401,True,False
2024,1,Ayacucho,Huamanga,Carmen Alto,MOVISTAR,3.6083362,3407.0,0.5384015,994.0,8.599918,11383.0,3.6105082,672.0,0.0,0.0,0.0,0.0,224.75432,2729.0,77.49184,12644.0,0.0,0.0,13.219466,2731783.0,0.0,83.78204,17313435.0,0.0,0.0,0.0,0.0,20664851.0,3.7072244,429.0,11572.0,0.0,1.2794384,678.0,52992.0,0.0,0.0,0.0,0.0,0.0,dataset_2024.csv,202401,True,False
2024,1,Cajamarca,Celendin,Celendin,MOVISTAR,3.2888958,1027.0,0.0,0.0,8.386982,22528.0,4.1514525,1970.0,0.0,0.0,0.0,0.0,325.2086,1556.0,82.44499,18341.0,0.0,0.0,8.540518,1086492.0,0.0,90.30158,11487821.0,0.0,0.0,0.0,0.0,12721617.0,4.126089,322.0,7804.0,0.0,0.677997,521.0,76844.0,0.0,0.0,0.0,0.0,0.0,dataset_2024.csv,202401,True,False
2024,1,Cajamarca,Santa Cruz,Santa Cruz,MOVISTAR,4.253148,5153.0,0.64530426,628.0,7.235417,19859.0,2.5514772,856.0,0.0,0.0,0.0,0.0,288.2742,1855.0,88.03179,23841.0,0.0,0.0,9.856659,1889548.0,0.0,87.331505,16741683.0,0.0,0.0,0.0,0.0,19170268.0,4.927282,393.0,7976.0,0.0,1.1411996,1137.0,99632.0,0.0,0.0,0.0,0.0,0.0,dataset_2024.csv,202401,True,False
2024,1,Callao,Callao,Mi Peru,MOVISTAR,2.891435,4348.0,0.86305726,1059.0,8.814908,23372.0,3.057272,1859.0,0.0,0.0,0.0,0.0,353.74075,2038.0,74.71949,21934.0,0.0,0.0,7.6204886,2910323.0,0.0,90.31455,34491818.0,0.0,0.0,0.0,0.0,38190765.0,3.8444142,340.0,8844.0,0.0,1.0629644,967.0,90972.0,0.0,0.0,0.0,0.0,0.0,dataset_2024.csv,202401,True,False
2024,1,Cusco,Acomayo,Pomacanchi,MOVISTAR,0.0,0.0,0.0,0.0,10.366757,4183.0,0.0,0.0,0.0,0.0,0.0,0.0,0.0,0.0,80.61921,5984.0,0.0,0.0,1.7426336,79532.0,0.0,96.896996,4422279.0,0.0,0.0,0.0,0.0,4563897.0,2.3148148,0.0,0.0,0.0,1.7024642,409.0,24024.0,0.0,0.0,0.0,0.0,0.0,dataset_2024.csv,202401,False,True
2024,1,Cusco,Cusco,Cusco,MOVISTAR,3.5214684,6675.0,0.673327,2195.0,8.482056,68094.0,3.1739173,7496.0,0.0,0.0,0.0,0.0,271.59308,5486.0,88.60335,96452.0,0.0,0.0,6.850698,8470168.0,0.0,90.893135,112379807.0,0.0,0.0,0.0,0.0,123639485.0,7.903849,1963.0,24836.0,0.0,2.3640277,10037.0,424572.0,0.0,0.0,0.0,0.0,0.0,dataset_2024.csv,202401,True,False
2024,1,Cusco,Cusco,San Jeronimo,MOVISTAR,4.2365384,4315.0,0.62002695,1371.0,8.720976,54599.0,3.2200327,4243.0,0.0,0.0,0.0,0.0,213.1863,2807.0,85.212746,49881.0,0.0,0.0,7.2956243,4872630.0,0.0,90.79207,60638561.0,0.0,0.0,0.0,0.0,66788392.0,5.0050473,595.0,11888.0,0.0,0.99670637,2082.0,208888.0,0.0,0.0,0.0,0.0,0.0,dataset_2024.csv,202401,True,False
2024,1,Cusco,Cusco,San Sebastian,MOVISTAR,3.832118,4988.0,0.76437825,1613.0,8.833374,42415.0,3.4594827,3789.0,0.0,0.0,0.0,0.0,257.60132,3753.0,89.71294,58450.0,0.0,0.0,7.932657,7817247.0,0.0,90.28376,88970248.0,0.0,0.0,0.0,0.0,98545129.0,6.712963,1102.0,16416.0,0.0,2.2644603,5827.0,257324.0,0.0,0.0,0.0,0.0,0.0,dataset_2024.csv,202401,True,False
2024,1,Cusco,Cusco,Santiago,MOVISTAR,3.4699636,4107.0,0.6787039,1148.0,8.092538,66115.0,3.8585172,7179.0,0.0,0.0,0.0,0.0,250.26352,2845.0,86.85013,70118.0,0.0,0.0,3.757789,3142584.0,0.0,94.50975,79037126.0,0.0,0.0,0.0,0.0,83628541.0,7.663714,969.0,12644.0,0.0,1.524066,4585.0,300840.0,0.0,0.0,0.0,0.0,0.0,dataset_2024.csv,202401,True,False
2024,1,Cusco,Cusco,Wanchaq,MOVISTAR,4.6974573,7024.0,0.9121451,2351.0,8.407201,73330.0,2.4326522,7083.0,0.0,0.0,0.0,0.0,221.79115,5236.0,88.38806,97300.0,0.0,0.0,4.6783433,5082267.0,0.0,94.34594,102491681.0,0.0,0.0,0.0,0.0,108633904.0,5.066845,1137.0,22440.0,0.0,1.9252694,8106.0,421032.0,0.0,0.0,0.0,0.0,0.0,dataset_2024.csv,202401,True,False
2024,1,Cusco,La Convencion,Echarate,MOVISTAR,2.979602,760.0,0.0,0.0,8.28333,17150.0,2.443286,750.0,0.0,0.0,0.0,0.0,299.61682,474.0,90.55956,9679.0,0.0,0.0,3.5881877,660319.0,0.0,65.20064,11998597.0,0.0,0.0,0.0,0.0,18402577.0,6.5036902,141.0,2168.0,0.0,3.1654925,1456.0,45996.0,0.0,0.0,0.0,0.0,0.0,dataset_2024.csv,202401,True,False
2024,1,Huancavelica,Tayacaja,Pampas,MOVISTAR,4.808654,4755.0,1.4285984,1507.0,13.187729,11145.0,3.6519725,515.0,0.0,0.0,0.0,0.0,219.46605,2262.0,74.95363,8754.0,0.0,0.0,11.714295,1192253.0,0.0,85.49993,8701979.0,0.0,0.0,0.0,0.0,10177761.0,3.8969336,366.0,9392.0,0.0,1.0354867,377.0,36408.0,0.0,0.0,0.0,0.0,0.0,dataset_2024.csv,202401,True,False
2024,1,Ica,Chincha,Alto Laran,MOVISTAR,4.3574486,1878.0,0.63223255,610.0,8.802107,16424.0,2.2634478,882.0,0.0,0.0,0.0,0.0,172.89285,866.0,75.65324,13991.0,0.0,0.0,5.8624306,633868.0,0.0,92.74004,10027401.0,0.0,0.0,0.0,0.0,10812375.0,2.952756,105.0,3556.0,0.0,0.83679116,484.0,57840.0,0.0,0.0,0.0,0.0,0.0,dataset_2024.csv,202401,True,False
2024,1,Ica,Chincha,Chincha Alta,MOVISTAR,4.8658023,5535.0,0.8719648,2434.0,12.465149,119426.0,2.8707705,6638.0,0.0,0.0,0.0,0.0,176.24194,6175.0,72.217964,125197.0,0.0,0.0,3.1651592,4124354.0,0.0,96.65133,125941308.0,0.0,0.0,0.0,0.0,130304787.0,4.5490823,1140.0,25060.0,0.0,0.53526056,2730.0,510032.0,0.0,0.0,0.0,0.0,0.0,dataset_2024.csv,202401,True,False
2024,1,Ica,Chincha,Chincha Baja,MOVISTAR,3.7679868,1406.0,0.70901936,561.0,9.555333,11293.0,3.8879192,903.0,0.0,0.0,0.0,0.0,213.41217,1320.0,74.304825,16296.0,0.0,0.0,10.726586,1640590.0,0.0,88.7381,13572149.0,0.0,0.0,0.0,0.0,15294614.0,7.10451,397.0,5588.0,0.0,0.9466643,634.0,66972.0,0.0,0.0,0.0,0.0,0.0,dataset_2024.csv,202401,True,False
2024,1,Ica,Chincha,El Carmen,MOVISTAR,3.658445,720.0,0.0,0.0,13.065069,14669.0,3.6157844,1255.0,0.0,0.0,0.0,0.0,192.00157,598.0,72.45882,15317.0,0.0,0.0,6.6526284,928026.0,0.0,92.82243,12948511.0,0.0,0.0,0.0,0.0,13949765.0,6.9140625,177.0,2560.0,0.0,0.58477664,366.0,62588.0,0.0,0.0,0.0,0.0,0.0,dataset_2024.csv,202401,True,False
2024,1,Ica,Chincha,Pueblo Nuevo,MOVISTAR,3.3618221,3328.0,0.66817784,1078.0,10.070448,52566.0,2.9331987,4228.0,0.0,0.0,0.0,0.0,169.24263,1986.0,74.187836,56144.0,0.0,0.0,2.6204045,1778708.0,0.0,96.095055,65228497.0,0.0,0.0,0.0,0.0,67879138.0,4.1584888,339.0,8152.0,0.0,0.5672243,1306.0,230244.0,0.0,0.0,0.0,0.0,0.0,dataset_2024.csv,202401,True,False
2024,1,Ica,Chincha,Sunampe,MOVISTAR,5.5152483,2307.0,0.87944955,1457.0,11.746307,49029.0,3.6465158,3204.0,0.0,0.0,0.0,0.0,158.3318,1328.0,71.53651,47946.0,0.0,0.0,2.8470848,1375822.0,0.0,95.70794,46249796.0,0.0,0.0,0.0,0.0,48323888.0,3.330866,180.0,5404.0,0.0,0.4654899,904.0,194204.0,0.0,0.0,0.0,0.0,0.0,dataset_2024.csv,202401,True,False
2024,1,Ica,Ica,Ica,MOVISTAR,5.0282054,16204.0,0.6825587,5729.0,10.603525,210399.0,2.506533,16087.0,0.0,0.0,0.0,0.0,174.54181,13481.0,72.50307,238435.0,0.0,0.0,5.64842,16432811.0,0.0,93.387436,271689813.0,0.0,0.0,0.0,0.0,290927583.0,3.1814883,1753.0,55100.0,0.0,0.7011927,6855.0,977620.0,0.0,0.0,0.0,0.0,0.0,dataset_2024.csv,202401,True,False
2024,1,Ica,Ica,La Tinguiña,MOVISTAR,4.375262,882.0,0.68908393,420.0,10.441736,27450.0,3.2406425,1839.0,0.0,0.0,0.0,0.0,183.18103,1657.0,71.3297,30229.0,0.0,0.0,3.4746544,1108759.0,0.0,95.866745,30590991.0,0.0,0.0,0.0,0.0,31909908.0,4.693761,328.0,6988.0,0.0,0.6375785,792.0,124220.0,0.0,0.0,0.0,0.0,0.0,dataset_2024.csv,202401,True,False
2024,1,Ica,Ica,Parcona,MOVISTAR,6.017574,4437.0,0.7616296,1401.0,9.675002,40025.0,4.6862473,4815.0,0.0,0.0,0.0,0.0,196.33218,3660.0,71.41429,47874.0,0.0,0.0,5.5092072,2853152.0,0.0,92.80285,48061478.0,0.0,0.0,0.0,0.0,51788795.0,3.9698424,595.0,14988.0,0.0,0.75768346,1492.0,196916.0,0.0,0.0,0.0,0.0,0.0,dataset_2024.csv,202401,True,False
2024,1,Ica,Ica,Subtanjalla,MOVISTAR,4.1596217,1434.0,0.5824576,556.0,6.465178,8076.0,2.3583183,420.0,0.0,0.0,0.0,0.0,246.31293,937.0,73.91966,12179.0,0.0,0.0,13.119734,2852578.0,0.0,80.96895,17604796.0,0.0,0.0,0.0,0.0,21742652.0,4.051282,158.0,3900.0,0.0,0.9966908,506.0,50768.0,0.0,0.0,0.0,0.0,0.0,dataset_2024.csv,202401,True,False
2024,1,Junin,Chanchamayo,Chanchamayo,MOVISTAR,5.4751534,3364.0,0.67379236,1352.0,10.549465,29777.0,1.7251178,2607.0,0.0,0.0,0.0,0.0,167.98425,3012.0,75.613365,36840.0,0.0,0.0,6.344764,2022192.0,0.0,90.73404,28918591.0,0.0,0.0,0.0,0.0,31871822.0,3.082409,389.0,12620.0,0.0,0.54815817,825.0,150504.0,0.0,0.0,0.0,0.0,0.0,dataset_2024.csv,202401,True,False
2024,1,Junin,Huancayo,Chilca,MOVISTAR,4.123622,5370.0,0.72230124,1252.0,7.154814,42478.0,2.9711833,2711.0,0.0,0.0,0.0,0.0,224.70174,3552.0,78.13723,52463.0,0.0,0.0,6.264543,4954281.0,0.0,91.956345,72723191.0,0.0,0.0,0.0,0.0,79084473.0,5.382267,811.0,15068.0,0.0,1.7565345,3973.0,226184.0,0.0,0.0,0.0,0.0,0.0,dataset_2024.csv,202401,True,False
2024,1,Junin,Huancayo,El Tambo,MOVISTAR,4.205889,17606.0,0.8163131,5627.0,10.200084,262674.0,3.2293975,19783.0,0.0,0.0,0.0,0.0,206.43115,14790.0,75.167885,284024.0,0.0,0.0,6.071416,24526707.0,0.0,93.09973,376095124.0,0.0,0.0,0.0,0.0,403970137.0,4.492137,2788.0,62064.0,0.0,0.8208572,9663.0,1177184.0,0.0,0.0,0.0,0.0,0.0,dataset_2024.csv,202401,True,False
2024,1,Junin,Huancayo,Huancayo,MOVISTAR,4.259693,10446.0,0.69820094,3655.0,9.515516,199472.0,2.6729805,16942.0,0.0,0.0,0.0,0.0,198.64793,11587.0,76.35983,250167.0,0.0,0.0,4.79046,13566254.0,0.0,94.55011,267759417.0,0.0,0.0,0.0,0.0,283193136.0,5.130058,2485.0,48440.0,0.0,1.007005,10500.0,1042696.0,0.0,0.0,0.0,0.0,0.0,dataset_2024.csv,202401,True,False
2024,1,Junin,Huancayo,Pilcomayo,MOVISTAR,2.6424878,1250.0,0.7551013,403.0,5.643676,17213.0,2.0046015,1139.0,0.0,0.0,0.0,0.0,264.90887,1235.0,79.286514,19752.0,0.0,0.0,12.694953,3401837.0,0.0,85.592865,22936120.0,0.0,0.0,0.0,0.0,26796767.0,8.247042,446.0,5408.0,0.0,1.1803031,1000.0,84724.0,0.0,0.0,0.0,0.0,0.0,dataset_2024.csv,202401,True,False
2024,1,Junin,Huancayo,San Agustin,MOVISTAR,3.4664807,1956.0,0.67211,1618.0,8.179369,43019.0,2.629186,4769.0,0.0,0.0,0.0,0.0,215.80077,1288.0,76.02641,29802.0,0.0,0.0,4.421959,1729341.0,0.0,95.306854,37272631.0,0.0,0.0,0.0,0.0,39108028.0,5.597826,309.0,5520.0,0.0,1.2982721,1650.0,127092.0,0.0,0.0,0.0,0.0,0.0,dataset_2024.csv,202401,True,False
2024,1,Junin,Junin,Carhuamayo,MOVISTAR,6.233235,3002.0,0.9790429,824.0,11.656341,24072.0,3.5007052,1426.0,0.0,0.0,0.0,0.0,164.1352,1985.0,72.12419,19029.0,0.0,0.0,7.6717815,1492747.0,0.0,90.74484,17656798.0,0.0,0.0,0.0,0.0,19457632.0,2.7585354,223.0,8084.0,0.0,0.7268951,560.0,77040.0,0.0,0.0,0.0,0.0,0.0,dataset_2024.csv,202401,True,False
2024,1,La Libertad,Trujillo,El Porvenir,MOVISTAR,3.327491,4507.0,0.6371575,1733.0,9.336655,42732.0,2.8964787,2842.0,0.0,0.0,0.0,0.0,261.7232,3320.0,79.45809,50252.0,0.0,0.0,10.442703,10616557.0,0.0,88.062546,89528641.0,0.0,0.0,0.0,0.0,101664833.0,7.0032573,1032.0,14736.0,0.0,1.1996665,2561.0,213476.0,0.0,0.0,0.0,0.0,0.0,dataset_2024.csv,202401,True,False
2024,1,La Libertad,Trujillo,La Esperanza,MOVISTAR,3.5290232,6528.0,0.8464958,2708.0,8.981601,76478.0,3.1556766,5901.0,0.0,0.0,0.0,0.0,211.10474,5466.0,77.22956,84386.0,0.0,0.0,6.3937416,8001000.0,0.0,93.0983,116501341.0,0.0,0.0,0.0,0.0,125137995.0,5.4670095,1276.0,23340.0,0.0,0.86689484,3060.0,352984.0,0.0,0.0,0.0,0.0,0.0,dataset_2024.csv,202401,True,False
2024,1,La Libertad,Trujillo,Moche,MOVISTAR,3.3668056,1681.0,0.78624755,620.0,10.451771,28906.0,2.8597076,2146.0,0.0,0.0,0.0,0.0,207.96071,1603.0,75.64531,30641.0,0.0,0.0,3.5655463,1331552.0,0.0,96.06357,35874905.0,0.0,0.0,0.0,0.0,37344964.0,5.83974,395.0,6764.0,0.0,0.794592,1005.0,126480.0,0.0,0.0,0.0,0.0,0.0,dataset_2024.csv,202401,True,False
2024,1,La Libertad,Trujillo,Trujillo,MOVISTAR,4.093195,26208.0,0.68471545,10854.0,11.667776,354135.0,3.1314662,32320.0,0.0,0.0,0.0,0.0,179.99129,21127.0,76.64043,389067.0,0.0,0.0,6.0368223,26589468.0,0.0,92.6353,408016560.0,0.0,0.0,0.0,0.0,440454715.0,4.358485,3840.0,88104.0,0.0,0.6904021,11035.0,1598344.0,0.0,0.0,0.0,0.0,0.0,dataset_2024.csv,202401,True,False
2024,1,La Libertad,Trujillo,Victor Larco Herrera,MOVISTAR,4.3290296,5459.0,0.69665307,3314.0,10.951235,80105.0,3.1302893,10106.0,0.0,0.0,0.0,0.0,158.51866,3651.0,76.12097,86258.0,0.0,0.0,3.7149444,3158456.0,0.0,95.59148,81272139.0,0.0,0.0,0.0,0.0,85020275.0,4.3960447,658.0,14968.0,0.0,0.540894,1911.0,353304.0,0.0,0.0,0.0,0.0,0.0,dataset_2024.csv,202401,True,False
2024,1,Lambayeque,Chiclayo,Chiclayo,MOVISTAR,3.8469517,12968.0,0.6613213,6511.0,11.021553,190359.0,2.9203925,15384.0,0.0,0.0,0.0,0.0,195.75702,11427.0,78.235725,215951.0,0.0,0.0,5.471754,14878033.0,0.0,93.88156,255269675.0,0.0,0.0,0.0,0.0,271906091.0,4.706205,2233.0,47448.0,0.0,0.6094103,5416.0,888728.0,0.0,0.0,0.0,0.0,0.0,dataset_2024.csv,202401,True,False
2024,1,Lambayeque,Chiclayo,Jose Leonardo Ortiz,MOVISTAR,5.5952864,3721.0,0.8087017,1436.0,9.695045,48108.0,2.7774603,3681.0,0.0,0.0,0.0,0.0,178.61456,3099.0,79.0709,59652.0,0.0,0.0,5.1093893,4429382.0,0.0,94.00834,81496793.0,0.0,0.0,0.0,0.0,86691028.0,4.1666665,535.0,12840.0,0.0,0.76173484,1887.0,247724.0,0.0,0.0,0.0,0.0,0.0,dataset_2024.csv,202401,True,False
2024,1,Lambayeque,Chiclayo,La Victoria,MOVISTAR,5.513551,5874.0,1.2700804,2086.0,10.561386,38559.0,2.6150608,4114.0,0.0,0.0,0.0,0.0,193.58055,3359.0,77.844406,48762.0,0.0,0.0,4.9315104,3352450.0,0.0,94.77214,64426282.0,0.0,0.0,0.0,0.0,67980189.0,3.5321367,488.0,13816.0,0.0,0.59904075,1204.0,200988.0,0.0,0.0,0.0,0.0,0.0,dataset_2024.csv,202401,True,False
2024,1,Lambayeque,Chiclayo,Pimentel,MOVISTAR,4.255975,4347.0,0.7247552,2261.0,10.717954,62188.0,2.4117918,5252.0,0.0,0.0,0.0,0.0,204.45174,3741.0,78.127975,63371.0,0.0,0.0,6.491146,4995123.0,0.0,92.94055,71520419.0,0.0,0.0,0.0,0.0,76952866.0,3.588113,553.0,15412.0,0.0,0.73831606,1933.0,261812.0,0.0,0.0,0.0,0.0,0.0,dataset_2024.csv,202401,True,False
2024,1,Lima,Cañete,Asia,MOVISTAR,3.6442015,4074.0,0.68249947,1059.0,10.047456,40558.0,2.9984863,3567.0,0.0,0.0,0.0,0.0,215.84612,4189.0,75.353226,46051.0,0.0,0.0,13.7705965,7097170.0,0.0,82.23014,42380247.0,0.0,0.0,0.0,0.0,51538581.0,2.4725902,433.0,17512.0,0.0,0.79233533,1501.0,189440.0,0.0,0.0,0.0,0.0,0.0,dataset_2024.csv,202401,True,False
2024,1,Lima,Cañete,Cerro Azul,MOVISTAR,4.424652,1395.0,0.9570923,480.0,10.357482,28242.0,3.1457217,2853.0,0.0,0.0,0.0,0.0,288.85303,1358.0,78.06807,30708.0,0.0,0.0,3.8763444,1005299.0,0.0,95.59043,24790616.0,0.0,0.0,0.0,0.0,25934202.0,2.419355,138.0,5704.0,0.0,0.69204974,875.0,126436.0,0.0,0.0,0.0,0.0,0.0,dataset_2024.csv,202401,True,False
2024,1,Lima,Cañete,Chilca,MOVISTAR,3.2426007,3010.0,0.81865793,891.0,7.5187526,20069.0,3.6303701,2584.0,0.0,0.0,0.0,0.0,285.37637,1522.0,78.7018,24783.0,0.0,0.0,5.941858,1405291.0,0.0,93.02136,22000205.0,0.0,0.0,0.0,0.0,23650701.0,4.896755,332.0,6780.0,0.0,1.0620415,1112.0,104704.0,0.0,0.0,0.0,0.0,0.0,dataset_2024.csv,202401,True,False
2024,1,Lima,Cañete,Mala,MOVISTAR,3.331315,5277.0,0.58358186,2076.0,8.572665,55507.0,3.7717233,4924.0,0.0,0.0,0.0,0.0,321.28683,4433.0,74.76344,75985.0,0.0,0.0,6.35577,5139912.0,0.0,92.38576,74712369.0,0.0,0.0,0.0,0.0,80870009.0,3.6256762,697.0,19224.0,0.0,0.7906348,2480.0,313672.0,0.0,0.0,0.0,0.0,0.0,dataset_2024.csv,202401,True,False
2024,1,Lima,Huaura,Huaura,MOVISTAR,3.065242,1325.0,0.76122844,699.0,9.664425,14344.0,3.3580344,1271.0,0.0,0.0,0.0,0.0,340.37662,1190.0,77.095184,13545.0,0.0,0.0,9.026497,1801640.0,0.0,88.88801,17741566.0,0.0,0.0,0.0,0.0,19959459.0,3.8257575,202.0,5280.0,0.0,0.99780625,564.0,56524.0,0.0,0.0,0.0,0.0,0.0,dataset_2024.csv,202401,True,False
2024,1,Lima,Lima,Barranco,MOVISTAR,4.786996,1892.0,0.6880368,516.0,12.703463,44135.0,3.7945306,4519.0,0.0,0.0,0.0,0.0,227.79997,1194.0,73.448135,49206.0,0.0,0.0,4.9386744,2514419.0,0.0,90.155464,45900700.0,0.0,0.0,0.0,0.0,50912830.0,3.934817,198.0,5032.0,0.0,0.4464555,888.0,198900.0,0.0,0.0,0.0,0.0,0.0,dataset_2024.csv,202401,True,False
2024,1,Lima,Lima,Breña,MOVISTAR,3.7569845,8794.0,0.659685,3166.0,10.350354,98201.0,2.978635,9093.0,0.0,0.0,0.0,0.0,259.16354,5608.0,73.637,127251.0,0.0,0.0,4.37537,6231971.0,0.0,94.357895,134396792.0,0.0,0.0,0.0,0.0,142433007.0,4.0141773,974.0,24264.0,0.0,0.66992885,3472.0,518264.0,0.0,0.0,0.0,0.0,0.0,dataset_2024.csv,202401,True,False
2024,1,Lima,Lima,Carabayllo,MOVISTAR,4.405569,29489.0,1.4763792,10112.0,10.390906,158034.0,3.9311786,15971.0,0.0,0.0,0.0,0.0,273.6863,12081.0,75.04718,157375.0,0.0,0.0,8.860523,22682728.0,0.0,89.92392,230203076.0,0.0,0.0,0.0,0.0,255997604.0,4.1434674,2173.0,52444.0,0.0,0.80663145,5209.0,645772.0,0.0,0.0,0.0,0.0,0.0,dataset_2024.csv,202401,True,False
2024,1,Lima,Lima,Comas,MOVISTAR,3.5633914,41412.0,1.0064057,11694.0,10.416327,249261.0,3.399362,24266.0,0.0,0.0,0.0,0.0,296.01117,26411.0,75.97128,305790.0,0.0,0.0,9.78533,45947592.0,0.0,88.03316,413364874.0,0.0,0.0,0.0,0.0,469555897.0,4.4387474,5177.0,116632.0,0.0,1.0761193,13647.0,1268168.0,0.0,0.0,0.0,0.0,0.0,dataset_2024.csv,202401,True,False
2024,1,Lima,Lima,El Agustino,MOVISTAR,4.179199,14998.0,1.2758564,4662.0,9.322208,78540.0,3.2128906,6975.0,0.0,0.0,0.0,0.0,295.34323,6972.0,74.398735,97034.0,0.0,0.0,9.003424,13159681.0,0.0,89.52226,130848493.0,0.0,0.0,0.0,0.0,146163073.0,5.6267443,1774.0,31528.0,0.0,0.9720516,3894.0,400596.0,0.0,0.0,0.0,0.0,0.0,dataset_2024.csv,202401,True,False
2024,1,Lima,Lima,Independencia,MOVISTAR,3.2608335,23084.0,0.7562532,6006.0,10.440194,139204.0,3.705554,12708.0,0.0,0.0,0.0,0.0,250.00021,10560.0,74.7462,158637.0,0.0,0.0,9.324573,19141827.0,0.0,88.15499,180967827.0,0.0,0.0,0.0,0.0,205283697.0,4.398148,2014.0,45792.0,0.0,0.9499677,6227.0,655496.0,0.0,0.0,0.0,0.0,0.0,dataset_2024.csv,202401,True,False
2024,1,Lima,Lima,Los Olivos,MOVISTAR,3.992345,32218.0,0.7872148,8345.0,10.8345995,219955.0,3.1379437,17230.0,0.0,0.0,0.0,0.0,266.6494,17640.0,74.405205,260310.0,0.0,0.0,8.442166,34238430.0,0.0,89.965515,364868183.0,0.0,0.0,0.0,0.0,405564498.0,3.8096488,2906.0,76280.0,0.0,0.7762479,8283.0,1067056.0,0.0,0.0,0.0,0.0,0.0,dataset_2024.csv,202401,True,False
2024,1,Lima,Lima,Puente Piedra,MOVISTAR,3.0015721,19726.0,0.70285755,5063.0,9.8428755,134259.0,3.1530812,10874.0,0.0,0.0,0.0,0.0,298.6536,10782.0,75.02786,166473.0,0.0,0.0,8.858666,20498594.0,0.0,89.39356,206853079.0,0.0,0.0,0.0,0.0,231395937.0,4.855741,2336.0,48108.0,0.0,0.8014814,5488.0,684732.0,0.0,0.0,0.0,0.0,0.0,dataset_2024.csv,202401,True,False
2024,1,Lima,Lima,Punta Negra,MOVISTAR,3.3898647,1590.0,0.86872345,431.0,12.11881,17448.0,3.7131023,1658.0,0.0,0.0,0.0,0.0,292.74097,1445.0,72.04486,20698.0,0.0,0.0,6.4382763,1065192.0,0.0,92.59558,15319640.0,0.0,0.0,0.0,0.0,16544677.0,3.2442749,204.0,6288.0,0.0,0.7799924,659.0,84488.0,0.0,0.0,0.0,0.0,0.0,dataset_2024.csv,202401,True,False
2024,1,Lima,Lima,San Juan De Lurigancho,MOVISTAR,3.7631614,53067.0,0.78902334,15335.0,10.218958,386757.0,3.1497116,28245.0,0.0,0.0,0.0,0.0,282.91476,28184.0,73.96313,425828.0,0.0,0.0,8.864705,56789457.0,0.0,88.40132,566320386.0,0.0,0.0,0.0,0.0,640624321.0,4.3400354,5353.0,123340.0,0.0,0.87753046,15373.0,1751848.0,0.0,0.0,0.0,0.0,0.0,dataset_2024.csv,202401,True,False
2024,1,Lima,Lima,San Luis,MOVISTAR,4.0317574,6456.0,0.60317343,1897.0,10.292337,73267.0,2.765801,4487.0,0.0,0.0,0.0,0.0,231.5553,4656.0,74.005066,85634.0,0.0,0.0,4.711265,4524848.0,0.0,94.7024,90955188.0,0.0,0.0,0.0,0.0,96043167.0,2.7726622,542.0,19548.0,0.0,0.65552056,2296.0,350256.0,0.0,0.0,0.0,0.0,0.0,dataset_2024.csv,202401,True,False
2024,1,Lima,Lima,San Martin De Porres,MOVISTAR,3.6238718,45820.0,0.7624975,11857.0,10.561489,438210.0,3.7950737,42309.0,0.0,0.0,0.0,0.0,266.47067,28831.0,74.87955,483749.0,0.0,0.0,8.808307,60337895.0,0.0,89.4065,612444601.0,0.0,0.0,0.0,0.0,685011285.0,4.1457896,5130.0,123740.0,0.0,0.74859786,14880.0,1987716.0,0.0,0.0,0.0,0.0,0.0,dataset_2024.csv,202401,True,False
2024,1,Piura,Piura,Castilla,MOVISTAR,4.401022,6140.0,0.8024171,3137.0,10.01643,115459.0,2.7301044,8461.0,0.0,0.0,0.0,0.0,181.63058,4671.0,81.137245,135593.0,0.0,0.0,3.2990556,5009503.0,0.0,95.38931,144845411.0,0.0,0.0,0.0,0.0,151846580.0,4.465025,863.0,19328.0,0.0,0.7078037,3956.0,558912.0,0.0,0.0,0.0,0.0,0.0,dataset_2024.csv,202401,True,False
2024,1,Piura,Piura,Catacaos,MOVISTAR,2.9185889,2594.0,0.78982323,701.0,7.749586,38595.0,2.79183,1878.0,0.0,0.0,0.0,0.0,204.75531,2644.0,82.73203,46207.0,0.0,0.0,3.537979,1640475.0,0.0,95.733665,44389381.0,0.0,0.0,0.0,0.0,46367576.0,6.5364122,736.0,11260.0,0.0,0.8721111,1683.0,192980.0,0.0,0.0,0.0,0.0,0.0,dataset_2024.csv,202401,True,False
2024,1,Piura,Piura,Piura,MOVISTAR,4.0665894,8738.0,0.6792732,5518.0,10.39973,185879.0,2.499229,13454.0,0.0,0.0,0.0,0.0,176.34102,8380.0,81.97099,237478.0,0.0,0.0,3.3308198,7741861.0,0.0,96.046906,223242869.0,0.0,0.0,0.0,0.0,232431092.0,3.963344,1371.0,34592.0,0.0,0.6800251,6668.0,980552.0,0.0,0.0,0.0,0.0,0.0,dataset_2024.csv,202401,True,False
2024,1,Piura,Piura,Veintiseis De Octubre,MOVISTAR,3.6140103,4955.0,0.69223857,2295.0,8.514485,105975.0,2.8116827,8190.0,0.0,0.0,0.0,0.0,219.21498,3978.0,83.600555,123643.0,0.0,0.0,2.544916,3779688.0,0.0,96.84213,143829135.0,0.0,0.0,0.0,0.0,148519177.0,5.308422,895.0,16860.0,0.0,0.91607815,4758.0,519388.0,0.0,0.0,0.0,0.0,0.0,dataset_2024.csv,202401,True,False
2024,1,Puno,Puno,Puno,MOVISTAR,4.4351563,23073.0,0.88480055,7444.0,10.120741,261665.0,4.0441785,26820.0,0.0,0.0,0.0,0.0,244.62845,16194.0,87.086365,265581.0,0.0,0.0,6.1038256,17412204.0,0.0,91.92985,262245588.0,0.0,0.0,0.0,0.0,285267066.0,6.6065307,4702.0,71172.0,0.0,1.1037322,12332.0,1117300.0,0.0,0.0,0.0,0.0,0.0,dataset_2024.csv,202401,True,False
2024,1,Puno,San Roman,Caracoto,MOVISTAR,3.3973591,2088.0,0.816815,532.0,6.9290504,11239.0,4.34209,830.0,0.0,0.0,0.0,0.0,266.83087,1380.0,87.499985,11826.0,0.0,0.0,8.483717,1191123.0,0.0,90.216034,12666429.0,0.0,0.0,0.0,0.0,14040108.0,7.198383,463.0,6432.0,0.0,1.480898,752.0,50780.0,0.0,0.0,0.0,0.0,0.0,dataset_2024.csv,202401,True,False
2024,1,Puno,San Roman,Juliaca,MOVISTAR,4.0698943,27247.0,0.6647866,8626.0,8.731938,267271.0,3.5401103,24025.0,0.0,0.0,0.0,0.0,277.9777,16787.0,83.81379,270818.0,0.0,0.0,5.643219,14794199.0,0.0,93.5359,245212643.0,0.0,0.0,0.0,0.0,262158868.0,7.1930647,5526.0,76824.0,0.0,1.3454468,15458.0,1148912.0,0.0,0.0,0.0,0.0,0.0,dataset_2024.csv,202401,True,False
2024,1,Puno,San Roman,San Miguel,MOVISTAR,3.764162,5175.0,0.66250247,1621.0,7.5839024,31162.0,4.1484556,4376.0,0.0,0.0,0.0,0.0,287.42676,2925.0,86.67585,26838.0,0.0,0.0,8.765581,3026781.0,0.0,87.67694,30275106.0,0.0,0.0,0.0,0.0,34530296.0,5.5145907,703.0,12748.0,0.0,1.7551924,2062.0,117480.0,0.0,0.0,0.0,0.0,0.0,dataset_2024.csv,202401,True,False
2024,1,San Martin,Moyobamba,Moyobamba,MOVISTAR,2.9580705,936.0,0.0,0.0,10.984127,40518.0,3.9906445,3292.0,0.0,0.0,0.0,0.0,353.67413,1322.0,91.06991,41563.0,0.0,0.0,2.5633745,1339885.0,0.0,95.761696,50054982.0,0.0,0.0,0.0,0.0,52270358.0,5.6922574,347.0,6096.0,0.0,0.8401175,1453.0,172952.0,0.0,0.0,0.0,0.0,0.0,dataset_2024.csv,202401,True,False
2024,1,Tacna,Candarave,Camilaca,MOVISTAR,4.291143,1640.0,1.3380462,540.0,7.7403502,6819.0,5.0031586,2104.0,0.0,0.0,0.0,0.0,0.0,0.0,100.26608,892.0,0.0,0.0,13.665794,695405.0,0.0,73.274345,3728678.0,0.0,0.0,0.0,0.0,5088654.0,6.0950413,0.0,0.0,0.0,1.1892178,45.0,3784.0,0.0,0.0,0.0,0.0,0.0,dataset_2024.csv,202401,True,False
2024,1,Tumbes,Contralmirante Villar,Canoas De Punta Sal,MOVISTAR,4.7313247,1678.0,0.0,0.0,10.601642,12573.0,2.6603181,671.0,0.0,0.0,0.0,0.0,228.2418,2255.0,80.92665,15671.0,0.0,0.0,10.368537,1534842.0,0.0,88.056526,13034901.0,0.0,0.0,0.0,0.0,14802879.0,4.4946146,434.0,9656.0,0.0,0.5288763,337.0,63720.0,0.0,0.0,0.0,0.0,0.0,dataset_2024.csv,202401,True,False
2024,1,Tumbes,Tumbes,Tumbes,MOVISTAR,4.6561966,2418.0,0.81091076,1346.0,11.781885,71001.0,3.6716812,6835.0,0.0,0.0,0.0,0.0,189.09598,3177.0,84.00786,71280.0,0.0,0.0,3.326208,2771393.0,0.0,95.78833,79810731.0,0.0,0.0,0.0,0.0,83319890.0,3.8255136,499.0,13044.0,0.0,0.3425885,994.0,290144.0,0.0,0.0,0.0,0.0,0.0,dataset_2024.csv,202401,True,False
2024,2,Arequipa,Arequipa,Alto Selva Alegre,MOVISTAR,3.3250444,1375.0,0.7257152,446.0,9.815522,35123.0,2.6283145,2707.0,0.0,0.0,0.0,0.0,252.91118,1058.0,80.43593,36859.0,0.0,0.0,2.8964212,1407842.0,0.0,95.97994,46652259.0,0.0,0.0,0.0,0.0,48606258.0,5.2528334,241.0,4588.0,0.0,0.8180705,1256.0,153532.0,0.0,0.0,0.0,0.0,0.0,dataset_2024.csv,202402,True,False
2024,2,Arequipa,Arequipa,Cayma,MOVISTAR,3.7683465,3638.0,0.82906926,1347.0,8.731566,55895.0,3.2927427,3789.0,0.0,0.0,0.0,0.0,229.03754,2896.0,80.58719,65329.0,0.0,0.0,4.1083465,3299990.0,0.0,95.180275,76452641.0,0.0,0.0,0.0,0.0,80324042.0,6.05916,762.0,12576.0,0.0,1.0197604,2795.0,274084.0,0.0,0.0,0.0,0.0,0.0,dataset_2024.csv,202402,True,False
2024,2,Arequipa,Arequipa,Jacobo Hunter,MOVISTAR,3.2429857,2402.0,0.62871855,723.0,8.954027,38029.0,2.7498956,2426.0,0.0,0.0,0.0,0.0,224.23491,1170.0,81.62978,37952.0,0.0,0.0,3.6591704,1736538.0,0.0,95.22011,45188750.0,0.0,0.0,0.0,0.0,47457151.0,4.390823,222.0,5056.0,0.0,1.08034,1718.0,159024.0,0.0,0.0,0.0,0.0,0.0,dataset_2024.csv,202402,True,False
2024,2,Arequipa,Arequipa,Jose Luis Bustamante Y Rivero,MOVISTAR,3.961873,3589.0,0.70828676,1301.0,9.436681,71610.0,3.1271775,5937.0,0.0,0.0,0.0,0.0,246.00009,3468.0,80.35804,102420.0,0.0,0.0,3.4797528,3871104.0,0.0,93.55518,104076887.0,0.0,0.0,0.0,0.0,111246520.0,4.1059146,597.0,14540.0,0.0,0.9346979,3982.0,426020.0,0.0,0.0,0.0,0.0,0.0,dataset_2024.csv,202402,True,False
2024,2,Arequipa,Arequipa,Mariano Melgar,MOVISTAR,3.9265466,1544.0,0.7621722,650.0,9.74498,32480.0,2.1907966,1862.0,0.0,0.0,0.0,0.0,223.82355,1362.0,79.45254,38682.0,0.0,0.0,2.0449827,1032947.0,0.0,95.67529,48326820.0,0.0,0.0,0.0,0.0,50511284.0,3.7900355,213.0,5620.0,0.0,0.9712481,1562.0,160824.0,0.0,0.0,0.0,0.0,0.0,dataset_2024.csv,202402,True,False
2024,2,Arequipa,Arequipa,Miraflores,MOVISTAR,4.563496,1586.0,0.96037126,503.0,11.481639,52296.0,4.5334992,4762.0,0.0,0.0,0.0,0.0,211.76706,1673.0,79.38827,54143.0,0.0,0.0,2.34366,1458382.0,0.0,96.855705,60270093.0,0.0,0.0,0.0,0.0,62226685.0,4.4663243,313.0,7008.0,0.0,0.6298076,1405.0,223084.0,0.0,0.0,0.0,0.0,0.0,dataset_2024.csv,202402,True,False
2024,2,Arequipa,Arequipa,Paucarpata,MOVISTAR,3.6256886,6311.0,0.81024575,2171.0,9.08103,68006.0,3.4404743,5496.0,0.0,0.0,0.0,0.0,228.6286,4323.0,80.63824,79785.0,0.0,0.0,4.377134,4229943.0,0.0,95.335884,92129998.0,0.0,0.0,0.0,0.0,96637274.0,4.4932656,814.0,18116.0,0.0,0.90436,2996.0,331284.0,0.0,0.0,0.0,0.0,0.0,dataset_2024.csv,202402,True,False
2024,2,Arequipa,Arequipa,Sachaca,MOVISTAR,5.186746,994.0,0.0,0.0,11.134477,13431.0,2.9796655,680.0,0.0,0.0,0.0,0.0,193.11467,763.0,79.549995,18175.0,0.0,0.0,4.0916533,631338.0,0.0,95.40343,14720653.0,0.0,0.0,0.0,0.0,15429900.0,5.0970874,168.0,3296.0,0.0,0.79223037,602.0,75988.0,0.0,0.0,0.0,0.0,0.0,dataset_2024.csv,202402,True,False
2024,2,Arequipa,Arequipa,Socabaya,MOVISTAR,7.117993,7244.0,0.65475297,1783.0,9.507683,24870.0,3.5157866,1816.0,0.0,0.0,0.0,0.0,164.5741,4612.0,81.381714,30993.0,0.0,0.0,8.56691,4304114.0,0.0,90.35248,45394122.0,0.0,0.0,0.0,0.0,50241148.0,3.4989316,655.0,18720.0,0.0,1.0118043,1320.0,130460.0,0.0,0.0,0.0,0.0,0.0,dataset_2024.csv,202402,True,False
2024,2,Arequipa,Arequipa,Tiabaya,MOVISTAR,6.393681,1309.0,0.0,0.0,8.6447,21092.0,1.8912182,1617.0,0.0,0.0,0.0,0.0,207.35881,696.0,80.488304,20279.0,0.0,0.0,2.487211,551482.0,0.0,96.83162,21470191.0,0.0,0.0,0.0,0.0,22172706.0,5.318428,157.0,2952.0,0.0,0.71350557,601.0,84232.0,0.0,0.0,0.0,0.0,0.0,dataset_2024.csv,202402,True,False
2024,2,Arequipa,Arequipa,Yanahuara,MOVISTAR,3.7257946,918.0,0.0,0.0,12.911641,22226.0,2.9697096,1109.0,0.0,0.0,0.0,0.0,280.7441,1011.0,78.218094,29428.0,0.0,0.0,2.1097968,732352.0,0.0,96.62652,33540965.0,0.0,0.0,0.0,0.0,34711968.0,8.2476635,353.0,4280.0,0.0,0.6865178,830.0,120900.0,0.0,0.0,0.0,0.0,0.0,dataset_2024.csv,202402,True,False
2024,2,Ayacucho,Huamanga,Carmen Alto,MOVISTAR,2.5923615,3077.0,0.5035604,952.0,7.950253,14957.0,0.0,0.0,0.0,0.0,0.0,0.0,243.18752,2782.0,77.49237,13112.0,0.0,0.0,8.969875,2045852.0,0.0,85.12319,19414924.0,0.0,0.0,0.0,0.0,22808031.0,3.8050735,456.0,11984.0,0.0,1.3286334,735.0,55320.0,0.0,0.0,0.0,0.0,0.0,dataset_2024.csv,202402,True,False
2024,2,Cajamarca,Celendin,Celendin,MOVISTAR,5.248721,1156.0,0.9799139,445.0,6.982655,14346.0,4.4925346,1352.0,0.0,0.0,0.0,0.0,245.21858,842.0,82.20235,13925.0,0.0,0.0,4.94312,531797.0,0.0,92.86533,9990756.0,0.0,0.0,0.0,0.0,10758327.0,3.2670455,115.0,3520.0,0.0,0.78019226,461.0,59088.0,0.0,0.0,0.0,0.0,0.0,dataset_2024.csv,202402,True,False
2024,2,Cajamarca,Santa Cruz,Santa Cruz,MOVISTAR,2.6546183,1031.0,0.4855805,405.0,7.409673,14476.0,2.3803906,601.0,0.0,0.0,0.0,0.0,269.78867,1033.0,88.78276,19004.0,0.0,0.0,7.1302657,1041485.0,0.0,90.80144,13262946.0,0.0,0.0,0.0,0.0,14606538.0,8.297782,389.0,4688.0,0.0,1.580919,1266.0,80080.0,0.0,0.0,0.0,0.0,0.0,dataset_2024.csv,202402,True,False
2024,2,Callao,Callao,Mi Peru,MOVISTAR,2.5130043,5695.0,0.89769393,1133.0,7.14739,21854.0,3.6530955,1567.0,0.0,0.0,0.0,0.0,337.23193,2109.0,76.78637,26819.0,0.0,0.0,8.233475,3314897.0,0.0,90.425835,36406541.0,0.0,0.0,0.0,0.0,40261217.0,4.792912,449.0,9368.0,0.0,1.1041123,1234.0,111764.0,0.0,0.0,0.0,0.0,0.0,dataset_2024.csv,202402,True,False
2024,2,Cusco,Acomayo,Pomacanchi,MOVISTAR,0.0,0.0,0.0,0.0,9.541927,1395.0,0.0,0.0,0.0,0.0,0.0,0.0,0.0,0.0,80.66013,3644.0,0.0,0.0,2.3240762,61832.0,0.0,94.65307,2518243.0,0.0,0.0,0.0,0.0,2660498.0,0.0,0.0,0.0,0.0,0.27921548,41.0,14684.0,0.0,0.0,0.0,0.0,0.0,dataset_2024.csv,202402,False,True
2024,2,Cusco,Cusco,Cusco,MOVISTAR,3.1539516,5489.0,0.6704779,2034.0,8.016977,75760.0,2.5618303,6247.0,0.0,0.0,0.0,0.0,260.49207,4964.0,87.36554,95600.0,0.0,0.0,6.806275,7925790.0,0.0,91.06381,106042243.0,0.0,0.0,0.0,0.0,116448283.0,7.175131,1588.0,22132.0,0.0,1.931144,8047.0,416696.0,0.0,0.0,0.0,0.0,0.0,dataset_2024.csv,202402,True,False
2024,2,Cusco,Cusco,San Jeronimo,MOVISTAR,5.3017607,6406.0,1.3801959,1977.0,9.426335,47835.0,3.1678212,2964.0,0.0,0.0,0.0,0.0,249.61679,2996.0,84.44241,48406.0,0.0,0.0,6.1791377,3301882.0,0.0,92.55624,49458320.0,0.0,0.0,0.0,0.0,53435966.0,4.46875,572.0,12800.0,0.0,1.0907128,2222.0,203720.0,0.0,0.0,0.0,0.0,0.0,dataset_2024.csv,202402,True,False
2024,2,Cusco,Cusco,San Sebastian,MOVISTAR,4.790869,11250.0,2.0334704,5658.0,8.790963,42738.0,3.593715,4144.0,0.0,0.0,0.0,0.0,264.242,3611.0,89.18876,55864.0,0.0,0.0,8.114301,7613498.0,0.0,90.337845,84762320.0,0.0,0.0,0.0,0.0,93828142.0,6.7174516,1067.0,15884.0,0.0,2.142485,5261.0,245556.0,0.0,0.0,0.0,0.0,0.0,dataset_2024.csv,202402,True,False
2024,2,Cusco,Cusco,Santiago,MOVISTAR,3.2085042,3389.0,0.69478,1372.0,9.2512245,60279.0,4.1500416,5682.0,0.0,0.0,0.0,0.0,256.3104,2527.0,85.80975,61937.0,0.0,0.0,3.9758434,2905587.0,0.0,94.028534,68717014.0,0.0,0.0,0.0,0.0,73081021.0,7.2537475,813.0,11208.0,0.0,1.3228554,3498.0,264428.0,0.0,0.0,0.0,0.0,0.0,dataset_2024.csv,202402,True,False
2024,2,Cusco,Cusco,Wanchaq,MOVISTAR,3.2726736,4035.0,0.6473311,1563.0,8.571423,56130.0,2.399243,5283.0,0.0,0.0,0.0,0.0,248.74052,4627.0,87.85487,86335.0,0.0,0.0,4.357056,3959088.0,0.0,94.835236,86173102.0,0.0,0.0,0.0,0.0,90866124.0,6.3416348,1263.0,19916.0,0.0,1.8613311,6938.0,372744.0,0.0,0.0,0.0,0.0,0.0,dataset_2024.csv,202402,True,False
2024,2,Cusco,La Convencion,Echarate,MOVISTAR,4.223747,966.0,0.0,0.0,8.197378,15746.0,2.262953,785.0,0.0,0.0,0.0,0.0,285.04892,734.0,90.455864,9815.0,0.0,0.0,4.7243237,939111.0,0.0,66.848206,13288227.0,0.0,0.0,0.0,0.0,19878211.0,6.4180927,210.0,3272.0,0.0,2.3356545,1127.0,48252.0,0.0,0.0,0.0,0.0,0.0,dataset_2024.csv,202402,True,False
2024,2,Huancavelica,Tayacaja,Pampas,MOVISTAR,5.166196,5506.0,0.8903566,1195.0,9.895553,12461.0,3.6155808,890.0,0.0,0.0,0.0,0.0,201.8084,2570.0,75.98135,10518.0,0.0,0.0,13.720594,1475742.0,0.0,85.39376,9184672.0,0.0,0.0,0.0,0.0,10755671.0,3.4472988,365.0,10588.0,0.0,0.68391865,296.0,43280.0,0.0,0.0,0.0,0.0,0.0,dataset_2024.csv,202402,True,False
2024,2,Ica,Chincha,Alto Laran,MOVISTAR,5.31543,3372.0,0.6228783,589.0,9.192681,17851.0,3.2840793,743.0,0.0,0.0,0.0,0.0,183.61482,1627.0,75.27644,13562.0,0.0,0.0,11.987215,1323200.0,0.0,87.059715,9610023.0,0.0,0.0,0.0,0.0,11038427.0,2.0469596,136.0,6644.0,0.0,0.77709174,438.0,56364.0,0.0,0.0,0.0,0.0,0.0,dataset_2024.csv,202402,True,False
2024,2,Ica,Chincha,Chincha Alta,MOVISTAR,5.1836815,4761.0,0.8045502,1768.0,11.390753,94055.0,2.939291,6710.0,0.0,0.0,0.0,0.0,165.90999,3865.0,73.639404,108516.0,0.0,0.0,2.4695632,2855242.0,0.0,97.33111,112531580.0,0.0,0.0,0.0,0.0,115617281.0,3.9066465,616.0,15768.0,0.0,0.5738015,2548.0,444056.0,0.0,0.0,0.0,0.0,0.0,dataset_2024.csv,202402,True,False
2024,2,Ica,Chincha,Chincha Baja,MOVISTAR,4.2919703,1711.0,0.87756985,582.0,10.470365,10588.0,4.1528096,1260.0,0.0,0.0,0.0,0.0,226.26752,1242.0,76.03456,14903.0,0.0,0.0,7.9096956,1027028.0,0.0,91.37754,11864843.0,0.0,0.0,0.0,0.0,12984419.0,5.465884,298.0,5452.0,0.0,1.032911,639.0,61864.0,0.0,0.0,0.0,0.0,0.0,dataset_2024.csv,202402,True,False
2024,2,Ica,Chincha,El Carmen,MOVISTAR,3.3727736,1050.0,0.0,0.0,11.637532,12908.0,0.0,0.0,0.0,0.0,0.0,0.0,219.4244,902.0,74.11314,12187.0,0.0,0.0,6.171339,786318.0,0.0,93.534935,11917706.0,0.0,0.0,0.0,0.0,12741449.0,4.495842,173.0,3848.0,0.0,0.5893001,293.0,49720.0,0.0,0.0,0.0,0.0,0.0,dataset_2024.csv,202402,True,False
2024,2,Ica,Chincha,Pueblo Nuevo,MOVISTAR,3.8332841,3823.0,0.7262124,962.0,9.5771,46722.0,3.234793,2865.0,0.0,0.0,0.0,0.0,174.19218,2129.0,74.25681,49373.0,0.0,0.0,3.2726588,2089447.0,0.0,95.39039,60902520.0,0.0,0.0,0.0,0.0,63845550.0,3.6798527,320.0,8696.0,0.0,0.62921524,1280.0,203428.0,0.0,0.0,0.0,0.0,0.0,dataset_2024.csv,202402,True,False
2024,2,Ica,Chincha,Sunampe,MOVISTAR,4.4124813,2336.0,0.8871427,1495.0,11.873064,42469.0,3.4274347,2560.0,0.0,0.0,0.0,0.0,188.68552,1523.0,72.1589,45747.0,0.0,0.0,4.0895886,1772487.0,0.0,95.2259,41272286.0,0.0,0.0,0.0,0.0,43341450.0,3.3906555,209.0,6164.0,0.0,0.57267964,1062.0,185444.0,0.0,0.0,0.0,0.0,0.0,dataset_2024.csv,202402,True,False
2024,2,Ica,Ica,Ica,MOVISTAR,4.670452,15441.0,0.72480834,5602.0,10.598517,190480.0,2.871498,13637.0,0.0,0.0,0.0,0.0,188.20119,13419.0,73.887115,221751.0,0.0,0.0,6.557075,17203480.0,0.0,92.46209,242588300.0,0.0,0.0,0.0,0.0,262365157.0,3.386324,1866.0,55104.0,0.0,0.67682433,6163.0,910576.0,0.0,0.0,0.0,0.0,0.0,dataset_2024.csv,202402,True,False
2024,2,Ica,Ica,La Tinguiña,MOVISTAR,4.85538,1221.0,0.67278415,693.0,8.703483,22213.0,2.1723776,1248.0,0.0,0.0,0.0,0.0,148.34995,1202.0,72.641685,24062.0,0.0,0.0,3.6076014,861654.0,0.0,95.827286,22887775.0,0.0,0.0,0.0,0.0,23884402.0,3.049273,151.0,4952.0,0.0,0.62734497,622.0,99148.0,0.0,0.0,0.0,0.0,0.0,dataset_2024.csv,202402,True,False
2024,2,Ica,Ica,Parcona,MOVISTAR,3.8802676,1893.0,0.73635,667.0,10.088893,29230.0,4.3407693,2786.0,0.0,0.0,0.0,0.0,220.0835,1920.0,73.04246,38090.0,0.0,0.0,4.685138,2054156.0,0.0,93.97034,41200436.0,0.0,0.0,0.0,0.0,43844086.0,3.0806289,243.0,7888.0,0.0,0.664511,1044.0,157108.0,0.0,0.0,0.0,0.0,0.0,dataset_2024.csv,202402,True,False
2024,2,Ica,Ica,Subtanjalla,MOVISTAR,3.67219,717.0,0.0,0.0,9.161398,12140.0,2.3455555,738.0,0.0,0.0,0.0,0.0,204.57278,958.0,72.68141,20817.0,0.0,0.0,5.9277687,1487583.0,0.0,87.06413,21848884.0,0.0,0.0,0.0,0.0,25095160.0,5.142018,210.0,4084.0,0.0,0.8611885,742.0,86160.0,0.0,0.0,0.0,0.0,0.0,dataset_2024.csv,202402,True,False
2024,2,Junin,Chanchamayo,Chanchamayo,MOVISTAR,5.83909,3398.0,0.72079253,1474.0,9.719235,23347.0,2.3011158,1436.0,0.0,0.0,0.0,0.0,173.50217,2592.0,77.35321,28228.0,0.0,0.0,6.5732694,1766580.0,0.0,90.5636,24339159.0,0.0,0.0,0.0,0.0,26875211.0,3.4339135,371.0,10804.0,0.0,0.5545414,644.0,116132.0,0.0,0.0,0.0,0.0,0.0,dataset_2024.csv,202402,True,False
2024,2,Junin,Huancayo,Chilca,MOVISTAR,3.9620194,9659.0,0.6435235,2174.0,7.954128,44186.0,2.8916588,3331.0,0.0,0.0,0.0,0.0,236.29243,6516.0,77.976326,51872.0,0.0,0.0,7.358191,6116973.0,0.0,91.08796,75722768.0,0.0,0.0,0.0,0.0,83131477.0,3.4983573,937.0,26784.0,0.0,1.6956382,3777.0,222748.0,0.0,0.0,0.0,0.0,0.0,dataset_2024.csv,202402,True,False
2024,2,Junin,Huancayo,El Tambo,MOVISTAR,4.501854,11945.0,0.7272096,4040.0,10.279538,248869.0,3.045426,17230.0,0.0,0.0,0.0,0.0,206.01648,11448.0,75.14701,235791.0,0.0,0.0,5.3806286,18023496.0,0.0,93.70756,313892288.0,0.0,0.0,0.0,0.0,334970088.0,4.4325204,2123.0,47896.0,0.0,0.82925373,8124.0,979676.0,0.0,0.0,0.0,0.0,0.0,dataset_2024.csv,202402,True,False
2024,2,Junin,Huancayo,Huancayo,MOVISTAR,4.540625,9903.0,0.6801743,3205.0,9.188439,170431.0,2.7551198,12837.0,0.0,0.0,0.0,0.0,207.1859,9291.0,76.491615,217534.0,0.0,0.0,4.863193,11752921.0,0.0,94.25521,227787391.0,0.0,0.0,0.0,0.0,241670878.0,4.623534,1798.0,38888.0,0.0,0.9428205,8559.0,907808.0,0.0,0.0,0.0,0.0,0.0,dataset_2024.csv,202402,True,False
2024,2,Junin,Huancayo,Pilcomayo,MOVISTAR,2.573092,780.0,0.0,0.0,6.425524,12311.0,3.8094556,1042.0,0.0,0.0,0.0,0.0,241.0333,653.0,78.64499,13024.0,0.0,0.0,13.49106,2942556.0,0.0,85.999725,18757532.0,0.0,0.0,0.0,0.0,21811154.0,7.122708,202.0,2836.0,0.0,1.2783276,713.0,55776.0,0.0,0.0,0.0,0.0,0.0,dataset_2024.csv,202402,True,False
2024,2,Junin,Huancayo,San Agustin,MOVISTAR,3.8286579,1992.0,0.6606905,1671.0,7.8279066,38745.0,2.729553,3428.0,0.0,0.0,0.0,0.0,207.04439,1263.0,74.66474,40858.0,0.0,0.0,6.615998,2300624.0,0.0,92.77859,32262503.0,0.0,0.0,0.0,0.0,34773651.0,5.5180182,294.0,5328.0,0.0,1.2949798,2237.0,172744.0,0.0,0.0,0.0,0.0,0.0,dataset_2024.csv,202402,True,False
2024,2,Junin,Junin,Carhuamayo,MOVISTAR,4.8715725,2429.0,0.75288373,811.0,13.830871,24194.0,3.108662,1019.0,0.0,0.0,0.0,0.0,166.79497,1972.0,75.73799,17973.0,0.0,0.0,7.846583,1223140.0,0.0,89.77092,13993659.0,0.0,0.0,0.0,0.0,15588187.0,3.194651,258.0,8076.0,0.0,0.48097825,354.0,73600.0,0.0,0.0,0.0,0.0,0.0,dataset_2024.csv,202402,True,False
2024,2,La Libertad,Trujillo,El Porvenir,MOVISTAR,2.8646169,4100.0,0.59268135,1511.0,9.148023,45327.0,2.9028344,3012.0,0.0,0.0,0.0,0.0,255.45874,3381.0,80.087715,46684.0,0.0,0.0,7.834928,7033866.0,0.0,90.79238,81509548.0,0.0,0.0,0.0,0.0,89775760.0,6.993421,1063.0,15200.0,0.0,1.5852734,3176.0,200344.0,0.0,0.0,0.0,0.0,0.0,dataset_2024.csv,202402,True,False
2024,2,La Libertad,Trujillo,La Esperanza,MOVISTAR,3.6774793,5007.0,0.64234173,2073.0,9.611271,69398.0,3.169507,4476.0,0.0,0.0,0.0,0.0,226.26865,4178.0,78.445526,70931.0,0.0,0.0,6.339953,6610383.0,0.0,92.860664,96821627.0,0.0,0.0,0.0,0.0,104265493.0,5.35358,966.0,18044.0,0.0,0.9747691,2896.0,297096.0,0.0,0.0,0.0,0.0,0.0,dataset_2024.csv,202402,True,False
2024,2,La Libertad,Trujillo,Moche,MOVISTAR,3.5530155,2878.0,0.94414246,785.0,8.49251,19810.0,2.1354392,1040.0,0.0,0.0,0.0,0.0,227.64157,2299.0,75.45801,23053.0,0.0,0.0,4.621259,1433060.0,0.0,94.84262,29410851.0,0.0,0.0,0.0,0.0,31010163.0,3.065134,288.0,9396.0,0.0,0.711575,675.0,94860.0,0.0,0.0,0.0,0.0,0.0,dataset_2024.csv,202402,True,False
2024,2,La Libertad,Trujillo,Trujillo,MOVISTAR,4.4866014,30356.0,0.67294234,11341.0,11.536616,339568.0,3.2277472,29939.0,0.0,0.0,0.0,0.0,186.8937,22683.0,76.80188,384070.0,0.0,0.0,5.7025785,23659381.0,0.0,92.61594,384253496.0,0.0,0.0,0.0,0.0,414889167.0,4.3640714,4123.0,94476.0,0.0,0.78786373,12497.0,1586188.0,0.0,0.0,0.0,0.0,0.0,dataset_2024.csv,202402,True,False
2024,2,La Libertad,Trujillo,Victor Larco Herrera,MOVISTAR,4.409183,4661.0,0.80603456,2909.0,11.554342,59051.0,3.3093839,6446.0,0.0,0.0,0.0,0.0,161.58951,3247.0,76.4146,64951.0,0.0,0.0,3.308411,2320149.0,0.0,95.310394,66840038.0,0.0,0.0,0.0,0.0,70128802.0,4.198014,558.0,13292.0,0.0,0.63525295,1693.0,266508.0,0.0,0.0,0.0,0.0,0.0,dataset_2024.csv,202402,True,False
2024,2,Lambayeque,Chiclayo,Chiclayo,MOVISTAR,4.215264,14302.0,0.7431688,6830.0,10.69923,159319.0,3.2965372,15707.0,0.0,0.0,0.0,0.0,201.66171,10955.0,78.34455,186978.0,0.0,0.0,5.5155487,12287615.0,0.0,93.70922,208766683.0,0.0,0.0,0.0,0.0,222781361.0,4.684613,2130.0,45468.0,0.0,0.6604608,5107.0,773248.0,0.0,0.0,0.0,0.0,0.0,dataset_2024.csv,202402,True,False
2024,2,Lambayeque,Chiclayo,Jose Leonardo Ortiz,MOVISTAR,5.432501,3897.0,0.7861574,1381.0,9.821832,51246.0,3.1327875,3728.0,0.0,0.0,0.0,0.0,179.32089,3181.0,78.129715,57431.0,0.0,0.0,6.616018,5392209.0,0.0,91.976265,74962804.0,0.0,0.0,0.0,0.0,81502337.0,4.030797,534.0,13248.0,0.0,0.649917,1550.0,238492.0,0.0,0.0,0.0,0.0,0.0,dataset_2024.csv,202402,True,False
2024,2,Lambayeque,Chiclayo,La Victoria,MOVISTAR,6.553844,3373.0,1.1063328,1197.0,11.247249,33897.0,3.4182403,3404.0,0.0,0.0,0.0,0.0,167.68196,1699.0,78.49388,45028.0,0.0,0.0,6.9782443,4580953.0,0.0,92.603714,60790830.0,0.0,0.0,0.0,0.0,65646211.0,5.1168756,359.0,7016.0,0.0,0.6417512,1202.0,187300.0,0.0,0.0,0.0,0.0,0.0,dataset_2024.csv,202402,True,False
2024,2,Lambayeque,Chiclayo,Pimentel,MOVISTAR,4.5160995,4207.0,0.7563586,2115.0,10.293315,52334.0,2.3901496,5179.0,0.0,0.0,0.0,0.0,188.10364,3065.0,78.56261,54587.0,0.0,0.0,5.0153675,3087252.0,0.0,93.956665,57835822.0,0.0,0.0,0.0,0.0,61555847.0,3.9582014,500.0,12632.0,0.0,0.7606759,1725.0,226772.0,0.0,0.0,0.0,0.0,0.0,dataset_2024.csv,202402,True,False
2024,2,Lima,Cañete,Asia,MOVISTAR,5.120064,6375.0,0.69069743,1666.0,9.683436,39440.0,2.2490392,2809.0,0.0,0.0,0.0,0.0,266.44333,7514.0,76.44346,40213.0,0.0,0.0,13.92903,6597442.0,0.0,79.7651,37780490.0,0.0,0.0,0.0,0.0,47364690.0,1.8359774,574.0,31264.0,0.0,0.8183089,1358.0,165952.0,0.0,0.0,0.0,0.0,0.0,dataset_2024.csv,202402,True,False
2024,2,Lima,Cañete,Cerro Azul,MOVISTAR,4.9659967,1808.0,0.896056,482.0,9.891013,38224.0,4.2977057,5381.0,0.0,0.0,0.0,0.0,254.3147,1358.0,76.895546,31943.0,0.0,0.0,4.630681,1150066.0,0.0,94.733406,23527785.0,0.0,0.0,0.0,0.0,24835785.0,2.775838,159.0,5728.0,0.0,0.5815545,765.0,131544.0,0.0,0.0,0.0,0.0,0.0,dataset_2024.csv,202402,True,False
2024,2,Lima,Cañete,Chilca,MOVISTAR,3.3600748,2277.0,0.9875036,846.0,7.0530505,21224.0,3.4653373,2296.0,0.0,0.0,0.0,0.0,289.24283,1359.0,79.938286,28538.0,0.0,0.0,4.300366,1186027.0,0.0,94.88172,26168072.0,0.0,0.0,0.0,0.0,27579676.0,6.0432568,380.0,6288.0,0.0,1.0531241,1283.0,121828.0,0.0,0.0,0.0,0.0,0.0,dataset_2024.csv,202402,True,False
2024,2,Lima,Cañete,Mala,MOVISTAR,4.225913,5242.0,0.7279779,1667.0,8.51772,50549.0,3.6470938,4897.0,0.0,0.0,0.0,0.0,290.805,2906.0,75.497986,58241.0,0.0,0.0,6.6248837,4436821.0,0.0,91.51255,61287837.0,0.0,0.0,0.0,0.0,66972057.0,3.4617844,433.0,12508.0,0.0,0.77962494,1889.0,242296.0,0.0,0.0,0.0,0.0,0.0,dataset_2024.csv,202402,True,False
2024,2,Lima,Huaura,Huaura,MOVISTAR,3.1585002,780.0,0.0,0.0,10.096118,11396.0,2.7686415,617.0,0.0,0.0,0.0,0.0,321.51587,818.0,78.46273,9900.0,0.0,0.0,10.511684,1839183.0,0.0,85.106575,14890721.0,0.0,0.0,0.0,0.0,17496558.0,4.6498904,170.0,3656.0,0.0,0.93685955,384.0,40988.0,0.0,0.0,0.0,0.0,0.0,dataset_2024.csv,202402,True,False
2024,2,Lima,Lima,Barranco,MOVISTAR,5.700085,1427.0,0.7069326,446.0,12.102419,36536.0,3.3064244,3238.0,0.0,0.0,0.0,0.0,216.98642,1419.0,73.10122,43190.0,0.0,0.0,4.9317236,2344538.0,0.0,89.31916,42462269.0,0.0,0.0,0.0,0.0,47539932.0,3.4592247,207.0,5984.0,0.0,0.5204533,913.0,175424.0,0.0,0.0,0.0,0.0,0.0,dataset_2024.csv,202402,True,False
2024,2,Lima,Lima,Breña,MOVISTAR,3.2348979,8735.0,0.64276934,2990.0,10.204585,89258.0,2.1080413,7268.0,0.0,0.0,0.0,0.0,248.69438,4890.0,73.304794,123072.0,0.0,0.0,3.8989067,4954294.0,0.0,95.61417,121495774.0,0.0,0.0,0.0,0.0,127068801.0,4.0254636,860.0,21364.0,0.0,0.6938101,3494.0,503596.0,0.0,0.0,0.0,0.0,0.0,dataset_2024.csv,202402,True,False
2024,2,Lima,Lima,Carabayllo,MOVISTAR,4.306474,25561.0,1.4479915,8354.0,10.286851,163861.0,3.867828,12866.0,0.0,0.0,0.0,0.0,282.0558,11960.0,74.5506,164369.0,0.0,0.0,8.354245,18625774.0,0.0,90.19245,201083914.0,0.0,0.0,0.0,0.0,222949818.0,3.8457117,2007.0,52188.0,0.0,0.864831,5852.0,676664.0,0.0,0.0,0.0,0.0,0.0,dataset_2024.csv,202402,True,False
2024,2,Lima,Lima,Comas,MOVISTAR,3.2060666,34452.0,1.1794646,11816.0,10.479194,227857.0,3.220391,20907.0,0.0,0.0,0.0,0.0,305.4681,24585.0,75.48928,275497.0,0.0,0.0,10.007161,40946177.0,0.0,87.743706,359019849.0,0.0,0.0,0.0,0.0,409168775.0,4.3872433,4757.0,108428.0,0.0,0.9638169,11031.0,1144512.0,0.0,0.0,0.0,0.0,0.0,dataset_2024.csv,202402,True,False
2024,2,Lima,Lima,El Agustino,MOVISTAR,3.289504,10869.0,0.8008699,3335.0,9.758871,69643.0,3.3353524,6087.0,0.0,0.0,0.0,0.0,320.50043,5398.0,74.67825,90067.0,0.0,0.0,10.9928465,15473270.0,0.0,87.37408,122985674.0,0.0,0.0,0.0,0.0,140757628.0,5.808241,1466.0,25240.0,0.0,0.9382064,3503.0,373372.0,0.0,0.0,0.0,0.0,0.0,dataset_2024.csv,202402,True,False
2024,2,Lima,Lima,Independencia,MOVISTAR,3.173044,19886.0,0.7845018,4907.0,10.030213,123529.0,3.0895293,8807.0,0.0,0.0,0.0,0.0,250.12817,9283.0,75.005806,140071.0,0.0,0.0,8.763293,15253684.0,0.0,88.64166,154292662.0,0.0,0.0,0.0,0.0,174063370.0,3.9809551,1597.0,40116.0,0.0,0.89445406,5201.0,581472.0,0.0,0.0,0.0,0.0,0.0,dataset_2024.csv,202402,True,False
2024,2,Lima,Lima,Los Olivos,MOVISTAR,3.744971,32117.0,0.91128933,9377.0,10.613049,193022.0,3.4594214,15425.0,0.0,0.0,0.0,0.0,262.532,19986.0,74.991325,232787.0,0.0,0.0,10.401628,37430577.0,0.0,87.84185,316101600.0,0.0,0.0,0.0,0.0,359853064.0,3.470967,2996.0,86316.0,0.0,0.818698,7867.0,960916.0,0.0,0.0,0.0,0.0,0.0,dataset_2024.csv,202402,True,False
2024,2,Lima,Lima,Puente Piedra,MOVISTAR,2.9533222,16090.0,0.6735695,4508.0,10.057552,114785.0,3.1940396,8275.0,0.0,0.0,0.0,0.0,299.1422,8682.0,75.24394,145119.0,0.0,0.0,8.038367,15742334.0,0.0,91.04759,178307539.0,0.0,0.0,0.0,0.0,195839935.0,5.2934,2082.0,39332.0,0.0,0.79075426,4745.0,600060.0,0.0,0.0,0.0,0.0,0.0,dataset_2024.csv,202402,True,False
2024,2,Lima,Lima,Punta Negra,MOVISTAR,3.783958,2336.0,0.7545311,587.0,12.024895,18133.0,3.752557,2126.0,0.0,0.0,0.0,0.0,340.3513,2038.0,73.786285,22792.0,0.0,0.0,8.802296,1534245.0,0.0,89.74244,15642158.0,0.0,0.0,0.0,0.0,17430056.0,3.499327,312.0,8916.0,0.0,0.70061517,656.0,93632.0,0.0,0.0,0.0,0.0,0.0,dataset_2024.csv,202402,True,False
2024,2,Lima,Lima,San Juan De Lurigancho,MOVISTAR,3.947985,49973.0,0.887136,13450.0,10.468562,340205.0,3.133043,22373.0,0.0,0.0,0.0,0.0,276.60648,28313.0,74.23372,396531.0,0.0,0.0,9.290639,52785218.0,0.0,88.505875,502850456.0,0.0,0.0,0.0,0.0,568154897.0,3.9022048,4793.0,122828.0,0.0,0.8147196,13325.0,1635532.0,0.0,0.0,0.0,0.0,0.0,dataset_2024.csv,202402,True,False
2024,2,Lima,Lima,San Luis,MOVISTAR,3.6395133,6630.0,0.6330671,1808.0,9.601384,72051.0,3.546692,5611.0,0.0,0.0,0.0,0.0,230.5602,4467.0,74.71388,79293.0,0.0,0.0,4.324689,3921713.0,0.0,94.96606,86117086.0,0.0,0.0,0.0,0.0,90681966.0,3.0613327,577.0,18848.0,0.0,0.65639406,2141.0,326176.0,0.0,0.0,0.0,0.0,0.0,dataset_2024.csv,202402,True,False
2024,2,Lima,Lima,San Martin De Porres,MOVISTAR,3.6030946,46679.0,0.78143394,11229.0,10.235865,360358.0,3.3747118,30241.0,0.0,0.0,0.0,0.0,273.80594,27015.0,74.716545,417231.0,0.0,0.0,9.294806,53269755.0,0.0,88.9123,509568082.0,0.0,0.0,0.0,0.0,573113162.0,4.1342363,4823.0,116660.0,0.0,0.7423547,12753.0,1717912.0,0.0,0.0,0.0,0.0,0.0,dataset_2024.csv,202402,True,False
2024,2,Piura,Piura,Castilla,MOVISTAR,4.155447,5710.0,0.68951315,3629.0,10.113153,108507.0,2.90983,9496.0,0.0,0.0,0.0,0.0,194.63235,4750.0,80.268,132728.0,0.0,0.0,3.1852624,4798489.0,0.0,94.79817,142810211.0,0.0,0.0,0.0,0.0,150646587.0,4.4078946,871.0,19760.0,0.0,0.67346954,3688.0,547612.0,0.0,0.0,0.0,0.0,0.0,dataset_2024.csv,202402,True,False
2024,2,Piura,Piura,Catacaos,MOVISTAR,4.698818,4087.0,0.9988611,1165.0,7.0351195,32094.0,3.466856,2181.0,0.0,0.0,0.0,0.0,209.50221,2590.0,83.55064,41391.0,0.0,0.0,3.586541,1434282.0,0.0,95.945755,38369357.0,0.0,0.0,0.0,0.0,39990678.0,5.2183566,564.0,10808.0,0.0,0.9321586,1623.0,174112.0,0.0,0.0,0.0,0.0,0.0,dataset_2024.csv,202402,True,False
2024,2,Piura,Piura,Piura,MOVISTAR,5.084997,13147.0,0.7066459,6169.0,10.407965,172587.0,3.7106414,20298.0,0.0,0.0,0.0,0.0,170.74898,10013.0,82.014404,207830.0,0.0,0.0,4.2393928,8784926.0,0.0,95.335,197554449.0,0.0,0.0,0.0,0.0,207221320.0,3.661482,1516.0,41404.0,0.0,0.8251153,7142.0,865576.0,0.0,0.0,0.0,0.0,0.0,dataset_2024.csv,202402,True,False
2024,2,Piura,Piura,Veintiseis De Octubre,MOVISTAR,6.328451,6987.0,0.8071729,2714.0,8.62669,79082.0,3.4591217,6983.0,0.0,0.0,0.0,0.0,226.58669,4639.0,82.67209,96406.0,0.0,0.0,2.5490434,3156565.0,0.0,97.14132,120293317.0,0.0,0.0,0.0,0.0,123833314.0,3.744381,733.0,19576.0,0.0,0.9601651,3899.0,406076.0,0.0,0.0,0.0,0.0,0.0,dataset_2024.csv,202402,True,False
2024,2,Puno,Puno,Puno,MOVISTAR,3.5883958,16344.0,0.6890183,6134.0,9.595124,222957.0,3.653701,21308.0,0.0,0.0,0.0,0.0,262.4257,12467.0,85.823425,241891.0,0.0,0.0,5.42679,14243306.0,0.0,91.875854,241139933.0,0.0,0.0,0.0,0.0,262462796.0,7.222303,3987.0,55204.0,0.0,1.1736983,11939.0,1017212.0,0.0,0.0,0.0,0.0,0.0,dataset_2024.csv,202402,True,False
2024,2,Puno,San Roman,Caracoto,MOVISTAR,3.2716737,1498.0,1.1096207,556.0,9.142061,13739.0,3.8774476,1678.0,0.0,0.0,0.0,0.0,314.8489,1138.0,87.083725,12398.0,0.0,0.0,8.729053,1212021.0,0.0,89.71597,12456981.0,0.0,0.0,0.0,0.0,13884909.0,8.72136,472.0,5412.0,0.0,1.8435755,990.0,53700.0,0.0,0.0,0.0,0.0,0.0,dataset_2024.csv,202402,True,False
2024,2,Puno,San Roman,Juliaca,MOVISTAR,3.768284,23577.0,0.7149557,7413.0,9.116166,227309.0,3.4995837,18539.0,0.0,0.0,0.0,0.0,289.7466,13884.0,83.68584,226598.0,0.0,0.0,6.268042,14233769.0,0.0,92.71733,210546951.0,0.0,0.0,0.0,0.0,227084778.0,7.3926244,4723.0,63888.0,0.0,1.430984,13896.0,971080.0,0.0,0.0,0.0,0.0,0.0,dataset_2024.csv,202402,True,False
2024,2,Puno,San Roman,San Miguel,MOVISTAR,3.4247203,5266.0,0.6481642,1579.0,6.9902554,26293.0,3.0368125,2117.0,0.0,0.0,0.0,0.0,297.8085,3067.0,86.696884,22994.0,0.0,0.0,7.6278095,2481512.0,0.0,90.636375,29486217.0,0.0,0.0,0.0,0.0,32532433.0,5.998521,811.0,13520.0,0.0,2.1406035,2171.0,101420.0,0.0,0.0,0.0,0.0,0.0,dataset_2024.csv,202402,True,False
2024,2,San Martin,Moyobamba,Moyobamba,MOVISTAR,3.1483061,867.0,0.0,0.0,11.067504,32262.0,3.7107666,2904.0,0.0,0.0,0.0,0.0,307.77325,920.0,92.79613,33821.0,0.0,0.0,2.394274,1091212.0,0.0,96.2488,43866264.0,0.0,0.0,0.0,0.0,45575905.0,6.941882,301.0,4336.0,0.0,0.7509298,1058.0,140892.0,0.0,0.0,0.0,0.0,0.0,dataset_2024.csv,202402,True,False
2024,2,Tacna,Candarave,Camilaca,MOVISTAR,3.9530952,2357.0,1.0808223,577.0,7.3722258,8654.0,5.138767,2077.0,0.0,0.0,0.0,0.0,222.79305,537.0,110.06134,1085.0,0.0,0.0,19.187843,1148342.0,0.0,74.84849,4479485.0,0.0,0.0,0.0,0.0,5984737.0,3.2894738,75.0,2280.0,0.0,2.1884272,118.0,5392.0,0.0,0.0,0.0,0.0,0.0,dataset_2024.csv,202402,True,False
2024,2,Tumbes,Contralmirante Villar,Canoas De Punta Sal,MOVISTAR,5.082259,863.0,0.0,0.0,10.59763,8722.0,4.919419,1116.0,0.0,0.0,0.0,0.0,190.19756,820.0,81.66973,10728.0,0.0,0.0,5.7325377,593141.0,0.0,92.16755,9536501.0,0.0,0.0,0.0,0.0,10346918.0,5.493537,187.0,3404.0,0.0,0.5733419,250.0,43604.0,0.0,0.0,0.0,0.0,0.0,dataset_2024.csv,202402,True,False
2024,2,Tumbes,Tumbes,Tumbes,MOVISTAR,4.645339,2267.0,0.79692197,1142.0,11.633053,56991.0,3.0698526,4276.0,0.0,0.0,0.0,0.0,181.71169,2614.0,83.06094,62814.0,0.0,0.0,2.904032,2094739.0,0.0,96.64624,69712950.0,0.0,0.0,0.0,0.0,72132089.0,3.4724822,371.0,10684.0,0.0,0.4701254,1207.0,256740.0,0.0,0.0,0.0,0.0,0.0,dataset_2024.csv,202402,True,False
2024,3,Arequipa,Arequipa,Alto Selva Alegre,MOVISTAR,3.4778101,2548.0,0.64476687,913.0,9.498028,43745.0,3.0944712,3550.0,0.0,0.0,0.0,0.0,223.12544,1833.0,79.05196,51508.0,0.0,0.0,4.512066,2987808.0,0.0,94.59296,62637737.0,0.0,0.0,0.0,0.0,66218185.0,5.825848,467.0,8016.0,0.0,0.8652112,1842.0,212896.0,0.0,0.0,0.0,0.0,0.0,dataset_2024.csv,202403,True,False
2024,3,Arequipa,Arequipa,Cayma,MOVISTAR,3.2366185,3771.0,0.65735936,1399.0,8.8693495,64693.0,2.42658,4511.0,0.0,0.0,0.0,0.0,231.37787,3479.0,81.20764,77239.0,0.0,0.0,3.8277564,3603085.0,0.0,95.59216,89981354.0,0.0,0.0,34.0,0.0,94130470.0,5.497486,831.0,15116.0,0.0,1.05206,3391.0,322320.0,0.0,0.0,0.0,0.0,0.0,dataset_2024.csv,202403,True,False
2024,3,Arequipa,Arequipa,Jacobo Hunter,MOVISTAR,3.957636,1246.0,0.804389,420.0,9.55516,35482.0,2.8759031,2418.0,0.0,0.0,0.0,0.0,236.01387,850.0,80.261185,36339.0,0.0,0.0,2.8235843,1526675.0,0.0,96.75584,52314613.0,0.0,0.0,0.0,0.0,54068688.0,4.933848,179.0,3628.0,0.0,0.8190068,1231.0,150304.0,0.0,0.0,0.0,0.0,0.0,dataset_2024.csv,202403,True,False
2024,3,Arequipa,Arequipa,Jose Luis Bustamante Y Rivero,MOVISTAR,4.1368217,3899.0,0.7828108,1590.0,10.103946,83224.0,2.9321752,6105.0,0.0,0.0,0.0,0.0,227.10796,3515.0,81.01085,117524.0,0.0,0.0,2.8818636,3691213.0,0.0,95.19063,121924194.0,0.0,0.0,0.0,0.0,128084240.0,4.6937685,702.0,14956.0,0.0,0.9435315,4605.0,488060.0,0.0,0.0,0.0,0.0,0.0,dataset_2024.csv,202403,True,False
2024,3,Arequipa,Arequipa,Mariano Melgar,MOVISTAR,4.869269,6269.0,0.7932882,2563.0,10.171227,36882.0,2.8191931,2287.0,0.0,0.0,0.0,0.0,283.26236,5033.0,80.08573,43143.0,0.0,0.0,5.402676,3130966.0,0.0,91.92528,53272656.0,0.0,0.0,0.0,0.0,57952131.0,3.2429583,677.0,20876.0,0.0,1.0210294,1845.0,180700.0,0.0,0.0,0.0,0.0,0.0,dataset_2024.csv,202403,True,False
2024,3,Arequipa,Arequipa,Miraflores,MOVISTAR,4.445735,2718.0,1.1668208,938.0,11.019541,65727.0,3.5254047,6762.0,0.0,0.0,0.0,0.0,209.54825,2663.0,79.28509,67809.0,0.0,0.0,3.4049385,2242795.0,0.0,95.298515,62772066.0,0.0,0.0,325.0,0.0,65868883.0,4.2101474,468.0,11116.0,0.0,0.7403889,2073.0,279988.0,0.0,0.0,0.0,0.0,0.0,dataset_2024.csv,202403,True,False
2024,3,Arequipa,Arequipa,Paucarpata,MOVISTAR,3.7715244,5946.0,0.6915401,2381.0,9.249138,93306.0,2.8029926,6231.0,0.0,0.0,0.0,0.0,204.64067,3978.0,80.94588,96339.0,0.0,0.0,3.552294,4147424.0,0.0,96.01607,112102022.0,0.0,0.0,0.0,0.0,116753399.0,5.0310335,843.0,16756.0,0.0,0.93318224,3739.0,400672.0,0.0,0.0,0.0,0.0,0.0,dataset_2024.csv,202403,True,False
2024,3,Arequipa,Arequipa,Sachaca,MOVISTAR,4.9761314,1085.0,0.0,0.0,10.2197,20299.0,2.681644,1145.0,0.0,0.0,0.0,0.0,198.9891,1029.0,80.079315,22354.0,0.0,0.0,4.636849,957588.0,0.0,94.382484,19491585.0,0.0,0.0,0.0,0.0,20651698.0,4.8490396,212.0,4372.0,0.0,1.0755801,1003.0,93252.0,0.0,0.0,0.0,0.0,0.0,dataset_2024.csv,202403,True,False
2024,3,Arequipa,Arequipa,Socabaya,MOVISTAR,7.670431,5003.0,0.6508288,1439.0,9.418036,23150.0,2.8975973,1646.0,0.0,0.0,0.0,0.0,170.76393,3440.0,80.95215,29598.0,0.0,0.0,7.593763,3678394.0,0.0,91.66415,44401815.0,0.0,0.0,0.0,0.0,48439675.0,3.647611,513.0,14064.0,0.0,1.1889036,1476.0,124148.0,0.0,0.0,0.0,0.0,0.0,dataset_2024.csv,202403,True,False
2024,3,Arequipa,Arequipa,Tiabaya,MOVISTAR,4.795362,1929.0,0.61800367,576.0,8.988627,19863.0,3.351537,1679.0,0.0,0.0,0.0,0.0,222.73299,1101.0,80.363144,17896.0,0.0,0.0,5.2174525,1191234.0,0.0,93.72914,21399973.0,0.0,0.0,0.0,0.0,22831717.0,3.5211267,160.0,4544.0,0.0,0.94314414,706.0,74856.0,0.0,0.0,0.0,0.0,0.0,dataset_2024.csv,202403,True,False
2024,3,Arequipa,Arequipa,Yanahuara,MOVISTAR,3.8223894,827.0,0.0,0.0,13.09198,24953.0,3.4019418,2107.0,0.0,0.0,0.0,0.0,199.99832,697.0,77.91381,35785.0,0.0,0.0,1.1243874,399607.0,0.0,97.97805,34821373.0,0.0,0.0,50.0,0.0,35539974.0,5.067114,151.0,2980.0,0.0,0.66417176,969.0,145896.0,0.0,0.0,0.0,0.0,0.0,dataset_2024.csv,202403,True,False
2024,3,Ayacucho,Huamanga,Carmen Alto,MOVISTAR,2.7188983,3753.0,0.5413727,1085.0,7.9036136,12740.0,3.4788988,847.0,0.0,0.0,0.0,0.0,280.07986,1948.0,79.185196,11330.0,0.0,0.0,9.128002,2126145.0,0.0,86.8627,20232544.0,0.0,0.0,0.0,0.0,23292557.0,4.6938777,414.0,8820.0,0.0,1.411089,678.0,48048.0,0.0,0.0,0.0,0.0,0.0,dataset_2024.csv,202403,True,False
2024,3,Cajamarca,Celendin,Celendin,MOVISTAR,4.923539,1379.0,0.0,0.0,8.090413,7214.0,4.585987,710.0,0.0,0.0,0.0,0.0,252.62971,672.0,81.50263,10191.0,0.0,0.0,5.960977,568616.0,0.0,92.150185,8790181.0,0.0,0.0,0.0,0.0,9538973.0,5.367036,155.0,2888.0,0.0,0.7119879,301.0,42276.0,0.0,0.0,0.0,0.0,0.0,dataset_2024.csv,202403,True,False
2024,3,Cajamarca,Santa Cruz,Santa Cruz,MOVISTAR,3.5138724,1635.0,0.6007909,476.0,6.7459555,18586.0,2.9604077,681.0,0.0,0.0,0.0,0.0,255.98045,1092.0,86.58315,20171.0,0.0,0.0,7.59005,1300682.0,0.0,89.647934,15362672.0,0.0,0.0,0.0,0.0,17136672.0,8.499584,409.0,4812.0,0.0,1.166777,987.0,84592.0,0.0,0.0,0.0,0.0,0.0,dataset_2024.csv,202403,True,False
2024,3,Callao,Callao,Mi Peru,MOVISTAR,3.1755145,7045.0,1.2641085,1753.0,6.3011327,16804.0,3.1336076,1125.0,0.0,0.0,0.0,0.0,322.26498,2586.0,76.00838,27272.0,0.0,0.0,7.6669273,3190965.0,0.0,90.240776,37558092.0,0.0,0.0,0.0,0.0,41619867.0,3.5438597,404.0,11400.0,0.0,1.1010065,1247.0,113260.0,0.0,0.0,0.0,0.0,0.0,dataset_2024.csv,202403,True,False
2024,3,Cusco,Acomayo,Pomacanchi,MOVISTAR,0.0,0.0,0.0,0.0,16.50586,3719.0,0.0,0.0,0.0,0.0,0.0,0.0,167.22417,407.0,83.56895,6597.0,0.0,0.0,6.8721695,270440.0,0.0,92.13601,3625822.0,0.0,0.0,0.0,0.0,3935293.0,2.6699028,44.0,1648.0,0.0,0.4139073,110.0,26576.0,0.0,0.0,0.0,0.0,0.0,dataset_2024.csv,202403,False,True
2024,3,Cusco,Cusco,Cusco,MOVISTAR,3.7648866,9595.0,0.6215436,2630.0,8.187986,86532.0,2.9221559,8289.0,0.0,0.0,0.0,0.0,252.4677,6778.0,86.68809,107517.0,0.0,0.0,7.4056253,9401177.0,0.0,89.93016,114163132.0,0.0,0.0,12.0,0.0,126946433.0,6.769989,2005.0,29616.0,0.0,2.0164876,9432.0,467744.0,0.0,0.0,0.0,0.0,0.0,dataset_2024.csv,202403,True,False
2024,3,Cusco,Cusco,San Jeronimo,MOVISTAR,4.4072146,5583.0,0.64037263,1257.0,9.813028,53288.0,2.9985437,3406.0,0.0,0.0,0.0,0.0,253.9723,2911.0,85.924576,55457.0,0.0,0.0,5.704307,3513545.0,0.0,91.35306,56268549.0,0.0,0.0,0.0,0.0,61594599.0,5.830721,744.0,12760.0,0.0,1.5550872,3645.0,234392.0,0.0,0.0,0.0,0.0,0.0,dataset_2024.csv,202403,True,False
2024,3,Cusco,Cusco,San Sebastian,MOVISTAR,5.1421943,13432.0,1.7441396,4109.0,8.740168,48305.0,3.6977196,4741.0,0.0,0.0,0.0,0.0,279.91672,5420.0,88.60312,63629.0,0.0,0.0,8.950164,8945367.0,0.0,89.47123,89423271.0,0.0,0.0,0.0,0.0,99946402.0,5.786045,1350.0,23332.0,0.0,1.9366553,5365.0,277024.0,0.0,0.0,0.0,0.0,0.0,dataset_2024.csv,202403,True,False
2024,3,Cusco,Cusco,Santiago,MOVISTAR,3.445867,5394.0,0.68128467,1705.0,8.722449,62088.0,2.501384,4076.0,0.0,0.0,0.0,0.0,247.03221,3374.0,86.61668,67748.0,0.0,0.0,4.524013,3903704.0,0.0,93.94258,81061668.0,0.0,0.0,22.0,0.0,86288522.0,6.6140776,981.0,14832.0,0.0,1.3887539,3999.0,287956.0,0.0,0.0,0.0,0.0,0.0,dataset_2024.csv,202403,True,False
2024,3,Cusco,Cusco,Wanchaq,MOVISTAR,3.554391,6346.0,0.68785805,2228.0,8.57724,72553.0,2.3966074,5954.0,0.0,0.0,0.0,0.0,231.93611,5300.0,87.64086,103185.0,0.0,0.0,5.9420714,6848117.0,0.0,92.98631,107164841.0,0.0,0.0,571.0,0.0,115247978.0,5.697532,1302.0,22852.0,0.0,1.592078,7021.0,440996.0,0.0,0.0,0.0,0.0,0.0,dataset_2024.csv,202403,True,False
2024,3,Cusco,La Convencion,Echarate,MOVISTAR,2.8983557,476.0,0.0,0.0,7.1755767,17019.0,2.4660697,1146.0,0.0,0.0,0.0,0.0,328.03714,764.0,91.01887,13328.0,0.0,0.0,3.8407466,1005574.0,0.0,61.840034,16190792.0,0.0,0.0,0.0,0.0,26181732.0,7.2467985,249.0,3436.0,0.0,1.4779682,966.0,65360.0,0.0,0.0,0.0,0.0,0.0,dataset_2024.csv,202403,True,False
2024,3,Huancavelica,Tayacaja,Pampas,MOVISTAR,5.967493,6576.0,1.0167743,1958.0,9.804428,9722.0,2.683247,441.0,0.0,0.0,0.0,0.0,191.72096,3264.0,75.97587,10966.0,0.0,0.0,15.428958,1877568.0,0.0,83.62988,10177018.0,0.0,0.0,0.0,0.0,12169117.0,3.4914951,468.0,13404.0,0.0,1.0831356,493.0,45516.0,0.0,0.0,0.0,0.0,0.0,dataset_2024.csv,202403,True,False
2024,3,Ica,Chincha,Alto Laran,MOVISTAR,4.8272886,1522.0,0.6841073,519.0,10.436034,16286.0,3.0717862,745.0,0.0,0.0,0.0,0.0,150.18451,1640.0,75.27031,17731.0,0.0,0.0,7.710548,885178.0,0.0,89.86961,10317114.0,0.0,0.0,0.0,0.0,11480092.0,2.792712,187.0,6696.0,0.0,0.61834043,448.0,72452.0,0.0,0.0,0.0,0.0,0.0,dataset_2024.csv,202403,True,False
2024,3,Ica,Chincha,Chincha Alta,MOVISTAR,4.788858,3931.0,0.7408811,1525.0,11.01099,110687.0,2.664013,5850.0,0.0,0.0,0.0,0.0,176.29247,3696.0,73.96182,129972.0,0.0,0.0,2.403563,3108724.0,0.0,96.96146,125408163.0,0.0,0.0,0.0,0.0,129338156.0,3.633377,553.0,15220.0,0.0,0.62836826,3344.0,532172.0,0.0,0.0,0.0,0.0,0.0,dataset_2024.csv,202403,True,False
2024,3,Ica,Chincha,Chincha Baja,MOVISTAR,3.0042014,1485.0,0.82172364,681.0,10.863718,16180.0,4.039642,2140.0,0.0,0.0,0.0,0.0,228.2386,1289.0,76.19546,21345.0,0.0,0.0,7.5361576,1197800.0,0.0,91.49857,14542821.0,0.0,0.0,0.0,0.0,15894041.0,7.2458544,402.0,5548.0,0.0,0.93860924,825.0,87896.0,0.0,0.0,0.0,0.0,0.0,dataset_2024.csv,202403,True,False
2024,3,Ica,Chincha,El Carmen,MOVISTAR,3.1423123,972.0,0.7511082,620.0,10.460665,11968.0,3.4574118,460.0,0.0,0.0,0.0,0.0,201.70943,718.0,74.12019,12444.0,0.0,0.0,9.156375,1217327.0,0.0,90.26658,12000813.0,0.0,0.0,0.0,0.0,13294857.0,5.064935,156.0,3080.0,0.0,0.66354257,337.0,50788.0,0.0,0.0,0.0,0.0,0.0,dataset_2024.csv,202403,True,False
2024,3,Ica,Chincha,Pueblo Nuevo,MOVISTAR,4.3127084,2449.0,0.78632176,626.0,10.902409,56638.0,3.7968473,4497.0,0.0,0.0,0.0,0.0,171.81178,1806.0,74.51099,60974.0,0.0,0.0,2.9109044,2105076.0,0.0,96.525375,69804163.0,0.0,0.0,0.0,0.0,72316904.0,4.340749,320.0,7372.0,0.0,0.575509,1437.0,249692.0,0.0,0.0,0.0,0.0,0.0,dataset_2024.csv,202403,True,False
2024,3,Ica,Chincha,Sunampe,MOVISTAR,3.7821455,1341.0,0.8287444,822.0,11.438472,46286.0,3.765868,3700.0,0.0,0.0,0.0,0.0,176.0722,1120.0,73.35167,50626.0,0.0,0.0,4.056011,1973905.0,0.0,95.0403,46252463.0,0.0,0.0,0.0,0.0,48666161.0,3.9965248,184.0,4604.0,0.0,0.35671702,730.0,204644.0,0.0,0.0,0.0,0.0,0.0,dataset_2024.csv,202403,True,False
2024,3,Ica,Ica,Ica,MOVISTAR,4.343249,13097.0,0.8719617,5036.0,10.411355,182894.0,2.8274016,11018.0,0.0,0.0,0.0,0.0,181.56642,10982.0,74.38166,222111.0,0.0,0.0,5.5844293,15161440.0,0.0,93.39628,253566119.0,0.0,0.0,81.0,0.0,271494885.0,3.2438874,1470.0,45316.0,0.0,0.77406865,7077.0,914260.0,0.0,0.0,0.0,0.0,0.0,dataset_2024.csv,202403,True,False
2024,3,Ica,Ica,La Tinguiña,MOVISTAR,4.6683125,1122.0,0.66782886,583.0,7.6898627,22170.0,2.4172363,1115.0,0.0,0.0,0.0,0.0,153.29652,1505.0,72.31244,24203.0,0.0,0.0,3.8214025,907151.0,0.0,93.90197,22291100.0,0.0,0.0,0.0,0.0,23738692.0,2.6814911,164.0,6116.0,0.0,0.6460156,644.0,99688.0,0.0,0.0,0.0,0.0,0.0,dataset_2024.csv,202403,True,False
2024,3,Ica,Ica,Parcona,MOVISTAR,4.1646748,3776.0,0.7228014,1076.0,9.866154,34007.0,4.4897795,3006.0,0.0,0.0,0.0,0.0,195.103,3006.0,73.88738,41825.0,0.0,0.0,8.6009245,4233657.0,0.0,89.685875,44146328.0,0.0,0.0,0.0,0.0,49223278.0,3.9405684,488.0,12384.0,0.0,0.63327074,1093.0,172596.0,0.0,0.0,0.0,0.0,0.0,dataset_2024.csv,202403,True,False
2024,3,Ica,Ica,Subtanjalla,MOVISTAR,3.6928582,596.0,0.0,0.0,8.008181,10189.0,2.5303242,586.0,0.0,0.0,0.0,0.0,203.83667,690.0,72.811844,17143.0,0.0,0.0,10.596293,2135274.0,0.0,85.18904,17166564.0,0.0,0.0,0.0,0.0,20151141.0,4.548611,131.0,2880.0,0.0,0.6770183,477.0,70456.0,0.0,0.0,0.0,0.0,0.0,dataset_2024.csv,202403,True,False
2024,3,Junin,Chanchamayo,Chanchamayo,MOVISTAR,5.595245,3456.0,0.85137063,1663.0,10.169048,27658.0,2.8744578,2487.0,0.0,0.0,0.0,0.0,159.41219,2593.0,77.6624,35531.0,0.0,0.0,4.5073514,1739485.0,0.0,92.42011,35666932.0,0.0,0.0,0.0,0.0,38592177.0,3.2989311,358.0,10852.0,0.0,0.55034035,802.0,145728.0,0.0,0.0,0.0,0.0,0.0,dataset_2024.csv,202403,True,False
2024,3,Junin,Huancayo,Chilca,MOVISTAR,4.00548,10351.0,0.625569,2259.0,7.7046785,58709.0,2.4397712,5238.0,0.0,0.0,0.0,0.0,239.32129,6967.0,78.03852,65030.0,0.0,0.0,6.673931,6028400.0,0.0,92.34427,83412332.0,0.0,0.0,3132.0,0.0,90327571.0,3.125,895.0,28640.0,0.0,1.1708298,3238.0,276556.0,0.0,0.0,0.0,0.0,0.0,dataset_2024.csv,202403,True,False
2024,3,Junin,Huancayo,El Tambo,MOVISTAR,4.5197535,12884.0,0.8049062,5417.0,10.369786,267015.0,3.2170568,22216.0,0.0,0.0,0.0,0.0,197.31532,11999.0,74.42142,282939.0,0.0,0.0,3.9823248,14847520.0,0.0,94.4379,352097994.0,0.0,0.0,4.0,0.0,372835480.0,4.334211,2173.0,50136.0,0.0,0.62467045,7298.0,1168296.0,0.0,0.0,0.0,0.0,0.0,dataset_2024.csv,202403,True,False
2024,3,Junin,Huancayo,Huancayo,MOVISTAR,4.02569,8645.0,0.68028295,3155.0,9.384906,204162.0,3.0109901,16517.0,0.0,0.0,0.0,0.0,217.1342,10638.0,76.0748,257613.0,0.0,0.0,4.0434437,11493657.0,0.0,94.84883,269611750.0,0.0,0.0,0.0,0.0,284254158.0,4.4251785,1960.0,44292.0,0.0,0.82004154,8771.0,1069580.0,0.0,0.0,0.0,0.0,0.0,dataset_2024.csv,202403,True,False
2024,3,Junin,Huancayo,Pilcomayo,MOVISTAR,3.1594665,1131.0,0.0,0.0,6.7186174,20031.0,3.0076203,1876.0,0.0,0.0,0.0,0.0,246.12459,1172.0,79.562035,22913.0,0.0,0.0,11.875585,4000174.0,0.0,87.62467,29515510.0,0.0,0.0,0.0,0.0,33684018.0,6.744462,341.0,5056.0,0.0,1.2312,1205.0,97872.0,0.0,0.0,0.0,0.0,0.0,dataset_2024.csv,202403,True,False
2024,3,Junin,Huancayo,San Agustin,MOVISTAR,3.0593896,1562.0,0.64887494,1387.0,7.6925697,46109.0,2.95055,2870.0,0.0,0.0,0.0,0.0,184.29099,1349.0,73.648506,55841.0,0.0,0.0,3.5118358,1468981.0,0.0,96.196815,40238584.0,0.0,0.0,0.0,0.0,41829434.0,5.8226495,327.0,5616.0,0.0,0.9509035,2225.0,233988.0,0.0,0.0,0.0,0.0,0.0,dataset_2024.csv,202403,True,False
2024,3,Junin,Junin,Carhuamayo,MOVISTAR,5.986484,1272.0,0.8662648,651.0,12.620958,25681.0,3.37312,1211.0,0.0,0.0,0.0,0.0,163.34537,760.0,73.528435,18340.0,0.0,0.0,4.38314,585995.0,0.0,92.50681,12367510.0,0.0,0.0,0.0,0.0,13369296.0,4.432398,139.0,3136.0,0.0,0.42293233,315.0,74480.0,0.0,0.0,0.0,0.0,0.0,dataset_2024.csv,202403,True,False
2024,3,La Libertad,Trujillo,El Porvenir,MOVISTAR,3.5485113,7861.0,0.8293354,2736.0,7.6998844,45698.0,2.7094038,3776.0,0.0,0.0,0.0,0.0,242.36525,5992.0,79.81635,57617.0,0.0,0.0,8.456327,8646439.0,0.0,90.18322,92210682.0,0.0,0.0,0.0,0.0,102248156.0,5.5576863,1449.0,26072.0,0.0,1.4810253,3656.0,246856.0,0.0,0.0,0.0,0.0,0.0,dataset_2024.csv,202403,True,False
2024,3,La Libertad,Trujillo,La Esperanza,MOVISTAR,3.3056011,8869.0,0.6610567,2804.0,10.08691,71743.0,2.7316773,5902.0,0.0,0.0,0.0,0.0,229.25797,5934.0,77.98498,83864.0,0.0,0.0,7.01889,8591228.0,0.0,91.93118,112525162.0,0.0,0.0,0.0,0.0,122401521.0,5.486747,1391.0,25352.0,0.0,0.86220646,3027.0,351076.0,0.0,0.0,0.0,0.0,0.0,dataset_2024.csv,202403,True,False
2024,3,La Libertad,Trujillo,Moche,MOVISTAR,3.2904792,4471.0,1.1533967,1955.0,9.273114,30219.0,3.426542,1635.0,0.0,0.0,0.0,0.0,256.436,4148.0,75.64248,30553.0,0.0,0.0,5.861098,2495115.0,0.0,92.929054,39560623.0,0.0,0.0,0.0,0.0,42570780.0,3.0830784,524.0,16996.0,0.0,0.6896113,868.0,125868.0,0.0,0.0,0.0,0.0,0.0,dataset_2024.csv,202403,True,False
2024,3,La Libertad,Trujillo,Trujillo,MOVISTAR,3.9858663,34511.0,0.75284195,13205.0,11.567523,385080.0,2.9463036,30795.0,0.0,0.0,0.0,0.0,182.99995,26081.0,75.53773,445241.0,0.0,0.0,5.286515,24274149.0,0.0,94.10298,432093664.0,0.0,0.0,164.0,0.0,459171062.0,3.954058,4262.0,107788.0,0.0,0.65586954,11991.0,1828260.0,0.0,0.0,0.0,0.0,0.0,dataset_2024.csv,202403,True,False
2024,3,La Libertad,Trujillo,Victor Larco Herrera,MOVISTAR,3.9764605,5143.0,0.8367332,2566.0,11.972087,75097.0,3.202093,9047.0,0.0,0.0,0.0,0.0,154.97475,3030.0,75.08555,77573.0,0.0,0.0,2.7285495,2163414.0,0.0,96.44735,76471233.0,0.0,0.0,0.0,0.0,79288060.0,4.585609,571.0,12452.0,0.0,0.5692988,1807.0,317408.0,0.0,0.0,0.0,0.0,0.0,dataset_2024.csv,202403,True,False
2024,3,Lambayeque,Chiclayo,Chiclayo,MOVISTAR,4.586771,15730.0,0.72050375,7829.0,10.836189,156831.0,2.8179893,13626.0,0.0,0.0,0.0,0.0,197.57025,11083.0,77.88221,207492.0,0.0,0.0,4.9520373,11539535.0,0.0,94.02163,219094852.0,0.0,0.0,422.0,0.0,233026009.0,4.589035,2106.0,45892.0,0.0,0.6035182,5149.0,853164.0,0.0,0.0,0.0,0.0,0.0,dataset_2024.csv,202403,True,False
2024,3,Lambayeque,Chiclayo,Jose Leonardo Ortiz,MOVISTAR,4.7420673,4258.0,0.6593593,1432.0,9.816932,52675.0,2.6569405,4091.0,0.0,0.0,0.0,0.0,184.0746,2766.0,77.86277,70852.0,0.0,0.0,6.6275144,5746032.0,0.0,92.10916,79858322.0,0.0,0.0,0.0,0.0,86699654.0,5.0399027,581.0,11528.0,0.0,0.63856214,1861.0,291436.0,0.0,0.0,0.0,0.0,0.0,dataset_2024.csv,202403,True,False
2024,3,Lambayeque,Chiclayo,La Victoria,MOVISTAR,8.111759,3753.0,0.724939,1304.0,9.310879,42403.0,2.6142135,4786.0,0.0,0.0,0.0,0.0,175.38586,2152.0,77.904366,53274.0,0.0,0.0,3.5295632,2536248.0,0.0,96.28697,69189196.0,0.0,0.0,0.0,0.0,71857278.0,3.7930253,335.0,8832.0,0.0,0.71833855,1580.0,219952.0,0.0,0.0,0.0,0.0,0.0,dataset_2024.csv,202403,True,False
2024,3,Lambayeque,Chiclayo,Pimentel,MOVISTAR,4.153238,3969.0,0.77868396,1719.0,11.767594,46212.0,2.412662,4464.0,0.0,0.0,0.0,0.0,159.71799,2871.0,78.36225,49622.0,0.0,0.0,4.0228705,2364199.0,0.0,95.35874,56041341.0,0.0,0.0,0.0,0.0,58768958.0,3.892821,462.0,11868.0,0.0,0.6208569,1270.0,204556.0,0.0,0.0,0.0,0.0,0.0,dataset_2024.csv,202403,True,False
2024,3,Lima,Cañete,Asia,MOVISTAR,4.0064187,5790.0,0.7427355,1440.0,10.986812,42565.0,2.653085,4100.0,0.0,0.0,0.0,0.0,251.69106,7370.0,75.78931,46887.0,0.0,0.0,13.252157,6506318.0,0.0,84.83986,41653228.0,0.0,0.0,254.0,0.0,49096294.0,1.6703713,511.0,30592.0,0.0,0.67262936,1289.0,191636.0,0.0,0.0,0.0,0.0,0.0,dataset_2024.csv,202403,True,False
2024,3,Lima,Cañete,Cerro Azul,MOVISTAR,4.7906265,5252.0,0.9633983,907.0,9.221238,27869.0,3.495709,1713.0,0.0,0.0,0.0,0.0,296.51227,2313.0,78.33263,28872.0,0.0,0.0,9.971326,2410518.0,0.0,89.00297,21516021.0,0.0,0.0,0.0,0.0,24174499.0,2.7231777,266.0,9768.0,0.0,0.77713776,939.0,120828.0,0.0,0.0,0.0,0.0,0.0,dataset_2024.csv,202403,True,False
2024,3,Lima,Cañete,Chilca,MOVISTAR,3.8245633,2288.0,0.98422384,612.0,7.5520782,21902.0,2.7204554,1556.0,0.0,0.0,0.0,0.0,328.909,1517.0,79.40743,28664.0,0.0,0.0,4.787506,1299589.0,0.0,94.187675,25567647.0,0.0,0.0,263.0,0.0,27145427.0,5.5462184,396.0,7140.0,0.0,1.9693978,2394.0,121560.0,0.0,0.0,0.0,0.0,0.0,dataset_2024.csv,202403,True,False
2024,3,Lima,Cañete,Mala,MOVISTAR,3.2646713,5775.0,0.692178,1465.0,8.62092,54250.0,3.744037,5224.0,0.0,0.0,0.0,0.0,287.01523,3073.0,74.795235,60661.0,0.0,0.0,5.8283525,4126070.0,0.0,90.93851,64378166.0,0.0,0.0,0.0,0.0,70793074.0,3.9497442,525.0,13292.0,0.0,0.66269183,1665.0,251248.0,0.0,0.0,0.0,0.0,0.0,dataset_2024.csv,202403,True,False
2024,3,Lima,Huaura,Huaura,MOVISTAR,3.3666968,527.0,0.0,0.0,9.413409,12143.0,2.2656164,624.0,0.0,0.0,0.0,0.0,297.97037,535.0,76.0801,12035.0,0.0,0.0,7.65467,1543164.0,0.0,89.51914,18046856.0,0.0,0.0,0.0,0.0,20159773.0,5.073052,125.0,2464.0,0.0,0.6559356,326.0,49700.0,0.0,0.0,0.0,0.0,0.0,dataset_2024.csv,202403,True,False
2024,3,Lima,Lima,Barranco,MOVISTAR,4.70651,1510.0,0.77371246,418.0,12.484599,41155.0,3.5989397,3324.0,0.0,0.0,0.0,0.0,210.732,1130.0,72.79142,48256.0,0.0,0.0,4.4142637,2242091.0,0.0,91.28653,46366216.0,0.0,0.0,8690.0,0.0,50791958.0,3.2407408,154.0,4752.0,0.0,0.4718141,921.0,195204.0,0.0,0.0,0.0,0.0,0.0,dataset_2024.csv,202403,True,False
2024,3,Lima,Lima,Breña,MOVISTAR,3.3587313,7489.0,0.7482956,2399.0,9.864144,86222.0,2.8206794,6588.0,0.0,0.0,0.0,0.0,245.44417,4185.0,73.68858,118277.0,0.0,0.0,3.8401368,4905959.0,0.0,93.610306,119591654.0,0.0,0.0,5454.0,0.0,127754796.0,4.206384,759.0,18044.0,0.0,0.58786976,2838.0,482760.0,0.0,0.0,0.0,0.0,0.0,dataset_2024.csv,202403,True,False
2024,3,Lima,Lima,Carabayllo,MOVISTAR,4.114501,32314.0,2.0634692,18058.0,10.264239,167924.0,3.342751,14836.0,0.0,0.0,0.0,0.0,294.42236,15849.0,74.32334,174229.0,0.0,0.0,9.843267,22687790.0,0.0,88.01779,202872600.0,0.0,0.0,330.0,0.0,230490439.0,3.7431743,2550.0,68124.0,0.0,0.9234267,6637.0,718736.0,0.0,0.0,0.0,0.0,0.0,dataset_2024.csv,202403,True,False
2024,3,Lima,Lima,Comas,MOVISTAR,3.3368804,37080.0,0.9858107,11081.0,10.677082,242867.0,3.2879817,19582.0,0.0,0.0,0.0,0.0,293.35812,22673.0,74.82299,300438.0,0.0,0.0,9.912392,44360192.0,0.0,87.68402,392405772.0,0.0,0.0,2582.0,0.0,447522573.0,4.3959436,4413.0,100388.0,0.0,0.835911,10399.0,1244032.0,0.0,0.0,0.0,0.0,0.0,dataset_2024.csv,202403,True,False
2024,3,Lima,Lima,El Agustino,MOVISTAR,3.0109334,10618.0,0.773572,2588.0,9.205555,72129.0,3.3869624,6041.0,0.0,0.0,0.0,0.0,311.19427,5856.0,75.113716,86577.0,0.0,0.0,10.943756,15515768.0,0.0,87.04499,123410081.0,0.0,0.0,8337.0,0.0,141777354.0,5.799408,1567.0,27020.0,0.0,0.9018237,3240.0,359272.0,0.0,0.0,0.0,0.0,0.0,dataset_2024.csv,202403,True,False
2024,3,Lima,Lima,Independencia,MOVISTAR,3.0385184,21625.0,0.6979019,5071.0,9.945697,128298.0,3.0849104,9240.0,0.0,0.0,0.0,0.0,250.805,9435.0,74.82447,143487.0,0.0,0.0,8.6866255,16001713.0,0.0,89.26226,164430839.0,0.0,0.0,1438.0,0.0,184210925.0,4.054188,1640.0,40452.0,0.0,0.863461,5112.0,592036.0,0.0,0.0,0.0,0.0,0.0,dataset_2024.csv,202403,True,False
2024,3,Lima,Lima,Los Olivos,MOVISTAR,3.668699,34253.0,0.87798476,8755.0,10.459206,206700.0,3.193739,16042.0,0.0,0.0,0.0,0.0,283.64734,18497.0,74.66016,258113.0,0.0,0.0,9.679775,38206108.0,0.0,88.92051,350969592.0,0.0,0.0,2677.0,0.0,394700368.0,3.919047,3139.0,80096.0,0.0,0.7488848,7951.0,1061712.0,0.0,0.0,0.0,0.0,0.0,dataset_2024.csv,202403,True,False
2024,3,Lima,Lima,Puente Piedra,MOVISTAR,3.5232062,19721.0,0.66842115,5361.0,10.540512,148273.0,3.462062,13290.0,0.0,0.0,0.0,0.0,296.65204,10649.0,73.80385,172349.0,0.0,0.0,8.540232,18720667.0,0.0,90.32451,197996390.0,0.0,0.0,3195.0,0.0,219205609.0,4.930876,2354.0,47740.0,0.0,0.804103,5721.0,711476.0,0.0,0.0,0.0,0.0,0.0,dataset_2024.csv,202403,True,False
2024,3,Lima,Lima,Punta Negra,MOVISTAR,3.46832,2035.0,0.8044849,444.0,12.039446,19804.0,3.7054658,2940.0,0.0,0.0,0.0,0.0,309.5307,2026.0,72.71063,23002.0,0.0,0.0,12.112067,2477759.0,0.0,86.585655,17712780.0,0.0,0.0,49.0,0.0,20456945.0,3.1221924,278.0,8904.0,0.0,0.6311734,593.0,93952.0,0.0,0.0,0.0,0.0,0.0,dataset_2024.csv,202403,True,False
2024,3,Lima,Lima,San Juan De Lurigancho,MOVISTAR,3.4903336,51839.0,0.91771924,12886.0,9.944483,354549.0,3.184036,26171.0,0.0,0.0,0.0,0.0,281.53513,29004.0,73.32071,425990.0,0.0,0.0,8.362554,52215431.0,0.0,89.06235,556101530.0,0.0,0.0,27278.0,0.0,624395773.0,3.9651089,5023.0,126680.0,0.0,0.6728133,11778.0,1750560.0,0.0,0.0,0.0,0.0,0.0,dataset_2024.csv,202403,True,False
2024,3,Lima,Lima,San Luis,MOVISTAR,3.8591726,9771.0,0.64881086,2635.0,9.7918215,66036.0,3.1076734,4872.0,0.0,0.0,0.0,0.0,225.78404,5698.0,74.02299,86346.0,0.0,0.0,4.104651,3907203.0,0.0,95.37636,90788425.0,0.0,0.0,6741.0,0.0,95189652.0,2.8014362,671.0,23952.0,0.0,0.6238824,2205.0,353432.0,0.0,0.0,0.0,0.0,0.0,dataset_2024.csv,202403,True,False
2024,3,Lima,Lima,San Martin De Porres,MOVISTAR,3.6972296,46817.0,0.81074643,11124.0,10.161918,366882.0,3.6697557,30550.0,0.0,0.0,0.0,0.0,270.295,25901.0,74.47512,432745.0,0.0,0.0,9.21287,56616254.0,0.0,89.10395,547574429.0,0.0,0.0,2587.0,0.0,614534410.0,4.2010674,4722.0,112400.0,0.0,0.6742659,12022.0,1782976.0,0.0,0.0,0.0,0.0,0.0,dataset_2024.csv,202403,True,False
2024,3,Piura,Piura,Castilla,MOVISTAR,3.9537425,4569.0,0.750965,2795.0,10.511319,115568.0,2.8891122,8815.0,0.0,0.0,0.0,0.0,173.96996,4094.0,79.90854,134577.0,0.0,0.0,2.5672548,4028036.0,0.0,94.67916,148552087.0,0.0,0.0,0.0,0.0,156900513.0,4.630069,781.0,16868.0,0.0,0.7218968,4008.0,555204.0,0.0,0.0,0.0,0.0,0.0,dataset_2024.csv,202403,True,False
2024,3,Piura,Piura,Catacaos,MOVISTAR,3.3799157,1346.0,0.829662,592.0,8.324294,30155.0,3.403601,2144.0,0.0,0.0,0.0,0.0,181.12143,1857.0,81.89327,39846.0,0.0,0.0,2.575024,1093947.0,0.0,96.803795,41125140.0,0.0,0.0,0.0,0.0,42482984.0,4.7138476,369.0,7828.0,0.0,0.8702742,1441.0,165580.0,0.0,0.0,0.0,0.0,0.0,dataset_2024.csv,202403,True,False
2024,3,Piura,Piura,Piura,MOVISTAR,4.0346713,7965.0,0.7580314,4743.0,10.509497,154446.0,2.5860877,12257.0,0.0,0.0,0.0,0.0,178.82217,7261.0,81.336426,203433.0,0.0,0.0,4.618023,9745072.0,0.0,94.38453,199172695.0,0.0,0.0,0.0,0.0,211022604.0,4.8607426,1466.0,30160.0,0.0,0.7982841,6703.0,839676.0,0.0,0.0,0.0,0.0,0.0,dataset_2024.csv,202403,True,False
2024,3,Piura,Piura,Veintiseis De Octubre,MOVISTAR,3.611248,5011.0,0.8063453,2168.0,9.173491,91938.0,3.095119,7800.0,0.0,0.0,0.0,0.0,191.759,4122.0,82.381,113584.0,0.0,0.0,2.636602,3571526.0,0.0,96.88072,131234079.0,0.0,0.0,0.0,0.0,135459438.0,5.2889094,908.0,17168.0,0.0,0.9567412,4541.0,474632.0,0.0,0.0,0.0,0.0,0.0,dataset_2024.csv,202403,True,False
2024,3,Puno,Puno,Puno,MOVISTAR,3.7164705,16206.0,0.71771175,5215.0,9.994974,233191.0,3.7590575,21238.0,0.0,0.0,0.0,0.0,232.30078,12295.0,85.21369,237386.0,0.0,0.0,4.510421,11917079.0,0.0,93.190186,246219765.0,0.0,0.0,0.0,0.0,264212128.0,6.2297673,3310.0,53132.0,0.0,0.95654696,9427.0,985524.0,0.0,0.0,0.0,0.0,0.0,dataset_2024.csv,202403,True,False
2024,3,Puno,San Roman,Caracoto,MOVISTAR,2.5572395,1287.0,0.8382772,459.0,7.0921454,9834.0,3.9126751,740.0,0.0,0.0,0.0,0.0,280.31042,1110.0,87.59797,10755.0,0.0,0.0,8.200186,970891.0,0.0,90.27685,10688658.0,0.0,0.0,0.0,0.0,11839866.0,8.237105,428.0,5196.0,0.0,1.853042,865.0,46680.0,0.0,0.0,0.0,0.0,0.0,dataset_2024.csv,202403,True,False
2024,3,Puno,San Roman,Juliaca,MOVISTAR,3.8954794,23497.0,0.7692099,8205.0,8.737165,232896.0,3.7324834,19483.0,0.0,0.0,0.0,0.0,277.33902,15901.0,83.66298,245278.0,0.0,0.0,6.4985876,16804836.0,0.0,92.53854,239297397.0,0.0,0.0,0.0,0.0,258592126.0,7.0063252,5051.0,72092.0,0.0,1.3524508,14096.0,1042256.0,0.0,0.0,0.0,0.0,0.0,dataset_2024.csv,202403,True,False
2024,3,Puno,San Roman,San Miguel,MOVISTAR,3.390478,3782.0,1.0403807,1399.0,8.658104,39547.0,3.348882,3930.0,0.0,0.0,0.0,0.0,305.1329,2223.0,85.19307,32544.0,0.0,0.0,7.505555,3037986.0,0.0,91.2976,36954072.0,0.0,0.0,0.0,0.0,40476499.0,6.190758,627.0,10128.0,0.0,1.629269,2309.0,141720.0,0.0,0.0,0.0,0.0,0.0,dataset_2024.csv,202403,True,False
2024,3,San Martin,Moyobamba,Moyobamba,MOVISTAR,2.9899113,949.0,0.0,0.0,11.824409,42539.0,3.1615548,3543.0,0.0,0.0,0.0,0.0,352.09244,1156.0,95.21469,49493.0,0.0,0.0,2.1832063,1342019.0,0.0,96.28519,59186593.0,0.0,0.0,0.0,0.0,61470092.0,6.752468,383.0,5672.0,0.0,0.5904059,1216.0,205960.0,0.0,0.0,0.0,0.0,0.0,dataset_2024.csv,202403,True,False
2024,3,Tacna,Candarave,Camilaca,MOVISTAR,5.0233755,1354.0,0.9948715,521.0,9.517749,5934.0,5.3184233,1659.0,0.0,0.0,0.0,0.0,0.0,0.0,101.60077,1209.0,0.0,0.0,15.123021,596654.0,0.0,75.96998,2997271.0,0.0,0.0,0.0,0.0,3945336.0,0.625,0.0,0.0,0.0,1.2177651,68.0,5584.0,0.0,0.0,0.0,0.0,0.0,dataset_2024.csv,202403,True,False
2024,3,Tumbes,Contralmirante Villar,Canoas De Punta Sal,MOVISTAR,6.187378,1124.0,0.0,0.0,9.941879,14262.0,1.89477,665.0,0.0,0.0,0.0,0.0,168.36307,1134.0,80.176636,14790.0,0.0,0.0,4.929175,700994.0,0.0,94.42822,13428944.0,0.0,0.0,0.0,0.0,14221325.0,4.1984735,198.0,4716.0,0.0,0.4622522,277.0,59924.0,0.0,0.0,0.0,0.0,0.0,dataset_2024.csv,202403,True,False
2024,3,Tumbes,Tumbes,Tumbes,MOVISTAR,4.477709,3252.0,0.9015805,1599.0,10.870635,57226.0,3.2920074,5561.0,0.0,0.0,0.0,0.0,186.75847,2109.0,82.5864,63211.0,0.0,0.0,2.3081243,1767724.0,0.0,96.26981,73730197.0,0.0,0.0,0.0,0.0,76587037.0,4.147359,358.0,8632.0,0.0,0.5038994,1300.0,257988.0,0.0,0.0,0.0,0.0,0.0,dataset_2024.csv,202403,True,False
2024,4,Arequipa,Arequipa,Alto Selva Alegre,MOVISTAR,3.8676589,2788.0,0.71044767,904.0,9.047756,43234.0,3.1569822,3295.0,0.0,0.0,0.0,0.0,224.72408,2357.0,79.69606,56321.0,0.0,0.0,5.3262362,3378002.0,0.0,93.94653,59582705.0,0.0,0.0,177.0,0.0,63421931.0,4.682571,475.0,10144.0,0.0,0.7362802,1713.0,232656.0,0.0,0.0,0.0,0.0,0.0,dataset_2024.csv,202404,True,False
2024,4,Arequipa,Arequipa,Cayma,MOVISTAR,3.5469823,4811.0,0.6426779,1381.0,9.204122,61409.0,2.5223463,4305.0,0.0,0.0,0.0,0.0,208.09766,3743.0,80.05993,79703.0,0.0,0.0,3.1747825,2918137.0,0.0,96.05736,88292198.0,0.0,0.0,0.0,0.0,91916123.0,4.3902745,697.0,15876.0,0.0,0.85412216,2813.0,329344.0,0.0,0.0,0.0,0.0,0.0,dataset_2024.csv,202404,True,False
2024,4,Arequipa,Arequipa,Jacobo Hunter,MOVISTAR,3.8060553,2006.0,0.6666057,745.0,8.899807,28435.0,2.676591,1702.0,0.0,0.0,0.0,0.0,234.0379,1662.0,80.36802,36711.0,0.0,0.0,3.4587672,1890862.0,0.0,95.11841,51999971.0,0.0,0.0,0.0,0.0,54668671.0,3.1936417,221.0,6920.0,0.0,0.85353655,1297.0,151956.0,0.0,0.0,0.0,0.0,0.0,dataset_2024.csv,202404,True,False
2024,4,Arequipa,Arequipa,Jose Luis Bustamante Y Rivero,MOVISTAR,4.1302724,4037.0,0.702097,1376.0,9.561684,78729.0,3.365336,6786.0,0.0,0.0,0.0,0.0,213.92493,4021.0,80.55142,119263.0,0.0,0.0,2.9880686,3841892.0,0.0,96.64806,124264689.0,0.0,0.0,61.0,0.0,128574426.0,4.748377,819.0,17248.0,0.0,0.9540997,4721.0,494812.0,0.0,0.0,0.0,0.0,0.0,dataset_2024.csv,202404,True,False
2024,4,Arequipa,Arequipa,Mariano Melgar,MOVISTAR,4.7632155,3467.0,0.62921375,1248.0,9.776208,38844.0,2.525445,2218.0,0.0,0.0,0.0,0.0,241.59,3611.0,79.943825,47362.0,0.0,0.0,5.0167775,2544684.0,0.0,94.844284,48108320.0,0.0,0.0,0.0,0.0,50723479.0,2.467462,364.0,14752.0,0.0,0.9284475,1841.0,198288.0,0.0,0.0,0.0,0.0,0.0,dataset_2024.csv,202404,True,False
2024,4,Arequipa,Arequipa,Miraflores,MOVISTAR,4.338419,2376.0,0.69558734,779.0,9.688642,52131.0,2.9457319,4065.0,0.0,0.0,0.0,0.0,185.41359,2206.0,79.762695,68975.0,0.0,0.0,1.9986411,1325130.0,0.0,97.79372,64838749.0,0.0,0.0,440.0,0.0,66301548.0,3.833623,353.0,9208.0,0.0,0.82780993,2353.0,284244.0,0.0,0.0,0.0,0.0,0.0,dataset_2024.csv,202404,True,False
2024,4,Arequipa,Arequipa,Paucarpata,MOVISTAR,3.8658972,7215.0,0.6851081,2315.0,9.024909,70600.0,2.6103523,5107.0,0.0,0.0,0.0,0.0,203.86615,4924.0,79.84955,93504.0,0.0,0.0,3.9884071,4430511.0,0.0,95.63252,106233126.0,0.0,0.0,0.0,0.0,111084725.0,4.1504664,854.0,20576.0,0.0,0.8785242,3404.0,387468.0,0.0,0.0,0.0,0.0,0.0,dataset_2024.csv,202404,True,False
2024,4,Arequipa,Arequipa,Sachaca,MOVISTAR,4.0117702,1249.0,0.6662176,455.0,11.179199,19817.0,3.795246,1696.0,0.0,0.0,0.0,0.0,207.72842,930.0,78.97671,21291.0,0.0,0.0,4.248888,724384.0,0.0,95.42328,16268514.0,0.0,0.0,0.0,0.0,17048790.0,4.309476,171.0,3968.0,0.0,0.750669,662.0,88188.0,0.0,0.0,0.0,0.0,0.0,dataset_2024.csv,202404,True,False
2024,4,Arequipa,Arequipa,Socabaya,MOVISTAR,3.7658448,2189.0,0.7154298,710.0,13.992562,32134.0,3.5556948,1779.0,0.0,0.0,0.0,0.0,206.96059,1388.0,80.19046,40869.0,0.0,0.0,3.425008,1732751.0,0.0,96.10612,48621192.0,0.0,0.0,0.0,0.0,50591151.0,6.5061474,381.0,5856.0,0.0,0.9850999,1674.0,169932.0,0.0,0.0,0.0,0.0,0.0,dataset_2024.csv,202404,True,False
2024,4,Arequipa,Arequipa,Tiabaya,MOVISTAR,4.6035643,3011.0,0.74311626,1157.0,9.935673,13576.0,3.267106,1002.0,0.0,0.0,0.0,0.0,180.65504,2048.0,82.03048,14738.0,0.0,0.0,10.29879,1828254.0,0.0,88.99055,15797712.0,0.0,0.0,0.0,0.0,17752124.0,2.9761906,250.0,8400.0,0.0,0.9307472,572.0,61456.0,0.0,0.0,0.0,0.0,0.0,dataset_2024.csv,202404,True,False
2024,4,Arequipa,Arequipa,Yanahuara,MOVISTAR,3.6967404,1016.0,0.0,0.0,12.498573,23127.0,3.6058707,1823.0,0.0,0.0,0.0,0.0,201.82735,939.0,77.454666,37042.0,0.0,0.0,1.5421315,556310.0,0.0,98.231384,35436084.0,0.0,0.0,0.0,0.0,36074095.0,4.8219585,195.0,4044.0,0.0,0.6920848,1051.0,151860.0,0.0,0.0,0.0,0.0,0.0,dataset_2024.csv,202404,True,False
2024,4,Ayacucho,Huamanga,Carmen Alto,MOVISTAR,2.7196112,2420.0,0.506918,721.0,6.993192,10712.0,0.0,0.0,0.0,0.0,0.0,0.0,246.12758,1505.0,78.358284,9130.0,0.0,0.0,7.455033,1275499.0,0.0,90.61891,15504202.0,0.0,0.0,0.0,0.0,17109234.0,4.2848334,278.0,6488.0,0.0,1.3718095,531.0,38708.0,0.0,0.0,0.0,0.0,0.0,dataset_2024.csv,202404,True,False
2024,4,Cajamarca,Celendin,Celendin,MOVISTAR,5.9020715,4983.0,0.7242626,409.0,8.849714,6705.0,3.7606788,443.0,0.0,0.0,0.0,0.0,265.98486,1388.0,80.08162,11643.0,0.0,0.0,8.014423,956506.0,0.0,90.59862,10812771.0,0.0,0.0,0.0,0.0,11934808.0,4.0487976,229.0,5656.0,0.0,0.37655672,179.0,47536.0,0.0,0.0,0.0,0.0,0.0,dataset_2024.csv,202404,True,False
2024,4,Cajamarca,Santa Cruz,Santa Cruz,MOVISTAR,3.5203595,1879.0,0.7318178,705.0,8.222446,21501.0,3.1400368,1201.0,0.0,0.0,0.0,0.0,248.99258,2009.0,85.048355,27882.0,0.0,0.0,9.23284,1820718.0,0.0,89.38497,17626736.0,0.0,0.0,0.0,0.0,19720022.0,6.2163377,554.0,8912.0,0.0,0.77009314,893.0,115960.0,0.0,0.0,0.0,0.0,0.0,dataset_2024.csv,202404,True,False
2024,4,Callao,Callao,Mi Peru,MOVISTAR,3.2527184,7801.0,1.8859512,2234.0,6.0912905,15909.0,2.7056262,1298.0,0.0,0.0,0.0,0.0,310.7352,3034.0,77.0688,31715.0,0.0,0.0,7.367872,2868615.0,0.0,90.06151,35064642.0,0.0,0.0,0.0,0.0,38934104.0,4.5467668,630.0,13856.0,0.0,1.2072059,1615.0,133780.0,0.0,0.0,0.0,0.0,0.0,dataset_2024.csv,202404,True,False
2024,4,Cusco,Acomayo,Pomacanchi,MOVISTAR,0.0,0.0,0.0,0.0,9.078278,1433.0,0.0,0.0,0.0,0.0,0.0,0.0,0.0,0.0,81.35717,4080.0,0.0,0.0,4.1963525,123759.0,0.0,91.75218,2705959.0,0.0,0.0,0.0,0.0,2949204.0,2.607362,0.0,0.0,0.0,0.91258407,152.0,16656.0,0.0,0.0,0.0,0.0,0.0,dataset_2024.csv,202404,False,True
2024,4,Cusco,Cusco,Cusco,MOVISTAR,3.7678077,7097.0,0.7205268,2594.0,8.530298,75245.0,2.8163486,7565.0,0.0,0.0,0.0,0.0,254.46751,5590.0,86.93135,98335.0,0.0,0.0,7.9425673,9946421.0,0.0,89.9277,112615824.0,0.0,0.0,0.0,0.0,125229297.0,7.343499,1830.0,24920.0,0.0,2.1882231,9381.0,428704.0,0.0,0.0,0.0,0.0,0.0,dataset_2024.csv,202404,True,False
2024,4,Cusco,Cusco,San Jeronimo,MOVISTAR,3.2426941,3991.0,0.6825168,912.0,8.44368,48878.0,3.3424733,3267.0,0.0,0.0,0.0,0.0,248.79082,3246.0,84.879456,59276.0,0.0,0.0,5.48571,3493541.0,0.0,92.76235,59075133.0,0.0,0.0,0.0,0.0,63684387.0,6.159932,872.0,14156.0,0.0,1.1409822,2841.0,248996.0,0.0,0.0,0.0,0.0,0.0,dataset_2024.csv,202404,True,False
2024,4,Cusco,Cusco,San Sebastian,MOVISTAR,3.9612615,7053.0,1.0771482,2273.0,8.1304,46651.0,3.8009477,5957.0,0.0,0.0,0.0,0.0,259.11658,5462.0,89.39551,69747.0,0.0,0.0,8.905888,9188039.0,0.0,89.37919,92210851.0,0.0,0.0,0.0,0.0,103168142.0,6.7038403,1599.0,23852.0,0.0,1.8890383,5729.0,303276.0,0.0,0.0,0.0,0.0,0.0,dataset_2024.csv,202404,True,False
2024,4,Cusco,Cusco,Santiago,MOVISTAR,3.78724,4480.0,0.6596937,1497.0,8.837194,55234.0,2.8849168,3514.0,0.0,0.0,0.0,0.0,234.08159,3535.0,86.10646,64463.0,0.0,0.0,6.1321955,4803979.0,0.0,90.48116,70883192.0,0.0,0.0,0.0,0.0,78340277.0,5.622102,873.0,15528.0,0.0,1.4131819,3862.0,273284.0,0.0,0.0,0.0,0.0,0.0,dataset_2024.csv,202404,True,False
2024,4,Cusco,Cusco,Wanchaq,MOVISTAR,3.4737747,5749.0,0.7321417,2246.0,7.8363786,66071.0,2.59596,4834.0,0.0,0.0,0.0,0.0,242.54953,4414.0,87.07143,107750.0,0.0,0.0,5.5636168,6148905.0,0.0,93.47197,103305151.0,0.0,0.0,0.0,0.0,110519922.0,6.579218,1279.0,19440.0,0.0,1.657814,7653.0,461632.0,0.0,0.0,0.0,0.0,0.0,dataset_2024.csv,202404,True,False
2024,4,Cusco,La Convencion,Echarate,MOVISTAR,3.6441512,672.0,0.0,0.0,6.567844,13485.0,2.5307996,1083.0,0.0,0.0,0.0,0.0,330.59506,934.0,89.56799,13036.0,0.0,0.0,4.2214603,1207837.0,0.0,57.01891,16314153.0,0.0,0.0,0.0,0.0,28611830.0,5.638397,242.0,4292.0,0.0,1.4350247,845.0,58884.0,0.0,0.0,0.0,0.0,0.0,dataset_2024.csv,202404,True,False
2024,4,Huancavelica,Tayacaja,Pampas,MOVISTAR,4.316754,827.0,0.0,0.0,9.527687,5934.0,2.953472,440.0,0.0,0.0,0.0,0.0,224.03822,906.0,74.749214,9556.0,0.0,0.0,8.475899,638407.0,0.0,90.41888,6810374.0,0.0,0.0,0.0,0.0,7532027.0,5.5755396,217.0,3892.0,0.0,1.0120846,402.0,39720.0,0.0,0.0,0.0,0.0,0.0,dataset_2024.csv,202404,True,False
2024,4,Ica,Chincha,Alto Laran,MOVISTAR,4.8015885,2614.0,0.576288,737.0,10.250779,16837.0,1.8358907,583.0,0.0,0.0,0.0,0.0,176.6245,2222.0,75.54722,20388.0,0.0,0.0,9.617219,1592832.0,0.0,86.44718,14317636.0,0.0,0.0,277.0,0.0,16562293.0,2.8433945,260.0,9144.0,0.0,0.651778,544.0,83464.0,0.0,0.0,0.0,0.0,0.0,dataset_2024.csv,202404,True,False
2024,4,Ica,Chincha,Chincha Alta,MOVISTAR,4.1057854,4602.0,0.7296934,1962.0,11.179429,112558.0,3.3150558,5707.0,0.0,0.0,0.0,0.0,218.59859,4710.0,73.371666,130554.0,0.0,0.0,3.6043108,4782150.0,0.0,95.922745,127268976.0,0.0,0.0,70.0,0.0,132678623.0,3.4189806,660.0,19304.0,0.0,0.5581594,2982.0,534256.0,0.0,0.0,0.0,0.0,0.0,dataset_2024.csv,202404,True,False
2024,4,Ica,Chincha,Chincha Baja,MOVISTAR,3.2986991,1336.0,0.7295537,548.0,8.545991,8814.0,2.3443055,748.0,0.0,0.0,0.0,0.0,227.02074,977.0,79.05907,14087.0,0.0,0.0,8.530549,1068165.0,0.0,89.189316,11167969.0,0.0,0.0,0.0,0.0,12521644.0,6.182532,252.0,4076.0,0.0,1.2074155,706.0,58472.0,0.0,0.0,0.0,0.0,0.0,dataset_2024.csv,202404,True,False
2024,4,Ica,Chincha,El Carmen,MOVISTAR,3.6497736,1376.0,0.7995262,727.0,11.809213,16882.0,3.2737365,774.0,0.0,0.0,0.0,0.0,191.0508,1049.0,72.51989,16226.0,0.0,0.0,13.452399,2084929.0,0.0,84.94571,13165367.0,0.0,0.0,0.0,0.0,15498566.0,5.553037,245.0,4412.0,0.0,0.57664365,381.0,66072.0,0.0,0.0,0.0,0.0,0.0,dataset_2024.csv,202404,True,False
2024,4,Ica,Chincha,Pueblo Nuevo,MOVISTAR,4.103111,2275.0,0.7839194,740.0,10.275131,60452.0,3.095842,6516.0,0.0,0.0,0.0,0.0,163.74803,2472.0,73.0272,62068.0,0.0,0.0,4.2915645,2933521.0,0.0,95.09682,65003920.0,0.0,0.0,0.0,0.0,68355515.0,3.184904,319.0,10016.0,0.0,0.5304141,1346.0,253764.0,0.0,0.0,0.0,0.0,0.0,dataset_2024.csv,202404,True,False
2024,4,Ica,Chincha,Sunampe,MOVISTAR,3.8566873,949.0,0.74279326,550.0,12.129997,55462.0,3.1800182,3064.0,0.0,0.0,0.0,0.0,174.83037,958.0,73.36684,53835.0,0.0,0.0,2.6066287,1294787.0,0.0,97.05279,48208893.0,0.0,0.0,0.0,0.0,49672859.0,3.8854806,152.0,3912.0,0.0,0.74068964,1611.0,217500.0,0.0,0.0,0.0,0.0,0.0,dataset_2024.csv,202404,True,False
2024,4,Ica,Ica,Ica,MOVISTAR,4.279716,11638.0,0.7855214,4543.0,10.257892,193061.0,2.7512589,15223.0,0.0,0.0,0.0,0.0,175.92108,10047.0,73.74232,234657.0,0.0,0.0,4.627547,12786984.0,0.0,94.13022,260103603.0,0.0,0.0,16.0,0.0,276323161.0,3.8893754,1599.0,41112.0,0.0,0.7088498,6833.0,963956.0,0.0,0.0,0.0,0.0,0.0,dataset_2024.csv,202404,True,False
2024,4,Ica,Ica,La Tinguiña,MOVISTAR,4.0814576,877.0,0.69175065,492.0,8.558565,22195.0,2.702883,1737.0,0.0,0.0,0.0,0.0,140.049,992.0,72.01066,26655.0,0.0,0.0,2.408407,646589.0,0.0,94.95999,25494067.0,0.0,0.0,0.0,0.0,26847166.0,2.785996,113.0,4056.0,0.0,0.5063361,553.0,109216.0,0.0,0.0,0.0,0.0,0.0,dataset_2024.csv,202404,True,False
2024,4,Ica,Ica,Parcona,MOVISTAR,5.1978383,3009.0,0.7496447,744.0,9.057882,30978.0,4.4468346,2663.0,0.0,0.0,0.0,0.0,187.4588,2712.0,74.111275,34445.0,0.0,0.0,6.797059,2640192.0,0.0,91.877975,35688301.0,0.0,0.0,0.0,0.0,38843152.0,2.9927666,331.0,11060.0,0.0,0.66065055,940.0,142284.0,0.0,0.0,0.0,0.0,0.0,dataset_2024.csv,202404,True,False
2024,4,Ica,Ica,Subtanjalla,MOVISTAR,4.4469213,739.0,0.0,0.0,7.1790037,11277.0,2.449614,600.0,0.0,0.0,0.0,0.0,199.36981,606.0,73.5889,15474.0,0.0,0.0,13.259223,3137752.0,0.0,85.21651,20166210.0,0.0,0.0,0.0,0.0,23664675.0,4.153605,106.0,2552.0,0.0,0.74132,474.0,63940.0,0.0,0.0,0.0,0.0,0.0,dataset_2024.csv,202404,True,False
2024,4,Junin,Chanchamayo,Chanchamayo,MOVISTAR,4.364335,1737.0,0.7870922,707.0,9.281323,22425.0,1.9463536,1232.0,0.0,0.0,0.0,0.0,192.36258,1421.0,76.91579,28261.0,0.0,0.0,5.0214543,1455228.0,0.0,92.31143,26752047.0,0.0,0.0,0.0,0.0,28980210.0,4.701686,290.0,6168.0,0.0,0.5410544,626.0,115700.0,0.0,0.0,0.0,0.0,0.0,dataset_2024.csv,202404,True,False
2024,4,Junin,Huancayo,Chilca,MOVISTAR,4.73252,15160.0,0.7077642,3894.0,8.43035,58928.0,2.9773226,3688.0,0.0,0.0,0.0,0.0,228.63815,8136.0,77.739555,68438.0,0.0,0.0,7.3136554,6557901.0,0.0,91.51131,82055014.0,0.0,0.0,0.0,0.0,89666532.0,2.623828,873.0,33272.0,0.0,1.1941702,3479.0,291332.0,0.0,0.0,0.0,0.0,0.0,dataset_2024.csv,202404,True,False
2024,4,Junin,Huancayo,El Tambo,MOVISTAR,4.5935726,13208.0,0.7794462,5051.0,10.2188225,246669.0,3.1909466,18653.0,0.0,0.0,0.0,0.0,204.15268,12116.0,74.35803,273200.0,0.0,0.0,3.9046865,13732849.0,0.0,94.93646,333893168.0,0.0,0.0,0.0,0.0,351701704.0,4.3102083,2177.0,50508.0,0.0,0.62944216,7092.0,1126712.0,0.0,0.0,0.0,0.0,0.0,dataset_2024.csv,202404,True,False
2024,4,Junin,Huancayo,Huancayo,MOVISTAR,4.34684,10927.0,0.74092436,3310.0,8.831644,186162.0,2.5926337,13583.0,0.0,0.0,0.0,0.0,214.77896,11944.0,75.31531,262833.0,0.0,0.0,4.346184,11874235.0,0.0,94.47981,258128884.0,0.0,0.0,0.0,0.0,273210618.0,4.2482347,2118.0,49856.0,0.0,0.7360581,8019.0,1089452.0,0.0,0.0,0.0,0.0,0.0,dataset_2024.csv,202404,True,False
2024,4,Junin,Huancayo,Pilcomayo,MOVISTAR,3.7974718,1219.0,0.8168062,419.0,6.6549296,17478.0,2.4867165,915.0,0.0,0.0,0.0,0.0,251.08533,1212.0,77.331825,20568.0,0.0,0.0,11.8685055,3685264.0,0.0,87.6112,27203962.0,0.0,0.0,0.0,0.0,31050783.0,6.090487,315.0,5172.0,0.0,1.0422891,907.0,87020.0,0.0,0.0,0.0,0.0,0.0,dataset_2024.csv,202404,True,False
2024,4,Junin,Huancayo,San Agustin,MOVISTAR,3.4571297,3087.0,0.8089976,1761.0,8.196996,43604.0,3.4060142,3031.0,0.0,0.0,0.0,0.0,250.76408,2484.0,72.52831,57521.0,0.0,0.0,4.3881516,1951545.0,0.0,94.65987,42098130.0,0.0,0.0,0.0,0.0,44473051.0,3.9032006,400.0,10248.0,0.0,0.85337144,2030.0,237880.0,0.0,0.0,0.0,0.0,0.0,dataset_2024.csv,202404,True,False
2024,4,Junin,Junin,Carhuamayo,MOVISTAR,6.1759405,1615.0,1.259272,606.0,12.716739,22768.0,4.0784197,2512.0,0.0,0.0,0.0,0.0,148.83023,1160.0,68.75001,15711.0,0.0,0.0,7.109314,893939.0,0.0,91.842155,11548412.0,0.0,0.0,0.0,0.0,12574195.0,2.6823134,128.0,4772.0,0.0,0.29454157,188.0,63828.0,0.0,0.0,0.0,0.0,0.0,dataset_2024.csv,202404,True,False
2024,4,La Libertad,Trujillo,El Porvenir,MOVISTAR,4.0643606,6999.0,0.5858354,2197.0,8.751231,45768.0,2.7031293,3618.0,0.0,0.0,0.0,0.0,242.57959,4156.0,78.34998,61031.0,0.0,0.0,9.53082,9525078.0,0.0,89.460106,89406211.0,0.0,0.0,0.0,0.0,99939757.0,5.5358334,998.0,18028.0,0.0,0.99412155,2557.0,257212.0,0.0,0.0,0.0,0.0,0.0,dataset_2024.csv,202404,True,False
2024,4,La Libertad,Trujillo,La Esperanza,MOVISTAR,4.452363,5753.0,0.63143003,2004.0,10.733224,64311.0,2.707784,5399.0,0.0,0.0,0.0,0.0,205.32744,4424.0,77.088264,77697.0,0.0,0.0,5.8865447,6529587.0,0.0,93.347084,103544259.0,0.0,0.0,0.0,0.0,110923939.0,4.7854075,892.0,18640.0,0.0,0.8151806,2648.0,324836.0,0.0,0.0,0.0,0.0,0.0,dataset_2024.csv,202404,True,False
2024,4,La Libertad,Trujillo,Moche,MOVISTAR,4.3000803,2513.0,0.71402544,720.0,10.116767,24144.0,2.5386636,1516.0,0.0,0.0,0.0,0.0,229.55185,2141.0,76.0414,29901.0,0.0,0.0,5.442783,2173400.0,0.0,93.70614,37418529.0,0.0,0.0,0.0,0.0,39931779.0,2.7586997,241.0,8736.0,0.0,0.8326557,1024.0,122980.0,0.0,0.0,0.0,0.0,0.0,dataset_2024.csv,202404,True,False
2024,4,La Libertad,Trujillo,Trujillo,MOVISTAR,4.5766783,29921.0,0.67148256,9879.0,11.236689,364222.0,2.708442,28733.0,0.0,0.0,0.0,0.0,181.30255,24667.0,75.54218,432643.0,0.0,0.0,4.995638,21588790.0,0.0,94.526535,408499083.0,0.0,0.0,200.0,0.0,432152803.0,3.986652,4038.0,101288.0,0.0,0.56847155,10077.0,1772648.0,0.0,0.0,0.0,0.0,0.0,dataset_2024.csv,202404,True,False
2024,4,La Libertad,Trujillo,Victor Larco Herrera,MOVISTAR,4.07181,4165.0,0.8476273,2169.0,11.055723,60040.0,2.8912094,6541.0,0.0,0.0,0.0,0.0,146.09552,3303.0,74.86815,72893.0,0.0,0.0,3.3519437,2525393.0,0.0,95.918594,72266174.0,0.0,0.0,23.0,0.0,75341153.0,3.7009733,502.0,13564.0,0.0,0.5249846,1565.0,298104.0,0.0,0.0,0.0,0.0,0.0,dataset_2024.csv,202404,True,False
2024,4,Lambayeque,Chiclayo,Chiclayo,MOVISTAR,4.482381,14395.0,0.7061715,6009.0,10.320843,175216.0,2.6113527,14985.0,0.0,0.0,0.0,0.0,191.82622,10448.0,78.13949,234391.0,0.0,0.0,4.4229774,11198024.0,0.0,94.83797,240109251.0,0.0,0.0,347.0,0.0,253178412.0,4.725023,2062.0,43640.0,0.0,0.63350165,6127.0,967164.0,0.0,0.0,0.0,0.0,0.0,dataset_2024.csv,202404,True,False
2024,4,Lambayeque,Chiclayo,Jose Leonardo Ortiz,MOVISTAR,4.702106,4871.0,0.7237842,1452.0,9.846262,55569.0,2.580265,3644.0,0.0,0.0,0.0,0.0,184.11887,2892.0,78.749886,68823.0,0.0,0.0,5.819588,5261446.0,0.0,93.45645,84493279.0,0.0,0.0,1.0,0.0,90409252.0,4.528146,547.0,12080.0,0.0,0.6623029,1882.0,284160.0,0.0,0.0,0.0,0.0,0.0,dataset_2024.csv,202404,True,False
2024,4,Lambayeque,Chiclayo,La Victoria,MOVISTAR,4.5067177,1563.0,0.8018287,725.0,9.732799,36430.0,2.4158847,2831.0,0.0,0.0,0.0,0.0,161.41347,1660.0,77.75193,51594.0,0.0,0.0,4.035018,2681547.0,0.0,95.68522,63589408.0,0.0,0.0,0.0,0.0,66456879.0,3.9167151,269.0,6868.0,0.0,0.48642728,1030.0,211748.0,0.0,0.0,0.0,0.0,0.0,dataset_2024.csv,202404,True,False
2024,4,Lambayeque,Chiclayo,Pimentel,MOVISTAR,4.23746,3268.0,0.81712246,1380.0,10.524955,40926.0,2.4093308,3230.0,0.0,0.0,0.0,0.0,165.67307,2671.0,77.40871,47673.0,0.0,0.0,3.4372573,2266860.0,0.0,96.10022,63377783.0,0.0,0.0,0.0,0.0,65949673.0,3.8327844,419.0,10932.0,0.0,0.5945224,1167.0,196292.0,0.0,0.0,0.0,0.0,0.0,dataset_2024.csv,202404,True,False
2024,4,Lima,Cañete,Asia,MOVISTAR,4.1220083,4670.0,0.6774851,1033.0,10.756499,29581.0,2.7091753,2938.0,0.0,0.0,0.0,0.0,250.89531,3982.0,74.531166,30032.0,0.0,0.0,16.174976,5471351.0,0.0,81.141556,27446961.0,0.0,0.0,1950.0,0.0,33826023.0,1.8635044,308.0,16528.0,0.0,0.5935789,724.0,121972.0,0.0,0.0,0.0,0.0,0.0,dataset_2024.csv,202404,True,False
2024,4,Lima,Cañete,Cerro Azul,MOVISTAR,4.941476,4505.0,0.91687506,717.0,9.071101,24902.0,4.275549,3134.0,0.0,0.0,0.0,0.0,236.5592,1146.0,76.64663,18217.0,0.0,0.0,6.4419994,1275425.0,0.0,92.54273,18322155.0,0.0,0.0,0.0,0.0,19798589.0,2.587646,124.0,4792.0,0.0,0.6421729,488.0,75992.0,0.0,0.0,0.0,0.0,0.0,dataset_2024.csv,202404,True,False
2024,4,Lima,Cañete,Chilca,MOVISTAR,3.6485088,2442.0,0.7476004,663.0,8.650987,27537.0,3.0132775,2398.0,0.0,0.0,0.0,0.0,275.10373,1606.0,76.81505,31885.0,0.0,0.0,4.5001383,1129314.0,0.0,89.09253,22357855.0,0.0,0.0,11.0,0.0,25095096.0,4.361111,314.0,7200.0,0.0,0.772262,1023.0,132468.0,0.0,0.0,0.0,0.0,0.0,dataset_2024.csv,202404,True,False
2024,4,Lima,Cañete,Mala,MOVISTAR,3.7401257,6558.0,0.8760659,1577.0,8.805871,57304.0,3.9084074,7133.0,0.0,0.0,0.0,0.0,270.45764,4049.0,74.80379,58325.0,0.0,0.0,6.3794284,4904716.0,0.0,91.0074,69969501.0,0.0,0.0,2.0,0.0,76883312.0,3.0501976,525.0,17212.0,0.0,0.63259065,1523.0,240756.0,0.0,0.0,0.0,0.0,0.0,dataset_2024.csv,202404,True,False
2024,4,Lima,Huaura,Huaura,MOVISTAR,2.8901768,868.0,0.0,0.0,9.961835,12202.0,2.2121706,719.0,0.0,0.0,0.0,0.0,274.05823,738.0,77.077446,12877.0,0.0,0.0,8.499337,1646097.0,0.0,89.12143,17260467.0,0.0,0.0,0.0,0.0,19367358.0,4.67233,154.0,3296.0,0.0,0.58883286,313.0,53156.0,0.0,0.0,0.0,0.0,0.0,dataset_2024.csv,202404,True,False
2024,4,Lima,Lima,Barranco,MOVISTAR,4.8423486,1563.0,0.9394677,534.0,11.394183,45828.0,3.3635461,3155.0,0.0,0.0,0.0,0.0,212.38124,1230.0,72.53788,51081.0,0.0,0.0,3.2016494,1659383.0,0.0,92.139,47754726.0,0.0,0.0,4642.0,0.0,51829002.0,4.0285273,209.0,5188.0,0.0,0.5357523,1108.0,206812.0,0.0,0.0,0.0,0.0,0.0,dataset_2024.csv,202404,True,False
2024,4,Lima,Lima,Breña,MOVISTAR,3.4645524,8528.0,0.8329401,2229.0,9.437405,106184.0,3.0362532,8576.0,0.0,0.0,0.0,0.0,257.5951,4924.0,73.77207,131894.0,0.0,0.0,4.292899,5867647.0,0.0,92.6292,126608034.0,0.0,0.0,2090.0,0.0,136682627.0,4.210968,903.0,21444.0,0.0,0.5547016,2988.0,538668.0,0.0,0.0,0.0,0.0,0.0,dataset_2024.csv,202404,True,False
2024,4,Lima,Lima,Carabayllo,MOVISTAR,5.547653,29235.0,1.9173082,13372.0,10.499184,146821.0,4.000527,13473.0,0.0,0.0,0.0,0.0,278.35403,10427.0,73.65823,154017.0,0.0,0.0,9.070953,19039703.0,0.0,88.8217,186434511.0,0.0,0.0,2495.0,0.0,209897479.0,3.798318,1698.0,44704.0,0.0,0.6734787,4242.0,629864.0,0.0,0.0,0.0,0.0,0.0,dataset_2024.csv,202404,True,False
2024,4,Lima,Lima,Comas,MOVISTAR,3.2716396,31254.0,0.99557674,9572.0,10.639719,239678.0,3.386488,22245.0,0.0,0.0,0.0,0.0,277.18863,19307.0,74.80778,300479.0,0.0,0.0,9.116645,39144396.0,0.0,88.83562,381435983.0,0.0,0.0,9630.0,0.0,429372817.0,4.6197553,3968.0,85892.0,0.0,0.8523716,10581.0,1241360.0,0.0,0.0,0.0,0.0,0.0,dataset_2024.csv,202404,True,False
2024,4,Lima,Lima,El Agustino,MOVISTAR,2.9612386,11378.0,0.7967522,3101.0,9.131341,73031.0,2.8182976,5449.0,0.0,0.0,0.0,0.0,327.91757,5884.0,75.056465,82571.0,0.0,0.0,12.411068,17550289.0,0.0,85.10324,120343112.0,0.0,0.0,2092.0,0.0,141408372.0,6.0039515,1641.0,27332.0,0.0,0.8364247,2868.0,342888.0,0.0,0.0,0.0,0.0,0.0,dataset_2024.csv,202404,True,False
2024,4,Lima,Lima,Independencia,MOVISTAR,3.08786,18230.0,0.93278044,4158.0,9.9368725,113875.0,3.558979,9438.0,0.0,0.0,0.0,0.0,237.9702,7750.0,74.35025,131453.0,0.0,0.0,7.1226163,11157754.0,0.0,90.63394,141980300.0,0.0,0.0,206.0,0.0,156652461.0,4.1293445,1383.0,33492.0,0.0,0.83813494,4550.0,542872.0,0.0,0.0,0.0,0.0,0.0,dataset_2024.csv,202404,True,False
2024,4,Lima,Lima,Los Olivos,MOVISTAR,3.5452468,31020.0,0.862538,8061.0,10.111538,198330.0,3.219646,18276.0,0.0,0.0,0.0,0.0,262.50537,17138.0,74.85865,252632.0,0.0,0.0,9.749248,36932570.0,0.0,89.08512,337476554.0,0.0,0.0,5194.0,0.0,378824822.0,4.072958,3028.0,74344.0,0.0,0.73145586,7606.0,1039844.0,0.0,0.0,0.0,0.0,0.0,dataset_2024.csv,202404,True,False
2024,4,Lima,Lima,Puente Piedra,MOVISTAR,3.1873317,17501.0,0.84676534,4864.0,10.4182205,137289.0,3.4944456,14800.0,0.0,0.0,0.0,0.0,267.23383,8975.0,73.10368,157725.0,0.0,0.0,7.8494897,15716229.0,0.0,90.80538,181810309.0,0.0,0.0,215.0,0.0,200219753.0,4.794034,1890.0,39424.0,0.0,0.7698161,5018.0,651844.0,0.0,0.0,0.0,0.0,0.0,dataset_2024.csv,202404,True,False
2024,4,Lima,Lima,Punta Negra,MOVISTAR,5.1076894,2082.0,0.8320197,590.0,11.839953,17004.0,3.2925675,1950.0,0.0,0.0,0.0,0.0,270.88443,1202.0,73.505615,16048.0,0.0,0.0,6.9052134,1007258.0,0.0,91.57061,13357333.0,0.0,0.0,39.0,0.0,14586921.0,2.9620852,150.0,5064.0,0.0,0.66701263,437.0,65516.0,0.0,0.0,0.0,0.0,0.0,dataset_2024.csv,202404,True,False
2024,4,Lima,Lima,San Juan De Lurigancho,MOVISTAR,3.6231456,54290.0,0.8170035,15179.0,10.066903,388640.0,2.8481996,26081.0,0.0,0.0,0.0,0.0,276.743,28137.0,73.48307,444993.0,0.0,0.0,8.387882,51639906.0,0.0,89.13862,548780922.0,0.0,0.0,30761.0,0.0,615648882.0,3.8694165,4747.0,122680.0,0.0,0.68316704,12496.0,1829128.0,0.0,0.0,0.0,0.0,0.0,dataset_2024.csv,202404,True,False
2024,4,Lima,Lima,San Luis,MOVISTAR,3.5995047,7444.0,0.7341845,2065.0,9.595756,79661.0,2.8445854,6032.0,0.0,0.0,0.0,0.0,218.13281,4884.0,73.76665,96798.0,0.0,0.0,3.792791,3771106.0,0.0,95.51333,94967241.0,0.0,0.0,4037.0,0.0,99428259.0,2.7788556,573.0,20620.0,0.0,0.5974126,2368.0,396376.0,0.0,0.0,0.0,0.0,0.0,dataset_2024.csv,202404,True,False
2024,4,Lima,Lima,San Martin De Porres,MOVISTAR,3.6933925,48860.0,0.88840073,11085.0,10.289824,361486.0,3.4623976,32861.0,0.0,0.0,0.0,0.0,262.186,25355.0,73.939384,443356.0,0.0,0.0,9.141599,54465065.0,0.0,89.0042,530281434.0,0.0,0.0,1307.0,0.0,595793674.0,3.9694905,4382.0,110392.0,0.0,0.6298083,11484.0,1823412.0,0.0,0.0,0.0,0.0,0.0,dataset_2024.csv,202404,True,False
2024,4,Piura,Piura,Castilla,MOVISTAR,4.9686723,6921.0,0.7598309,2674.0,10.5644045,117151.0,2.8170543,10393.0,0.0,0.0,0.0,0.0,203.19327,5685.0,80.08874,137968.0,0.0,0.0,3.6314619,5880453.0,0.0,93.394226,151233966.0,0.0,0.0,0.0,0.0,161930739.0,4.416497,1043.0,23616.0,0.0,0.69795656,3958.0,567084.0,0.0,0.0,0.0,0.0,0.0,dataset_2024.csv,202404,True,False
2024,4,Piura,Piura,Catacaos,MOVISTAR,3.1685414,1184.0,0.67829525,537.0,8.837304,27131.0,4.5321136,2018.0,0.0,0.0,0.0,0.0,177.4168,2049.0,81.21268,47676.0,0.0,0.0,2.9691079,1237253.0,0.0,96.04403,40022379.0,0.0,0.0,0.0,0.0,41670867.0,4.5347743,386.0,8512.0,0.0,0.7269691,1428.0,196432.0,0.0,0.0,0.0,0.0,0.0,dataset_2024.csv,202404,True,False
2024,4,Piura,Piura,Piura,MOVISTAR,4.3365955,9723.0,0.7427092,4836.0,10.158195,167021.0,2.7889292,12104.0,0.0,0.0,0.0,0.0,183.47731,8259.0,81.770134,218698.0,0.0,0.0,3.8045113,7795010.0,0.0,95.30739,195273969.0,0.0,0.0,72.0,0.0,204888602.0,4.440751,1523.0,34296.0,0.0,0.76481473,6909.0,903356.0,0.0,0.0,0.0,0.0,0.0,dataset_2024.csv,202404,True,False
2024,4,Piura,Piura,Veintiseis De Octubre,MOVISTAR,3.5690694,3891.0,0.8216781,1971.0,8.514029,85118.0,3.2068472,8840.0,0.0,0.0,0.0,0.0,200.16423,3052.0,82.353516,115185.0,0.0,0.0,2.0132608,2741303.0,0.0,97.390076,132608597.0,0.0,0.0,0.0,0.0,136162333.0,4.7178683,602.0,12760.0,0.0,1.0252165,4978.0,485556.0,0.0,0.0,0.0,0.0,0.0,dataset_2024.csv,202404,True,False
2024,4,Puno,Puno,Puno,MOVISTAR,3.7896416,16439.0,0.7288429,5578.0,9.879214,230069.0,3.499105,19875.0,0.0,0.0,0.0,0.0,231.0835,12119.0,85.147804,237975.0,0.0,0.0,4.0462255,10526017.0,0.0,93.29065,242690111.0,0.0,0.0,0.0,0.0,260144092.0,6.4475684,3394.0,52640.0,0.0,0.8207722,8122.0,989556.0,0.0,0.0,0.0,0.0,0.0,dataset_2024.csv,202404,True,False
2024,4,Puno,San Roman,Caracoto,MOVISTAR,3.35207,1322.0,0.8655748,428.0,9.254774,6729.0,3.9645894,843.0,0.0,0.0,0.0,0.0,305.8215,772.0,85.76753,8215.0,0.0,0.0,8.104963,653673.0,0.0,89.02231,7179734.0,0.0,0.0,0.0,0.0,8065095.0,7.9308453,289.0,3644.0,0.0,1.5017769,524.0,34892.0,0.0,0.0,0.0,0.0,0.0,dataset_2024.csv,202404,True,False
2024,4,Puno,San Roman,Juliaca,MOVISTAR,3.4848194,24457.0,0.69345766,7398.0,9.393883,262255.0,3.5008388,19147.0,0.0,0.0,0.0,0.0,269.33945,15008.0,82.20938,277020.0,0.0,0.0,6.102372,15851432.0,0.0,93.15625,241981313.0,0.0,0.0,0.0,0.0,259758532.0,6.926063,4710.0,68004.0,0.0,1.054326,12274.0,1164156.0,0.0,0.0,0.0,0.0,0.0,dataset_2024.csv,202404,True,False
2024,4,Puno,San Roman,San Miguel,MOVISTAR,3.5663068,5530.0,0.6940226,1579.0,8.374063,26688.0,3.3169265,2596.0,0.0,0.0,0.0,0.0,295.52682,3149.0,84.42975,24194.0,0.0,0.0,9.04528,3126300.0,0.0,88.99505,30759157.0,0.0,0.0,0.0,0.0,34562774.0,6.3692,895.0,14052.0,0.0,1.5362808,1604.0,104408.0,0.0,0.0,0.0,0.0,0.0,dataset_2024.csv,202404,True,False
2024,4,San Martin,Moyobamba,Moyobamba,MOVISTAR,3.1572154,1245.0,0.61532307,447.0,10.711245,47071.0,2.1409965,2859.0,0.0,0.0,0.0,0.0,313.1177,1351.0,93.45633,57846.0,0.0,0.0,3.1693206,2160495.0,0.0,95.65923,65209969.0,0.0,0.0,0.0,0.0,68169026.0,6.642588,423.0,6368.0,0.0,0.75752604,1847.0,243820.0,0.0,0.0,0.0,0.0,0.0,dataset_2024.csv,202404,True,False
2024,4,Tacna,Candarave,Camilaca,MOVISTAR,5.6167336,1737.0,0.0,0.0,7.977556,4972.0,4.846232,527.0,0.0,0.0,0.0,0.0,152.38045,865.0,97.83968,2495.0,0.0,0.0,20.03543,1026471.0,0.0,73.9867,3790545.0,0.0,0.0,0.0,0.0,5123279.0,2.5255392,89.0,3524.0,0.0,1.1770245,125.0,10620.0,0.0,0.0,0.0,0.0,0.0,dataset_2024.csv,202404,True,False
2024,4,Tumbes,Contralmirante Villar,Canoas De Punta Sal,MOVISTAR,4.2387505,883.0,1.6809353,448.0,10.152597,8059.0,3.260279,785.0,0.0,0.0,0.0,0.0,188.68886,645.0,78.85043,9264.0,0.0,0.0,5.445792,477178.0,0.0,93.98364,8235152.0,0.0,0.0,0.0,0.0,8762325.0,4.955291,133.0,2684.0,0.0,0.49523306,187.0,37760.0,0.0,0.0,0.0,0.0,0.0,dataset_2024.csv,202404,True,False
2024,4,Tumbes,Tumbes,Tumbes,MOVISTAR,3.5305374,1404.0,0.9254893,735.0,11.102644,48444.0,2.7052157,3357.0,0.0,0.0,0.0,0.0,169.80898,1371.0,81.67431,61301.0,0.0,0.0,1.9166776,1433947.0,0.0,97.56893,72995413.0,0.0,0.0,0.0,0.0,74814200.0,6.755319,381.0,5640.0,0.0,0.3861517,959.0,248348.0,0.0,0.0,0.0,0.0,0.0,dataset_2024.csv,202404,True,False
2024,5,Arequipa,Arequipa,Alto Selva Alegre,MOVISTAR,3.6087008,2506.0,0.543992,1225.0,8.948118,37761.0,2.8606737,1924.0,0.0,0.0,0.0,0.0,227.53387,2103.0,79.26995,45344.0,0.0,0.0,3.275433,2087417.0,0.0,96.10431,61246792.0,0.0,0.0,0.0,0.0,63729497.0,4.6096907,411.0,8916.0,0.0,0.81121415,1522.0,187620.0,0.0,0.0,0.0,0.0,0.0,dataset_2024.csv,202405,True,False
2024,5,Arequipa,Arequipa,Cayma,MOVISTAR,3.5815172,3638.0,0.7426295,1063.0,9.922569,42005.0,3.3423386,2974.0,0.0,0.0,0.0,0.0,213.84335,2434.0,78.504005,60106.0,0.0,0.0,2.6381755,2117105.0,0.0,96.062706,77089198.0,0.0,0.0,0.0,0.0,80248832.0,5.0152555,526.0,10488.0,0.0,0.9168881,2277.0,248340.0,0.0,0.0,0.0,0.0,0.0,dataset_2024.csv,202405,True,False
2024,5,Arequipa,Arequipa,Jacobo Hunter,MOVISTAR,3.4904792,1662.0,0.6779021,594.0,8.278817,24798.0,2.648996,1629.0,0.0,0.0,0.0,0.0,269.69104,1434.0,80.63286,30016.0,0.0,0.0,3.9525585,1807940.0,0.0,95.10217,43500690.0,0.0,0.0,0.0,0.0,45741006.0,5.1110387,313.0,6124.0,0.0,1.0094688,1258.0,124620.0,0.0,0.0,0.0,0.0,0.0,dataset_2024.csv,202405,True,False
2024,5,Arequipa,Arequipa,Jose Luis Bustamante Y Rivero,MOVISTAR,4.070245,3348.0,0.79869163,1187.0,9.265198,71402.0,3.5550642,6261.0,0.0,0.0,0.0,0.0,202.2539,3368.0,79.76126,108050.0,0.0,0.0,2.175877,2698066.0,0.0,97.41869,120798205.0,0.0,0.0,0.0,0.0,123999003.0,4.277887,609.0,14236.0,0.0,0.80237246,3585.0,446800.0,0.0,0.0,0.0,0.0,0.0,dataset_2024.csv,202405,True,False
2024,5,Arequipa,Arequipa,Mariano Melgar,MOVISTAR,4.158527,2368.0,0.647192,753.0,10.14616,38802.0,3.040363,1938.0,0.0,0.0,0.0,0.0,226.49469,2397.0,79.27814,44665.0,0.0,0.0,5.0673523,2340659.0,0.0,92.65902,42800095.0,0.0,0.0,0.0,0.0,46190966.0,2.9931006,295.0,9856.0,0.0,0.7889291,1464.0,185568.0,0.0,0.0,0.0,0.0,0.0,dataset_2024.csv,202405,True,False
2024,5,Arequipa,Arequipa,Miraflores,MOVISTAR,3.7983062,2410.0,0.6084754,627.0,10.890466,41238.0,2.593202,2767.0,0.0,0.0,0.0,0.0,208.4309,1592.0,77.96985,57309.0,0.0,0.0,2.3354838,1404681.0,0.0,97.15527,58434212.0,0.0,0.0,0.0,0.0,60145180.0,4.685681,322.0,6872.0,0.0,0.69192976,1628.0,235284.0,0.0,0.0,0.0,0.0,0.0,dataset_2024.csv,202405,True,False
2024,5,Arequipa,Arequipa,Paucarpata,MOVISTAR,3.648156,5667.0,0.6812044,1242.0,9.502547,59643.0,2.7258606,4561.0,0.0,0.0,0.0,0.0,222.50403,3945.0,79.9837,82580.0,0.0,0.0,2.6887965,2815678.0,0.0,96.72466,101289001.0,0.0,0.0,0.0,0.0,104718898.0,4.8728814,805.0,16520.0,0.0,0.87391746,2991.0,342252.0,0.0,0.0,0.0,0.0,0.0,dataset_2024.csv,202405,True,False
2024,5,Arequipa,Arequipa,Sachaca,MOVISTAR,3.916401,825.0,0.0,0.0,9.669377,16057.0,3.303645,1002.0,0.0,0.0,0.0,0.0,258.6957,923.0,78.14244,18655.0,0.0,0.0,5.7569795,888791.0,0.0,93.551,14442867.0,0.0,0.0,0.0,0.0,15438495.0,5.275,211.0,4000.0,0.0,0.7559592,581.0,76856.0,0.0,0.0,0.0,0.0,0.0,dataset_2024.csv,202405,True,False
2024,5,Arequipa,Arequipa,Socabaya,MOVISTAR,3.368614,2010.0,0.79827964,708.0,13.5069065,32540.0,3.140619,2509.0,0.0,0.0,0.0,0.0,214.07726,1453.0,78.593155,40310.0,0.0,0.0,3.262926,1765361.0,0.0,96.38263,52146484.0,0.0,0.0,0.0,0.0,54103614.0,5.04902,309.0,6120.0,0.0,1.021646,1718.0,168160.0,0.0,0.0,0.0,0.0,0.0,dataset_2024.csv,202405,True,False
2024,5,Arequipa,Arequipa,Tiabaya,MOVISTAR,4.586775,1288.0,0.7549875,401.0,8.912277,20335.0,2.2436514,1551.0,0.0,0.0,0.0,0.0,234.78719,884.0,80.74012,19010.0,0.0,0.0,4.4775085,755206.0,0.0,94.76001,15982846.0,0.0,0.0,0.0,0.0,16866657.0,3.029476,111.0,3664.0,0.0,0.72412753,576.0,79544.0,0.0,0.0,0.0,0.0,0.0,dataset_2024.csv,202405,True,False
2024,5,Arequipa,Arequipa,Yanahuara,MOVISTAR,3.444997,864.0,0.0,0.0,12.230712,21884.0,3.5883586,2840.0,0.0,0.0,0.0,0.0,184.96277,821.0,78.01253,34485.0,0.0,0.0,1.738381,611822.0,0.0,98.04056,34505309.0,0.0,0.0,19.0,0.0,35194932.0,4.284104,152.0,3548.0,0.0,0.71116906,1004.0,141176.0,0.0,0.0,0.0,0.0,0.0,dataset_2024.csv,202405,True,False
2024,5,Ayacucho,Huamanga,Carmen Alto,MOVISTAR,2.5899923,2600.0,0.5205743,1091.0,8.568283,9799.0,2.7088463,571.0,0.0,0.0,0.0,0.0,294.33066,1714.0,78.81242,9433.0,0.0,0.0,6.5157504,1287134.0,0.0,90.34516,17846958.0,0.0,0.0,0.0,0.0,19754194.0,5.23374,412.0,7872.0,0.0,1.5275152,614.0,40196.0,0.0,0.0,0.0,0.0,0.0,dataset_2024.csv,202405,True,False
2024,5,Cajamarca,Celendin,Celendin,MOVISTAR,4.800159,6560.0,0.0,0.0,8.5358925,7385.0,4.5802584,912.0,0.0,0.0,0.0,0.0,234.68558,2163.0,78.253174,11483.0,0.0,0.0,9.851103,1096232.0,0.0,89.20914,9927204.0,0.0,0.0,0.0,0.0,11128013.0,4.407088,388.0,8804.0,0.0,0.5117707,240.0,46896.0,0.0,0.0,0.0,0.0,0.0,dataset_2024.csv,202405,True,False
2024,5,Cajamarca,Santa Cruz,Santa Cruz,MOVISTAR,3.9722934,1254.0,0.0,0.0,7.929049,17257.0,3.0388637,1159.0,0.0,0.0,0.0,0.0,257.14288,974.0,82.80267,18234.0,0.0,0.0,7.6310315,1148221.0,0.0,90.10298,13557556.0,0.0,0.0,0.0,0.0,15046734.0,7.7408795,331.0,4276.0,0.0,0.7598065,578.0,76072.0,0.0,0.0,0.0,0.0,0.0,dataset_2024.csv,202405,True,False
2024,5,Callao,Callao,Mi Peru,MOVISTAR,3.530622,10338.0,1.1161146,1729.0,6.243448,13450.0,2.5918913,1292.0,0.0,0.0,0.0,0.0,342.73334,2379.0,76.1266,21054.0,0.0,0.0,9.475489,3655669.0,0.0,86.97722,33556045.0,0.0,0.0,0.0,0.0,38580268.0,4.146387,443.0,10684.0,0.0,1.2769452,1135.0,88884.0,0.0,0.0,0.0,0.0,0.0,dataset_2024.csv,202405,True,False
2024,5,Cusco,Acomayo,Pomacanchi,MOVISTAR,0.0,0.0,0.0,0.0,13.734789,2347.0,0.0,0.0,0.0,0.0,0.0,0.0,0.0,0.0,78.63092,5683.0,0.0,0.0,1.461616,51828.0,0.0,97.38016,3453040.0,0.0,0.0,0.0,0.0,3545938.0,0.0,0.0,0.0,0.0,0.32450446,74.0,22804.0,0.0,0.0,0.0,0.0,0.0,dataset_2024.csv,202405,False,True
2024,5,Cusco,Cusco,Cusco,MOVISTAR,3.531022,6317.0,0.8111776,2388.0,7.797412,64816.0,2.930266,5817.0,0.0,0.0,0.0,0.0,255.85,5786.0,87.34952,90434.0,0.0,0.0,7.812607,10165279.0,0.0,88.90406,115676442.0,0.0,0.0,26.0,0.0,130113789.0,6.9336543,1785.0,25744.0,0.0,2.4679236,9802.0,397176.0,0.0,0.0,0.0,0.0,0.0,dataset_2024.csv,202405,True,False
2024,5,Cusco,Cusco,San Jeronimo,MOVISTAR,3.4660773,5541.0,0.69855714,1423.0,8.511096,67775.0,3.4160979,4558.0,0.0,0.0,0.0,0.0,217.83618,4071.0,84.87945,74446.0,0.0,0.0,5.828937,3851965.0,0.0,92.87244,61373347.0,0.0,0.0,0.0,0.0,66083487.0,6.031548,1063.0,17624.0,0.0,1.1406579,3598.0,315432.0,0.0,0.0,0.0,0.0,0.0,dataset_2024.csv,202405,True,False
2024,5,Cusco,Cusco,San Sebastian,MOVISTAR,4.804974,6984.0,0.72218007,1947.0,8.458837,57101.0,3.4144986,4727.0,0.0,0.0,0.0,0.0,272.06497,4106.0,88.23385,80916.0,0.0,0.0,7.0871716,8473909.0,0.0,91.004,108810630.0,0.0,0.0,0.0,0.0,119566871.0,7.020925,1275.0,18160.0,0.0,2.1352515,7540.0,353120.0,0.0,0.0,0.0,0.0,0.0,dataset_2024.csv,202405,True,False
2024,5,Cusco,Cusco,Santiago,MOVISTAR,3.9211955,5628.0,0.69029313,1687.0,9.091152,57233.0,2.6492627,4212.0,0.0,0.0,0.0,0.0,239.82787,3602.0,85.810616,69375.0,0.0,0.0,5.083036,3906882.0,0.0,91.56757,70379924.0,0.0,0.0,0.0,0.0,76861190.0,6.0062,930.0,15484.0,0.0,1.3723652,4042.0,294528.0,0.0,0.0,0.0,0.0,0.0,dataset_2024.csv,202405,True,False
2024,5,Cusco,Cusco,Wanchaq,MOVISTAR,3.2967439,5437.0,0.72554636,2107.0,8.0213585,72811.0,2.7238073,6479.0,0.0,0.0,0.0,0.0,231.88814,3864.0,85.93931,105354.0,0.0,0.0,4.5886173,4988772.0,0.0,94.21412,102430152.0,0.0,0.0,0.0,0.0,108720592.0,6.1820974,1047.0,16936.0,0.0,1.5814323,7121.0,450288.0,0.0,0.0,0.0,0.0,0.0,dataset_2024.csv,202405,True,False
2024,5,Cusco,La Convencion,Echarate,MOVISTAR,3.565905,2706.0,0.67744964,634.0,6.314327,15768.0,2.253726,764.0,0.0,0.0,0.0,0.0,306.2881,2087.0,90.37702,13525.0,0.0,0.0,7.647794,2169505.0,0.0,60.559647,17179393.0,0.0,0.0,0.0,0.0,28367724.0,4.650381,415.0,8924.0,0.0,1.5708711,950.0,60476.0,0.0,0.0,0.0,0.0,0.0,dataset_2024.csv,202405,True,False
2024,5,Huancavelica,Tayacaja,Pampas,MOVISTAR,4.101638,905.0,0.0,0.0,9.343134,8424.0,3.2010033,893.0,0.0,0.0,0.0,0.0,206.59198,857.0,73.142235,11623.0,0.0,0.0,6.212218,574658.0,0.0,93.0157,8604369.0,0.0,0.0,0.0,0.0,9250448.0,5.5309734,200.0,3616.0,0.0,0.60137457,287.0,47724.0,0.0,0.0,0.0,0.0,0.0,dataset_2024.csv,202405,True,False
2024,5,Ica,Chincha,Alto Laran,MOVISTAR,4.541617,783.0,0.0,0.0,11.907031,16587.0,4.0427103,761.0,0.0,0.0,0.0,0.0,191.46317,613.0,85.84869,20211.0,0.0,0.0,2.7779963,375233.0,0.0,91.470764,12355253.0,0.0,0.0,0.0,0.0,13507325.0,3.3333333,84.0,2520.0,0.0,0.5791132,478.0,82540.0,0.0,0.0,0.0,0.0,0.0,dataset_2024.csv,202405,True,False
2024,5,Ica,Chincha,Chincha Alta,MOVISTAR,3.9357698,1369.0,0.7091144,448.0,11.194546,98635.0,3.2882395,6140.0,0.0,0.0,0.0,0.0,191.2601,1018.0,84.53905,109892.0,0.0,0.0,1.9954808,2367651.0,0.0,94.678925,112337167.0,0.0,0.0,226.0,0.0,118650657.0,3.653295,153.0,4188.0,0.0,0.37982377,1700.0,447576.0,0.0,0.0,0.0,0.0,0.0,dataset_2024.csv,202405,True,False
2024,5,Ica,Chincha,Chincha Baja,MOVISTAR,3.9812531,1083.0,0.0,0.0,10.694646,11263.0,4.368643,1155.0,0.0,0.0,0.0,0.0,248.46666,550.0,86.215195,13855.0,0.0,0.0,5.14906,683520.0,0.0,86.929115,11539541.0,0.0,0.0,0.0,0.0,13274656.0,6.6213923,156.0,2356.0,0.0,0.84997207,487.0,57296.0,0.0,0.0,0.0,0.0,0.0,dataset_2024.csv,202405,True,False
2024,5,Ica,Chincha,El Carmen,MOVISTAR,3.317107,709.0,0.0,0.0,11.462976,18295.0,2.5648928,910.0,0.0,0.0,0.0,0.0,218.07,496.0,84.7193,14954.0,0.0,0.0,5.648765,854056.0,0.0,86.76824,13118785.0,0.0,0.0,0.0,0.0,15119340.0,5.2973976,114.0,2152.0,0.0,0.57111996,349.0,61108.0,0.0,0.0,0.0,0.0,0.0,dataset_2024.csv,202405,True,False
2024,5,Ica,Chincha,Pueblo Nuevo,MOVISTAR,5.4015245,1009.0,0.0,0.0,11.238846,53884.0,3.7105153,4944.0,0.0,0.0,0.0,0.0,175.28676,1133.0,83.810074,58883.0,0.0,0.0,1.6702545,1143753.0,0.0,95.134674,65146104.0,0.0,0.0,0.0,0.0,68477769.0,2.9705117,137.0,4612.0,0.0,0.4189734,1002.0,239156.0,0.0,0.0,0.0,0.0,0.0,dataset_2024.csv,202405,True,False
2024,5,Ica,Chincha,Sunampe,MOVISTAR,0.0,0.0,0.0,0.0,12.545376,46784.0,3.4173863,3184.0,0.0,0.0,0.0,0.0,0.0,0.0,81.652374,43890.0,0.0,0.0,0.34218746,150416.0,0.0,98.853485,43453214.0,0.0,0.0,0.0,0.0,43957190.0,4.845815,0.0,0.0,0.0,0.46395472,823.0,177388.0,0.0,0.0,0.0,0.0,0.0,dataset_2024.csv,202405,False,True
2024,5,Ica,Ica,Ica,MOVISTAR,4.4576917,13836.0,0.784702,4233.0,10.036438,161318.0,2.5327656,12490.0,0.0,0.0,0.0,0.0,184.43329,10478.0,73.881775,223868.0,0.0,0.0,4.871846,12812707.0,0.0,94.13535,247571181.0,0.0,0.0,5.0,0.0,262994894.0,3.6865823,1587.0,43048.0,0.0,0.69306993,6373.0,919532.0,0.0,0.0,0.0,0.0,0.0,dataset_2024.csv,202405,True,False
2024,5,Ica,Ica,La Tinguiña,MOVISTAR,4.4334674,1122.0,0.82430726,537.0,7.8000574,27474.0,2.966748,2017.0,0.0,0.0,0.0,0.0,150.02669,1162.0,73.20604,27892.0,0.0,0.0,2.813312,782272.0,0.0,95.96227,26683353.0,0.0,0.0,0.0,0.0,27806086.0,2.7049873,128.0,4732.0,0.0,0.9398496,1075.0,114380.0,0.0,0.0,0.0,0.0,0.0,dataset_2024.csv,202405,True,False
2024,5,Ica,Ica,Parcona,MOVISTAR,3.595618,1917.0,0.8020574,544.0,10.306986,34102.0,4.6741385,2839.0,0.0,0.0,0.0,0.0,166.29445,1834.0,73.66181,38806.0,0.0,0.0,4.5880895,1966606.0,0.0,94.41422,40469038.0,0.0,0.0,0.0,0.0,42863287.0,3.5391166,266.0,7516.0,0.0,0.57292056,915.0,159708.0,0.0,0.0,0.0,0.0,0.0,dataset_2024.csv,202405,True,False
2024,5,Ica,Ica,Subtanjalla,MOVISTAR,4.1188636,776.0,0.0,0.0,6.4688005,7935.0,2.7663987,463.0,0.0,0.0,0.0,0.0,182.89395,740.0,74.02419,10660.0,0.0,0.0,16.572067,2621954.0,0.0,82.86927,13111184.0,0.0,0.0,0.0,0.0,15821527.0,3.5435631,109.0,3076.0,0.0,0.73436654,326.0,44392.0,0.0,0.0,0.0,0.0,0.0,dataset_2024.csv,202405,True,False
2024,5,Junin,Chanchamayo,Chanchamayo,MOVISTAR,3.6120625,2811.0,0.8574722,1650.0,8.478176,24447.0,2.5237262,1971.0,0.0,0.0,0.0,0.0,225.55765,1813.0,77.39387,31648.0,0.0,0.0,5.951895,1702537.0,0.0,92.00583,26318227.0,0.0,0.0,0.0,0.0,28604955.0,5.3470435,416.0,7780.0,0.0,0.4915882,637.0,129580.0,0.0,0.0,0.0,0.0,0.0,dataset_2024.csv,202405,True,False
2024,5,Junin,Huancayo,Chilca,MOVISTAR,4.7633414,16346.0,0.82795656,3292.0,8.113789,56222.0,2.9628909,4139.0,0.0,0.0,0.0,0.0,187.99194,9150.0,77.68728,62636.0,0.0,0.0,7.8531647,6919676.0,0.0,89.56801,78921253.0,0.0,0.0,0.0,0.0,88113216.0,2.297745,860.0,37428.0,0.0,1.1090511,2955.0,266444.0,0.0,0.0,0.0,0.0,0.0,dataset_2024.csv,202405,True,False
2024,5,Junin,Huancayo,El Tambo,MOVISTAR,4.3059597,13596.0,0.80569434,4595.0,10.473825,261735.0,3.2384393,18760.0,0.0,0.0,0.0,0.0,208.03389,12348.0,73.564026,284804.0,0.0,0.0,4.028475,13916202.0,0.0,94.58521,326740743.0,0.0,0.0,16.0,0.0,345445911.0,4.7421126,2453.0,51728.0,0.0,0.6092303,7150.0,1173612.0,0.0,0.0,0.0,0.0,0.0,dataset_2024.csv,202405,True,False
2024,5,Junin,Huancayo,Huancayo,MOVISTAR,5.049975,15920.0,0.7488981,4437.0,8.749604,174283.0,2.6903589,13449.0,0.0,0.0,0.0,0.0,202.20947,11800.0,74.746864,248329.0,0.0,0.0,4.381401,11601106.0,0.0,94.16076,249319533.0,0.0,0.0,0.0,0.0,264780723.0,4.5410075,2228.0,49064.0,0.0,0.7320749,7538.0,1029676.0,0.0,0.0,0.0,0.0,0.0,dataset_2024.csv,202405,True,False
2024,5,Junin,Huancayo,Pilcomayo,MOVISTAR,3.1716778,1431.0,0.8548071,454.0,5.8580413,16493.0,2.7128463,969.0,0.0,0.0,0.0,0.0,232.4004,1082.0,77.64709,25169.0,0.0,0.0,3.8777878,1201566.0,0.0,95.24274,29511784.0,0.0,0.0,0.0,0.0,30985862.0,7.6465592,360.0,4708.0,0.0,1.0989424,1168.0,106284.0,0.0,0.0,0.0,0.0,0.0,dataset_2024.csv,202405,True,False
2024,5,Junin,Huancayo,San Agustin,MOVISTAR,3.4534128,1910.0,0.7409033,976.0,10.329546,32134.0,3.4931314,2507.0,0.0,0.0,0.0,0.0,224.24037,1849.0,70.6279,42511.0,0.0,0.0,3.322999,1343067.0,0.0,92.188,37259916.0,0.0,0.0,0.0,0.0,40417315.0,5.4475703,426.0,7820.0,0.0,0.59769875,1041.0,174168.0,0.0,0.0,0.0,0.0,0.0,dataset_2024.csv,202405,True,False
2024,5,Junin,Junin,Carhuamayo,MOVISTAR,4.935905,1444.0,0.8919852,413.0,13.113487,25904.0,4.2953773,1580.0,0.0,0.0,0.0,0.0,158.89316,1284.0,72.23854,18502.0,0.0,0.0,6.5120325,990757.0,0.0,91.26844,13885810.0,0.0,0.0,0.0,0.0,15214252.0,3.465909,183.0,5280.0,0.0,0.3738118,280.0,74904.0,0.0,0.0,0.0,0.0,0.0,dataset_2024.csv,202405,True,False
2024,5,La Libertad,Trujillo,El Porvenir,MOVISTAR,4.20587,10058.0,0.8073798,3464.0,8.033817,50161.0,2.7682219,4083.0,0.0,0.0,0.0,0.0,237.50253,7015.0,78.05858,63797.0,0.0,0.0,10.224,10004491.0,0.0,88.77964,86873550.0,0.0,0.0,0.0,0.0,97853007.0,4.1863446,1241.0,29644.0,0.0,0.99894416,2687.0,268984.0,0.0,0.0,0.0,0.0,0.0,dataset_2024.csv,202405,True,False
2024,5,La Libertad,Trujillo,La Esperanza,MOVISTAR,3.689787,6038.0,0.8856104,1952.0,9.330648,69576.0,2.9340882,7753.0,0.0,0.0,0.0,0.0,201.07202,6125.0,76.895164,85189.0,0.0,0.0,6.2485995,7446782.0,0.0,93.03162,110870631.0,0.0,0.0,0.0,0.0,119175213.0,4.3997808,1123.0,25524.0,0.0,0.80745447,2883.0,357048.0,0.0,0.0,0.0,0.0,0.0,dataset_2024.csv,202405,True,False
2024,5,La Libertad,Trujillo,Moche,MOVISTAR,4.2525487,3195.0,0.58611333,926.0,10.526758,23236.0,2.158838,996.0,0.0,0.0,0.0,0.0,269.16287,3370.0,74.80884,28160.0,0.0,0.0,7.2015815,2774484.0,0.0,92.2615,35544698.0,0.0,0.0,0.0,0.0,38526037.0,1.7731018,241.0,13592.0,0.0,0.54204535,625.0,115304.0,0.0,0.0,0.0,0.0,0.0,dataset_2024.csv,202405,True,False
2024,5,La Libertad,Trujillo,Trujillo,MOVISTAR,4.854066,32803.0,0.7789628,10923.0,11.518826,377771.0,3.1323504,34347.0,0.0,0.0,0.0,0.0,188.5839,27979.0,74.975006,450594.0,0.0,0.0,5.5828075,25467465.0,0.0,93.89618,428332479.0,0.0,0.0,0.0,0.0,456176673.0,3.976697,4553.0,114492.0,0.0,0.50755936,9349.0,1841952.0,0.0,0.0,0.0,0.0,0.0,dataset_2024.csv,202405,True,False
2024,5,La Libertad,Trujillo,Victor Larco Herrera,MOVISTAR,4.3129234,2848.0,0.84258044,1876.0,11.647472,57984.0,2.8380635,4367.0,0.0,0.0,0.0,0.0,150.50716,2103.0,74.74183,73158.0,0.0,0.0,2.3681936,1699015.0,0.0,97.06478,69637261.0,0.0,0.0,0.0,0.0,71743080.0,4.497908,387.0,8604.0,0.0,0.4570726,1368.0,299296.0,0.0,0.0,0.0,0.0,0.0,dataset_2024.csv,202405,True,False
2024,5,Lambayeque,Chiclayo,Chiclayo,MOVISTAR,6.576458,28024.0,0.60986054,12695.0,10.909495,193446.0,2.6158457,17243.0,0.0,0.0,0.0,0.0,206.50417,9473.0,77.35587,213899.0,0.0,0.0,4.014784,12729807.0,0.0,95.592415,303098019.0,0.0,0.0,0.0,0.0,317073300.0,4.5489025,1799.0,39548.0,0.0,0.6491803,5740.0,884192.0,0.0,0.0,0.0,0.0,0.0,dataset_2024.csv,202405,True,False
2024,5,Lambayeque,Chiclayo,Jose Leonardo Ortiz,MOVISTAR,4.3872414,4740.0,0.7792842,1562.0,9.990565,68550.0,2.6818511,3865.0,0.0,0.0,0.0,0.0,181.42741,2797.0,77.18692,80511.0,0.0,0.0,4.6392508,4411877.0,0.0,94.69332,90052324.0,0.0,0.0,0.0,0.0,95098915.0,4.182444,486.0,11620.0,0.0,0.5457038,1807.0,331132.0,0.0,0.0,0.0,0.0,0.0,dataset_2024.csv,202405,True,False
2024,5,Lambayeque,Chiclayo,La Victoria,MOVISTAR,4.23692,1799.0,0.7947671,796.0,9.100928,44605.0,2.1925745,4332.0,0.0,0.0,0.0,0.0,175.90135,1610.0,75.9918,59014.0,0.0,0.0,3.8790019,2739425.0,0.0,95.94623,67759051.0,0.0,0.0,0.0,0.0,70621904.0,3.8772454,259.0,6680.0,0.0,0.42306927,1022.0,241568.0,0.0,0.0,0.0,0.0,0.0,dataset_2024.csv,202405,True,False
2024,5,Lambayeque,Chiclayo,Pimentel,MOVISTAR,3.621957,3434.0,0.6516463,2103.0,9.935739,48664.0,1.9630963,5021.0,0.0,0.0,0.0,0.0,164.92778,2742.0,78.07935,51846.0,0.0,0.0,4.910517,3429947.0,0.0,94.77883,66202063.0,0.0,0.0,0.0,0.0,69848999.0,4.1842103,477.0,11400.0,0.0,0.813755,1754.0,215544.0,0.0,0.0,0.0,0.0,0.0,dataset_2024.csv,202405,True,False
2024,5,Lima,Cañete,Asia,MOVISTAR,3.8289046,4351.0,1.0268296,1034.0,10.283511,26873.0,2.587385,2444.0,0.0,0.0,0.0,0.0,269.40878,4912.0,73.860985,28382.0,0.0,0.0,17.835375,5448189.0,0.0,79.463776,24273874.0,0.0,0.0,50.0,0.0,30547095.0,1.5832179,320.0,20212.0,0.0,0.7262133,835.0,114980.0,0.0,0.0,0.0,0.0,0.0,dataset_2024.csv,202405,True,False
2024,5,Lima,Cañete,Cerro Azul,MOVISTAR,5.974587,5748.0,1.4011729,1341.0,9.789942,25941.0,3.918705,2650.0,0.0,0.0,0.0,0.0,260.99274,1305.0,76.49751,21158.0,0.0,0.0,7.272505,1402357.0,0.0,90.46006,17443411.0,0.0,0.0,74.0,0.0,19282998.0,2.775775,154.0,5548.0,0.0,0.56561595,501.0,88576.0,0.0,0.0,0.0,0.0,0.0,dataset_2024.csv,202405,True,False
2024,5,Lima,Cañete,Chilca,MOVISTAR,3.3631876,2631.0,0.84965116,622.0,7.8144784,28117.0,2.606048,2780.0,0.0,0.0,0.0,0.0,344.98737,1676.0,77.53882,29549.0,0.0,0.0,5.1335573,1278128.0,0.0,92.12122,22935890.0,0.0,0.0,947.0,0.0,24897510.0,5.1265497,397.0,7744.0,0.0,0.89254296,1116.0,125036.0,0.0,0.0,0.0,0.0,0.0,dataset_2024.csv,202405,True,False
2024,5,Lima,Cañete,Mala,MOVISTAR,3.3445642,5611.0,0.6657547,1383.0,8.293387,54930.0,3.3010192,5442.0,0.0,0.0,0.0,0.0,292.5816,3557.0,75.231445,60548.0,0.0,0.0,5.447865,4033177.0,0.0,91.22796,67538108.0,0.0,0.0,0.0,0.0,74032250.0,3.5789335,545.0,15228.0,0.0,0.7072,1768.0,250000.0,0.0,0.0,0.0,0.0,0.0,dataset_2024.csv,202405,True,False
2024,5,Lima,Huaura,Huaura,MOVISTAR,3.7347648,708.0,0.0,0.0,9.031296,11922.0,2.6593442,813.0,0.0,0.0,0.0,0.0,279.3977,609.0,75.97899,14391.0,0.0,0.0,4.0323424,748437.0,0.0,95.42515,17711718.0,0.0,0.0,0.0,0.0,18560849.0,3.9533134,105.0,2656.0,0.0,0.59817505,354.0,59180.0,0.0,0.0,0.0,0.0,0.0,dataset_2024.csv,202405,True,False
2024,5,Lima,Lima,Barranco,MOVISTAR,5.7716074,3282.0,0.74939185,539.0,12.263823,41471.0,4.047745,2942.0,0.0,0.0,0.0,0.0,310.22668,1904.0,72.088394,46039.0,0.0,0.0,3.2645192,1488057.0,0.0,92.31704,42080629.0,0.0,0.0,965.0,0.0,45582732.0,4.1564493,339.0,8156.0,0.0,0.4083826,760.0,186100.0,0.0,0.0,0.0,0.0,0.0,dataset_2024.csv,202405,True,False
2024,5,Lima,Lima,Breña,MOVISTAR,3.620286,8190.0,0.7510556,2303.0,10.345017,113208.0,3.8324258,11711.0,0.0,0.0,0.0,0.0,249.04478,5237.0,73.41173,143932.0,0.0,0.0,3.432116,4817071.0,0.0,94.54128,132691337.0,0.0,0.0,11810.0,0.0,140352799.0,4.115298,948.0,23036.0,0.0,0.5041091,2964.0,587968.0,0.0,0.0,0.0,0.0,0.0,dataset_2024.csv,202405,True,False
2024,5,Lima,Lima,Carabayllo,MOVISTAR,6.7850513,39326.0,2.1502037,24281.0,10.739833,151795.0,3.499689,11357.0,0.0,0.0,0.0,0.0,278.3227,12182.0,73.21335,158316.0,0.0,0.0,10.138306,20859693.0,0.0,87.57011,180176620.0,0.0,0.0,2691.0,0.0,205751278.0,3.4569983,1804.0,52184.0,0.0,0.66839397,4334.0,648420.0,0.0,0.0,0.0,0.0,0.0,dataset_2024.csv,202405,True,False
2024,5,Lima,Lima,Comas,MOVISTAR,3.4773972,48074.0,1.0224857,13205.0,10.894784,265278.0,3.3733385,25116.0,0.0,0.0,0.0,0.0,290.07886,25027.0,73.91044,336722.0,0.0,0.0,9.378123,42948085.0,0.0,88.52403,405404982.0,0.0,0.0,2577.0,0.0,457960352.0,4.2728324,4729.0,110676.0,0.0,0.8327428,11564.0,1388664.0,0.0,0.0,0.0,0.0,0.0,dataset_2024.csv,202405,True,False
2024,5,Lima,Lima,El Agustino,MOVISTAR,3.02652,10020.0,0.74942535,2392.0,9.894018,60856.0,3.0156796,4600.0,0.0,0.0,0.0,0.0,310.6573,5412.0,74.21845,78268.0,0.0,0.0,11.68722,14530200.0,0.0,86.493195,107533139.0,0.0,0.0,8034.0,0.0,124325554.0,6.2001595,1555.0,25080.0,0.0,0.9706495,3151.0,324628.0,0.0,0.0,0.0,0.0,0.0,dataset_2024.csv,202405,True,False
2024,5,Lima,Lima,Independencia,MOVISTAR,3.4457722,22293.0,1.0692549,5767.0,10.714067,130940.0,3.7407877,11760.0,0.0,0.0,0.0,0.0,247.73875,8466.0,74.10447,151563.0,0.0,0.0,6.565854,10801641.0,0.0,91.399796,150363949.0,0.0,0.0,356.0,0.0,164512353.0,4.438564,1627.0,36656.0,0.0,0.8107633,5071.0,625460.0,0.0,0.0,0.0,0.0,0.0,dataset_2024.csv,202405,True,False
2024,5,Lima,Lima,Los Olivos,MOVISTAR,3.738274,29168.0,0.84698707,7851.0,9.855591,214762.0,3.3112938,17740.0,0.0,0.0,0.0,0.0,259.87485,14978.0,74.12529,278635.0,0.0,0.0,8.246068,32543461.0,0.0,90.292595,356343599.0,0.0,0.0,2830.0,0.0,394654277.0,4.0115848,2604.0,64912.0,0.0,0.74724257,8577.0,1147820.0,0.0,0.0,0.0,0.0,0.0,dataset_2024.csv,202405,True,False
2024,5,Lima,Lima,Puente Piedra,MOVISTAR,3.0643427,15350.0,0.7028284,4079.0,9.835898,128452.0,3.6049109,14384.0,0.0,0.0,0.0,0.0,297.91547,8542.0,72.45512,158622.0,0.0,0.0,7.4008093,14988574.0,0.0,90.56027,183408228.0,0.0,0.0,321.0,0.0,202526149.0,4.4850936,1709.0,38104.0,0.0,0.7658871,5004.0,653360.0,0.0,0.0,0.0,0.0,0.0,dataset_2024.csv,202405,True,False
2024,5,Lima,Lima,Punta Negra,MOVISTAR,4.287953,834.0,0.0,0.0,11.355698,11113.0,3.794497,1149.0,0.0,0.0,0.0,0.0,210.33722,549.0,73.856476,10940.0,0.0,0.0,7.53754,864672.0,0.0,91.62767,10511106.0,0.0,0.0,1.0,0.0,11471541.0,2.292769,52.0,2268.0,0.0,0.90945476,409.0,44972.0,0.0,0.0,0.0,0.0,0.0,dataset_2024.csv,202405,True,False
2024,5,Lima,Lima,San Juan De Lurigancho,MOVISTAR,3.5140173,56827.0,0.7464472,14072.0,10.1266575,394822.0,3.2831123,32296.0,0.0,0.0,0.0,0.0,277.5221,30264.0,73.431,464081.0,0.0,0.0,8.183609,49704113.0,0.0,89.65328,544519737.0,0.0,0.0,22946.0,0.0,607361751.0,3.9956312,5268.0,131844.0,0.0,0.7053264,13498.0,1913724.0,0.0,0.0,0.0,0.0,0.0,dataset_2024.csv,202405,True,False
2024,5,Lima,Lima,San Luis,MOVISTAR,3.5612416,6729.0,0.6791539,1813.0,10.921354,73824.0,2.0690753,5106.0,0.0,0.0,0.0,0.0,229.27101,3711.0,73.21771,90232.0,0.0,0.0,3.8819509,3480028.0,0.0,94.66951,84867777.0,0.0,0.0,4346.0,0.0,89646369.0,3.4415748,549.0,15952.0,0.0,0.5921739,2181.0,368304.0,0.0,0.0,0.0,0.0,0.0,dataset_2024.csv,202405,True,False
2024,5,Lima,Lima,San Martin De Porres,MOVISTAR,3.5141802,57987.0,0.99118036,12551.0,9.922001,362067.0,3.5163224,32456.0,0.0,0.0,0.0,0.0,272.6092,29513.0,73.68832,421497.0,0.0,0.0,8.798522,50341688.0,0.0,89.261475,510719070.0,0.0,0.0,3090.0,0.0,572160715.0,3.9219837,5001.0,127512.0,0.0,0.63177836,10933.0,1730512.0,0.0,0.0,0.0,0.0,0.0,dataset_2024.csv,202405,True,False
2024,5,Piura,Piura,Castilla,MOVISTAR,5.1609488,7294.0,0.7736766,2371.0,10.5606575,113803.0,2.7759414,8474.0,0.0,0.0,0.0,0.0,231.45935,6711.0,79.70904,137322.0,0.0,0.0,3.688189,5615432.0,0.0,95.33762,145155782.0,0.0,0.0,0.0,0.0,152254457.0,3.1718318,872.0,27492.0,0.0,0.6790557,3828.0,563724.0,0.0,0.0,0.0,0.0,0.0,dataset_2024.csv,202405,True,False
2024,5,Piura,Piura,Catacaos,MOVISTAR,3.6921997,1310.0,0.8103212,708.0,9.161378,25745.0,3.1697288,2417.0,0.0,0.0,0.0,0.0,174.58502,1039.0,78.81087,37335.0,0.0,0.0,1.924721,734391.0,0.0,97.64457,37256981.0,0.0,0.0,0.0,0.0,38155711.0,4.024839,175.0,4348.0,0.0,0.7207772,1104.0,153168.0,0.0,0.0,0.0,0.0,0.0,dataset_2024.csv,202405,True,False
2024,5,Piura,Piura,Piura,MOVISTAR,4.0623884,8522.0,0.7697628,5021.0,10.28682,160265.0,2.7748249,12425.0,0.0,0.0,0.0,0.0,181.21002,7348.0,81.52834,214457.0,0.0,0.0,3.4865997,7347874.0,0.0,95.85319,202006887.0,0.0,0.0,22.0,0.0,210746133.0,4.2969775,1308.0,30440.0,0.0,0.75297743,6679.0,887012.0,0.0,0.0,0.0,0.0,0.0,dataset_2024.csv,202405,True,False
2024,5,Piura,Piura,Veintiseis De Octubre,MOVISTAR,3.8974278,4814.0,0.82083577,1801.0,8.367341,74434.0,3.3958604,6920.0,0.0,0.0,0.0,0.0,189.35402,3119.0,82.254906,104907.0,0.0,0.0,1.9177322,2331968.0,0.0,97.46036,118512082.0,0.0,0.0,0.0,0.0,121600290.0,4.72103,616.0,13048.0,0.0,1.0470719,4633.0,442472.0,0.0,0.0,0.0,0.0,0.0,dataset_2024.csv,202405,True,False
2024,5,Puno,Puno,Puno,MOVISTAR,3.8680234,17140.0,0.6973714,5347.0,9.561707,215793.0,3.399484,18454.0,0.0,0.0,0.0,0.0,233.13249,11768.0,85.013504,241834.0,0.0,0.0,4.1072745,10648092.0,0.0,94.602936,245257718.0,0.0,0.0,0.0,0.0,259249593.0,6.776048,3465.0,51136.0,0.0,0.9385852,9438.0,1005556.0,0.0,0.0,0.0,0.0,0.0,dataset_2024.csv,202405,True,False
2024,5,Puno,San Roman,Caracoto,MOVISTAR,3.2007172,1458.0,0.816158,484.0,8.675251,8857.0,0.0,0.0,0.0,0.0,0.0,0.0,288.4212,1141.0,85.87263,10432.0,0.0,0.0,8.623198,896185.0,0.0,90.141884,9368196.0,0.0,0.0,0.0,0.0,10392723.0,8.574074,463.0,5400.0,0.0,1.5109272,672.0,44476.0,0.0,0.0,0.0,0.0,0.0,dataset_2024.csv,202405,True,False
2024,5,Puno,San Roman,Juliaca,MOVISTAR,3.9713128,32960.0,0.7751428,8720.0,9.1107435,255760.0,3.6321585,22186.0,0.0,0.0,0.0,0.0,266.24307,17997.0,81.772255,300455.0,0.0,0.0,6.4662557,18044308.0,0.0,92.432205,257935252.0,0.0,0.0,0.0,0.0,279053436.0,6.8634,5547.0,80820.0,0.0,1.0854912,13688.0,1260996.0,0.0,0.0,0.0,0.0,0.0,dataset_2024.csv,202405,True,False
2024,5,Puno,San Roman,San Miguel,MOVISTAR,3.3333056,8948.0,0.61533463,2714.0,6.704471,30429.0,2.1729403,3422.0,0.0,0.0,0.0,0.0,294.7868,4874.0,85.76889,27129.0,0.0,0.0,9.893386,3908504.0,0.0,88.93517,35134938.0,0.0,0.0,0.0,0.0,39506234.0,6.2408156,1359.0,21776.0,0.0,2.1682272,2603.0,120052.0,0.0,0.0,0.0,0.0,0.0,dataset_2024.csv,202405,True,False
2024,5,San Martin,Moyobamba,Moyobamba,MOVISTAR,4.111674,1328.0,1.1581532,479.0,11.41412,35745.0,3.073502,2548.0,0.0,0.0,0.0,0.0,288.5013,1209.0,91.064926,46574.0,0.0,0.0,3.787351,2153402.0,0.0,95.08629,54063912.0,0.0,0.0,0.0,0.0,56857738.0,6.3159747,359.0,5684.0,0.0,0.831934,1625.0,195328.0,0.0,0.0,0.0,0.0,0.0,dataset_2024.csv,202405,True,False
2024,5,Tacna,Candarave,Camilaca,MOVISTAR,6.2508345,1191.0,0.0,0.0,6.750706,3130.0,5.2274637,631.0,0.0,0.0,0.0,0.0,202.73007,664.0,103.67036,1340.0,0.0,0.0,25.725492,1100986.0,0.0,69.90993,2991968.0,0.0,0.0,0.0,0.0,4279747.0,4.9012694,139.0,2836.0,0.0,1.6990291,98.0,5768.0,0.0,0.0,0.0,0.0,0.0,dataset_2024.csv,202405,True,False
2024,5,Tumbes,Contralmirante Villar,Canoas De Punta Sal,MOVISTAR,4.0965953,844.0,1.5660104,428.0,13.823233,13470.0,3.7994869,1750.0,0.0,0.0,0.0,0.0,204.25735,649.0,78.92437,15027.0,0.0,0.0,3.5391295,458770.0,0.0,95.80854,12419462.0,0.0,0.0,0.0,0.0,12962792.0,3.9004457,105.0,2692.0,0.0,0.45874566,280.0,61036.0,0.0,0.0,0.0,0.0,0.0,dataset_2024.csv,202405,True,False
2024,5,Tumbes,Tumbes,Tumbes,MOVISTAR,4.8528814,1259.0,0.7599171,446.0,12.035103,69235.0,3.566423,6797.0,0.0,0.0,0.0,0.0,206.50435,1664.0,82.2591,76860.0,0.0,0.0,2.1601183,1682431.0,0.0,96.032166,74795669.0,0.0,0.0,0.0,0.0,77886060.0,2.9705882,202.0,6800.0,0.0,0.31275156,979.0,313028.0,0.0,0.0,0.0,0.0,0.0,dataset_2024.csv,202405,True,False
2024,6,Arequipa,Arequipa,Alto Selva Alegre,MOVISTAR,3.9466321,2940.0,0.6379598,1409.0,9.883003,33757.0,3.3683274,2502.0,0.0,0.0,0.0,0.0,212.17532,2208.0,80.08616,38380.0,0.0,0.0,4.779248,2978835.0,0.0,94.89033,59143746.0,0.0,0.0,0.0,0.0,62328528.0,3.6420283,339.0,9308.0,0.0,0.74350846,1182.0,158976.0,0.0,0.0,0.0,0.0,0.0,dataset_2024.csv,202406,True,False
2024,6,Arequipa,Arequipa,Cayma,MOVISTAR,3.8083565,3286.0,0.7652448,1000.0,10.034978,49727.0,3.5380511,3497.0,0.0,0.0,0.0,0.0,213.50719,2302.0,79.603264,71489.0,0.0,0.0,2.3083074,2042475.0,0.0,96.68307,85548726.0,0.0,0.0,136.0,0.0,88483667.0,5.407332,531.0,9820.0,0.0,0.86823255,2555.0,294276.0,0.0,0.0,0.0,0.0,0.0,dataset_2024.csv,202406,True,False
2024,6,Arequipa,Arequipa,Jacobo Hunter,MOVISTAR,4.94735,2528.0,0.83699745,626.0,9.4822645,30785.0,3.0478585,1817.0,0.0,0.0,0.0,0.0,242.09941,1433.0,81.194855,33002.0,0.0,0.0,3.0737262,1379077.0,0.0,96.717896,43394049.0,0.0,0.0,0.0,0.0,44866617.0,3.388402,201.0,5932.0,0.0,0.89781,1243.0,138448.0,0.0,0.0,0.0,0.0,0.0,dataset_2024.csv,202406,True,False
2024,6,Arequipa,Arequipa,Jose Luis Bustamante Y Rivero,MOVISTAR,4.277603,3552.0,0.7973654,1099.0,8.996387,66986.0,3.751989,5302.0,0.0,0.0,0.0,0.0,183.41328,3481.0,79.94963,107971.0,0.0,0.0,2.9496891,3550430.0,0.0,96.80715,116523130.0,0.0,0.0,49.0,0.0,120366239.0,3.9948454,589.0,14744.0,0.0,0.8177246,3655.0,446972.0,0.0,0.0,0.0,0.0,0.0,dataset_2024.csv,202406,True,False
2024,6,Arequipa,Arequipa,Mariano Melgar,MOVISTAR,4.449543,2392.0,0.70143837,719.0,8.968016,34088.0,3.4854777,2830.0,0.0,0.0,0.0,0.0,229.72266,1910.0,80.263664,43816.0,0.0,0.0,4.2018313,2052790.0,0.0,94.76141,46295356.0,0.0,0.0,96.0,0.0,48854650.0,2.807555,220.0,7836.0,0.0,0.7832726,1428.0,182312.0,0.0,0.0,0.0,0.0,0.0,dataset_2024.csv,202406,True,False
2024,6,Arequipa,Arequipa,Miraflores,MOVISTAR,6.6422863,2877.0,0.8887169,750.0,11.551138,42478.0,3.1357872,2899.0,0.0,0.0,0.0,0.0,163.71413,2651.0,77.26307,57313.0,0.0,0.0,3.0787842,1737690.0,0.0,96.67486,54564049.0,0.0,0.0,0.0,0.0,56440786.0,2.9395604,321.0,10920.0,0.0,0.5781981,1350.0,233484.0,0.0,0.0,0.0,0.0,0.0,dataset_2024.csv,202406,True,False
2024,6,Arequipa,Arequipa,Paucarpata,MOVISTAR,4.055034,5165.0,0.70424956,1323.0,9.082611,61535.0,3.3515506,4781.0,0.0,0.0,0.0,0.0,218.66293,4278.0,79.70413,87176.0,0.0,0.0,3.9690745,4132290.0,0.0,95.520096,99448052.0,0.0,0.0,0.0,0.0,104112178.0,4.74359,851.0,17940.0,0.0,0.92250615,3347.0,362816.0,0.0,0.0,0.0,0.0,0.0,dataset_2024.csv,202406,True,False
2024,6,Arequipa,Arequipa,Sachaca,MOVISTAR,3.4643624,954.0,0.0,0.0,8.4811,18010.0,2.7477326,600.0,0.0,0.0,0.0,0.0,261.60315,952.0,79.07941,19002.0,0.0,0.0,6.4102726,973749.0,0.0,93.26075,14166724.0,0.0,0.0,0.0,0.0,15190446.0,5.315534,219.0,4120.0,0.0,0.78363913,615.0,78480.0,0.0,0.0,0.0,0.0,0.0,dataset_2024.csv,202406,True,False
2024,6,Arequipa,Arequipa,Socabaya,MOVISTAR,3.8412437,2513.0,0.8183647,645.0,11.349991,35768.0,3.831864,2928.0,0.0,0.0,0.0,0.0,216.50581,1752.0,78.68849,44975.0,0.0,0.0,3.3091807,1825376.0,0.0,96.31804,53129960.0,0.0,0.0,18.0,0.0,55160965.0,4.8855166,367.0,7512.0,0.0,0.8764004,1649.0,188156.0,0.0,0.0,0.0,0.0,0.0,dataset_2024.csv,202406,True,False
2024,6,Arequipa,Arequipa,Tiabaya,MOVISTAR,4.4581213,752.0,0.0,0.0,8.540198,9575.0,2.981206,882.0,0.0,0.0,0.0,0.0,227.05421,477.0,81.18386,13097.0,0.0,0.0,3.5235658,352681.0,0.0,95.15605,9524366.0,0.0,0.0,0.0,0.0,10009207.0,5.961924,119.0,1996.0,0.0,0.68369454,371.0,54264.0,0.0,0.0,0.0,0.0,0.0,dataset_2024.csv,202406,True,False
2024,6,Arequipa,Arequipa,Yanahuara,MOVISTAR,3.3756807,1108.0,0.7349065,436.0,12.8007555,16618.0,3.348158,947.0,0.0,0.0,0.0,0.0,207.36491,1183.0,78.90874,29763.0,0.0,0.0,2.182195,649682.0,0.0,97.619484,29063225.0,0.0,0.0,36.0,0.0,29771951.0,4.9880285,250.0,5012.0,0.0,0.8472916,1038.0,122508.0,0.0,0.0,0.0,0.0,0.0,dataset_2024.csv,202406,True,False
2024,6,Ayacucho,Huamanga,Carmen Alto,MOVISTAR,3.1175907,3412.0,0.5598978,1019.0,8.785531,12997.0,4.253945,579.0,0.0,0.0,0.0,0.0,264.36484,2310.0,77.97714,12140.0,0.0,0.0,5.7379284,1342508.0,0.0,92.611855,21668475.0,0.0,0.0,0.0,0.0,23397086.0,4.1900563,418.0,9976.0,0.0,1.1752633,607.0,51648.0,0.0,0.0,0.0,0.0,0.0,dataset_2024.csv,202406,True,False
2024,6,Cajamarca,Celendin,Celendin,MOVISTAR,4.483128,10948.0,0.65517914,783.0,10.018756,8239.0,3.528189,475.0,0.0,0.0,0.0,0.0,245.76384,3031.0,77.980736,12469.0,0.0,0.0,13.198838,1728602.0,0.0,85.428024,11188185.0,0.0,0.0,0.0,0.0,13096622.0,4.2015452,522.0,12424.0,0.0,0.51312184,262.0,51060.0,0.0,0.0,0.0,0.0,0.0,dataset_2024.csv,202406,True,False
2024,6,Cajamarca,Santa Cruz,Santa Cruz,MOVISTAR,5.1703835,1103.0,0.0,0.0,8.429271,15857.0,3.8179016,1085.0,0.0,0.0,0.0,0.0,216.20186,886.0,84.48997,16325.0,0.0,0.0,6.8439384,848348.0,0.0,91.8592,11386509.0,0.0,0.0,0.0,0.0,12395611.0,7.6345754,295.0,3864.0,0.0,1.0962723,747.0,68140.0,0.0,0.0,0.0,0.0,0.0,dataset_2024.csv,202406,True,False
2024,6,Callao,Callao,Mi Peru,MOVISTAR,4.374592,9065.0,1.4808879,1793.0,10.713593,16475.0,3.2548962,2183.0,0.0,0.0,0.0,0.0,334.7062,1024.0,76.75743,17066.0,0.0,0.0,9.647309,3348753.0,0.0,87.97643,30538186.0,0.0,0.0,0.0,0.0,34711781.0,6.041131,282.0,4668.0,0.0,0.8638611,615.0,71192.0,0.0,0.0,0.0,0.0,0.0,dataset_2024.csv,202406,True,False
2024,6,Cusco,Acomayo,Pomacanchi,MOVISTAR,0.0,0.0,0.0,0.0,7.8864474,1498.0,0.0,0.0,0.0,0.0,0.0,0.0,0.0,0.0,80.35864,4208.0,0.0,0.0,0.37134954,11407.0,0.0,98.06151,3012223.0,0.0,0.0,0.0,0.0,3071769.0,0.0,0.0,0.0,0.0,0.33096927,56.0,16920.0,0.0,0.0,0.0,0.0,0.0,dataset_2024.csv,202406,False,True
2024,6,Cusco,Cusco,Cusco,MOVISTAR,3.1863947,6653.0,0.68913734,2455.0,7.3493147,70308.0,2.5301251,5725.0,0.0,0.0,0.0,0.0,262.73727,5171.0,87.96648,102161.0,0.0,0.0,5.5611424,6832025.0,0.0,91.638245,112580249.0,0.0,0.0,22.0,0.0,122852906.0,7.9751425,1848.0,23172.0,0.0,2.468009,11086.0,449188.0,0.0,0.0,0.0,0.0,0.0,dataset_2024.csv,202406,True,False
2024,6,Cusco,Cusco,San Jeronimo,MOVISTAR,4.2527256,6771.0,0.6211075,1646.0,7.8578925,71668.0,3.3994594,3960.0,0.0,0.0,0.0,0.0,237.22392,3757.0,85.48449,70652.0,0.0,0.0,4.247002,2621412.0,0.0,94.49997,58328988.0,0.0,0.0,0.0,0.0,61723819.0,5.207818,842.0,16168.0,0.0,1.1825544,3540.0,299352.0,0.0,0.0,0.0,0.0,0.0,dataset_2024.csv,202406,True,False
2024,6,Cusco,Cusco,San Sebastian,MOVISTAR,5.0594044,10944.0,0.7808789,2135.0,8.848578,52250.0,3.5151815,4280.0,0.0,0.0,0.0,0.0,265.63712,4543.0,87.24474,68060.0,0.0,0.0,7.321143,7719641.0,0.0,90.27836,95192310.0,0.0,0.0,0.0,0.0,105443111.0,5.7441387,1127.0,19620.0,0.0,1.9121467,5625.0,294172.0,0.0,0.0,0.0,0.0,0.0,dataset_2024.csv,202406,True,False
2024,6,Cusco,Cusco,Santiago,MOVISTAR,4.1803985,4449.0,0.80235326,1481.0,8.320815,53246.0,2.7131717,3165.0,0.0,0.0,0.0,0.0,245.75543,3214.0,86.1595,71385.0,0.0,0.0,4.83373,3407059.0,0.0,92.53118,65220681.0,0.0,0.0,0.0,0.0,70485087.0,6.606691,940.0,14228.0,0.0,1.393383,4220.0,302860.0,0.0,0.0,0.0,0.0,0.0,dataset_2024.csv,202406,True,False
2024,6,Cusco,Cusco,Wanchaq,MOVISTAR,4.130348,8061.0,0.7099124,2317.0,8.588311,71028.0,2.7957776,4885.0,0.0,0.0,0.0,0.0,241.82993,5172.0,85.93142,103818.0,0.0,0.0,3.7056842,3694081.0,0.0,95.39485,95096156.0,0.0,0.0,0.0,0.0,99686881.0,5.0017834,1122.0,22432.0,0.0,1.4030879,6176.0,440172.0,0.0,0.0,0.0,0.0,0.0,dataset_2024.csv,202406,True,False
2024,6,Cusco,La Convencion,Echarate,MOVISTAR,5.171277,2305.0,0.6664255,543.0,7.9896417,17400.0,3.2357767,3090.0,0.0,0.0,0.0,0.0,246.85374,1313.0,89.55298,11965.0,0.0,0.0,5.720767,1486819.0,0.0,60.610138,15752486.0,0.0,0.0,0.0,0.0,25989853.0,4.954322,282.0,5692.0,0.0,2.8207965,1581.0,56048.0,0.0,0.0,0.0,0.0,0.0,dataset_2024.csv,202406,True,False
2024,6,Huancavelica,Tayacaja,Pampas,MOVISTAR,4.560423,1524.0,0.0,0.0,11.044234,10998.0,4.373203,889.0,0.0,0.0,0.0,0.0,215.48268,839.0,74.37211,12031.0,0.0,0.0,5.9185266,567949.0,0.0,93.16574,8940297.0,0.0,0.0,0.0,0.0,9596121.0,4.8478017,172.0,3548.0,0.0,0.7914042,397.0,50164.0,0.0,0.0,0.0,0.0,0.0,dataset_2024.csv,202406,True,False
2024,6,Ica,Chincha,Alto Laran,MOVISTAR,0.0,0.0,0.0,0.0,12.639191,15824.0,3.484222,1069.0,0.0,0.0,0.0,0.0,0.0,0.0,91.49268,17525.0,0.0,0.0,0.26921192,34069.0,0.0,93.4191,11822267.0,0.0,0.0,0.0,0.0,12655086.0,0.0,0.0,0.0,0.0,0.56129575,402.0,71620.0,0.0,0.0,0.0,0.0,0.0,dataset_2024.csv,202406,False,True
2024,6,Ica,Chincha,Chincha Alta,MOVISTAR,0.0,0.0,0.0,0.0,11.967137,121608.0,3.9274569,8969.0,0.0,0.0,0.0,0.0,0.0,0.0,88.5963,119320.0,0.0,0.0,0.024780916,28932.0,0.0,97.227905,113514681.0,0.0,0.0,0.0,0.0,116751134.0,0.0,0.0,0.0,0.0,0.39064106,1899.0,486124.0,0.0,0.0,0.0,0.0,0.0,dataset_2024.csv,202406,False,True
2024,6,Ica,Chincha,Chincha Baja,MOVISTAR,0.0,0.0,0.0,0.0,11.555594,17816.0,4.258933,2432.0,0.0,0.0,0.0,0.0,0.0,0.0,89.55477,22941.0,0.0,0.0,0.5680789,107958.0,0.0,88.79131,16873948.0,0.0,0.0,0.0,0.0,19004052.0,0.0,0.0,0.0,0.0,0.67501694,637.0,94368.0,0.0,0.0,0.0,0.0,0.0,dataset_2024.csv,202406,False,True
2024,6,Ica,Chincha,El Carmen,MOVISTAR,0.0,0.0,0.0,0.0,14.4389515,19906.0,3.2113223,936.0,0.0,0.0,0.0,0.0,0.0,0.0,91.16455,20952.0,0.0,0.0,2.0707436,426028.0,0.0,88.75144,18259432.0,0.0,0.0,0.0,0.0,20573673.0,6.9905214,0.0,0.0,0.0,0.40184236,342.0,85108.0,0.0,0.0,0.0,0.0,0.0,dataset_2024.csv,202406,False,True
2024,6,Ica,Chincha,Pueblo Nuevo,MOVISTAR,0.0,0.0,0.0,0.0,10.961832,50107.0,3.076458,5475.0,0.0,0.0,0.0,0.0,0.0,0.0,88.94018,57816.0,0.0,0.0,0.014012009,8942.0,0.0,96.98907,61895207.0,0.0,0.0,0.0,0.0,63816686.0,0.0,0.0,0.0,0.0,0.40126976,943.0,235004.0,0.0,0.0,0.0,0.0,0.0,dataset_2024.csv,202406,False,True
2024,6,Ica,Chincha,Sunampe,MOVISTAR,0.0,0.0,0.0,0.0,12.719716,42976.0,3.8256133,2176.0,0.0,0.0,0.0,0.0,0.0,0.0,85.184044,41310.0,0.0,0.0,0.15642282,71079.0,0.0,96.13698,43684930.0,0.0,0.0,0.0,0.0,45440299.0,0.0,0.0,0.0,0.0,0.33512387,559.0,166804.0,0.0,0.0,0.0,0.0,0.0,dataset_2024.csv,202406,False,True
2024,6,Ica,Ica,Ica,MOVISTAR,4.7619243,19961.0,0.83048993,4205.0,10.034521,144871.0,2.4363592,12399.0,0.0,0.0,0.0,0.0,192.34776,11302.0,74.42902,202617.0,0.0,0.0,5.325953,12497233.0,0.0,93.58788,219601935.0,0.0,0.0,0.0,0.0,234647821.0,3.4407854,1584.0,46036.0,0.0,0.6832017,5697.0,833868.0,0.0,0.0,0.0,0.0,0.0,dataset_2024.csv,202406,True,False
2024,6,Ica,Ica,La Tinguiña,MOVISTAR,5.1489077,1436.0,0.7845011,508.0,8.413295,29017.0,3.7206838,1955.0,0.0,0.0,0.0,0.0,144.37454,1836.0,74.29824,29782.0,0.0,0.0,4.17629,1220505.0,0.0,95.432,27889639.0,0.0,0.0,0.0,0.0,29224621.0,2.3190348,173.0,7460.0,0.0,0.47729957,582.0,121936.0,0.0,0.0,0.0,0.0,0.0,dataset_2024.csv,202406,True,False
2024,6,Ica,Ica,Parcona,MOVISTAR,4.9296756,3313.0,0.69576377,820.0,11.410059,27074.0,5.1519446,3153.0,0.0,0.0,0.0,0.0,172.89758,1847.0,73.709755,30163.0,0.0,0.0,5.673484,1930094.0,0.0,92.50521,31469862.0,0.0,0.0,0.0,0.0,34019555.0,2.768903,208.0,7512.0,0.0,0.5101876,632.0,123876.0,0.0,0.0,0.0,0.0,0.0,dataset_2024.csv,202406,True,False
2024,6,Ica,Ica,Subtanjalla,MOVISTAR,3.3290503,1286.0,0.0,0.0,6.1722,12393.0,3.5125911,491.0,0.0,0.0,0.0,0.0,210.51706,1046.0,76.49991,16698.0,0.0,0.0,10.041988,1815795.0,0.0,89.535126,16189765.0,0.0,0.0,0.0,0.0,18082027.0,5.2325583,234.0,4472.0,0.0,0.9421074,662.0,70268.0,0.0,0.0,0.0,0.0,0.0,dataset_2024.csv,202406,True,False
2024,6,Junin,Chanchamayo,Chanchamayo,MOVISTAR,3.7146764,2725.0,0.8407542,1269.0,7.9612803,16814.0,2.231492,1131.0,0.0,0.0,0.0,0.0,225.00496,1457.0,77.63246,22100.0,0.0,0.0,7.40033,1781732.0,0.0,90.11489,21696409.0,0.0,0.0,0.0,0.0,24076385.0,5.7017546,351.0,6156.0,0.0,0.58698326,535.0,91144.0,0.0,0.0,0.0,0.0,0.0,dataset_2024.csv,202406,True,False
2024,6,Junin,Huancayo,Chilca,MOVISTAR,4.626898,13846.0,0.7290089,2709.0,8.033196,64575.0,3.0139048,4339.0,0.0,0.0,0.0,0.0,199.44446,8622.0,77.32644,78719.0,0.0,0.0,7.48623,7237965.0,0.0,90.88816,87874045.0,0.0,0.0,0.0,0.0,96683710.0,2.4886749,879.0,35320.0,0.0,1.0515065,3522.0,334948.0,0.0,0.0,0.0,0.0,0.0,dataset_2024.csv,202406,True,False
2024,6,Junin,Huancayo,El Tambo,MOVISTAR,4.4517465,10817.0,0.7920641,3866.0,10.230418,239450.0,3.370307,18424.0,0.0,0.0,0.0,0.0,197.4309,10193.0,74.34363,274990.0,0.0,0.0,3.7127535,12088169.0,0.0,95.48983,310900579.0,0.0,0.0,0.0,0.0,325585020.0,4.8731985,2083.0,42744.0,0.0,0.57445395,6509.0,1133076.0,0.0,0.0,0.0,0.0,0.0,dataset_2024.csv,202406,True,False
2024,6,Junin,Huancayo,Huancayo,MOVISTAR,4.2613254,20042.0,1.0826348,4710.0,9.004854,188661.0,2.776906,14802.0,0.0,0.0,0.0,0.0,211.43283,13605.0,75.60032,257872.0,0.0,0.0,3.635959,9341832.0,0.0,95.402054,245115515.0,0.0,0.0,62.0,0.0,256928977.0,4.4995737,2532.0,56272.0,0.0,0.678524,7256.0,1069380.0,0.0,0.0,0.0,0.0,0.0,dataset_2024.csv,202406,True,False
2024,6,Junin,Huancayo,Pilcomayo,MOVISTAR,4.2839375,733.0,0.0,0.0,6.3395314,14988.0,3.2952235,1086.0,0.0,0.0,0.0,0.0,223.55342,680.0,79.265495,18910.0,0.0,0.0,2.4970489,647647.0,0.0,97.2811,25231309.0,0.0,0.0,0.0,0.0,25936497.0,6.617647,189.0,2856.0,0.0,1.0470618,841.0,80320.0,0.0,0.0,0.0,0.0,0.0,dataset_2024.csv,202406,True,False
2024,6,Junin,Huancayo,San Agustin,MOVISTAR,3.4922528,1377.0,1.0452179,680.0,9.347518,28651.0,3.6396425,2501.0,0.0,0.0,0.0,0.0,182.33951,1067.0,73.505,26084.0,0.0,0.0,3.0953887,1014038.0,0.0,92.98468,30461441.0,0.0,0.0,0.0,0.0,32759634.0,5.683877,251.0,4416.0,0.0,0.6693787,724.0,108160.0,0.0,0.0,0.0,0.0,0.0,dataset_2024.csv,202406,True,False
2024,6,Junin,Junin,Carhuamayo,MOVISTAR,5.524696,1758.0,1.0787956,620.0,13.76287,34971.0,4.477232,4017.0,0.0,0.0,0.0,0.0,147.48787,1645.0,68.19875,24708.0,0.0,0.0,6.1276174,1207689.0,0.0,91.60906,18055183.0,0.0,0.0,0.0,0.0,19708949.0,2.936836,199.0,6776.0,0.0,0.35684383,358.0,100324.0,0.0,0.0,0.0,0.0,0.0,dataset_2024.csv,202406,True,False
2024,6,La Libertad,Trujillo,El Porvenir,MOVISTAR,4.822181,10960.0,1.0688896,3405.0,9.87921,63212.0,3.1914241,6303.0,0.0,0.0,0.0,0.0,229.60385,5308.0,76.91454,68907.0,0.0,0.0,7.8834434,7488430.0,0.0,90.95135,86394076.0,0.0,0.0,0.0,0.0,94989330.0,4.476216,1005.0,22452.0,0.0,1.0526352,3039.0,288704.0,0.0,0.0,0.0,0.0,0.0,dataset_2024.csv,202406,True,False
2024,6,La Libertad,Trujillo,La Esperanza,MOVISTAR,4.8040047,5172.0,0.89128125,1742.0,8.719963,69885.0,3.0192075,6977.0,0.0,0.0,0.0,0.0,203.45488,3609.0,76.00504,84219.0,0.0,0.0,5.9770365,6715634.0,0.0,92.81796,104287709.0,0.0,0.0,0.0,0.0,112357252.0,5.5439873,852.0,15368.0,0.0,0.9603855,3396.0,353608.0,0.0,0.0,0.0,0.0,0.0,dataset_2024.csv,202406,True,False
2024,6,La Libertad,Trujillo,Moche,MOVISTAR,5.449601,4696.0,0.71811116,1030.0,10.995592,29651.0,2.1170247,1920.0,0.0,0.0,0.0,0.0,265.40854,3153.0,72.98221,32010.0,0.0,0.0,7.7490454,2661378.0,0.0,91.15272,31306028.0,0.0,0.0,0.0,0.0,34344591.0,2.382825,303.0,12716.0,0.0,0.55533516,728.0,131092.0,0.0,0.0,0.0,0.0,0.0,dataset_2024.csv,202406,True,False
2024,6,La Libertad,Trujillo,Trujillo,MOVISTAR,4.9839454,30627.0,0.7215198,9823.0,11.434625,360767.0,3.2893624,29532.0,0.0,0.0,0.0,0.0,193.21089,25561.0,74.373886,431738.0,0.0,0.0,5.405323,23404196.0,0.0,94.19449,407847290.0,0.0,0.0,68.0,0.0,432984227.0,3.9741485,4163.0,104752.0,0.0,0.57488763,10157.0,1766780.0,0.0,0.0,0.0,0.0,0.0,dataset_2024.csv,202406,True,False
2024,6,La Libertad,Trujillo,Victor Larco Herrera,MOVISTAR,5.396913,4133.0,0.80145913,1718.0,11.556771,54608.0,2.5949252,3905.0,0.0,0.0,0.0,0.0,144.41217,2587.0,73.26843,67403.0,0.0,0.0,3.2300408,2077197.0,0.0,95.885414,61662653.0,0.0,0.0,0.0,0.0,64308691.0,3.6924248,388.0,10508.0,0.0,0.5687248,1571.0,276232.0,0.0,0.0,0.0,0.0,0.0,dataset_2024.csv,202406,True,False
2024,6,Lambayeque,Chiclayo,Chiclayo,MOVISTAR,4.7985497,19080.0,0.82343847,5271.0,10.529101,162552.0,3.4342337,15387.0,0.0,0.0,0.0,0.0,201.88696,10078.0,76.380615,211388.0,0.0,0.0,4.647339,10393858.0,0.0,94.998535,212465952.0,0.0,0.0,52.0,0.0,223651825.0,4.10309,1721.0,41944.0,0.0,0.71945506,6263.0,870520.0,0.0,0.0,0.0,0.0,0.0,dataset_2024.csv,202406,True,False
2024,6,Lambayeque,Chiclayo,Jose Leonardo Ortiz,MOVISTAR,5.161045,5705.0,0.9590282,1823.0,10.453873,73698.0,3.6137197,5047.0,0.0,0.0,0.0,0.0,206.01103,3691.0,75.516884,84833.0,0.0,0.0,4.717564,4410583.0,0.0,94.744125,88578937.0,0.0,0.0,0.0,0.0,93492801.0,4.291482,659.0,15356.0,0.0,0.52675635,1825.0,346460.0,0.0,0.0,0.0,0.0,0.0,dataset_2024.csv,202406,True,False
2024,6,Lambayeque,Chiclayo,La Victoria,MOVISTAR,5.7454767,2297.0,0.84420437,941.0,11.019594,46167.0,2.2849808,2907.0,0.0,0.0,0.0,0.0,167.2842,1946.0,74.74306,61494.0,0.0,0.0,2.9870439,2083627.0,0.0,96.80872,67529395.0,0.0,0.0,0.0,0.0,69755485.0,4.0781016,330.0,8092.0,0.0,0.48287448,1213.0,251204.0,0.0,0.0,0.0,0.0,0.0,dataset_2024.csv,202406,True,False
2024,6,Lambayeque,Chiclayo,Pimentel,MOVISTAR,4.060359,4498.0,0.7081629,1893.0,9.395086,58773.0,2.3044145,4862.0,0.0,0.0,0.0,0.0,158.35693,2822.0,77.31988,52902.0,0.0,0.0,4.6882877,3244322.0,0.0,94.99451,65736743.0,0.0,0.0,0.0,0.0,69200571.0,4.072553,476.0,11688.0,0.0,0.7647328,1674.0,218900.0,0.0,0.0,0.0,0.0,0.0,dataset_2024.csv,202406,True,False
2024,6,Lima,Cañete,Asia,MOVISTAR,4.0758104,4866.0,0.726837,1282.0,11.289588,20321.0,2.8481653,1636.0,0.0,0.0,0.0,0.0,285.4801,4854.0,74.35025,21735.0,0.0,0.0,21.097399,5642263.0,0.0,76.76733,20530561.0,0.0,0.0,272.0,0.0,26743880.0,2.1713383,440.0,20264.0,0.0,0.5779168,510.0,88248.0,0.0,0.0,0.0,0.0,0.0,dataset_2024.csv,202406,True,False
2024,6,Lima,Cañete,Cerro Azul,MOVISTAR,4.769627,2602.0,1.6103913,679.0,9.932391,19039.0,4.510042,1478.0,0.0,0.0,0.0,0.0,250.76349,804.0,77.10855,16681.0,0.0,0.0,5.391472,692594.0,0.0,92.54356,11888241.0,0.0,0.0,0.0,0.0,12846103.0,2.7609224,91.0,3296.0,0.0,0.4738372,326.0,68800.0,0.0,0.0,0.0,0.0,0.0,dataset_2024.csv,202406,True,False
2024,6,Lima,Cañete,Chilca,MOVISTAR,3.9020376,1848.0,0.8656134,450.0,7.5167656,26175.0,3.2145605,2718.0,0.0,0.0,0.0,0.0,316.00256,1424.0,76.869415,30041.0,0.0,0.0,4.7509694,1116805.0,0.0,93.790886,22047317.0,0.0,0.0,176.0,0.0,23506886.0,4.197995,268.0,6384.0,0.0,0.6205247,773.0,124572.0,0.0,0.0,0.0,0.0,0.0,dataset_2024.csv,202406,True,False
2024,6,Lima,Cañete,Mala,MOVISTAR,3.9364462,4545.0,0.7135597,1170.0,8.609099,55566.0,3.0815794,4869.0,0.0,0.0,0.0,0.0,279.51312,2829.0,76.54858,65266.0,0.0,0.0,6.866401,4838672.0,0.0,90.57902,63829969.0,0.0,0.0,50.0,0.0,70468822.0,3.3311126,400.0,12008.0,0.0,0.5448599,1466.0,269060.0,0.0,0.0,0.0,0.0,0.0,dataset_2024.csv,202406,True,False
2024,6,Lima,Huaura,Huaura,MOVISTAR,3.7313282,690.0,0.0,0.0,10.160851,9811.0,3.2327733,594.0,0.0,0.0,0.0,0.0,298.64612,646.0,77.15419,13632.0,0.0,0.0,4.763695,859907.0,0.0,92.830635,16757100.0,0.0,0.0,0.0,0.0,18051261.0,5.124654,148.0,2888.0,0.0,0.5717624,323.0,56492.0,0.0,0.0,0.0,0.0,0.0,dataset_2024.csv,202406,True,False
2024,6,Lima,Lima,Barranco,MOVISTAR,5.086653,3709.0,0.7210375,768.0,12.438241,39890.0,2.9182088,3056.0,0.0,0.0,0.0,0.0,288.18417,2514.0,72.45429,43074.0,0.0,0.0,6.5862894,2775898.0,0.0,86.801605,36583938.0,0.0,0.0,950.0,0.0,42146615.0,3.1797411,334.0,10504.0,0.0,0.33007082,576.0,174508.0,0.0,0.0,0.0,0.0,0.0,dataset_2024.csv,202406,True,False
2024,6,Lima,Lima,Breña,MOVISTAR,3.7460153,7787.0,0.71948427,2338.0,10.02768,97348.0,3.2667172,7606.0,0.0,0.0,0.0,0.0,281.0008,6177.0,75.549904,126111.0,0.0,0.0,4.3235326,5492654.0,0.0,93.70268,119040720.0,0.0,0.0,167.0,0.0,127040887.0,4.5134773,1219.0,27008.0,0.0,0.51575345,2663.0,516332.0,0.0,0.0,0.0,0.0,0.0,dataset_2024.csv,202406,True,False
2024,6,Lima,Lima,Carabayllo,MOVISTAR,7.030826,32900.0,2.1194775,16942.0,11.166638,136203.0,4.087425,11099.0,0.0,0.0,0.0,0.0,263.61566,11610.0,74.5975,157283.0,0.0,0.0,9.891048,19452007.0,0.0,89.02605,175081063.0,0.0,0.0,41.0,0.0,196662734.0,2.9527876,1466.0,49648.0,0.0,0.53084964,3414.0,643120.0,0.0,0.0,0.0,0.0,0.0,dataset_2024.csv,202406,True,False
2024,6,Lima,Lima,Comas,MOVISTAR,3.199383,45410.0,0.9711459,10217.0,10.225841,251037.0,3.2187884,19114.0,0.0,0.0,0.0,0.0,296.76218,25332.0,75.30041,311970.0,0.0,0.0,9.322625,39354515.0,0.0,88.48837,373544670.0,0.0,0.0,723.0,0.0,422139852.0,3.977415,4445.0,111756.0,0.0,0.7708025,9944.0,1290084.0,0.0,0.0,0.0,0.0,0.0,dataset_2024.csv,202406,True,False
2024,6,Lima,Lima,El Agustino,MOVISTAR,3.068709,9866.0,0.7241549,2514.0,9.295056,67792.0,2.5114481,5422.0,0.0,0.0,0.0,0.0,318.4031,5749.0,75.15546,84236.0,0.0,0.0,10.600862,13238937.0,0.0,87.3737,109117075.0,0.0,0.0,980.0,0.0,124885486.0,5.522104,1449.0,26240.0,0.0,0.8103138,2829.0,349124.0,0.0,0.0,0.0,0.0,0.0,dataset_2024.csv,202406,True,False
2024,6,Lima,Lima,Independencia,MOVISTAR,4.139481,20440.0,1.2372868,5209.0,10.627159,116195.0,3.930738,8813.0,0.0,0.0,0.0,0.0,257.14844,7766.0,74.592354,139809.0,0.0,0.0,7.045887,10289224.0,0.0,90.778946,132565984.0,0.0,0.0,99.0,0.0,146031635.0,4.344594,1461.0,33628.0,0.0,0.68910134,3973.0,576548.0,0.0,0.0,0.0,0.0,0.0,dataset_2024.csv,202406,True,False
2024,6,Lima,Lima,Los Olivos,MOVISTAR,3.4916525,30184.0,0.79727775,6929.0,10.00148,203470.0,2.9699829,13936.0,0.0,0.0,0.0,0.0,273.37488,15591.0,75.335884,253558.0,0.0,0.0,9.156554,33433229.0,0.0,89.5738,327059846.0,0.0,0.0,715.0,0.0,365128922.0,4.3152914,2918.0,67620.0,0.0,0.65496325,6832.0,1043112.0,0.0,0.0,0.0,0.0,0.0,dataset_2024.csv,202406,True,False
2024,6,Lima,Lima,Puente Piedra,MOVISTAR,2.9254825,15417.0,0.7161299,3956.0,10.060685,133290.0,3.9615963,16313.0,0.0,0.0,0.0,0.0,308.10086,8471.0,74.07366,159824.0,0.0,0.0,7.659667,14552376.0,0.0,90.19307,171355158.0,0.0,0.0,0.0,0.0,189987056.0,4.774197,1831.0,38352.0,0.0,0.6719449,4420.0,657792.0,0.0,0.0,0.0,0.0,0.0,dataset_2024.csv,202406,True,False
2024,6,Lima,Lima,Punta Negra,MOVISTAR,4.169586,1649.0,0.84099495,509.0,11.115817,9007.0,5.807202,1639.0,0.0,0.0,0.0,0.0,157.34764,767.0,72.12192,9627.0,0.0,0.0,11.749643,1155368.0,0.0,87.4028,8594508.0,0.0,0.0,503.0,0.0,9833218.0,2.0089285,63.0,3136.0,0.0,0.6052524,236.0,38992.0,0.0,0.0,0.0,0.0,0.0,dataset_2024.csv,202406,True,False
2024,6,Lima,Lima,San Juan De Lurigancho,MOVISTAR,3.5877576,54760.0,0.8193096,12397.0,9.854371,397128.0,3.3975291,31643.0,0.0,0.0,0.0,0.0,280.11545,29065.0,74.12485,455677.0,0.0,0.0,8.172593,47670891.0,0.0,89.85763,524141236.0,0.0,0.0,15292.0,0.0,583301905.0,4.023807,5084.0,126348.0,0.0,0.6535319,12303.0,1882540.0,0.0,0.0,0.0,0.0,0.0,dataset_2024.csv,202406,True,False
2024,6,Lima,Lima,San Luis,MOVISTAR,3.9132485,6744.0,0.7339655,1941.0,10.80576,55123.0,2.5707676,4252.0,0.0,0.0,0.0,0.0,204.26447,3854.0,74.36379,69521.0,0.0,0.0,4.137798,3285240.0,0.0,94.20782,74797100.0,0.0,0.0,2206.0,0.0,79395856.0,3.0356708,497.0,16372.0,0.0,0.58733904,1673.0,284844.0,0.0,0.0,0.0,0.0,0.0,dataset_2024.csv,202406,True,False
2024,6,Lima,Lima,San Martin De Porres,MOVISTAR,3.5214412,57933.0,0.709266,10819.0,9.926288,344414.0,3.3899336,31965.0,0.0,0.0,0.0,0.0,279.49652,33680.0,74.88608,422145.0,0.0,0.0,9.159411,50690530.0,0.0,89.04937,492822047.0,0.0,0.0,3885.0,0.0,553425640.0,3.5168893,5085.0,144588.0,0.0,0.5837558,10128.0,1734972.0,0.0,0.0,0.0,0.0,0.0,dataset_2024.csv,202406,True,False
2024,6,Piura,Piura,Castilla,MOVISTAR,5.3455815,7371.0,0.78683215,2547.0,9.910352,101696.0,2.822587,7871.0,0.0,0.0,0.0,0.0,250.71826,6902.0,78.71906,130776.0,0.0,0.0,3.6867397,5097110.0,0.0,95.3404,131813071.0,0.0,0.0,0.0,0.0,138255214.0,3.7145479,1053.0,28348.0,0.0,0.74989486,4065.0,542076.0,0.0,0.0,0.0,0.0,0.0,dataset_2024.csv,202406,True,False
2024,6,Piura,Piura,Catacaos,MOVISTAR,4.4481053,2090.0,0.99639595,700.0,8.665204,36879.0,4.26305,4326.0,0.0,0.0,0.0,0.0,161.34767,1747.0,78.787926,47929.0,0.0,0.0,2.064845,955981.0,0.0,96.72778,44782984.0,0.0,0.0,581.0,0.0,46297952.0,4.143415,297.0,7168.0,0.0,0.8243088,1635.0,198348.0,0.0,0.0,0.0,0.0,0.0,dataset_2024.csv,202406,True,False
2024,6,Piura,Piura,Piura,MOVISTAR,4.403888,9673.0,0.85646415,4354.0,10.418108,150729.0,2.9069822,12055.0,0.0,0.0,0.0,0.0,181.38701,8335.0,79.86977,210144.0,0.0,0.0,4.2490497,8613254.0,0.0,95.066574,192709564.0,0.0,0.0,37.0,0.0,202710121.0,3.99201,1379.0,34544.0,0.0,0.702131,6077.0,865508.0,0.0,0.0,0.0,0.0,0.0,dataset_2024.csv,202406,True,False
2024,6,Piura,Piura,Veintiseis De Octubre,MOVISTAR,8.117517,6921.0,0.86327696,1911.0,8.333631,74527.0,3.3421426,8891.0,0.0,0.0,0.0,0.0,210.75006,4327.0,80.981155,100570.0,0.0,0.0,2.7052026,3189421.0,0.0,97.013725,114378718.0,0.0,0.0,0.0,0.0,117899522.0,4.4792585,812.0,18128.0,0.0,1.0400087,4391.0,422208.0,0.0,0.0,0.0,0.0,0.0,dataset_2024.csv,202406,True,False
2024,6,Puno,Puno,Puno,MOVISTAR,4.2965837,16472.0,0.73480666,4794.0,9.434955,198296.0,3.6925979,15287.0,0.0,0.0,0.0,0.0,234.18436,11173.0,84.84417,235805.0,0.0,0.0,4.418314,10743432.0,0.0,94.61991,230074757.0,0.0,0.0,0.0,0.0,243156818.0,6.81743,3298.0,48376.0,0.0,0.8784145,8604.0,979492.0,0.0,0.0,0.0,0.0,0.0,dataset_2024.csv,202406,True,False
2024,6,Puno,San Roman,Caracoto,MOVISTAR,3.366788,1408.0,0.8763639,486.0,7.1848006,5685.0,0.0,0.0,0.0,0.0,0.0,0.0,266.09976,997.0,86.60243,7385.0,0.0,0.0,11.207578,932349.0,0.0,86.34875,7183280.0,0.0,0.0,0.0,0.0,8318916.0,6.864482,310.0,4516.0,0.0,1.4578834,459.0,31484.0,0.0,0.0,0.0,0.0,0.0,dataset_2024.csv,202406,True,False
2024,6,Puno,San Roman,Juliaca,MOVISTAR,4.6652517,30294.0,0.78222597,8765.0,9.197942,259586.0,3.4559476,17770.0,0.0,0.0,0.0,0.0,251.41951,17952.0,81.72052,282433.0,0.0,0.0,6.075434,16636852.0,0.0,92.80817,254144097.0,0.0,0.0,427.0,0.0,273838078.0,6.339124,5050.0,79664.0,0.0,1.1554672,13719.0,1187312.0,0.0,0.0,0.0,0.0,0.0,dataset_2024.csv,202406,True,False
2024,6,Puno,San Roman,San Miguel,MOVISTAR,3.608495,5960.0,0.70921844,2065.0,8.328288,38629.0,2.9693751,3013.0,0.0,0.0,0.0,0.0,290.26523,3244.0,85.04937,33780.0,0.0,0.0,6.6183305,2618213.0,0.0,92.84746,36730476.0,0.0,0.0,0.0,0.0,39560023.0,6.9685693,1011.0,14508.0,0.0,1.5383137,2242.0,145744.0,0.0,0.0,0.0,0.0,0.0,dataset_2024.csv,202406,True,False
2024,6,San Martin,Moyobamba,Moyobamba,MOVISTAR,4.5624156,2406.0,0.6538336,686.0,10.784507,42582.0,2.4459376,2051.0,0.0,0.0,0.0,0.0,266.0018,1974.0,92.951256,59463.0,0.0,0.0,4.1930175,2481751.0,0.0,95.069824,56269651.0,0.0,0.0,0.0,0.0,59187711.0,6.0197663,536.0,8904.0,0.0,0.91793007,2279.0,248276.0,0.0,0.0,0.0,0.0,0.0,dataset_2024.csv,202406,True,False
2024,6,Tacna,Candarave,Camilaca,MOVISTAR,3.504978,3089.0,0.9957472,749.0,5.425518,4468.0,4.1333137,929.0,0.0,0.0,0.0,0.0,195.8205,490.0,104.19656,1566.0,0.0,0.0,37.17198,1464181.0,0.0,60.505917,2383290.0,0.0,0.0,0.0,0.0,3938937.0,6.0721064,128.0,2108.0,0.0,2.6300743,184.0,6996.0,0.0,0.0,0.0,0.0,0.0,dataset_2024.csv,202406,True,False
2024,6,Tumbes,Contralmirante Villar,Canoas De Punta Sal,MOVISTAR,4.3566337,1080.0,0.0,0.0,10.356271,13629.0,3.7770479,1221.0,0.0,0.0,0.0,0.0,176.5103,1120.0,76.948326,16304.0,0.0,0.0,4.942188,802018.0,0.0,94.47728,15331768.0,0.0,0.0,0.0,0.0,16227995.0,3.3333333,156.0,4680.0,0.0,0.6715784,443.0,65964.0,0.0,0.0,0.0,0.0,0.0,dataset_2024.csv,202406,True,False
2024,6,Tumbes,Tumbes,Tumbes,MOVISTAR,5.932637,2677.0,1.3235569,683.0,11.899734,78304.0,4.0137763,8990.0,0.0,0.0,0.0,0.0,232.381,1874.0,81.68043,76006.0,0.0,0.0,2.6212928,2139500.0,0.0,96.877815,79071699.0,0.0,0.0,0.0,0.0,81620028.0,3.3568442,257.0,7656.0,0.0,0.42461887,1318.0,310396.0,0.0,0.0,0.0,0.0,0.0,dataset_2024.csv,202406,True,False
2024,7,Arequipa,Arequipa,Alto Selva Alegre,MOVISTAR,4.2373576,2416.0,0.63417417,877.0,10.71181,28721.0,3.604282,2312.0,0.0,0.0,0.0,0.0,215.24426,2027.0,80.57224,35335.0,0.0,0.0,5.0553637,2655987.0,0.0,94.53961,49669224.0,0.0,0.0,0.0,0.0,52538003.0,4.581395,394.0,8600.0,0.0,0.78978264,1157.0,146496.0,0.0,0.0,0.0,0.0,0.0,dataset_2024.csv,202407,True,False
2024,7,Arequipa,Arequipa,Cayma,MOVISTAR,4.587809,3991.0,0.67893386,1026.0,9.769736,53827.0,2.8328407,2939.0,0.0,0.0,0.0,0.0,205.87932,3134.0,79.32669,67387.0,0.0,0.0,2.8973296,2371819.0,0.0,96.22227,78769710.0,0.0,0.0,71.0,0.0,81862246.0,4.3501368,573.0,13172.0,0.0,0.97232956,2717.0,279432.0,0.0,0.0,0.0,0.0,0.0,dataset_2024.csv,202407,True,False
2024,7,Arequipa,Arequipa,Jacobo Hunter,MOVISTAR,5.209937,2743.0,0.6733568,793.0,9.422126,29957.0,3.225648,2559.0,0.0,0.0,0.0,0.0,215.33298,2107.0,81.09373,34694.0,0.0,0.0,4.667858,2022332.0,0.0,94.607025,40988138.0,0.0,0.0,0.0,0.0,43324624.0,4.0232453,360.0,8948.0,0.0,1.001014,1461.0,145952.0,0.0,0.0,0.0,0.0,0.0,dataset_2024.csv,202407,True,False
2024,7,Arequipa,Arequipa,Jose Luis Bustamante Y Rivero,MOVISTAR,8.085411,4749.0,0.88452506,1299.0,10.292402,66888.0,3.7676852,5023.0,0.0,0.0,0.0,0.0,193.44809,3621.0,80.44966,96271.0,0.0,0.0,3.3087525,3520780.0,0.0,94.826385,100902938.0,0.0,0.0,0.0,0.0,106408080.0,4.309896,662.0,15360.0,0.0,0.81781924,3256.0,398132.0,0.0,0.0,0.0,0.0,0.0,dataset_2024.csv,202407,True,False
2024,7,Arequipa,Arequipa,Mariano Melgar,MOVISTAR,4.4673634,4315.0,0.6980378,920.0,9.239058,31835.0,3.0263555,2070.0,0.0,0.0,0.0,0.0,206.38426,2717.0,80.95961,37110.0,0.0,0.0,5.8597546,2542081.0,0.0,93.58697,40599937.0,0.0,0.0,0.0,0.0,43382040.0,3.29066,365.0,11092.0,0.0,0.8172218,1263.0,154548.0,0.0,0.0,0.0,0.0,0.0,dataset_2024.csv,202407,True,False
2024,7,Arequipa,Arequipa,Miraflores,MOVISTAR,5.484738,4386.0,0.9357372,946.0,11.188138,51999.0,3.7923126,3468.0,0.0,0.0,0.0,0.0,147.47414,4688.0,77.25758,65372.0,0.0,0.0,4.882932,2668516.0,0.0,94.82338,51820852.0,0.0,0.0,0.0,0.0,54649869.0,2.0050387,382.0,19052.0,0.0,0.55273706,1473.0,266492.0,0.0,0.0,0.0,0.0,0.0,dataset_2024.csv,202407,True,False
2024,7,Arequipa,Arequipa,Paucarpata,MOVISTAR,5.3724446,6186.0,0.7321022,2085.0,10.251083,62188.0,3.896187,5349.0,0.0,0.0,0.0,0.0,208.13725,5258.0,79.87912,84646.0,0.0,0.0,6.5666313,6348515.0,0.0,93.01612,89926510.0,0.0,0.0,0.0,0.0,96678415.0,4.755854,1048.0,22036.0,0.0,0.9505347,3349.0,352328.0,0.0,0.0,0.0,0.0,0.0,dataset_2024.csv,202407,True,False
2024,7,Arequipa,Arequipa,Sachaca,MOVISTAR,3.860109,1107.0,0.0,0.0,8.615006,16291.0,2.8853135,768.0,0.0,0.0,0.0,0.0,222.17155,867.0,80.299194,18042.0,0.0,0.0,4.9755473,741440.0,0.0,94.450554,14074717.0,0.0,0.0,0.0,0.0,14901677.0,5.048335,188.0,3724.0,0.0,0.9890257,739.0,74720.0,0.0,0.0,0.0,0.0,0.0,dataset_2024.csv,202407,True,False
2024,7,Arequipa,Arequipa,Socabaya,MOVISTAR,3.6270614,2627.0,0.6681456,617.0,9.047437,29347.0,3.4639719,2250.0,0.0,0.0,0.0,0.0,182.77231,1750.0,80.51517,36146.0,0.0,0.0,3.9268842,1704535.0,0.0,95.48764,41448134.0,0.0,0.0,0.0,0.0,43406805.0,4.6352167,338.0,7292.0,0.0,0.9369541,1416.0,151128.0,0.0,0.0,0.0,0.0,0.0,dataset_2024.csv,202407,True,False
2024,7,Arequipa,Arequipa,Tiabaya,MOVISTAR,4.8334494,1646.0,0.7082938,401.0,8.625727,12582.0,3.6465428,1317.0,0.0,0.0,0.0,0.0,217.90727,1289.0,83.64667,14706.0,0.0,0.0,4.8341846,607896.0,0.0,94.4067,11871590.0,0.0,0.0,0.0,0.0,12574944.0,3.959276,210.0,5304.0,0.0,0.78838307,487.0,61772.0,0.0,0.0,0.0,0.0,0.0,dataset_2024.csv,202407,True,False
2024,7,Arequipa,Arequipa,Yanahuara,MOVISTAR,4.2107844,762.0,0.0,0.0,12.741987,16216.0,3.1610887,1115.0,0.0,0.0,0.0,0.0,196.89207,530.0,78.42206,28478.0,0.0,0.0,1.6580521,452963.0,0.0,97.36784,26599906.0,0.0,0.0,25.0,0.0,27318985.0,4.2328043,96.0,2268.0,0.0,0.6881839,800.0,116248.0,0.0,0.0,0.0,0.0,0.0,dataset_2024.csv,202407,True,False
2024,7,Ayacucho,Huamanga,Carmen Alto,MOVISTAR,2.9033437,3030.0,0.5249193,671.0,7.862544,8121.0,0.0,0.0,0.0,0.0,0.0,0.0,235.12425,1938.0,79.10723,10444.0,0.0,0.0,7.7571177,1450320.0,0.0,91.00472,17014821.0,0.0,0.0,0.0,0.0,18696635.0,3.6224976,304.0,8392.0,0.0,1.2608895,550.0,43620.0,0.0,0.0,0.0,0.0,0.0,dataset_2024.csv,202407,True,False
2024,7,Cajamarca,Celendin,Celendin,MOVISTAR,4.6134353,7000.0,0.56222934,663.0,8.647304,9109.0,3.0293489,585.0,0.0,0.0,0.0,0.0,282.69186,2633.0,78.96618,13310.0,0.0,0.0,11.603123,1824212.0,0.0,87.25084,13717344.0,0.0,0.0,0.0,0.0,15721733.0,4.2019906,456.0,10852.0,0.0,0.6169918,339.0,54944.0,0.0,0.0,0.0,0.0,0.0,dataset_2024.csv,202407,True,False
2024,7,Cajamarca,Santa Cruz,Santa Cruz,MOVISTAR,3.0894997,933.0,0.0,0.0,8.152877,15902.0,3.4953291,712.0,0.0,0.0,0.0,0.0,254.14792,903.0,83.55543,19138.0,0.0,0.0,6.154238,818655.0,0.0,92.8502,12351208.0,0.0,0.0,0.0,0.0,13302296.0,8.000997,321.0,4012.0,0.0,1.0254174,823.0,80260.0,0.0,0.0,0.0,0.0,0.0,dataset_2024.csv,202407,True,False
2024,7,Callao,Callao,Mi Peru,MOVISTAR,3.5003338,4241.0,0.97016865,588.0,12.747094,13849.0,4.852549,1932.0,0.0,0.0,0.0,0.0,310.56357,1036.0,75.91896,16842.0,0.0,0.0,7.7891817,2494439.0,0.0,90.5893,29010683.0,0.0,0.0,0.0,0.0,32024403.0,4.4168096,206.0,4664.0,0.0,0.731272,508.0,69468.0,0.0,0.0,0.0,0.0,0.0,dataset_2024.csv,202407,True,False
2024,7,Cusco,Acomayo,Pomacanchi,MOVISTAR,0.0,0.0,0.0,0.0,12.169148,3616.0,0.0,0.0,0.0,0.0,0.0,0.0,0.0,0.0,81.82771,5987.0,0.0,0.0,1.9097661,72987.0,0.0,96.46408,3686642.0,0.0,0.0,0.0,0.0,3821777.0,2.8368795,0.0,0.0,0.0,0.26622295,64.0,24040.0,0.0,0.0,0.0,0.0,0.0,dataset_2024.csv,202407,False,True
2024,7,Cusco,Cusco,Cusco,MOVISTAR,3.3346786,6656.0,0.70210624,2198.0,7.6205325,66195.0,2.503394,5074.0,0.0,0.0,0.0,0.0,276.61496,4867.0,87.845436,94106.0,0.0,0.0,5.3888993,5665874.0,0.0,91.860115,96581478.0,0.0,0.0,1058.0,0.0,105139728.0,7.290139,1591.0,21824.0,0.0,1.7330792,7018.0,404944.0,0.0,0.0,0.0,0.0,0.0,dataset_2024.csv,202407,True,False
2024,7,Cusco,Cusco,San Jeronimo,MOVISTAR,4.3719244,5756.0,0.69210994,953.0,8.69526,65189.0,5.3167405,6568.0,0.0,0.0,0.0,0.0,210.82426,2668.0,85.36046,63358.0,0.0,0.0,5.5389266,3031958.0,0.0,93.30874,51076351.0,0.0,0.0,0.0,0.0,54739088.0,5.415483,610.0,11264.0,0.0,0.9942969,2657.0,267224.0,0.0,0.0,0.0,0.0,0.0,dataset_2024.csv,202407,True,False
2024,7,Cusco,Cusco,San Sebastian,MOVISTAR,4.5983377,5797.0,0.6414703,1074.0,9.455156,55737.0,3.057533,3620.0,0.0,0.0,0.0,0.0,230.39464,3213.0,86.129585,65041.0,0.0,0.0,6.5988407,5849688.0,0.0,91.268326,80906821.0,0.0,0.0,0.0,0.0,88647208.0,5.7385373,791.0,13784.0,0.0,1.3728051,3784.0,275640.0,0.0,0.0,0.0,0.0,0.0,dataset_2024.csv,202407,True,False
2024,7,Cusco,Cusco,Santiago,MOVISTAR,3.7449353,3121.0,0.6179077,951.0,7.6901455,42730.0,3.592703,2968.0,0.0,0.0,0.0,0.0,233.08893,2233.0,86.65637,58225.0,0.0,0.0,3.8679016,2259185.0,0.0,94.3263,55094622.0,0.0,0.0,0.0,0.0,58408545.0,6.9410567,683.0,9840.0,0.0,1.3763319,3410.0,247760.0,0.0,0.0,0.0,0.0,0.0,dataset_2024.csv,202407,True,False
2024,7,Cusco,Cusco,Wanchaq,MOVISTAR,3.5993338,7292.0,0.60706794,1920.0,8.759349,67982.0,2.8735352,4722.0,0.0,0.0,0.0,0.0,237.99855,6028.0,85.89433,99967.0,0.0,0.0,4.1824408,3915714.0,0.0,95.06174,88999371.0,0.0,0.0,58.0,0.0,93622703.0,4.526096,1169.0,25828.0,0.0,1.3081974,5523.0,422184.0,0.0,0.0,0.0,0.0,0.0,dataset_2024.csv,202407,True,False
2024,7,Cusco,La Convencion,Echarate,MOVISTAR,5.288225,1505.0,0.0,0.0,8.390471,23787.0,5.1040525,6580.0,0.0,0.0,0.0,0.0,284.7775,1074.0,93.057655,17473.0,0.0,0.0,4.1308985,1054133.0,0.0,61.970882,15813884.0,0.0,0.0,0.0,0.0,25518249.0,5.734919,270.0,4708.0,0.0,2.6844943,2072.0,77184.0,0.0,0.0,0.0,0.0,0.0,dataset_2024.csv,202407,True,False
2024,7,Huancavelica,Tayacaja,Pampas,MOVISTAR,4.349085,875.0,0.0,0.0,10.078242,11690.0,3.4282184,702.0,0.0,0.0,0.0,0.0,244.49803,977.0,75.84201,14790.0,0.0,0.0,6.4626637,749857.0,0.0,92.99914,10790605.0,0.0,0.0,0.0,0.0,11602909.0,4.3612967,183.0,4196.0,0.0,0.9549729,593.0,62096.0,0.0,0.0,0.0,0.0,0.0,dataset_2024.csv,202407,True,False
2024,7,Ica,Chincha,Alto Laran,MOVISTAR,0.0,0.0,0.0,0.0,10.519789,19716.0,3.202719,4236.0,0.0,0.0,0.0,0.0,0.0,0.0,90.58842,16773.0,0.0,0.0,0.3971755,53779.0,0.0,92.23777,12489328.0,0.0,0.0,0.0,0.0,13540362.0,0.0,0.0,0.0,0.0,0.45981723,314.0,68288.0,0.0,0.0,0.0,0.0,0.0,dataset_2024.csv,202407,False,True
2024,7,Ica,Chincha,Chincha Alta,MOVISTAR,0.0,0.0,0.0,0.0,12.6970415,113810.0,3.789967,8995.0,0.0,0.0,0.0,0.0,0.0,0.0,88.99782,119839.0,0.0,0.0,0.01486316,16858.0,0.0,98.15902,111333305.0,0.0,0.0,402.0,0.0,113421369.0,0.0,0.0,0.0,0.0,0.37220082,1815.0,487640.0,0.0,0.0,0.0,0.0,0.0,dataset_2024.csv,202407,False,True
2024,7,Ica,Chincha,Chincha Baja,MOVISTAR,0.0,0.0,0.0,0.0,10.261781,16471.0,2.306769,1167.0,0.0,0.0,0.0,0.0,0.0,0.0,92.37381,22915.0,0.0,0.0,1.0126758,206400.0,0.0,89.95472,18334255.0,0.0,0.0,0.0,0.0,20381648.0,5.11811,0.0,0.0,0.0,0.77128106,735.0,95296.0,0.0,0.0,0.0,0.0,0.0,dataset_2024.csv,202407,False,True
2024,7,Ica,Chincha,El Carmen,MOVISTAR,0.0,0.0,0.0,0.0,14.423996,13218.0,2.8474193,694.0,0.0,0.0,0.0,0.0,0.0,0.0,91.375206,15396.0,0.0,0.0,2.760602,422827.0,0.0,87.22082,13359157.0,0.0,0.0,0.0,0.0,15316478.0,3.0991735,0.0,0.0,0.0,0.4547195,285.0,62676.0,0.0,0.0,0.0,0.0,0.0,dataset_2024.csv,202407,False,True
2024,7,Ica,Chincha,Pueblo Nuevo,MOVISTAR,0.0,0.0,0.0,0.0,11.613693,46497.0,3.851359,5125.0,0.0,0.0,0.0,0.0,0.0,0.0,88.60376,53687.0,0.0,0.0,0.026359636,15148.0,0.0,97.0463,55769261.0,0.0,0.0,0.0,0.0,57466650.0,0.0,0.0,0.0,0.0,0.3980295,871.0,218828.0,0.0,0.0,0.0,0.0,0.0,dataset_2024.csv,202407,False,True
2024,7,Ica,Chincha,Sunampe,MOVISTAR,0.0,0.0,0.0,0.0,11.351917,34509.0,3.73201,1843.0,0.0,0.0,0.0,0.0,0.0,0.0,85.36023,36468.0,0.0,0.0,0.12714165,49875.0,0.0,97.47625,38237885.0,0.0,0.0,0.0,0.0,39227900.0,0.0,0.0,0.0,0.0,0.32426125,478.0,147412.0,0.0,0.0,0.0,0.0,0.0,dataset_2024.csv,202407,False,True
2024,7,Ica,Ica,Ica,MOVISTAR,5.488392,14890.0,0.758635,3455.0,10.266493,141733.0,3.012997,11147.0,0.0,0.0,0.0,0.0,188.48125,8228.0,75.75025,188791.0,0.0,0.0,4.9048934,10075199.0,0.0,93.60065,192266186.0,0.0,0.0,545.0,0.0,205411176.0,3.566781,1206.0,33812.0,0.0,0.8294081,6487.0,782124.0,0.0,0.0,0.0,0.0,0.0,dataset_2024.csv,202407,True,False
2024,7,Ica,Ica,La Tinguiña,MOVISTAR,4.5947466,1302.0,0.69060045,459.0,8.41125,26140.0,2.8574677,1536.0,0.0,0.0,0.0,0.0,148.21254,1477.0,75.533844,27470.0,0.0,0.0,4.1706805,962560.0,0.0,95.63689,22072235.0,0.0,0.0,0.0,0.0,23079207.0,3.3112583,200.0,6040.0,0.0,0.5093739,576.0,113080.0,0.0,0.0,0.0,0.0,0.0,dataset_2024.csv,202407,True,False
2024,7,Ica,Ica,Parcona,MOVISTAR,4.4768767,1834.0,0.9159757,530.0,9.695201,23837.0,4.787932,1965.0,0.0,0.0,0.0,0.0,189.88597,1506.0,74.657776,34497.0,0.0,0.0,5.5841465,2027153.0,0.0,91.629555,33263298.0,0.0,0.0,0.0,0.0,36301930.0,3.488372,216.0,6192.0,0.0,0.53028166,753.0,142000.0,0.0,0.0,0.0,0.0,0.0,dataset_2024.csv,202407,True,False
2024,7,Ica,Ica,Subtanjalla,MOVISTAR,4.0243545,1300.0,0.0,0.0,8.199811,15464.0,3.2063026,697.0,0.0,0.0,0.0,0.0,215.89801,953.0,76.68753,16782.0,0.0,0.0,10.341123,2298488.0,0.0,88.5851,19689525.0,0.0,0.0,0.0,0.0,22226678.0,5.8574276,235.0,4012.0,0.0,0.835611,587.0,70248.0,0.0,0.0,0.0,0.0,0.0,dataset_2024.csv,202407,True,False
2024,7,Junin,Chanchamayo,Chanchamayo,MOVISTAR,4.3091393,1521.0,0.89411646,672.0,8.569194,16595.0,2.70434,1092.0,0.0,0.0,0.0,0.0,233.7049,1594.0,77.64961,26026.0,0.0,0.0,5.7226253,1466331.0,0.0,90.26833,23129814.0,0.0,0.0,0.0,0.0,25623398.0,5.127833,353.0,6884.0,0.0,0.57730454,617.0,106876.0,0.0,0.0,0.0,0.0,0.0,dataset_2024.csv,202407,True,False
2024,7,Junin,Huancayo,Chilca,MOVISTAR,4.886394,16648.0,0.81048936,3369.0,8.060274,67424.0,2.5201237,3595.0,0.0,0.0,0.0,0.0,189.21843,8618.0,77.75652,73836.0,0.0,0.0,7.4777765,6092088.0,0.0,90.61359,73822206.0,0.0,0.0,0.0,0.0,81469244.0,2.3649802,832.0,35180.0,0.0,1.1082444,3488.0,314732.0,0.0,0.0,0.0,0.0,0.0,dataset_2024.csv,202407,True,False
2024,7,Junin,Huancayo,El Tambo,MOVISTAR,4.3664393,12264.0,0.92405355,4661.0,10.004545,220481.0,2.9594378,15268.0,0.0,0.0,0.0,0.0,198.863,10964.0,75.20751,267180.0,0.0,0.0,3.8566153,11428697.0,0.0,95.26719,282314882.0,0.0,0.0,0.0,0.0,296340088.0,4.8517814,2239.0,46148.0,0.0,0.5683199,6267.0,1102724.0,0.0,0.0,0.0,0.0,0.0,dataset_2024.csv,202407,True,False
2024,7,Junin,Huancayo,Huancayo,MOVISTAR,4.3732557,12593.0,0.89773345,3135.0,9.104504,178995.0,2.8454063,13547.0,0.0,0.0,0.0,0.0,203.45822,10553.0,75.996284,245943.0,0.0,0.0,3.4457493,7791832.0,0.0,94.37355,213405786.0,0.0,0.0,0.0,0.0,226128811.0,4.814189,2109.0,43808.0,0.0,0.67665887,6901.0,1019864.0,0.0,0.0,0.0,0.0,0.0,dataset_2024.csv,202407,True,False
2024,7,Junin,Huancayo,Pilcomayo,MOVISTAR,3.3180594,2317.0,0.5803189,763.0,6.2245474,20906.0,2.7745953,2100.0,0.0,0.0,0.0,0.0,228.49333,1468.0,78.75766,26249.0,0.0,0.0,5.5774713,1753713.0,0.0,94.1905,29616129.0,0.0,0.0,0.0,0.0,31442798.0,6.868305,436.0,6348.0,0.0,1.1836921,1346.0,113712.0,0.0,0.0,0.0,0.0,0.0,dataset_2024.csv,202407,True,False
2024,7,Junin,Huancayo,San Agustin,MOVISTAR,4.8947554,881.0,0.8701675,422.0,9.520856,25399.0,3.7755773,1954.0,0.0,0.0,0.0,0.0,211.2576,883.0,74.19365,26238.0,0.0,0.0,2.6433861,795447.0,0.0,93.54194,28148614.0,0.0,0.0,0.0,0.0,30091972.0,4.6386194,172.0,3708.0,0.0,0.76241916,830.0,108864.0,0.0,0.0,0.0,0.0,0.0,dataset_2024.csv,202407,True,False
2024,7,Junin,Junin,Carhuamayo,MOVISTAR,5.295776,1488.0,1.087664,501.0,11.471826,26809.0,3.8847425,2698.0,0.0,0.0,0.0,0.0,163.83833,1390.0,68.88929,21174.0,0.0,0.0,5.174072,808192.0,0.0,93.39264,14587967.0,0.0,0.0,0.0,0.0,15620039.0,2.5438597,145.0,5700.0,0.0,0.32662964,280.0,85724.0,0.0,0.0,0.0,0.0,0.0,dataset_2024.csv,202407,True,False
2024,7,La Libertad,Trujillo,El Porvenir,MOVISTAR,4.723261,9145.0,0.9230461,3819.0,9.12926,60615.0,3.0026584,5845.0,0.0,0.0,0.0,0.0,227.85152,5747.0,76.84961,73026.0,0.0,0.0,7.712868,6981294.0,0.0,91.43142,82759044.0,0.0,0.0,0.0,0.0,90514886.0,4.5788603,1109.0,24220.0,0.0,0.96413344,2958.0,306804.0,0.0,0.0,0.0,0.0,0.0,dataset_2024.csv,202407,True,False
2024,7,La Libertad,Trujillo,La Esperanza,MOVISTAR,4.3793545,4308.0,0.78898036,1432.0,9.592926,70644.0,2.4985573,5583.0,0.0,0.0,0.0,0.0,206.28462,3277.0,75.814186,88279.0,0.0,0.0,5.0315285,5079653.0,0.0,94.11333,95013479.0,0.0,0.0,10.0,0.0,100956459.0,4.991269,686.0,13744.0,0.0,0.74162316,2733.0,368516.0,0.0,0.0,0.0,0.0,0.0,dataset_2024.csv,202407,True,False
2024,7,La Libertad,Trujillo,Moche,MOVISTAR,4.2626247,1016.0,1.0296276,421.0,10.941352,25808.0,2.3486524,2528.0,0.0,0.0,0.0,0.0,207.66048,928.0,73.44298,31120.0,0.0,0.0,3.2941546,1032910.0,0.0,96.39773,30226323.0,0.0,0.0,0.0,0.0,31355845.0,5.870237,228.0,3884.0,0.0,0.57208776,729.0,127428.0,0.0,0.0,0.0,0.0,0.0,dataset_2024.csv,202407,True,False
2024,7,La Libertad,Trujillo,Trujillo,MOVISTAR,4.8050437,19722.0,0.7674621,6801.0,11.789335,340373.0,3.3092387,27438.0,0.0,0.0,0.0,0.0,190.99106,17410.0,74.758354,407812.0,0.0,0.0,4.5305815,17342540.0,0.0,95.12715,364135687.0,0.0,0.0,444.0,0.0,382788373.0,4.2969627,3067.0,71376.0,0.0,0.5268921,8805.0,1671120.0,0.0,0.0,0.0,0.0,0.0,dataset_2024.csv,202407,True,False
2024,7,La Libertad,Trujillo,Victor Larco Herrera,MOVISTAR,5.70496,5064.0,0.8455838,1560.0,10.85507,56740.0,2.6434991,4245.0,0.0,0.0,0.0,0.0,148.50961,2885.0,73.471214,73333.0,0.0,0.0,3.607384,2296611.0,0.0,95.785446,60981008.0,0.0,0.0,0.0,0.0,63664170.0,3.9168937,460.0,11744.0,0.0,0.4946966,1485.0,300184.0,0.0,0.0,0.0,0.0,0.0,dataset_2024.csv,202407,True,False
2024,7,Lambayeque,Chiclayo,Chiclayo,MOVISTAR,4.773768,17068.0,0.77206534,5607.0,10.318794,160730.0,3.2459106,13389.0,0.0,0.0,0.0,0.0,208.04852,10536.0,77.20963,206362.0,0.0,0.0,5.0554333,10345447.0,0.0,94.27526,192925047.0,0.0,0.0,9.0,0.0,204640158.0,4.4105597,1938.0,43940.0,0.0,0.66625875,5662.0,849820.0,0.0,0.0,0.0,0.0,0.0,dataset_2024.csv,202407,True,False
2024,7,Lambayeque,Chiclayo,Jose Leonardo Ortiz,MOVISTAR,4.993359,5669.0,0.9131431,1502.0,11.072585,67850.0,3.6974235,4668.0,0.0,0.0,0.0,0.0,183.9546,3753.0,76.70156,82639.0,0.0,0.0,6.190397,5588723.0,0.0,93.16456,84109458.0,0.0,0.0,0.0,0.0,90280532.0,4.146279,644.0,15532.0,0.0,0.54539764,1847.0,338652.0,0.0,0.0,0.0,0.0,0.0,dataset_2024.csv,202407,True,False
2024,7,Lambayeque,Chiclayo,La Victoria,MOVISTAR,4.0678535,3220.0,0.82060754,1349.0,11.396543,50191.0,2.6480076,3714.0,0.0,0.0,0.0,0.0,195.72081,2354.0,75.52768,65028.0,0.0,0.0,3.882651,2332122.0,0.0,95.87425,57587058.0,0.0,0.0,0.0,0.0,60065197.0,4.4220486,430.0,9724.0,0.0,0.464193,1237.0,266484.0,0.0,0.0,0.0,0.0,0.0,dataset_2024.csv,202407,True,False
2024,7,Lambayeque,Chiclayo,Pimentel,MOVISTAR,3.9685767,4019.0,0.7380305,1650.0,9.926509,39022.0,2.884709,2651.0,0.0,0.0,0.0,0.0,184.1221,2550.0,79.09091,42187.0,0.0,0.0,4.1760283,2321042.0,0.0,95.241264,52935223.0,0.0,0.0,0.0,0.0,55580134.0,4.30613,458.0,10636.0,0.0,0.7588725,1330.0,175260.0,0.0,0.0,0.0,0.0,0.0,dataset_2024.csv,202407,True,False
2024,7,Lima,Cañete,Asia,MOVISTAR,3.8101652,4055.0,0.7075659,1335.0,12.73632,22505.0,3.1380308,2455.0,0.0,0.0,0.0,0.0,304.53885,3646.0,75.920845,23348.0,0.0,0.0,20.121344,5233980.0,0.0,77.63698,20194992.0,0.0,0.0,2245.0,0.0,26012080.0,2.9617176,458.0,15464.0,0.0,0.34825134,329.0,94472.0,0.0,0.0,0.0,0.0,0.0,dataset_2024.csv,202407,True,False
2024,7,Lima,Cañete,Cerro Azul,MOVISTAR,4.7646213,945.0,0.0,0.0,9.668048,18128.0,2.80292,1670.0,0.0,0.0,0.0,0.0,320.36392,724.0,77.22746,13842.0,0.0,0.0,4.98938,520769.0,0.0,90.10423,9404674.0,0.0,0.0,899.0,0.0,10437550.0,3.6259542,114.0,3144.0,0.0,0.44190142,251.0,56800.0,0.0,0.0,0.0,0.0,0.0,dataset_2024.csv,202407,True,False
2024,7,Lima,Cañete,Chilca,MOVISTAR,3.8007758,1804.0,0.70482594,440.0,8.574868,29924.0,2.432285,2264.0,0.0,0.0,0.0,0.0,257.5906,995.0,77.29239,32332.0,0.0,0.0,2.8109553,719159.0,0.0,95.883385,24530948.0,0.0,0.0,2042.0,0.0,25584150.0,5.357143,231.0,4312.0,0.0,0.49828178,667.0,133860.0,0.0,0.0,0.0,0.0,0.0,dataset_2024.csv,202407,True,False
2024,7,Lima,Cañete,Mala,MOVISTAR,3.8974843,3246.0,0.683921,919.0,9.548816,39772.0,3.0901215,2945.0,0.0,0.0,0.0,0.0,293.2665,2092.0,76.00064,40691.0,0.0,0.0,8.9945,4724099.0,0.0,89.143326,46819930.0,0.0,0.0,1232.0,0.0,52522082.0,3.716518,333.0,8960.0,0.0,0.59906733,1002.0,167260.0,0.0,0.0,0.0,0.0,0.0,dataset_2024.csv,202407,True,False
2024,7,Lima,Huaura,Huaura,MOVISTAR,4.725549,1047.0,0.0,0.0,9.859296,11631.0,3.7648644,599.0,0.0,0.0,0.0,0.0,307.9432,688.0,76.04623,15797.0,0.0,0.0,4.9567804,772463.0,0.0,93.36905,14550602.0,0.0,0.0,0.0,0.0,15583967.0,3.5997357,109.0,3028.0,0.0,0.3657633,237.0,64796.0,0.0,0.0,0.0,0.0,0.0,dataset_2024.csv,202407,True,False
2024,7,Lima,Lima,Barranco,MOVISTAR,6.157062,3376.0,0.874847,666.0,11.784714,36947.0,3.273835,2571.0,0.0,0.0,0.0,0.0,287.76202,2064.0,72.453156,49932.0,0.0,0.0,6.112486,2571740.0,0.0,92.07332,38738518.0,0.0,0.0,627.0,0.0,42073553.0,2.7969613,243.0,8688.0,0.0,0.311072,629.0,202204.0,0.0,0.0,0.0,0.0,0.0,dataset_2024.csv,202407,True,False
2024,7,Lima,Lima,Breña,MOVISTAR,3.7628126,7003.0,0.74511546,2348.0,10.210893,76108.0,3.40873,5911.0,0.0,0.0,0.0,0.0,272.57153,5330.0,74.73785,103769.0,0.0,0.0,5.5304027,6277469.0,0.0,92.75159,105280800.0,0.0,0.0,251.0,0.0,113508354.0,4.8361073,1139.0,23552.0,0.0,0.47706145,2024.0,424264.0,0.0,0.0,0.0,0.0,0.0,dataset_2024.csv,202407,True,False
2024,7,Lima,Lima,Carabayllo,MOVISTAR,6.3569145,22323.0,2.1041756,11771.0,10.994545,139333.0,4.5638666,17377.0,0.0,0.0,0.0,0.0,292.45853,8941.0,74.49557,147548.0,0.0,0.0,9.7074795,16943276.0,0.0,89.45016,156124844.0,0.0,0.0,0.0,0.0,174538370.0,3.7332647,1450.0,38840.0,0.0,0.45536375,2752.0,604352.0,0.0,0.0,0.0,0.0,0.0,dataset_2024.csv,202407,True,False
2024,7,Lima,Lima,Comas,MOVISTAR,3.3576217,35206.0,1.0022098,8801.0,11.158701,243648.0,3.564637,17781.0,0.0,0.0,0.0,0.0,299.01566,19584.0,75.43456,276467.0,0.0,0.0,9.477228,33979310.0,0.0,88.57716,317581361.0,0.0,0.0,763.0,0.0,358536375.0,4.193376,3611.0,86112.0,0.0,0.5656788,6446.0,1139516.0,0.0,0.0,0.0,0.0,0.0,dataset_2024.csv,202407,True,False
2024,7,Lima,Lima,El Agustino,MOVISTAR,2.9714472,11925.0,0.7092278,3252.0,9.402695,65291.0,3.1319847,4865.0,0.0,0.0,0.0,0.0,294.69528,6209.0,75.19417,80986.0,0.0,0.0,12.087974,14506726.0,0.0,85.47698,102580561.0,0.0,0.0,5238.0,0.0,120009573.0,5.5946293,1575.0,28152.0,0.0,0.872878,2935.0,336244.0,0.0,0.0,0.0,0.0,0.0,dataset_2024.csv,202407,True,False
2024,7,Lima,Lima,Independencia,MOVISTAR,3.656344,17259.0,0.79103637,3225.0,9.907202,111547.0,3.6172216,8109.0,0.0,0.0,0.0,0.0,262.87463,8238.0,74.70858,140687.0,0.0,0.0,6.558788,8820973.0,0.0,91.52151,123088103.0,0.0,0.0,312.0,0.0,134490907.0,3.6827836,1304.0,35408.0,0.0,0.5970799,3458.0,579152.0,0.0,0.0,0.0,0.0,0.0,dataset_2024.csv,202407,True,False
2024,7,Lima,Lima,Los Olivos,MOVISTAR,3.718868,26289.0,0.9187426,6825.0,10.115568,193229.0,3.187921,14205.0,0.0,0.0,0.0,0.0,273.06003,14975.0,75.03908,238264.0,0.0,0.0,8.494347,27425925.0,0.0,90.45019,292038949.0,0.0,0.0,9336.0,0.0,322872680.0,3.923482,2533.0,64560.0,0.0,0.53721577,5257.0,978564.0,0.0,0.0,0.0,0.0,0.0,dataset_2024.csv,202407,True,False
2024,7,Lima,Lima,Puente Piedra,MOVISTAR,3.5256345,12297.0,0.845625,2997.0,10.348127,110800.0,3.978104,16595.0,0.0,0.0,0.0,0.0,289.0787,7306.0,74.30396,136789.0,0.0,0.0,6.710246,11121931.0,0.0,92.01024,152502839.0,0.0,0.0,402.0,0.0,165745506.0,4.848541,1575.0,32484.0,0.0,0.65799284,3706.0,563228.0,0.0,0.0,0.0,0.0,0.0,dataset_2024.csv,202407,True,False
2024,7,Lima,Lima,Punta Negra,MOVISTAR,5.5711656,1300.0,1.1227065,553.0,10.270212,8299.0,4.217808,1298.0,0.0,0.0,0.0,0.0,229.19923,831.0,73.30447,8898.0,0.0,0.0,13.933134,1079587.0,0.0,80.12026,6207993.0,0.0,0.0,254.0,0.0,7748343.0,3.1828704,110.0,3456.0,0.0,0.98492354,358.0,36348.0,0.0,0.0,0.0,0.0,0.0,dataset_2024.csv,202407,True,False
2024,7,Lima,Lima,San Juan De Lurigancho,MOVISTAR,3.7653933,54533.0,0.89282817,12475.0,9.650782,377563.0,3.331993,31484.0,0.0,0.0,0.0,0.0,286.07492,25415.0,74.06391,418610.0,0.0,0.0,8.444551,44656327.0,0.0,89.72994,474508273.0,0.0,0.0,37796.0,0.0,528818222.0,4.0113015,4458.0,111136.0,0.0,0.55005556,9481.0,1723644.0,0.0,0.0,0.0,0.0,0.0,dataset_2024.csv,202407,True,False
2024,7,Lima,Lima,San Luis,MOVISTAR,3.683879,6061.0,0.73809695,1504.0,10.268065,57333.0,2.5905182,3439.0,0.0,0.0,0.0,0.0,189.87378,4427.0,74.554596,77445.0,0.0,0.0,4.065145,3078461.0,0.0,93.42974,70752659.0,0.0,0.0,3528.0,0.0,75728200.0,2.5210993,466.0,18484.0,0.0,0.45698315,1452.0,317736.0,0.0,0.0,0.0,0.0,0.0,dataset_2024.csv,202407,True,False
2024,7,Lima,Lima,San Martin De Porres,MOVISTAR,3.7347777,60890.0,0.83336085,10798.0,9.871923,326500.0,3.5455694,26130.0,0.0,0.0,0.0,0.0,284.25165,30905.0,74.71778,405493.0,0.0,0.0,9.404497,46666208.0,0.0,88.76592,440466847.0,0.0,0.0,853.0,0.0,496211644.0,3.749326,5007.0,133544.0,0.0,0.5175228,8611.0,1663888.0,0.0,0.0,0.0,0.0,0.0,dataset_2024.csv,202407,True,False
2024,7,Piura,Piura,Castilla,MOVISTAR,4.9600677,8125.0,0.7844286,2622.0,10.7857685,108386.0,3.3261118,7535.0,0.0,0.0,0.0,0.0,197.11804,6501.0,79.38182,141766.0,0.0,0.0,4.365006,6066068.0,0.0,94.58611,131446738.0,0.0,0.0,0.0,0.0,138970442.0,3.0678067,818.0,26664.0,0.0,0.7589759,4435.0,584340.0,0.0,0.0,0.0,0.0,0.0,dataset_2024.csv,202407,True,False
2024,7,Piura,Piura,Catacaos,MOVISTAR,4.3341208,2300.0,0.83375293,760.0,8.976931,36909.0,4.0020537,3292.0,0.0,0.0,0.0,0.0,174.99771,2010.0,80.1594,46537.0,0.0,0.0,3.066573,1362119.0,0.0,96.439316,42836687.0,0.0,0.0,0.0,0.0,44418282.0,4.0039062,328.0,8192.0,0.0,0.8112339,1565.0,192916.0,0.0,0.0,0.0,0.0,0.0,dataset_2024.csv,202407,True,False
2024,7,Piura,Piura,Piura,MOVISTAR,3.888999,10185.0,0.7944957,3816.0,10.450322,148004.0,2.723325,10565.0,0.0,0.0,0.0,0.0,183.45662,8075.0,80.33567,214650.0,0.0,0.0,3.9434693,7439245.0,0.0,95.677376,180492700.0,0.0,0.0,0.0,0.0,188647216.0,4.3497787,1453.0,33404.0,0.0,0.6630952,5862.0,884036.0,0.0,0.0,0.0,0.0,0.0,dataset_2024.csv,202407,True,False
2024,7,Piura,Piura,Veintiseis De Octubre,MOVISTAR,5.2292767,4138.0,0.88121873,1748.0,9.010088,74957.0,3.703052,12889.0,0.0,0.0,0.0,0.0,216.20746,3398.0,80.70011,104787.0,0.0,0.0,2.151632,2514946.0,0.0,97.385315,113829318.0,0.0,0.0,81.0,0.0,116885510.0,4.8210735,679.0,14084.0,0.0,0.85214007,3723.0,436900.0,0.0,0.0,0.0,0.0,0.0,dataset_2024.csv,202407,True,False
2024,7,Puno,Puno,Puno,MOVISTAR,4.0490575,15978.0,0.7796763,4866.0,9.731806,194220.0,3.59172,13922.0,0.0,0.0,0.0,0.0,234.95518,11925.0,84.810745,227108.0,0.0,0.0,5.0438623,10638570.0,0.0,93.95472,198170323.0,0.0,0.0,0.0,0.0,210921096.0,6.419287,3299.0,51392.0,0.0,0.85972446,8118.0,944256.0,0.0,0.0,0.0,0.0,0.0,dataset_2024.csv,202407,True,False
2024,7,Puno,San Roman,Caracoto,MOVISTAR,3.343076,1161.0,0.0,0.0,7.0422096,9590.0,1.9593481,502.0,0.0,0.0,0.0,0.0,252.27956,863.0,85.796684,9414.0,0.0,0.0,10.016456,995677.0,0.0,88.188,8766251.0,0.0,0.0,0.0,0.0,9940412.0,7.367886,290.0,3936.0,0.0,1.2294264,493.0,40100.0,0.0,0.0,0.0,0.0,0.0,dataset_2024.csv,202407,True,False
2024,7,Puno,San Roman,Juliaca,MOVISTAR,4.4155064,34098.0,0.71960187,9200.0,9.569528,268843.0,3.6825652,18512.0,0.0,0.0,0.0,0.0,256.4311,21196.0,82.053024,293808.0,0.0,0.0,6.312133,17214530.0,0.0,92.46897,252182582.0,0.0,0.0,204.0,0.0,272721298.0,6.7168446,6345.0,94464.0,0.0,1.036132,12738.0,1229380.0,0.0,0.0,0.0,0.0,0.0,dataset_2024.csv,202407,True,False
2024,7,Puno,San Roman,San Miguel,MOVISTAR,3.2577868,5311.0,0.6681413,1647.0,8.708089,44121.0,3.1212246,2995.0,0.0,0.0,0.0,0.0,261.95538,2820.0,84.79516,33904.0,0.0,0.0,6.9107966,2787053.0,0.0,92.40065,37264229.0,0.0,0.0,0.0,0.0,40328968.0,7.141747,919.0,12868.0,0.0,1.4777105,2148.0,145360.0,0.0,0.0,0.0,0.0,0.0,dataset_2024.csv,202407,True,False
2024,7,San Martin,Moyobamba,Moyobamba,MOVISTAR,5.1789427,1772.0,0.9081433,461.0,10.083645,35532.0,2.2703052,2073.0,0.0,0.0,0.0,0.0,287.01126,1631.0,95.22299,54575.0,0.0,0.0,5.1518917,2610213.0,0.0,94.199974,47726544.0,0.0,0.0,0.0,0.0,50665136.0,6.747449,529.0,7840.0,0.0,0.80511504,1846.0,229284.0,0.0,0.0,0.0,0.0,0.0,dataset_2024.csv,202407,True,False
2024,7,Tacna,Candarave,Camilaca,MOVISTAR,4.280223,3692.0,0.84436846,509.0,9.075046,2209.0,0.0,0.0,0.0,0.0,0.0,0.0,0.0,0.0,108.26199,759.0,0.0,0.0,45.29305,995101.0,0.0,51.041134,1121388.0,0.0,0.0,0.0,0.0,2197028.0,3.6127167,0.0,0.0,0.0,3.486924,112.0,3212.0,0.0,0.0,0.0,0.0,0.0,dataset_2024.csv,202407,True,False
2024,7,Tumbes,Contralmirante Villar,Canoas De Punta Sal,MOVISTAR,5.0558805,1719.0,1.056519,516.0,11.910798,17095.0,4.264231,1161.0,0.0,0.0,0.0,0.0,168.61179,2188.0,79.56872,20588.0,0.0,0.0,7.4760733,1105814.0,0.0,92.24944,13644961.0,0.0,0.0,0.0,0.0,14791375.0,2.8173718,253.0,8980.0,0.0,0.48674053,406.0,83412.0,0.0,0.0,0.0,0.0,0.0,dataset_2024.csv,202407,True,False
2024,7,Tumbes,Tumbes,Tumbes,MOVISTAR,5.367367,2088.0,1.5859083,888.0,11.655018,73684.0,3.1417549,9527.0,0.0,0.0,0.0,0.0,159.23798,1591.0,82.14775,75396.0,0.0,0.0,1.8997732,1327877.0,0.0,97.8951,68425353.0,0.0,0.0,0.0,0.0,69896606.0,4.7028184,307.0,6528.0,0.0,0.46116754,1427.0,309432.0,0.0,0.0,0.0,0.0,0.0,dataset_2024.csv,202407,True,False
2024,8,Arequipa,Arequipa,Alto Selva Alegre,MOVISTAR,4.2647977,1568.0,0.88505685,586.0,10.624042,31192.0,4.275952,2881.0,0.0,0.0,0.0,0.0,224.33217,1236.0,81.66183,31545.0,0.0,0.0,3.1393192,1371335.0,0.0,96.552605,42176651.0,0.0,0.0,0.0,0.0,43682561.0,6.240741,337.0,5400.0,0.0,0.8322084,1085.0,130376.0,0.0,0.0,0.0,0.0,0.0,dataset_2024.csv,202408,True,False
2024,8,Arequipa,Arequipa,Cayma,MOVISTAR,4.2707944,3188.0,0.6900785,947.0,10.328842,47278.0,2.180711,2419.0,0.0,0.0,0.0,0.0,207.93544,1982.0,80.34753,56716.0,0.0,0.0,1.8230656,1310315.0,0.0,97.96178,70409308.0,0.0,0.0,26.0,0.0,71874264.0,5.296314,454.0,8572.0,0.0,0.8751344,2051.0,234364.0,0.0,0.0,0.0,0.0,0.0,dataset_2024.csv,202408,True,False
2024,8,Arequipa,Arequipa,Jacobo Hunter,MOVISTAR,4.8337684,1463.0,0.0,0.0,9.867107,23636.0,2.9536836,1589.0,0.0,0.0,0.0,0.0,217.1394,957.0,81.39829,28223.0,0.0,0.0,2.6372762,980755.0,0.0,97.15546,36130347.0,0.0,0.0,0.0,0.0,37188180.0,4.5386157,181.0,3988.0,0.0,0.9770213,1148.0,117500.0,0.0,0.0,0.0,0.0,0.0,dataset_2024.csv,202408,True,False
2024,8,Arequipa,Arequipa,Jose Luis Bustamante Y Rivero,MOVISTAR,5.146063,5216.0,0.8168985,1265.0,9.841514,63747.0,3.232129,3572.0,0.0,0.0,0.0,0.0,190.89561,3489.0,81.02687,89455.0,0.0,0.0,4.873531,4529429.0,0.0,94.850464,88153423.0,0.0,0.0,0.0,0.0,92939373.0,4.057912,597.0,14712.0,0.0,0.7628771,2817.0,369260.0,0.0,0.0,0.0,0.0,0.0,dataset_2024.csv,202408,True,False
2024,8,Arequipa,Arequipa,Mariano Melgar,MOVISTAR,4.33651,2626.0,0.75846684,662.0,9.518664,32598.0,2.726893,2127.0,0.0,0.0,0.0,0.0,220.281,1938.0,82.39729,32741.0,0.0,0.0,6.408635,2556607.0,0.0,93.22829,37191709.0,0.0,0.0,0.0,0.0,39893160.0,3.1218655,249.0,7976.0,0.0,0.8364312,1143.0,136652.0,0.0,0.0,0.0,0.0,0.0,dataset_2024.csv,202408,True,False
2024,8,Arequipa,Arequipa,Miraflores,MOVISTAR,4.987719,3961.0,0.9601341,856.0,12.124781,45256.0,3.0015013,2949.0,0.0,0.0,0.0,0.0,146.88689,3500.0,79.35894,50131.0,0.0,0.0,6.346162,3019326.0,0.0,93.54936,44508168.0,0.0,0.0,0.0,0.0,47577199.0,1.8448373,263.0,14256.0,0.0,0.5993435,1227.0,204724.0,0.0,0.0,0.0,0.0,0.0,dataset_2024.csv,202408,True,False
2024,8,Arequipa,Arequipa,Paucarpata,MOVISTAR,4.532166,9142.0,0.7599211,2011.0,8.931963,52378.0,3.870922,4577.0,0.0,0.0,0.0,0.0,217.1463,4507.0,81.621315,65377.0,0.0,0.0,6.423878,5312375.0,0.0,93.26851,77130555.0,0.0,0.0,0.0,0.0,82697317.0,3.8337975,716.0,18676.0,0.0,1.0377538,2840.0,273668.0,0.0,0.0,0.0,0.0,0.0,dataset_2024.csv,202408,True,False
2024,8,Arequipa,Arequipa,Sachaca,MOVISTAR,4.123111,905.0,0.0,0.0,9.163162,12371.0,2.3181815,667.0,0.0,0.0,0.0,0.0,230.71078,818.0,81.006325,13918.0,0.0,0.0,7.23027,830171.0,0.0,92.44875,10614856.0,0.0,0.0,0.0,0.0,11481881.0,6.221847,221.0,3552.0,0.0,0.8892454,510.0,57352.0,0.0,0.0,0.0,0.0,0.0,dataset_2024.csv,202408,True,False
2024,8,Arequipa,Arequipa,Socabaya,MOVISTAR,3.6757834,2263.0,0.66008246,532.0,9.310996,22064.0,2.6556275,1614.0,0.0,0.0,0.0,0.0,202.66884,1389.0,81.84447,28316.0,0.0,0.0,3.6270707,1423766.0,0.0,96.29354,37798953.0,0.0,0.0,0.0,0.0,39253881.0,4.9516907,287.0,5796.0,0.0,0.9178973,1084.0,118096.0,0.0,0.0,0.0,0.0,0.0,dataset_2024.csv,202408,True,False
2024,8,Arequipa,Arequipa,Tiabaya,MOVISTAR,5.338235,1206.0,0.0,0.0,9.316548,9202.0,3.5321136,555.0,0.0,0.0,0.0,0.0,192.13737,1025.0,82.98777,11126.0,0.0,0.0,6.6377573,591908.0,0.0,93.15543,8306939.0,0.0,0.0,0.0,0.0,8917289.0,2.7857828,116.0,4164.0,0.0,0.775277,361.0,46564.0,0.0,0.0,0.0,0.0,0.0,dataset_2024.csv,202408,True,False
2024,8,Arequipa,Arequipa,Yanahuara,MOVISTAR,3.72402,545.0,0.0,0.0,14.102812,16852.0,3.2809885,874.0,0.0,0.0,0.0,0.0,196.73781,510.0,78.66003,23354.0,0.0,0.0,1.7685782,391659.0,0.0,98.11086,21727060.0,0.0,0.0,13.0,0.0,22145417.0,4.9632354,108.0,2176.0,0.0,0.7615755,727.0,95460.0,0.0,0.0,0.0,0.0,0.0,dataset_2024.csv,202408,True,False
2024,8,Ayacucho,Huamanga,Carmen Alto,MOVISTAR,3.0871098,2840.0,0.5333622,1272.0,7.350964,9693.0,1.9026954,663.0,0.0,0.0,0.0,0.0,256.82556,1647.0,78.163605,10117.0,0.0,0.0,5.681586,959786.0,0.0,93.32445,15765229.0,0.0,0.0,0.0,0.0,16892925.0,4.5528455,336.0,7380.0,0.0,1.3034854,552.0,42348.0,0.0,0.0,0.0,0.0,0.0,dataset_2024.csv,202408,True,False
2024,8,Cajamarca,Celendin,Celendin,MOVISTAR,6.032233,703.0,0.0,0.0,8.646875,7171.0,0.0,0.0,0.0,0.0,0.0,0.0,173.73694,1141.0,78.89361,10517.0,0.0,0.0,6.7049036,672600.0,0.0,93.05938,9335218.0,0.0,0.0,0.0,0.0,10031464.0,3.296233,154.0,4672.0,0.0,0.36618152,158.0,43148.0,0.0,0.0,0.0,0.0,0.0,dataset_2024.csv,202408,True,False
2024,8,Cajamarca,Santa Cruz,Santa Cruz,MOVISTAR,3.282695,973.0,0.0,0.0,8.900839,11654.0,3.7389414,621.0,0.0,0.0,0.0,0.0,239.52983,611.0,85.93763,14183.0,0.0,0.0,5.8107,571147.0,0.0,93.41522,9181996.0,0.0,0.0,0.0,0.0,9829229.0,8.478893,233.0,2748.0,0.0,1.1031655,651.0,59012.0,0.0,0.0,0.0,0.0,0.0,dataset_2024.csv,202408,True,False
2024,8,Callao,Callao,Mi Peru,MOVISTAR,3.5853374,5502.0,1.5668261,1489.0,9.90018,13045.0,4.603355,1169.0,0.0,0.0,0.0,0.0,343.67618,1095.0,77.04055,18226.0,0.0,0.0,8.091172,2387217.0,0.0,91.40037,26966736.0,0.0,0.0,0.0,0.0,29503970.0,5.5710864,279.0,5008.0,0.0,0.8292838,628.0,75728.0,0.0,0.0,0.0,0.0,0.0,dataset_2024.csv,202408,True,False
2024,8,Cusco,Acomayo,Pomacanchi,MOVISTAR,0.0,0.0,0.0,0.0,8.5392685,1675.0,0.0,0.0,0.0,0.0,0.0,0.0,0.0,0.0,80.51378,3826.0,0.0,0.0,2.3318694,55005.0,0.0,96.94604,2286799.0,0.0,0.0,0.0,0.0,2358837.0,0.0,0.0,0.0,0.0,0.23468058,36.0,15340.0,0.0,0.0,0.0,0.0,0.0,dataset_2024.csv,202408,False,True
2024,8,Cusco,Cusco,Cusco,MOVISTAR,3.018158,6288.0,0.59570867,1941.0,7.3331685,62078.0,2.5647805,4054.0,0.0,0.0,0.0,0.0,277.36118,4160.0,89.56252,89931.0,0.0,0.0,5.29507,5399080.0,0.0,91.92119,93726778.0,0.0,0.0,70.0,0.0,101964278.0,8.31762,1588.0,19092.0,0.0,1.8683265,7279.0,389600.0,0.0,0.0,0.0,0.0,0.0,dataset_2024.csv,202408,True,False
2024,8,Cusco,Cusco,San Jeronimo,MOVISTAR,4.3575115,3512.0,0.6811075,861.0,7.9840875,44401.0,5.2140975,3544.0,0.0,0.0,0.0,0.0,243.68713,2225.0,86.93129,50385.0,0.0,0.0,3.539814,1490480.0,0.0,95.95281,40402053.0,0.0,0.0,0.0,0.0,42106168.0,6.672855,647.0,9696.0,0.0,1.2198076,2618.0,214624.0,0.0,0.0,0.0,0.0,0.0,dataset_2024.csv,202408,True,False
2024,8,Cusco,Cusco,San Sebastian,MOVISTAR,4.0550594,6268.0,0.61487556,979.0,8.915886,46800.0,2.765154,2706.0,0.0,0.0,0.0,0.0,220.60104,3087.0,87.35709,51591.0,0.0,0.0,7.467311,5860117.0,0.0,91.58855,71875888.0,0.0,0.0,0.0,0.0,78476939.0,4.3375154,567.0,13072.0,0.0,1.4285845,3135.0,219448.0,0.0,0.0,0.0,0.0,0.0,dataset_2024.csv,202408,True,False
2024,8,Cusco,Cusco,Santiago,MOVISTAR,3.5240178,3733.0,0.6539379,1226.0,8.614565,39927.0,2.9968545,2474.0,0.0,0.0,0.0,0.0,246.61537,2209.0,88.04264,53343.0,0.0,0.0,5.071725,2833793.0,0.0,93.588646,52292042.0,0.0,0.0,67.0,0.0,55874344.0,6.784424,676.0,9964.0,0.0,1.5247011,3469.0,227520.0,0.0,0.0,0.0,0.0,0.0,dataset_2024.csv,202408,True,False
2024,8,Cusco,Cusco,Wanchaq,MOVISTAR,3.726792,5338.0,0.59856313,1561.0,8.1985445,58029.0,2.4519665,3315.0,0.0,0.0,0.0,0.0,225.32602,3842.0,87.87641,82979.0,0.0,0.0,4.4517965,3604131.0,0.0,94.767746,76723044.0,0.0,0.0,380.0,0.0,80959025.0,5.1864243,868.0,16736.0,0.0,1.4683774,5196.0,353860.0,0.0,0.0,0.0,0.0,0.0,dataset_2024.csv,202408,True,False
2024,8,Cusco,La Convencion,Echarate,MOVISTAR,5.869063,3366.0,0.61956155,518.0,9.21105,13573.0,3.1239018,544.0,0.0,0.0,0.0,0.0,266.58914,1647.0,92.55467,9679.0,0.0,0.0,8.698975,1340319.0,0.0,74.5222,11482218.0,0.0,0.0,0.0,0.0,15407781.0,4.3216944,302.0,6988.0,0.0,2.6124568,1208.0,46240.0,0.0,0.0,0.0,0.0,0.0,dataset_2024.csv,202408,True,False
2024,8,Huancavelica,Tayacaja,Pampas,MOVISTAR,3.8685164,810.0,0.0,0.0,9.90831,7417.0,3.7030916,546.0,0.0,0.0,0.0,0.0,213.457,656.0,75.66756,8192.0,0.0,0.0,6.363453,399322.0,0.0,93.20705,5848967.0,0.0,0.0,0.0,0.0,6275241.0,4.8469386,133.0,2744.0,0.0,0.9511028,326.0,34276.0,0.0,0.0,0.0,0.0,0.0,dataset_2024.csv,202408,True,False
2024,8,Ica,Chincha,Alto Laran,MOVISTAR,0.0,0.0,0.0,0.0,10.439318,12950.0,2.9618485,3312.0,0.0,0.0,0.0,0.0,0.0,0.0,89.476456,10103.0,0.0,0.0,0.39240804,36960.0,0.0,93.78834,8833705.0,0.0,0.0,0.0,0.0,9418767.0,0.0,0.0,0.0,0.0,0.57281554,236.0,41200.0,0.0,0.0,0.0,0.0,0.0,dataset_2024.csv,202408,False,True
2024,8,Ica,Chincha,Chincha Alta,MOVISTAR,0.0,0.0,0.0,0.0,12.067212,121548.0,3.7332282,7905.0,0.0,0.0,0.0,0.0,0.0,0.0,88.64203,115917.0,0.0,0.0,0.012054196,12410.0,0.0,98.560715,101469935.0,0.0,0.0,0.0,0.0,102951703.0,0.0,0.0,0.0,0.0,0.49895203,2352.0,471388.0,0.0,0.0,0.0,0.0,0.0,dataset_2024.csv,202408,False,True
2024,8,Ica,Chincha,Chincha Baja,MOVISTAR,0.0,0.0,0.0,0.0,12.009458,15047.0,3.723205,685.0,0.0,0.0,0.0,0.0,0.0,0.0,91.01011,18682.0,0.0,0.0,0.47489205,72826.0,0.0,94.28868,14459429.0,0.0,0.0,0.0,0.0,15335275.0,0.0,0.0,0.0,0.0,1.0046088,776.0,77244.0,0.0,0.0,0.0,0.0,0.0,dataset_2024.csv,202408,False,True
2024,8,Ica,Chincha,El Carmen,MOVISTAR,0.0,0.0,0.0,0.0,12.563802,9812.0,2.682558,465.0,0.0,0.0,0.0,0.0,0.0,0.0,90.6472,9755.0,0.0,0.0,7.274144,864025.0,0.0,84.0644,9985195.0,0.0,0.0,0.0,0.0,11878030.0,5.025773,0.0,0.0,0.0,0.62080705,248.0,39948.0,0.0,0.0,0.0,0.0,0.0,dataset_2024.csv,202408,False,True
2024,8,Ica,Chincha,Pueblo Nuevo,MOVISTAR,0.0,0.0,0.0,0.0,10.117809,38910.0,3.8428376,3702.0,0.0,0.0,0.0,0.0,0.0,0.0,88.67847,50655.0,0.0,0.0,0.0032561622,1546.0,0.0,97.041336,46074457.0,0.0,0.0,0.0,0.0,47479208.0,0.0,0.0,0.0,0.0,0.45338926,934.0,206004.0,0.0,0.0,0.0,0.0,0.0,dataset_2024.csv,202408,False,True
2024,8,Ica,Chincha,Sunampe,MOVISTAR,0.0,0.0,0.0,0.0,12.00538,37443.0,3.7196789,2717.0,0.0,0.0,0.0,0.0,0.0,0.0,85.10835,33624.0,0.0,0.0,0.03376725,11939.0,0.0,98.165596,34708160.0,0.0,0.0,0.0,0.0,35356745.0,0.0,0.0,0.0,0.0,0.29986444,407.0,135728.0,0.0,0.0,0.0,0.0,0.0,dataset_2024.csv,202408,False,True
2024,8,Ica,Ica,Ica,MOVISTAR,4.5333214,9394.0,0.7272882,3423.0,9.988231,138153.0,2.6546566,8861.0,0.0,0.0,0.0,0.0,195.01425,7842.0,74.86115,183865.0,0.0,0.0,5.6779385,10421535.0,0.0,94.18634,172873706.0,0.0,0.0,79.0,0.0,183544352.0,3.8275733,1236.0,32292.0,0.0,0.7335347,5567.0,758928.0,0.0,0.0,0.0,0.0,0.0,dataset_2024.csv,202408,True,False
2024,8,Ica,Ica,La Tinguiña,MOVISTAR,4.1105256,1769.0,1.1362408,648.0,9.95832,24977.0,4.21974,1345.0,0.0,0.0,0.0,0.0,166.05383,1171.0,74.67652,28597.0,0.0,0.0,3.6234002,795378.0,0.0,96.22295,21122044.0,0.0,0.0,0.0,0.0,21951149.0,3.3950617,165.0,4860.0,0.0,0.5163219,608.0,117756.0,0.0,0.0,0.0,0.0,0.0,dataset_2024.csv,202408,True,False
2024,8,Ica,Ica,Parcona,MOVISTAR,4.006411,1288.0,0.78057563,416.0,9.126798,23768.0,5.1575265,2120.0,0.0,0.0,0.0,0.0,206.87448,1189.0,75.58624,28159.0,0.0,0.0,8.438934,2488614.0,0.0,91.380325,26947758.0,0.0,0.0,0.0,0.0,29489672.0,3.1979084,159.0,4972.0,0.0,0.7329915,852.0,116236.0,0.0,0.0,0.0,0.0,0.0,dataset_2024.csv,202408,True,False
2024,8,Ica,Ica,Subtanjalla,MOVISTAR,3.3784742,668.0,0.0,0.0,9.117851,15319.0,2.6973593,664.0,0.0,0.0,0.0,0.0,204.38966,665.0,74.20653,16141.0,0.0,0.0,7.3583536,1426121.0,0.0,92.090744,17848088.0,0.0,0.0,0.0,0.0,19380979.0,5.321429,149.0,2800.0,0.0,0.73670053,493.0,66920.0,0.0,0.0,0.0,0.0,0.0,dataset_2024.csv,202408,True,False
2024,8,Junin,Chanchamayo,Chanchamayo,MOVISTAR,5.1864233,1497.0,0.8123593,502.0,9.846129,16744.0,2.104641,1052.0,0.0,0.0,0.0,0.0,209.55533,2077.0,78.58402,18518.0,0.0,0.0,6.9704084,1510475.0,0.0,91.91847,19918568.0,0.0,0.0,0.0,0.0,21669820.0,4.0846014,365.0,8936.0,0.0,0.9891055,759.0,76736.0,0.0,0.0,0.0,0.0,0.0,dataset_2024.csv,202408,True,False
2024,8,Junin,Huancayo,Chilca,MOVISTAR,4.961753,14854.0,0.63809705,2785.0,7.2048106,60948.0,2.7274256,4469.0,0.0,0.0,0.0,0.0,188.30258,8685.0,78.23123,70187.0,0.0,0.0,8.205058,6071882.0,0.0,90.88302,67254974.0,0.0,0.0,0.0,0.0,74001694.0,2.508191,888.0,35404.0,0.0,1.1808798,3551.0,300708.0,0.0,0.0,0.0,0.0,0.0,dataset_2024.csv,202408,True,False
2024,8,Junin,Huancayo,El Tambo,MOVISTAR,4.0427284,10030.0,0.74022025,3703.0,9.415447,182048.0,2.9954584,12098.0,0.0,0.0,0.0,0.0,208.6502,8315.0,75.22106,206240.0,0.0,0.0,3.938954,9609070.0,0.0,95.57394,233152419.0,0.0,0.0,0.0,0.0,243949788.0,4.934659,1737.0,35200.0,0.0,0.7094577,6071.0,855724.0,0.0,0.0,0.0,0.0,0.0,dataset_2024.csv,202408,True,False
2024,8,Junin,Huancayo,Huancayo,MOVISTAR,4.3384843,8093.0,0.85625094,3196.0,8.992458,162558.0,2.885524,12274.0,0.0,0.0,0.0,0.0,209.72127,8591.0,75.79059,216070.0,0.0,0.0,3.2493222,6640954.0,0.0,96.44499,197113967.0,0.0,0.0,0.0,0.0,204379678.0,4.435394,1590.0,35848.0,0.0,0.6700734,6003.0,895872.0,0.0,0.0,0.0,0.0,0.0,dataset_2024.csv,202408,True,False
2024,8,Junin,Huancayo,Pilcomayo,MOVISTAR,4.158805,1735.0,1.4968675,463.0,6.634368,16116.0,1.9544027,1595.0,0.0,0.0,0.0,0.0,199.4026,907.0,79.15261,16153.0,0.0,0.0,8.514431,1923903.0,0.0,90.54628,20459648.0,0.0,0.0,0.0,0.0,22595790.0,4.8511295,189.0,3896.0,0.0,1.2687837,895.0,70540.0,0.0,0.0,0.0,0.0,0.0,dataset_2024.csv,202408,True,False
2024,8,Junin,Huancayo,San Agustin,MOVISTAR,3.9476898,972.0,0.0,0.0,9.551263,24839.0,3.3971007,1536.0,0.0,0.0,0.0,0.0,191.76857,835.0,73.756645,25694.0,0.0,0.0,2.988277,870871.0,0.0,96.68504,28176841.0,0.0,0.0,0.0,0.0,29142915.0,4.9097066,174.0,3544.0,0.0,0.83120686,886.0,106592.0,0.0,0.0,0.0,0.0,0.0,dataset_2024.csv,202408,True,False
2024,8,Junin,Junin,Carhuamayo,MOVISTAR,5.7899904,2683.0,1.0635337,1094.0,12.485615,34682.0,4.204316,3425.0,0.0,0.0,0.0,0.0,151.99316,2284.0,71.4007,26236.0,0.0,0.0,12.739827,2672225.0,0.0,86.562836,18156869.0,0.0,0.0,0.0,0.0,20975363.0,3.1370864,292.0,9308.0,0.0,0.40752703,434.0,106496.0,0.0,0.0,0.0,0.0,0.0,dataset_2024.csv,202408,True,False
2024,8,La Libertad,Trujillo,El Porvenir,MOVISTAR,4.686141,5976.0,0.68110603,2143.0,9.314292,60083.0,2.6105578,4344.0,0.0,0.0,0.0,0.0,222.89957,3847.0,77.311745,66734.0,0.0,0.0,6.629399,5766971.0,0.0,92.67012,80614531.0,0.0,0.0,0.0,0.0,86990857.0,5.0159235,819.0,16328.0,0.0,1.0520928,2960.0,281344.0,0.0,0.0,0.0,0.0,0.0,dataset_2024.csv,202408,True,False
2024,8,La Libertad,Trujillo,La Esperanza,MOVISTAR,4.3127623,4714.0,0.7109022,1418.0,9.449461,74865.0,2.6826916,8440.0,0.0,0.0,0.0,0.0,201.23476,3340.0,77.37767,84122.0,0.0,0.0,4.682289,4073932.0,0.0,94.59513,82304647.0,0.0,0.0,0.0,0.0,87007275.0,5.2410154,735.0,14024.0,0.0,0.9665159,3428.0,354676.0,0.0,0.0,0.0,0.0,0.0,dataset_2024.csv,202408,True,False
2024,8,La Libertad,Trujillo,Moche,MOVISTAR,4.7258596,4992.0,0.68427867,1447.0,10.479233,22646.0,2.1439319,1332.0,0.0,0.0,0.0,0.0,238.32623,2466.0,74.361595,26569.0,0.0,0.0,5.5687823,1680321.0,0.0,94.32135,28460467.0,0.0,0.0,0.0,0.0,30173939.0,2.8,280.0,10000.0,0.0,0.53515136,584.0,109128.0,0.0,0.0,0.0,0.0,0.0,dataset_2024.csv,202408,True,False
2024,8,La Libertad,Trujillo,Trujillo,MOVISTAR,5.045781,26983.0,0.7970138,7978.0,11.841376,282530.0,3.2344074,19847.0,0.0,0.0,0.0,0.0,184.80818,19570.0,75.22698,342002.0,0.0,0.0,6.273943,20844582.0,0.0,93.403206,310323309.0,0.0,0.0,186.0,0.0,332240538.0,4.07119,3262.0,80124.0,0.0,0.5081202,7111.0,1399472.0,0.0,0.0,0.0,0.0,0.0,dataset_2024.csv,202408,True,False
2024,8,La Libertad,Trujillo,Victor Larco Herrera,MOVISTAR,7.9059896,24224.0,0.95163685,3359.0,11.421636,37052.0,2.7397747,2089.0,0.0,0.0,0.0,0.0,163.58415,7501.0,75.7365,45263.0,0.0,0.0,7.9231935,3927202.0,0.0,91.34315,45275053.0,0.0,0.0,0.0,0.0,49565899.0,2.651215,803.0,30288.0,0.0,0.43870088,811.0,184864.0,0.0,0.0,0.0,0.0,0.0,dataset_2024.csv,202408,True,False
2024,8,Lambayeque,Chiclayo,Chiclayo,MOVISTAR,4.034733,9772.0,0.77609634,3555.0,10.656595,141538.0,2.9369493,10465.0,0.0,0.0,0.0,0.0,186.46738,7766.0,77.882484,170603.0,0.0,0.0,3.6306415,6430821.0,0.0,95.713646,169534040.0,0.0,0.0,0.0,0.0,177126302.0,4.513846,1467.0,32500.0,0.0,0.6168432,4337.0,703096.0,0.0,0.0,0.0,0.0,0.0,dataset_2024.csv,202408,True,False
2024,8,Lambayeque,Chiclayo,Jose Leonardo Ortiz,MOVISTAR,4.8448367,3233.0,0.74596775,1113.0,11.15555,65936.0,2.8275025,3568.0,0.0,0.0,0.0,0.0,178.86876,2167.0,78.17499,66891.0,0.0,0.0,3.7357693,2713885.0,0.0,95.52018,69391538.0,0.0,0.0,0.0,0.0,72645948.0,4.5444393,407.0,8956.0,0.0,0.38753468,1062.0,274040.0,0.0,0.0,0.0,0.0,0.0,dataset_2024.csv,202408,True,False
2024,8,Lambayeque,Chiclayo,La Victoria,MOVISTAR,4.7132335,3055.0,0.6324303,1310.0,10.637383,39487.0,2.9648204,2733.0,0.0,0.0,0.0,0.0,176.47153,2039.0,77.49441,41862.0,0.0,0.0,3.3264966,1497901.0,0.0,96.53001,43466868.0,0.0,0.0,0.0,0.0,45029385.0,4.4069,373.0,8464.0,0.0,0.6251735,1081.0,172912.0,0.0,0.0,0.0,0.0,0.0,dataset_2024.csv,202408,True,False
2024,8,Lambayeque,Chiclayo,Pimentel,MOVISTAR,3.831813,2943.0,0.7308176,1527.0,8.839827,41926.0,2.6942956,3039.0,0.0,0.0,0.0,0.0,160.19174,2003.0,80.0596,36115.0,0.0,0.0,3.4783518,1793691.0,0.0,96.221725,49618915.0,0.0,0.0,0.0,0.0,51567268.0,4.3409534,357.0,8224.0,0.0,0.7438888,1115.0,149888.0,0.0,0.0,0.0,0.0,0.0,dataset_2024.csv,202408,True,False
2024,8,Lima,Cañete,Asia,MOVISTAR,3.6789057,4212.0,0.84157914,1280.0,12.310427,18695.0,2.5384305,1780.0,0.0,0.0,0.0,0.0,279.66788,3603.0,76.15762,19336.0,0.0,0.0,18.223572,3737441.0,0.0,80.9998,16612109.0,0.0,0.0,0.0,0.0,20508827.0,2.3263433,355.0,15260.0,0.0,0.33706436,265.0,78620.0,0.0,0.0,0.0,0.0,0.0,dataset_2024.csv,202408,True,False
2024,8,Lima,Cañete,Cerro Azul,MOVISTAR,5.3195148,1473.0,1.6608877,596.0,8.990975,21407.0,2.6836548,1618.0,0.0,0.0,0.0,0.0,354.1832,1288.0,77.826195,16222.0,0.0,0.0,6.758681,854039.0,0.0,92.61756,11703321.0,0.0,0.0,0.0,0.0,12636179.0,3.8742182,223.0,5756.0,0.0,0.4344558,289.0,66520.0,0.0,0.0,0.0,0.0,0.0,dataset_2024.csv,202408,True,False
2024,8,Lima,Cañete,Chilca,MOVISTAR,3.7411888,1775.0,0.9751626,594.0,7.9319105,28712.0,2.074486,2575.0,0.0,0.0,0.0,0.0,273.71674,890.0,76.693245,25778.0,0.0,0.0,2.7240524,550058.0,0.0,96.49847,19485584.0,0.0,0.0,372.0,0.0,20192636.0,4.9009385,188.0,3836.0,0.0,0.50527734,540.0,106872.0,0.0,0.0,0.0,0.0,0.0,dataset_2024.csv,202408,True,False
2024,8,Lima,Cañete,Mala,MOVISTAR,4.2294164,4112.0,0.92798567,853.0,9.954544,39184.0,3.5234516,2994.0,0.0,0.0,0.0,0.0,254.44083,2432.0,76.00438,43295.0,0.0,0.0,6.541184,3213259.0,0.0,92.43661,45408106.0,0.0,0.0,25.0,0.0,49123508.0,3.3802266,346.0,10236.0,0.0,0.5458834,972.0,178060.0,0.0,0.0,0.0,0.0,0.0,dataset_2024.csv,202408,True,False
2024,8,Lima,Huaura,Huaura,MOVISTAR,4.4145947,827.0,0.0,0.0,9.144326,12146.0,3.957253,781.0,0.0,0.0,0.0,0.0,295.43564,686.0,76.2437,13893.0,0.0,0.0,6.3370814,1142424.0,0.0,92.873474,16742863.0,0.0,0.0,0.0,0.0,18027605.0,3.6950731,111.0,3004.0,0.0,0.488322,281.0,57544.0,0.0,0.0,0.0,0.0,0.0,dataset_2024.csv,202408,True,False
2024,8,Lima,Lima,Barranco,MOVISTAR,5.434636,1745.0,0.70420647,504.0,12.142357,37048.0,3.2766447,2457.0,0.0,0.0,0.0,0.0,277.30328,1699.0,71.730194,41722.0,0.0,0.0,7.465587,3018417.0,0.0,91.54874,37014137.0,0.0,0.0,6565.0,0.0,40431072.0,2.6367738,187.0,7092.0,0.0,0.2671991,451.0,168788.0,0.0,0.0,0.0,0.0,0.0,dataset_2024.csv,202408,True,False
2024,8,Lima,Lima,Breña,MOVISTAR,3.6626792,7483.0,0.81936866,2461.0,10.487614,67335.0,3.227586,5643.0,0.0,0.0,0.0,0.0,273.0245,4480.0,74.33662,84150.0,0.0,0.0,5.1695223,4499256.0,0.0,94.58148,82318305.0,0.0,0.0,0.0,0.0,87034273.0,4.1666665,823.0,19752.0,0.0,0.5000116,1721.0,344192.0,0.0,0.0,0.0,0.0,0.0,dataset_2024.csv,202408,True,False
2024,8,Lima,Lima,Carabayllo,MOVISTAR,5.538641,28151.0,2.4581466,25085.0,11.596203,132024.0,4.038833,10214.0,0.0,0.0,0.0,0.0,287.4439,10042.0,73.36705,134423.0,0.0,0.0,10.087164,16386485.0,0.0,88.4453,143678403.0,0.0,0.0,0.0,0.0,162448886.0,3.6101837,1557.0,43128.0,0.0,0.495545,2723.0,549496.0,0.0,0.0,0.0,0.0,0.0,dataset_2024.csv,202408,True,False
2024,8,Lima,Lima,Comas,MOVISTAR,3.271068,39172.0,0.93655413,9425.0,10.1885395,227510.0,3.7247708,21262.0,0.0,0.0,0.0,0.0,292.3039,16929.0,75.09686,241971.0,0.0,0.0,9.992379,31438893.0,0.0,88.85646,279567932.0,0.0,0.0,88.0,0.0,314628715.0,4.5262604,3430.0,75780.0,0.0,0.69548595,6956.0,1000164.0,0.0,0.0,0.0,0.0,0.0,dataset_2024.csv,202408,True,False
2024,8,Lima,Lima,El Agustino,MOVISTAR,3.548288,10833.0,0.6948675,2258.0,9.512007,68714.0,2.9565408,5347.0,0.0,0.0,0.0,0.0,316.26505,6175.0,75.123085,80245.0,0.0,0.0,12.96646,14163501.0,0.0,85.808266,93729937.0,0.0,0.0,4923.0,0.0,109231823.0,5.062653,1406.0,27772.0,0.0,0.83794534,2798.0,333912.0,0.0,0.0,0.0,0.0,0.0,dataset_2024.csv,202408,True,False
2024,8,Lima,Lima,Independencia,MOVISTAR,3.541405,13356.0,0.7292322,3134.0,10.132353,93529.0,3.6802769,6974.0,0.0,0.0,0.0,0.0,241.58246,6846.0,74.73046,116973.0,0.0,0.0,6.653654,7912863.0,0.0,92.22582,109679629.0,0.0,0.0,3177.0,0.0,118925075.0,3.8884392,1153.0,29652.0,0.0,0.66917175,3234.0,483284.0,0.0,0.0,0.0,0.0,0.0,dataset_2024.csv,202408,True,False
2024,8,Lima,Lima,Los Olivos,MOVISTAR,4.184556,25395.0,0.9540361,7866.0,10.631758,193690.0,3.006111,13008.0,0.0,0.0,0.0,0.0,266.33493,11593.0,73.897606,228476.0,0.0,0.0,8.659964,24877027.0,0.0,90.72847,260630959.0,0.0,0.0,7587.0,0.0,287264801.0,4.028474,2026.0,50292.0,0.0,0.51326996,4814.0,937908.0,0.0,0.0,0.0,0.0,0.0,dataset_2024.csv,202408,True,False
2024,8,Lima,Lima,Puente Piedra,MOVISTAR,3.35473,10268.0,0.7468248,2483.0,10.701497,100752.0,3.5933516,8665.0,0.0,0.0,0.0,0.0,285.94333,5550.0,74.59343,115571.0,0.0,0.0,6.1810513,9222020.0,0.0,92.53592,138061966.0,0.0,0.0,332.0,0.0,149198241.0,5.067995,1282.0,25296.0,0.0,0.7525526,3582.0,475980.0,0.0,0.0,0.0,0.0,0.0,dataset_2024.csv,202408,True,False
2024,8,Lima,Lima,Punta Negra,MOVISTAR,6.8578954,1616.0,1.3011879,680.0,9.59859,11633.0,2.761061,1895.0,0.0,0.0,0.0,0.0,221.27596,667.0,76.44314,9731.0,0.0,0.0,8.90702,753390.0,0.0,90.334656,7640853.0,0.0,0.0,253.0,0.0,8458385.0,3.5714285,102.0,2856.0,0.0,0.7423301,301.0,40548.0,0.0,0.0,0.0,0.0,0.0,dataset_2024.csv,202408,True,False
2024,8,Lima,Lima,San Juan De Lurigancho,MOVISTAR,3.8927655,52124.0,0.81453574,12381.0,9.871609,372958.0,3.6400506,34016.0,0.0,0.0,0.0,0.0,276.39746,21323.0,73.776505,394952.0,0.0,0.0,7.6103325,37587152.0,0.0,91.17046,450287568.0,0.0,0.0,1868.0,0.0,493896326.0,3.8216968,3582.0,93728.0,0.0,0.52267206,8498.0,1625876.0,0.0,0.0,0.0,0.0,0.0,dataset_2024.csv,202408,True,False
2024,8,Lima,Lima,San Luis,MOVISTAR,3.7988188,4914.0,0.70537037,1606.0,10.596097,65951.0,3.4048908,5431.0,0.0,0.0,0.0,0.0,215.19733,3831.0,74.37228,73280.0,0.0,0.0,3.5851314,2512558.0,0.0,96.229965,67440587.0,0.0,0.0,4857.0,0.0,70082729.0,2.8399205,457.0,16092.0,0.0,0.4654282,1395.0,299724.0,0.0,0.0,0.0,0.0,0.0,dataset_2024.csv,202408,True,False
2024,8,Lima,Lima,San Martin De Porres,MOVISTAR,4.034995,71948.0,0.9400352,15107.0,10.512627,304171.0,3.5429523,27042.0,0.0,0.0,0.0,0.0,261.57095,32494.0,74.44127,357156.0,0.0,0.0,10.354632,45669767.0,0.0,88.84437,391853741.0,0.0,0.0,815.0,0.0,441056381.0,3.2203195,4468.0,138744.0,0.0,0.5007238,7333.0,1464480.0,0.0,0.0,0.0,0.0,0.0,dataset_2024.csv,202408,True,False
2024,8,Piura,Piura,Castilla,MOVISTAR,5.120585,7585.0,0.7998344,2401.0,10.530082,87950.0,2.8984761,5522.0,0.0,0.0,0.0,0.0,211.65549,7096.0,80.70749,105455.0,0.0,0.0,3.819871,4555771.0,0.0,95.267456,113620774.0,0.0,0.0,0.0,0.0,119265049.0,2.6753783,778.0,29080.0,0.0,0.6740117,2923.0,433672.0,0.0,0.0,0.0,0.0,0.0,dataset_2024.csv,202408,True,False
2024,8,Piura,Piura,Catacaos,MOVISTAR,3.8853834,2548.0,0.88143903,1341.0,8.186229,31526.0,2.9958856,2012.0,0.0,0.0,0.0,0.0,175.80785,1859.0,80.59695,45606.0,0.0,0.0,2.955663,1329346.0,0.0,96.73662,43508490.0,0.0,0.0,0.0,0.0,44976238.0,3.2608695,249.0,7636.0,0.0,0.6400889,1209.0,188880.0,0.0,0.0,0.0,0.0,0.0,dataset_2024.csv,202408,True,False
2024,8,Piura,Piura,Piura,MOVISTAR,4.1222925,9166.0,0.7911998,3108.0,10.032195,135886.0,2.6122568,9978.0,0.0,0.0,0.0,0.0,175.37569,7065.0,81.105865,180845.0,0.0,0.0,4.9728336,8897005.0,0.0,94.7354,169493165.0,0.0,0.0,328.0,0.0,178912184.0,4.390828,1283.0,29220.0,0.0,0.65674233,4904.0,746716.0,0.0,0.0,0.0,0.0,0.0,dataset_2024.csv,202408,True,False
2024,8,Piura,Piura,Veintiseis De Octubre,MOVISTAR,4.297966,2607.0,0.7482842,975.0,8.752813,68999.0,2.8967495,4921.0,0.0,0.0,0.0,0.0,184.12556,2099.0,81.900185,94840.0,0.0,0.0,1.4056159,1410768.0,0.0,98.51099,98872059.0,0.0,0.0,0.0,0.0,100366531.0,4.0196977,351.0,8732.0,0.0,0.71885794,2830.0,393680.0,0.0,0.0,0.0,0.0,0.0,dataset_2024.csv,202408,True,False
2024,8,Puno,Puno,Puno,MOVISTAR,4.761638,11528.0,0.8329481,3639.0,9.523906,159849.0,3.588696,12242.0,0.0,0.0,0.0,0.0,204.88676,7341.0,86.094284,173709.0,0.0,0.0,4.354921,7826956.0,0.0,95.31973,171315011.0,0.0,0.0,0.0,0.0,179726701.0,5.16785,1601.0,30980.0,0.0,0.8111841,5861.0,722524.0,0.0,0.0,0.0,0.0,0.0,dataset_2024.csv,202408,True,False
2024,8,Puno,San Roman,Caracoto,MOVISTAR,3.7687814,1388.0,0.0,0.0,7.553161,4538.0,0.0,0.0,0.0,0.0,0.0,0.0,268.56146,1026.0,86.38771,6785.0,0.0,0.0,10.1520605,716125.0,0.0,88.43162,6237955.0,0.0,0.0,0.0,0.0,7053987.0,5.2797832,234.0,4432.0,0.0,1.423573,415.0,29152.0,0.0,0.0,0.0,0.0,0.0,dataset_2024.csv,202408,True,False
2024,8,Puno,San Roman,Juliaca,MOVISTAR,5.3260083,28474.0,0.75935125,7932.0,8.876511,230585.0,2.947945,16486.0,0.0,0.0,0.0,0.0,216.93663,16173.0,84.2215,240348.0,0.0,0.0,5.286405,11661388.0,0.0,94.08495,207543907.0,0.0,0.0,0.0,0.0,220592026.0,5.455889,3765.0,69008.0,0.0,1.0981373,11154.0,1015720.0,0.0,0.0,0.0,0.0,0.0,dataset_2024.csv,202408,True,False
2024,8,Puno,San Roman,San Miguel,MOVISTAR,3.844044,2916.0,0.7196474,1057.0,7.3035383,41221.0,3.117103,3247.0,0.0,0.0,0.0,0.0,249.61139,1588.0,88.77599,28668.0,0.0,0.0,5.624845,2003679.0,0.0,94.004814,33486339.0,0.0,0.0,0.0,0.0,35621940.0,6.9897084,489.0,6996.0,0.0,1.6402318,2060.0,125592.0,0.0,0.0,0.0,0.0,0.0,dataset_2024.csv,202408,True,False
2024,8,San Martin,Moyobamba,Moyobamba,MOVISTAR,3.2969174,764.0,0.0,0.0,11.037452,27232.0,2.9804792,1166.0,0.0,0.0,0.0,0.0,357.12784,1111.0,95.09088,41085.0,0.0,0.0,4.305306,1924241.0,0.0,95.27252,42581709.0,0.0,0.0,0.0,0.0,44694639.0,7.9802775,437.0,5476.0,0.0,0.7436807,1291.0,173596.0,0.0,0.0,0.0,0.0,0.0,dataset_2024.csv,202408,True,False
2024,8,Tacna,Candarave,Camilaca,MOVISTAR,4.5396714,3480.0,0.608275,644.0,7.351725,2308.0,0.0,0.0,0.0,0.0,0.0,0.0,0.0,0.0,114.02576,689.0,0.0,0.0,45.535275,923000.0,0.0,52.568623,1065566.0,0.0,0.0,0.0,0.0,2027000.0,3.3842795,0.0,0.0,0.0,3.6725068,109.0,2968.0,0.0,0.0,0.0,0.0,0.0,dataset_2024.csv,202408,True,False
2024,8,Tumbes,Contralmirante Villar,Canoas De Punta Sal,MOVISTAR,5.6179924,2518.0,0.8338778,790.0,11.446435,16136.0,4.3462496,2135.0,0.0,0.0,0.0,0.0,183.9046,1484.0,80.23268,15095.0,0.0,0.0,7.879014,1003193.0,0.0,91.30938,11625938.0,0.0,0.0,0.0,0.0,12732469.0,4.0426908,250.0,6184.0,0.0,0.38037774,232.0,60992.0,0.0,0.0,0.0,0.0,0.0,dataset_2024.csv,202408,True,False
2024,8,Tumbes,Tumbes,Tumbes,MOVISTAR,5.006442,1758.0,1.7201834,913.0,13.487114,46594.0,2.5983515,4894.0,0.0,0.0,0.0,0.0,170.2688,1485.0,81.91271,56995.0,0.0,0.0,2.6558022,1474584.0,0.0,97.13314,53931340.0,0.0,0.0,0.0,0.0,55523111.0,3.8690476,234.0,6048.0,0.0,0.35008946,814.0,232512.0,0.0,0.0,0.0,0.0,0.0,dataset_2024.csv,202408,True,False
2024,9,Arequipa,Arequipa,Alto Selva Alegre,MOVISTAR,3.678654,1603.0,0.7119495,474.0,9.167782,34213.0,3.3893998,2724.0,0.0,0.0,0.0,0.0,224.98827,1302.0,79.08659,37140.0,0.0,0.0,2.8507915,1386259.0,0.0,96.49952,46924978.0,0.0,0.0,0.0,0.0,48627164.0,5.6445994,324.0,5740.0,0.0,0.8581488,1321.0,153936.0,0.0,0.0,0.0,0.0,0.0,dataset_2024.csv,202409,True,False
2024,9,Arequipa,Arequipa,Cayma,MOVISTAR,4.7738795,3966.0,0.65956295,1062.0,10.078181,46970.0,2.956234,2420.0,0.0,0.0,0.0,0.0,183.99287,2814.0,77.299576,61351.0,0.0,0.0,2.59513,1783823.0,0.0,97.15229,66779887.0,0.0,0.0,54.0,0.0,68737327.0,4.172263,497.0,11912.0,0.0,0.93489164,2379.0,254468.0,0.0,0.0,0.0,0.0,0.0,dataset_2024.csv,202409,True,False
2024,9,Arequipa,Arequipa,Jacobo Hunter,MOVISTAR,4.9652333,2400.0,0.60661834,590.0,9.514147,37617.0,3.0518408,2361.0,0.0,0.0,0.0,0.0,253.74037,1552.0,78.00005,44916.0,0.0,0.0,3.085686,1398173.0,0.0,96.46559,43710084.0,0.0,0.0,0.0,0.0,45311579.0,3.1655343,205.0,6476.0,0.0,0.9429395,1753.0,185908.0,0.0,0.0,0.0,0.0,0.0,dataset_2024.csv,202409,True,False
2024,9,Arequipa,Arequipa,Jose Luis Bustamante Y Rivero,MOVISTAR,6.7103157,6267.0,0.8256684,1776.0,10.290199,77753.0,2.7287824,4552.0,0.0,0.0,0.0,0.0,182.4504,3859.0,76.58523,116295.0,0.0,0.0,3.494611,4044563.0,0.0,96.16377,111297211.0,0.0,0.0,0.0,0.0,115737148.0,3.424153,558.0,16296.0,0.0,0.6498657,3097.0,476560.0,0.0,0.0,0.0,0.0,0.0,dataset_2024.csv,202409,True,False
2024,9,Arequipa,Arequipa,Mariano Melgar,MOVISTAR,4.3043756,2848.0,0.7307509,763.0,10.532587,32281.0,3.1242056,1913.0,0.0,0.0,0.0,0.0,204.09335,1815.0,76.92654,38722.0,0.0,0.0,3.850623,1417635.0,0.0,95.952736,35325700.0,0.0,0.0,0.0,0.0,36815731.0,3.1099195,232.0,7460.0,0.0,0.6051837,962.0,158960.0,0.0,0.0,0.0,0.0,0.0,dataset_2024.csv,202409,True,False
2024,9,Arequipa,Arequipa,Miraflores,MOVISTAR,5.0961123,2669.0,1.3089262,910.0,12.062172,55391.0,3.4781077,3533.0,0.0,0.0,0.0,0.0,154.52333,2198.0,75.20787,56779.0,0.0,0.0,3.0646632,1408006.0,0.0,96.743546,44447135.0,0.0,0.0,0.0,0.0,45943255.0,2.68016,241.0,8992.0,0.0,0.50054276,1162.0,232148.0,0.0,0.0,0.0,0.0,0.0,dataset_2024.csv,202409,True,False
2024,9,Arequipa,Arequipa,Paucarpata,MOVISTAR,4.364194,8270.0,0.82291996,1614.0,9.095369,55421.0,2.9357364,3442.0,0.0,0.0,0.0,0.0,224.88843,4133.0,76.4965,68799.0,0.0,0.0,5.9872212,4946908.0,0.0,93.71603,77432339.0,0.0,0.0,0.0,0.0,82624439.0,3.8617885,665.0,17220.0,0.0,0.7674435,2180.0,284060.0,0.0,0.0,0.0,0.0,0.0,dataset_2024.csv,202409,True,False
2024,9,Arequipa,Arequipa,Sachaca,MOVISTAR,3.4165015,947.0,0.0,0.0,8.067303,15055.0,2.3556216,1618.0,0.0,0.0,0.0,0.0,203.36504,860.0,74.14041,22659.0,0.0,0.0,4.929393,793361.0,0.0,94.585335,15223034.0,0.0,0.0,0.0,0.0,16094497.0,7.1390657,269.0,3768.0,0.0,0.6697291,624.0,93172.0,0.0,0.0,0.0,0.0,0.0,dataset_2024.csv,202409,True,False
2024,9,Arequipa,Arequipa,Socabaya,MOVISTAR,3.9086728,2107.0,0.7540926,629.0,9.835673,32968.0,2.310231,1712.0,0.0,0.0,0.0,0.0,209.77684,1247.0,79.324295,35223.0,0.0,0.0,2.8755796,1222094.0,0.0,96.95084,41203188.0,0.0,0.0,0.0,0.0,42499049.0,4.9317145,260.0,5272.0,0.0,1.2944567,1913.0,147784.0,0.0,0.0,0.0,0.0,0.0,dataset_2024.csv,202409,True,False
2024,9,Arequipa,Arequipa,Tiabaya,MOVISTAR,4.6019535,843.0,0.0,0.0,8.036673,13369.0,4.5503917,969.0,0.0,0.0,0.0,0.0,159.91504,888.0,77.034775,14060.0,0.0,0.0,3.5719318,419529.0,0.0,95.81533,11253661.0,0.0,0.0,0.0,0.0,11745157.0,3.0461032,111.0,3644.0,0.0,0.64378417,377.0,58560.0,0.0,0.0,0.0,0.0,0.0,dataset_2024.csv,202409,True,False
2024,9,Arequipa,Arequipa,Yanahuara,MOVISTAR,4.327753,812.0,0.0,0.0,12.756837,14247.0,3.0105069,960.0,0.0,0.0,0.0,0.0,206.96124,536.0,75.96822,19566.0,0.0,0.0,1.624485,392826.0,0.0,98.134026,23730349.0,0.0,0.0,126.0,0.0,24181571.0,4.2395105,97.0,2288.0,0.0,0.7055797,565.0,80076.0,0.0,0.0,0.0,0.0,0.0,dataset_2024.csv,202409,True,False
2024,9,Ayacucho,Huamanga,Carmen Alto,MOVISTAR,3.2718992,2084.0,0.4302348,645.0,7.93855,6935.0,0.0,0.0,0.0,0.0,0.0,0.0,226.63031,1515.0,75.27185,8186.0,0.0,0.0,5.991685,1001206.0,0.0,93.56759,15635073.0,0.0,0.0,0.0,0.0,16709924.0,4.121046,271.0,6576.0,0.0,1.1695392,399.0,34116.0,0.0,0.0,0.0,0.0,0.0,dataset_2024.csv,202409,True,False
2024,9,Cajamarca,Celendin,Celendin,MOVISTAR,5.554379,845.0,0.0,0.0,10.119137,8424.0,0.0,0.0,0.0,0.0,0.0,0.0,174.85233,1213.0,75.86081,13861.0,0.0,0.0,8.122629,969847.0,0.0,91.63471,10941241.0,0.0,0.0,0.0,0.0,11940062.0,3.1932094,158.0,4948.0,0.0,0.37951,215.0,56652.0,0.0,0.0,0.0,0.0,0.0,dataset_2024.csv,202409,True,False
2024,9,Cajamarca,Santa Cruz,Santa Cruz,MOVISTAR,3.7032435,1156.0,0.0,0.0,9.007961,15746.0,2.9458718,1390.0,0.0,0.0,0.0,0.0,258.1035,994.0,82.108955,20435.0,0.0,0.0,4.886105,575669.0,0.0,93.77523,11048369.0,0.0,0.0,0.0,0.0,11781756.0,7.9077063,353.0,4464.0,0.0,0.9313932,795.0,85356.0,0.0,0.0,0.0,0.0,0.0,dataset_2024.csv,202409,True,False
2024,9,Callao,Callao,Mi Peru,MOVISTAR,4.079482,4812.0,0.9308833,871.0,9.893927,9051.0,4.4777474,912.0,0.0,0.0,0.0,0.0,260.00735,811.0,73.2184,12654.0,0.0,0.0,8.710144,1881034.0,0.0,88.71275,19158319.0,0.0,0.0,0.0,0.0,21595901.0,4.8954897,178.0,3636.0,0.0,0.76296467,399.0,52296.0,0.0,0.0,0.0,0.0,0.0,dataset_2024.csv,202409,True,False
2024,9,Cusco,Acomayo,Pomacanchi,MOVISTAR,5.4309945,1483.0,0.0,0.0,9.193677,1919.0,0.0,0.0,0.0,0.0,0.0,0.0,120.25508,921.0,79.08116,4575.0,0.0,0.0,25.56053,907853.0,0.0,73.70511,2617841.0,0.0,0.0,0.0,0.0,3551777.0,2.1213748,79.0,3724.0,0.0,0.3873009,71.0,18332.0,0.0,0.0,0.0,0.0,0.0,dataset_2024.csv,202409,True,False
2024,9,Cusco,Cusco,Cusco,MOVISTAR,2.7608502,7364.0,0.6204693,2267.0,7.066266,62450.0,2.6585174,4200.0,0.0,0.0,0.0,0.0,301.0051,3981.0,86.3109,91475.0,0.0,0.0,5.207961,5150886.0,0.0,90.04384,89057030.0,0.0,0.0,0.0,0.0,98904083.0,8.372391,1572.0,18776.0,0.0,2.143243,8568.0,399768.0,0.0,0.0,0.0,0.0,0.0,dataset_2024.csv,202409,True,False
2024,9,Cusco,Cusco,San Jeronimo,MOVISTAR,3.6731045,3376.0,0.7059452,1000.0,7.5483017,47299.0,3.1031952,2298.0,0.0,0.0,0.0,0.0,230.21738,2579.0,84.67993,56842.0,0.0,0.0,4.3648944,2189082.0,0.0,94.083595,47184806.0,0.0,0.0,0.0,0.0,50152002.0,6.5017667,736.0,11320.0,0.0,1.4402485,3524.0,244680.0,0.0,0.0,0.0,0.0,0.0,dataset_2024.csv,202409,True,False
2024,9,Cusco,Cusco,San Sebastian,MOVISTAR,3.7807229,4699.0,0.58632356,1381.0,8.870271,53380.0,2.973703,3960.0,0.0,0.0,0.0,0.0,249.41034,2647.0,84.04477,56375.0,0.0,0.0,6.011712,4615959.0,0.0,92.18382,70781290.0,0.0,0.0,0.0,0.0,76782769.0,6.637397,771.0,11616.0,0.0,1.4489431,3477.0,239968.0,0.0,0.0,0.0,0.0,0.0,dataset_2024.csv,202409,True,False
2024,9,Cusco,Cusco,Santiago,MOVISTAR,4.1721044,4867.0,0.6949945,1618.0,8.0593405,49453.0,3.150665,3195.0,0.0,0.0,0.0,0.0,253.58727,3295.0,84.51837,69293.0,0.0,0.0,5.619449,3605373.0,0.0,92.472,59328953.0,0.0,0.0,0.0,0.0,64158831.0,5.6985807,819.0,14372.0,0.0,1.38674,4087.0,294720.0,0.0,0.0,0.0,0.0,0.0,dataset_2024.csv,202409,True,False
2024,9,Cusco,Cusco,Wanchaq,MOVISTAR,3.6387436,4831.0,0.6354883,1805.0,8.602365,62048.0,2.261298,3661.0,0.0,0.0,0.0,0.0,244.72379,3740.0,85.06952,93000.0,0.0,0.0,3.6451573,3265067.0,0.0,95.03253,85123238.0,0.0,0.0,0.0,0.0,89572734.0,6.5360274,1074.0,16432.0,0.0,1.7540473,6995.0,398792.0,0.0,0.0,0.0,0.0,0.0,dataset_2024.csv,202409,True,False
2024,9,Cusco,La Convencion,Echarate,MOVISTAR,5.9416327,2635.0,0.7065841,674.0,9.631634,16928.0,2.5502038,786.0,0.0,0.0,0.0,0.0,224.41887,1215.0,85.14669,10844.0,0.0,0.0,6.1935024,1067497.0,0.0,71.32442,12293303.0,0.0,0.0,0.0,0.0,17235757.0,4.423227,227.0,5132.0,0.0,2.089578,976.0,46708.0,0.0,0.0,0.0,0.0,0.0,dataset_2024.csv,202409,True,False
2024,9,Huancavelica,Tayacaja,Pampas,MOVISTAR,3.6326458,1399.0,0.6416051,593.0,11.023155,9038.0,4.077157,860.0,0.0,0.0,0.0,0.0,218.08234,844.0,75.78525,8285.0,0.0,0.0,9.052148,622952.0,0.0,90.06378,6198022.0,0.0,0.0,0.0,0.0,6881814.0,5.661926,207.0,3656.0,0.0,1.3794259,494.0,35812.0,0.0,0.0,0.0,0.0,0.0,dataset_2024.csv,202409,True,False
2024,9,Ica,Chincha,Alto Laran,MOVISTAR,0.0,0.0,0.0,0.0,11.249017,21821.0,3.4478595,4608.0,0.0,0.0,0.0,0.0,0.0,0.0,87.25921,16602.0,0.0,0.0,0.6636633,89775.0,0.0,93.23782,12612458.0,0.0,0.0,0.0,0.0,13527190.0,5.072464,0.0,0.0,0.0,0.4881885,329.0,67392.0,0.0,0.0,0.0,0.0,0.0,dataset_2024.csv,202409,False,True
2024,9,Ica,Chincha,Chincha Alta,MOVISTAR,0.0,0.0,0.0,0.0,11.8343725,108059.0,3.86128,8113.0,0.0,0.0,0.0,0.0,0.0,0.0,85.38723,123314.0,0.0,0.0,0.018014973,17705.0,0.0,98.289734,96598518.0,0.0,0.0,0.0,0.0,98279355.0,0.0,0.0,0.0,0.0,0.4229023,2116.0,500352.0,0.0,0.0,0.0,0.0,0.0,dataset_2024.csv,202409,False,True
2024,9,Ica,Chincha,Chincha Baja,MOVISTAR,0.0,0.0,0.0,0.0,10.524443,16616.0,3.4211354,728.0,0.0,0.0,0.0,0.0,0.0,0.0,88.11813,23029.0,0.0,0.0,0.23591572,42142.0,0.0,94.744225,16924312.0,0.0,0.0,0.0,0.0,17863159.0,0.0,0.0,0.0,0.0,0.8344586,791.0,94792.0,0.0,0.0,0.0,0.0,0.0,dataset_2024.csv,202409,False,True
2024,9,Ica,Chincha,El Carmen,MOVISTAR,0.0,0.0,0.0,0.0,12.038738,7720.0,3.5796225,609.0,0.0,0.0,0.0,0.0,0.0,0.0,89.92256,10237.0,0.0,0.0,7.4701285,789348.0,0.0,85.25325,9008477.0,0.0,0.0,0.0,0.0,10566726.0,4.5685277,0.0,0.0,0.0,0.4060938,169.0,41616.0,0.0,0.0,0.0,0.0,0.0,dataset_2024.csv,202409,False,True
2024,9,Ica,Chincha,Pueblo Nuevo,MOVISTAR,0.0,0.0,0.0,0.0,10.934334,40362.0,3.4844613,3482.0,0.0,0.0,0.0,0.0,0.0,0.0,85.35148,48796.0,0.0,0.0,0.02049534,8901.0,0.0,96.42901,41878524.0,0.0,0.0,0.0,0.0,43429385.0,0.0,0.0,0.0,0.0,0.37824318,747.0,197492.0,0.0,0.0,0.0,0.0,0.0,dataset_2024.csv,202409,False,True
2024,9,Ica,Chincha,Sunampe,MOVISTAR,0.0,0.0,0.0,0.0,12.109469,40319.0,3.7146788,2595.0,0.0,0.0,0.0,0.0,0.0,0.0,81.74449,42717.0,0.0,0.0,0.06036068,24576.0,0.0,97.54518,39715759.0,0.0,0.0,3.0,0.0,40715246.0,0.0,0.0,0.0,0.0,0.28822464,496.0,172088.0,0.0,0.0,0.0,0.0,0.0,dataset_2024.csv,202409,False,True
2024,9,Ica,Ica,Ica,MOVISTAR,5.8440456,16337.0,0.9163448,4746.0,10.110525,165593.0,3.5926907,14328.0,0.0,0.0,0.0,0.0,175.48305,9915.0,70.72833,228799.0,0.0,0.0,5.908082,12417521.0,0.0,93.77459,197094065.0,0.0,0.0,0.0,0.0,210178540.0,3.3722184,1376.0,40804.0,0.0,0.58410317,5483.0,938704.0,0.0,0.0,0.0,0.0,0.0,dataset_2024.csv,202409,True,False
2024,9,Ica,Ica,La Tinguiña,MOVISTAR,4.3739576,1421.0,1.4610068,743.0,9.403891,26849.0,4.886565,2805.0,0.0,0.0,0.0,0.0,163.5669,1345.0,71.43166,29595.0,0.0,0.0,3.627149,900867.0,0.0,96.02347,23849137.0,0.0,0.0,0.0,0.0,24836779.0,4.084967,225.0,5508.0,0.0,0.5392608,656.0,121648.0,0.0,0.0,0.0,0.0,0.0,dataset_2024.csv,202409,True,False
2024,9,Ica,Ica,Parcona,MOVISTAR,5.1124988,2805.0,0.7760017,873.0,9.372052,23014.0,4.621489,1887.0,0.0,0.0,0.0,0.0,192.21127,2009.0,71.387184,29446.0,0.0,0.0,10.318068,3352532.0,0.0,89.21841,28988717.0,0.0,0.0,0.0,0.0,32491858.0,4.025218,332.0,8248.0,0.0,0.69069415,839.0,121472.0,0.0,0.0,0.0,0.0,0.0,dataset_2024.csv,202409,True,False
2024,9,Ica,Ica,Subtanjalla,MOVISTAR,6.333117,1997.0,0.74625844,410.0,10.399481,13798.0,2.6161447,632.0,0.0,0.0,0.0,0.0,205.44836,711.0,69.805374,16657.0,0.0,0.0,13.170117,2644144.0,0.0,86.36197,17338758.0,0.0,0.0,0.0,0.0,20076845.0,5.0275483,146.0,2904.0,0.0,0.57789093,395.0,68352.0,0.0,0.0,0.0,0.0,0.0,dataset_2024.csv,202409,True,False
2024,9,Junin,Chanchamayo,Chanchamayo,MOVISTAR,3.64073,1776.0,0.55751973,626.0,7.9008675,13586.0,2.2069867,1016.0,0.0,0.0,0.0,0.0,224.42336,1830.0,76.541,18933.0,0.0,0.0,5.3882732,1126623.0,0.0,91.16537,19061579.0,0.0,0.0,0.0,0.0,20908794.0,5.3264604,434.0,8148.0,0.0,1.2071981,966.0,80020.0,0.0,0.0,0.0,0.0,0.0,dataset_2024.csv,202409,True,False
2024,9,Junin,Huancayo,Chilca,MOVISTAR,5.045286,13643.0,0.6647706,3445.0,6.787959,60111.0,2.3649678,2946.0,0.0,0.0,0.0,0.0,205.00342,8082.0,74.854546,70415.0,0.0,0.0,8.352654,6171866.0,0.0,91.125336,67333486.0,0.0,0.0,0.0,0.0,73891069.0,2.5340896,840.0,33148.0,0.0,1.0911993,3254.0,298204.0,0.0,0.0,0.0,0.0,0.0,dataset_2024.csv,202409,True,False
2024,9,Junin,Huancayo,El Tambo,MOVISTAR,4.725546,15285.0,0.8459328,5791.0,9.435624,187806.0,2.8955324,15420.0,0.0,0.0,0.0,0.0,187.71695,12327.0,72.326805,224418.0,0.0,0.0,5.4699807,13286220.0,0.0,94.13055,228636847.0,0.0,0.0,0.0,0.0,242893360.0,4.188441,2148.0,51284.0,0.0,0.8619324,8054.0,934412.0,0.0,0.0,0.0,0.0,0.0,dataset_2024.csv,202409,True,False
2024,9,Junin,Huancayo,Huancayo,MOVISTAR,4.5975113,11506.0,0.8965076,4732.0,8.668825,188043.0,3.1030025,15356.0,0.0,0.0,0.0,0.0,190.75414,10240.0,71.86672,252768.0,0.0,0.0,4.091518,9477698.0,0.0,95.51373,221250481.0,0.0,0.0,0.0,0.0,231642580.0,4.5471663,1932.0,42488.0,0.0,0.70954007,7433.0,1047580.0,0.0,0.0,0.0,0.0,0.0,dataset_2024.csv,202409,True,False
2024,9,Junin,Huancayo,Pilcomayo,MOVISTAR,3.750863,939.0,0.0,0.0,8.836031,21114.0,3.370142,2121.0,0.0,0.0,0.0,0.0,230.68494,731.0,71.57047,24242.0,0.0,0.0,3.0240922,758064.0,0.0,96.34964,24152437.0,0.0,0.0,0.0,0.0,25067490.0,5.8041506,179.0,3084.0,0.0,0.67631704,684.0,101136.0,0.0,0.0,0.0,0.0,0.0,dataset_2024.csv,202409,True,False
2024,9,Junin,Huancayo,San Agustin,MOVISTAR,5.1823635,1473.0,0.9454989,469.0,9.347602,26871.0,3.6333272,3346.0,0.0,0.0,0.0,0.0,176.73817,1165.0,68.934166,27482.0,0.0,0.0,3.217195,856157.0,0.0,96.660194,25723122.0,0.0,0.0,0.0,0.0,26611909.0,5.0083127,241.0,4812.0,0.0,0.6827267,772.0,113076.0,0.0,0.0,0.0,0.0,0.0,dataset_2024.csv,202409,True,False
2024,9,Junin,Junin,Carhuamayo,MOVISTAR,6.6075854,1723.0,1.1476438,562.0,12.134974,31388.0,4.3601127,2960.0,0.0,0.0,0.0,0.0,157.8053,1269.0,69.01391,22417.0,0.0,0.0,8.729288,1406584.0,0.0,90.18712,14532200.0,0.0,0.0,0.0,0.0,16113388.0,4.045245,211.0,5216.0,0.0,0.29569536,269.0,90972.0,0.0,0.0,0.0,0.0,0.0,dataset_2024.csv,202409,True,False
2024,9,La Libertad,Trujillo,El Porvenir,MOVISTAR,4.90634,9597.0,0.844098,2720.0,10.205242,75667.0,2.9448092,5751.0,0.0,0.0,0.0,0.0,203.41125,6029.0,72.84431,81355.0,0.0,0.0,8.593473,8073627.0,0.0,90.831535,85336851.0,0.0,0.0,0.0,0.0,93950683.0,3.649635,920.0,25208.0,0.0,0.7638889,2585.0,338400.0,0.0,0.0,0.0,0.0,0.0,dataset_2024.csv,202409,True,False
2024,9,La Libertad,Trujillo,La Esperanza,MOVISTAR,4.184193,6323.0,0.6408607,2050.0,10.065807,79433.0,2.8991916,7947.0,0.0,0.0,0.0,0.0,213.32489,3685.0,72.99947,81965.0,0.0,0.0,5.5498333,4906512.0,0.0,93.43495,82604229.0,0.0,0.0,0.0,0.0,88408276.0,5.1666665,806.0,15600.0,0.0,0.8617684,2966.0,344176.0,0.0,0.0,0.0,0.0,0.0,dataset_2024.csv,202409,True,False
2024,9,La Libertad,Trujillo,Moche,MOVISTAR,4.673057,1284.0,0.77456665,535.0,9.906823,27187.0,2.3642094,1611.0,0.0,0.0,0.0,0.0,198.66011,981.0,69.64217,36480.0,0.0,0.0,3.5885851,1287997.0,0.0,96.259125,34548843.0,0.0,0.0,0.0,0.0,35891500.0,4.72167,190.0,4024.0,0.0,0.35038543,520.0,148408.0,0.0,0.0,0.0,0.0,0.0,dataset_2024.csv,202409,True,False
2024,9,La Libertad,Trujillo,Trujillo,MOVISTAR,5.443677,23396.0,0.7786226,7251.0,11.037242,287017.0,3.1436193,24602.0,0.0,0.0,0.0,0.0,181.21133,19239.0,71.66763,357569.0,0.0,0.0,6.078659,20944438.0,0.0,93.5925,322479388.0,0.0,0.0,93.0,0.0,344556887.0,4.2323685,3339.0,78892.0,0.0,0.5538766,8108.0,1463864.0,0.0,0.0,0.0,0.0,0.0,dataset_2024.csv,202409,True,False
2024,9,La Libertad,Trujillo,Victor Larco Herrera,MOVISTAR,6.4062533,9659.0,1.0405666,2148.0,10.668732,41636.0,2.8973365,2263.0,0.0,0.0,0.0,0.0,157.08649,4990.0,70.718735,44060.0,0.0,0.0,6.0739155,3198723.0,0.0,93.701744,49346410.0,0.0,0.0,0.0,0.0,52663280.0,2.7975836,565.0,20196.0,0.0,0.36629423,657.0,179364.0,0.0,0.0,0.0,0.0,0.0,dataset_2024.csv,202409,True,False
2024,9,Lambayeque,Chiclayo,Chiclayo,MOVISTAR,4.3005233,8591.0,1.0527186,3749.0,10.377608,170466.0,3.2520866,14041.0,0.0,0.0,0.0,0.0,172.5807,7469.0,73.47447,215935.0,0.0,0.0,3.464062,6807305.0,0.0,95.90275,188460607.0,0.0,0.0,60.0,0.0,196512213.0,4.278006,1332.0,31136.0,0.0,0.507891,4490.0,884048.0,0.0,0.0,0.0,0.0,0.0,dataset_2024.csv,202409,True,False
2024,9,Lambayeque,Chiclayo,Jose Leonardo Ortiz,MOVISTAR,5.400107,2456.0,0.8634911,838.0,10.849208,73103.0,3.5834553,6056.0,0.0,0.0,0.0,0.0,157.8972,2050.0,73.15543,75104.0,0.0,0.0,2.5609043,1940185.0,0.0,97.22059,73655991.0,0.0,0.0,0.0,0.0,75761718.0,4.136947,348.0,8412.0,0.0,0.39145002,1201.0,306808.0,0.0,0.0,0.0,0.0,0.0,dataset_2024.csv,202409,True,False
2024,9,Lambayeque,Chiclayo,La Victoria,MOVISTAR,4.837785,2510.0,0.7121544,969.0,10.32148,41949.0,3.596366,2874.0,0.0,0.0,0.0,0.0,165.8011,1647.0,73.27171,48038.0,0.0,0.0,2.6509871,1443021.0,0.0,97.15186,52883009.0,0.0,0.0,0.0,0.0,54433344.0,3.705331,253.0,6828.0,0.0,0.5272827,1039.0,197048.0,0.0,0.0,0.0,0.0,0.0,dataset_2024.csv,202409,True,False
2024,9,Lambayeque,Chiclayo,Pimentel,MOVISTAR,4.0009613,2771.0,0.8138078,1482.0,8.616656,41835.0,2.7428162,3118.0,0.0,0.0,0.0,0.0,147.1654,1973.0,75.45282,42777.0,0.0,0.0,3.2265747,1786708.0,0.0,96.39917,53380809.0,0.0,0.0,0.0,0.0,55374759.0,3.4236453,278.0,8120.0,0.0,0.64201367,1133.0,176476.0,0.0,0.0,0.0,0.0,0.0,dataset_2024.csv,202409,True,False
2024,9,Lima,Cañete,Asia,MOVISTAR,3.2301328,3757.0,0.77653563,1161.0,12.484213,20208.0,3.2455988,1926.0,0.0,0.0,0.0,0.0,278.6823,2570.0,71.549835,21724.0,0.0,0.0,11.642012,2399130.0,0.0,85.83838,17689162.0,0.0,0.0,97.0,0.0,20607521.0,3.2702703,363.0,11100.0,0.0,0.4434112,391.0,88180.0,0.0,0.0,0.0,0.0,0.0,dataset_2024.csv,202409,True,False
2024,9,Lima,Cañete,Cerro Azul,MOVISTAR,5.5865912,4493.0,2.2885404,1259.0,10.107772,14993.0,3.0610683,1217.0,0.0,0.0,0.0,0.0,264.25464,1829.0,72.9487,15107.0,0.0,0.0,9.110206,1059741.0,0.0,89.833435,10449838.0,0.0,0.0,0.0,0.0,11632460.0,2.2143605,169.0,7632.0,0.0,0.3724817,230.0,61748.0,0.0,0.0,0.0,0.0,0.0,dataset_2024.csv,202409,True,False
2024,9,Lima,Cañete,Chilca,MOVISTAR,3.3489969,1702.0,0.70166993,531.0,7.5575714,26340.0,1.9614767,1544.0,0.0,0.0,0.0,0.0,260.40796,1033.0,73.11141,27055.0,0.0,0.0,4.2964816,869003.0,0.0,93.78625,18969133.0,0.0,0.0,361.0,0.0,20225921.0,3.539626,159.0,4492.0,0.0,0.56056607,629.0,112208.0,0.0,0.0,0.0,0.0,0.0,dataset_2024.csv,202409,True,False
2024,9,Lima,Cañete,Mala,MOVISTAR,3.8937747,3798.0,1.0421765,885.0,10.44766,46604.0,4.470442,4465.0,0.0,0.0,0.0,0.0,274.5939,3158.0,71.88193,46463.0,0.0,0.0,7.3929706,3572920.0,0.0,90.13032,43558730.0,0.0,0.0,0.0,0.0,48328612.0,3.367799,456.0,13540.0,0.0,0.5122069,976.0,190548.0,0.0,0.0,0.0,0.0,0.0,dataset_2024.csv,202409,True,False
2024,9,Lima,Huaura,Huaura,MOVISTAR,3.7090256,949.0,0.0,0.0,9.39759,14419.0,2.7010496,1019.0,0.0,0.0,0.0,0.0,260.60898,751.0,73.17339,16021.0,0.0,0.0,8.843922,1325297.0,0.0,89.791145,13455561.0,0.0,0.0,0.0,0.0,14985399.0,4.681873,156.0,3332.0,0.0,0.5007261,331.0,66104.0,0.0,0.0,0.0,0.0,0.0,dataset_2024.csv,202409,True,False
2024,9,Lima,Lima,Barranco,MOVISTAR,5.5442,2271.0,0.696862,699.0,12.297676,37717.0,3.072319,2127.0,0.0,0.0,0.0,0.0,225.05414,1931.0,68.005264,50108.0,0.0,0.0,7.154721,3393983.0,0.0,92.07358,43676916.0,0.0,0.0,0.0,0.0,47436972.0,2.4052842,193.0,8024.0,0.0,0.25477895,515.0,202136.0,0.0,0.0,0.0,0.0,0.0,dataset_2024.csv,202409,True,False
2024,9,Lima,Lima,Breña,MOVISTAR,4.018957,11408.0,0.66930145,3158.0,10.5013685,79505.0,2.559382,4855.0,0.0,0.0,0.0,0.0,254.67854,6114.0,70.38929,101999.0,0.0,0.0,4.52252,4508375.0,0.0,95.11283,94815345.0,0.0,0.0,1644.0,0.0,99687228.0,4.250982,1126.0,26488.0,0.0,0.49863356,2080.0,417140.0,0.0,0.0,0.0,0.0,0.0,dataset_2024.csv,202409,True,False
2024,9,Lima,Lima,Carabayllo,MOVISTAR,5.0055184,31976.0,2.3394325,25708.0,12.074844,131793.0,4.054595,12052.0,0.0,0.0,0.0,0.0,256.68137,12208.0,70.028366,145885.0,0.0,0.0,10.027126,15778256.0,0.0,88.66026,139511999.0,0.0,0.0,2231.0,0.0,157355718.0,3.0512114,1592.0,52176.0,0.0,0.5133594,3058.0,595684.0,0.0,0.0,0.0,0.0,0.0,dataset_2024.csv,202409,True,False
2024,9,Lima,Lima,Comas,MOVISTAR,2.9207647,45113.0,0.7755625,9315.0,10.372131,228262.0,3.4241452,17874.0,0.0,0.0,0.0,0.0,276.39554,18772.0,71.62882,256132.0,0.0,0.0,10.705671,35883421.0,0.0,87.89212,294598072.0,0.0,0.0,416.0,0.0,335181427.0,4.450889,3714.0,83444.0,0.0,0.6388154,6744.0,1055704.0,0.0,0.0,0.0,0.0,0.0,dataset_2024.csv,202409,True,False
2024,9,Lima,Lima,El Agustino,MOVISTAR,4.3443832,12956.0,0.7406828,3234.0,8.768458,71437.0,3.3732836,7336.0,0.0,0.0,0.0,0.0,289.75534,8363.0,71.52623,84215.0,0.0,0.0,14.28116,16029658.0,0.0,84.10787,94405522.0,0.0,0.0,786.0,0.0,112243388.0,4.462063,1649.0,36956.0,0.0,0.89269394,3125.0,350064.0,0.0,0.0,0.0,0.0,0.0,dataset_2024.csv,202409,True,False
2024,9,Lima,Lima,Independencia,MOVISTAR,3.7728524,16160.0,0.8777946,3912.0,9.930625,97174.0,3.527033,7258.0,0.0,0.0,0.0,0.0,238.9039,6047.0,70.6461,124887.0,0.0,0.0,7.124025,8891413.0,0.0,91.223175,113854591.0,0.0,0.0,403.0,0.0,124808840.0,4.4856095,1172.0,26128.0,0.0,0.599908,3077.0,512912.0,0.0,0.0,0.0,0.0,0.0,dataset_2024.csv,202409,True,False
2024,9,Lima,Lima,Los Olivos,MOVISTAR,3.9783912,23969.0,0.78919786,7163.0,10.418268,185583.0,3.1023302,12471.0,0.0,0.0,0.0,0.0,238.17506,12463.0,70.40314,236637.0,0.0,0.0,8.671797,25735022.0,0.0,90.48724,268536166.0,0.0,0.0,715.0,0.0,296766887.0,3.5597198,1911.0,53684.0,0.0,0.5272244,5106.0,968468.0,0.0,0.0,0.0,0.0,0.0,dataset_2024.csv,202409,True,False
2024,9,Lima,Lima,Puente Piedra,MOVISTAR,3.4384515,10256.0,0.75535375,2840.0,9.956507,111839.0,3.7530782,8931.0,0.0,0.0,0.0,0.0,281.31766,5835.0,70.85923,127293.0,0.0,0.0,5.6201262,8444777.0,0.0,93.27913,140160810.0,0.0,0.0,220.0,0.0,150259563.0,5.5627375,1463.0,26300.0,0.0,0.7630916,4012.0,525756.0,0.0,0.0,0.0,0.0,0.0,dataset_2024.csv,202409,True,False
2024,9,Lima,Lima,Punta Negra,MOVISTAR,5.42429,1199.0,1.1967558,469.0,9.538442,7022.0,3.0066175,1261.0,0.0,0.0,0.0,0.0,209.75806,993.0,72.484436,8546.0,0.0,0.0,12.203278,880722.0,0.0,86.9241,6273394.0,0.0,0.0,0.0,0.0,7217094.0,2.2485492,93.0,4136.0,0.0,0.5870009,207.0,35264.0,0.0,0.0,0.0,0.0,0.0,dataset_2024.csv,202409,True,False
2024,9,Lima,Lima,San Juan De Lurigancho,MOVISTAR,3.975849,50379.0,0.79494745,13214.0,10.017002,421813.0,3.725142,39940.0,0.0,0.0,0.0,0.0,259.2099,25140.0,69.829956,452367.0,0.0,0.0,7.869773,42499270.0,0.0,90.819466,490453918.0,0.0,0.0,1085.0,0.0,540031716.0,3.762029,4097.0,108904.0,0.0,0.49828482,9250.0,1856368.0,0.0,0.0,0.0,0.0,0.0,dataset_2024.csv,202409,True,False
2024,9,Lima,Lima,San Luis,MOVISTAR,4.1274233,5191.0,0.87530303,1642.0,10.571118,73736.0,3.455692,6625.0,0.0,0.0,0.0,0.0,196.19006,3337.0,70.12926,85308.0,0.0,0.0,4.6914077,3328282.0,0.0,94.790306,67248233.0,0.0,0.0,2479.0,0.0,70944211.0,3.2125673,454.0,14132.0,0.0,0.40245613,1400.0,347864.0,0.0,0.0,0.0,0.0,0.0,dataset_2024.csv,202409,True,False
2024,9,Lima,Lima,San Martin De Porres,MOVISTAR,3.8815882,68885.0,0.8853684,12948.0,10.317778,315575.0,4.2699428,34967.0,0.0,0.0,0.0,0.0,258.29578,31150.0,70.66471,376237.0,0.0,0.0,10.184204,46046226.0,0.0,88.53796,400310023.0,0.0,0.0,3950.0,0.0,452133783.0,3.1947994,4251.0,133060.0,0.0,0.5091345,7859.0,1543600.0,0.0,0.0,0.0,0.0,0.0,dataset_2024.csv,202409,True,False
2024,9,Piura,Piura,Castilla,MOVISTAR,4.2947006,4787.0,0.771777,2531.0,10.439973,102321.0,2.8996074,6722.0,0.0,0.0,0.0,0.0,183.56165,3488.0,75.92647,124814.0,0.0,0.0,2.7519484,3488934.0,0.0,96.43151,122256354.0,0.0,0.0,44.0,0.0,126780500.0,4.7727275,693.0,14520.0,0.0,0.54508084,2795.0,512768.0,0.0,0.0,0.0,0.0,0.0,dataset_2024.csv,202409,True,False
2024,9,Piura,Piura,Catacaos,MOVISTAR,4.548046,2159.0,0.77581656,746.0,7.7079535,28667.0,3.5586305,2071.0,0.0,0.0,0.0,0.0,177.12602,2000.0,77.94118,38235.0,0.0,0.0,3.513992,1400880.0,0.0,95.96242,38256156.0,0.0,0.0,0.0,0.0,39865769.0,3.5853183,295.0,8228.0,0.0,0.659192,1043.0,158224.0,0.0,0.0,0.0,0.0,0.0,dataset_2024.csv,202409,True,False
2024,9,Piura,Piura,Piura,MOVISTAR,4.8188143,14748.0,0.71847564,3791.0,10.51674,150624.0,2.628986,9662.0,0.0,0.0,0.0,0.0,198.3729,8174.0,76.007614,190812.0,0.0,0.0,4.52893,8574926.0,0.0,95.209045,180265635.0,0.0,0.0,0.0,0.0,189336676.0,3.9044013,1320.0,33808.0,0.0,0.5045299,3945.0,781916.0,0.0,0.0,0.0,0.0,0.0,dataset_2024.csv,202409,True,False
2024,9,Piura,Piura,Veintiseis De Octubre,MOVISTAR,5.605058,4244.0,0.9785015,1144.0,9.019516,83653.0,2.4218743,7076.0,0.0,0.0,0.0,0.0,203.46605,2055.0,76.63701,106152.0,0.0,0.0,1.863146,2065076.0,0.0,97.87273,108480290.0,0.0,0.0,0.0,0.0,110838121.0,3.9467428,332.0,8412.0,0.0,0.5616005,2463.0,438568.0,0.0,0.0,0.0,0.0,0.0,dataset_2024.csv,202409,True,False
2024,9,Puno,Puno,Puno,MOVISTAR,6.070871,13420.0,0.75035185,4326.0,9.264989,192809.0,3.2052615,13422.0,0.0,0.0,0.0,0.0,191.09268,7375.0,82.82042,211164.0,0.0,0.0,3.6348822,6881434.0,0.0,95.88882,181533408.0,0.0,0.0,0.0,0.0,189316565.0,4.349929,1349.0,31012.0,0.0,0.74787927,6577.0,879420.0,0.0,0.0,0.0,0.0,0.0,dataset_2024.csv,202409,True,False
2024,9,Puno,San Roman,Caracoto,MOVISTAR,3.7879634,1017.0,0.0,0.0,7.1699486,6764.0,0.0,0.0,0.0,0.0,0.0,0.0,246.80482,645.0,84.821396,6378.0,0.0,0.0,6.3756332,390151.0,0.0,92.4142,5655202.0,0.0,0.0,0.0,0.0,6119408.0,5.367232,152.0,2832.0,0.0,1.3453904,366.0,27204.0,0.0,0.0,0.0,0.0,0.0,dataset_2024.csv,202409,True,False
2024,9,Puno,San Roman,Juliaca,MOVISTAR,5.9380603,24088.0,0.937078,7422.0,9.022293,284851.0,3.2319157,21993.0,0.0,0.0,0.0,0.0,193.72055,14763.0,80.15868,301955.0,0.0,0.0,4.1845317,10764757.0,0.0,94.85289,244010160.0,0.0,0.0,0.0,0.0,257251163.0,4.3003435,2654.0,61716.0,0.0,1.039586,13219.0,1271564.0,0.0,0.0,0.0,0.0,0.0,dataset_2024.csv,202409,True,False
2024,9,Puno,San Roman,San Miguel,MOVISTAR,4.7506394,3288.0,0.71179295,1272.0,6.8644204,50264.0,2.2218018,4096.0,0.0,0.0,0.0,0.0,234.6176,1614.0,84.23605,34083.0,0.0,0.0,5.8057375,1989333.0,0.0,93.388115,31999388.0,0.0,0.0,0.0,0.0,34264948.0,5.5823865,393.0,7040.0,0.0,1.4640751,2195.0,149924.0,0.0,0.0,0.0,0.0,0.0,dataset_2024.csv,202409,True,False
2024,9,San Martin,Moyobamba,Moyobamba,MOVISTAR,3.9013135,1226.0,0.0,0.0,10.830728,37548.0,2.368122,1353.0,0.0,0.0,0.0,0.0,313.68964,1347.0,91.91985,43715.0,0.0,0.0,3.722144,1687150.0,0.0,95.656105,43358401.0,0.0,0.0,0.0,0.0,45327373.0,7.3747683,477.0,6468.0,0.0,0.69219136,1263.0,182464.0,0.0,0.0,0.0,0.0,0.0,dataset_2024.csv,202409,True,False
2024,9,Tacna,Candarave,Camilaca,MOVISTAR,3.927711,2635.0,0.45607972,568.0,8.651981,7836.0,4.9416614,784.0,0.0,0.0,0.0,0.0,0.0,0.0,86.16901,3383.0,0.0,0.0,15.833476,602887.0,0.0,81.230606,3092996.0,0.0,0.0,0.0,0.0,3807673.0,3.975265,0.0,0.0,0.0,2.700422,384.0,14220.0,0.0,0.0,0.0,0.0,0.0,dataset_2024.csv,202409,True,False
2024,9,Tumbes,Contralmirante Villar,Canoas De Punta Sal,MOVISTAR,5.7375717,3179.0,1.20939,1353.0,12.447366,17611.0,4.086744,1837.0,0.0,0.0,0.0,0.0,172.3665,1418.0,76.926926,15064.0,0.0,0.0,6.0304604,764925.0,0.0,93.51457,11861720.0,0.0,0.0,0.0,0.0,12684355.0,2.852349,170.0,5960.0,0.0,0.29433045,179.0,60816.0,0.0,0.0,0.0,0.0,0.0,dataset_2024.csv,202409,True,False
2024,9,Tumbes,Tumbes,Tumbes,MOVISTAR,5.851038,1879.0,1.8594407,631.0,11.542359,49818.0,4.9309907,7742.0,0.0,0.0,0.0,0.0,159.12817,976.0,80.19291,49446.0,0.0,0.0,1.9977429,1075062.0,0.0,97.85729,52660756.0,0.0,0.0,0.0,0.0,53813831.0,4.59799,183.0,3980.0,0.0,0.37359345,753.0,201556.0,0.0,0.0,0.0,0.0,0.0,dataset_2024.csv,202409,True,False
2024,10,Arequipa,Arequipa,Alto Selva Alegre,MOVISTAR,0.0,0.0,0.0,0.0,11.156777,40393.0,3.6233513,3101.0,0.0,0.0,0.0,0.0,0.0,0.0,73.5506,45369.0,0.0,0.0,1.0576304,544406.0,0.0,96.76186,49807322.0,0.0,0.0,0.0,0.0,51474126.0,6.6568046,0.0,0.0,0.0,0.7009145,1306.0,186328.0,0.0,0.0,0.0,0.0,0.0,dataset_2024.csv,202410,False,True
2024,10,Arequipa,Arequipa,Cayma,MOVISTAR,3.6921322,1128.0,0.0,0.0,9.774848,59808.0,3.058449,3391.0,0.0,0.0,0.0,0.0,200.72975,644.0,73.69065,67312.0,0.0,0.0,1.1504792,897964.0,0.0,96.482285,75305677.0,0.0,0.0,14.0,0.0,78051299.0,4.322767,120.0,2776.0,0.0,0.90058,2503.0,277932.0,0.0,0.0,0.0,0.0,0.0,dataset_2024.csv,202410,True,False
2024,10,Arequipa,Arequipa,Jacobo Hunter,MOVISTAR,0.0,0.0,0.0,0.0,10.603879,40077.0,3.0865693,2835.0,0.0,0.0,0.0,0.0,0.0,0.0,74.59048,46800.0,0.0,0.0,1.6304162,764856.0,0.0,95.78516,44934451.0,0.0,0.0,0.0,0.0,46911705.0,4.6238246,0.0,0.0,0.0,0.9690884,1876.0,193584.0,0.0,0.0,0.0,0.0,0.0,dataset_2024.csv,202410,False,True
2024,10,Arequipa,Arequipa,Jose Luis Bustamante Y Rivero,MOVISTAR,4.740417,1867.0,0.66799736,550.0,10.331668,89621.0,3.5365045,5064.0,0.0,0.0,0.0,0.0,165.2816,1263.0,72.994316,116873.0,0.0,0.0,1.91949,2107275.0,0.0,95.15665,104465883.0,0.0,0.0,0.0,0.0,109783069.0,2.5,133.0,5320.0,0.0,0.66575664,3180.0,477652.0,0.0,0.0,0.0,0.0,0.0,dataset_2024.csv,202410,True,False
2024,10,Arequipa,Arequipa,Mariano Melgar,MOVISTAR,4.842422,783.0,0.0,0.0,10.35686,39360.0,3.963586,1901.0,0.0,0.0,0.0,0.0,172.63496,412.0,74.00849,41307.0,0.0,0.0,0.7951529,397163.0,0.0,97.724075,48811227.0,0.0,0.0,0.0,0.0,49948005.0,3.384798,57.0,1684.0,0.0,0.7219749,1226.0,169812.0,0.0,0.0,0.0,0.0,0.0,dataset_2024.csv,202410,True,False
2024,10,Arequipa,Arequipa,Miraflores,MOVISTAR,6.15281,623.0,0.0,0.0,11.689378,44565.0,3.3276665,3363.0,0.0,0.0,0.0,0.0,0.0,0.0,71.071144,55300.0,0.0,0.0,0.4340405,219298.0,0.0,98.3107,49671264.0,0.0,0.0,0.0,0.0,50524780.0,3.5100286,0.0,0.0,0.0,0.5313586,1199.0,225648.0,0.0,0.0,0.0,0.0,0.0,dataset_2024.csv,202410,True,False
2024,10,Arequipa,Arequipa,Paucarpata,MOVISTAR,4.4792757,3821.0,0.0,0.0,10.009882,57429.0,3.7347002,4737.0,0.0,0.0,0.0,0.0,238.46709,1805.0,72.92592,68619.0,0.0,0.0,1.6268783,1311448.0,0.0,95.12133,76678560.0,0.0,0.0,0.0,0.0,80611319.0,2.7732463,204.0,7356.0,0.0,0.644385,1810.0,280888.0,0.0,0.0,0.0,0.0,0.0,dataset_2024.csv,202410,True,False
2024,10,Arequipa,Arequipa,Sachaca,MOVISTAR,0.0,0.0,0.0,0.0,9.90796,10765.0,3.209684,712.0,0.0,0.0,0.0,0.0,0.0,0.0,71.85356,20528.0,0.0,0.0,1.2896775,212086.0,0.0,97.10769,15969249.0,0.0,0.0,0.0,0.0,16444886.0,7.5301204,125.0,1660.0,0.0,0.7860439,661.0,84092.0,0.0,0.0,0.0,0.0,0.0,dataset_2024.csv,202410,False,True
2024,10,Arequipa,Arequipa,Socabaya,MOVISTAR,0.0,0.0,0.0,0.0,9.906948,35970.0,1.8977506,2797.0,0.0,0.0,0.0,0.0,0.0,0.0,73.873886,36094.0,0.0,0.0,0.77769285,342383.0,0.0,97.128365,42761226.0,0.0,0.0,0.0,0.0,44025478.0,6.751825,0.0,0.0,0.0,1.1492481,1715.0,149228.0,0.0,0.0,0.0,0.0,0.0,dataset_2024.csv,202410,False,True
2024,10,Arequipa,Arequipa,Tiabaya,MOVISTAR,0.0,0.0,0.0,0.0,8.712022,11931.0,0.0,0.0,0.0,0.0,0.0,0.0,0.0,0.0,72.50573,12280.0,0.0,0.0,1.2002981,159572.0,0.0,94.29573,12536018.0,0.0,0.0,0.0,0.0,13294364.0,3.4042554,0.0,0.0,0.0,0.63281065,318.0,50252.0,0.0,0.0,0.0,0.0,0.0,dataset_2024.csv,202410,False,True
2024,10,Arequipa,Arequipa,Yanahuara,MOVISTAR,0.0,0.0,0.0,0.0,13.381111,18537.0,3.3893464,1567.0,0.0,0.0,0.0,0.0,0.0,0.0,72.120926,23190.0,0.0,0.0,0.5421312,141540.0,0.0,97.94296,25571019.0,0.0,0.0,0.0,0.0,26108072.0,2.0833333,0.0,0.0,0.0,0.5941306,562.0,94592.0,0.0,0.0,0.0,0.0,0.0,dataset_2024.csv,202410,False,True
2024,10,Ayacucho,Huamanga,Carmen Alto,MOVISTAR,3.069422,2433.0,0.59590006,895.0,8.303963,9864.0,3.502109,733.0,0.0,0.0,0.0,0.0,220.7562,1469.0,73.5873,12348.0,0.0,0.0,5.230285,936180.0,0.0,93.93528,16813678.0,0.0,0.0,0.0,0.0,17899215.0,4.2879257,277.0,6460.0,0.0,1.0344154,529.0,51140.0,0.0,0.0,0.0,0.0,0.0,dataset_2024.csv,202410,True,False
2024,10,Cajamarca,Celendin,Celendin,MOVISTAR,0.0,0.0,0.0,0.0,9.848159,7095.0,0.0,0.0,0.0,0.0,0.0,0.0,207.10194,445.0,73.69761,12778.0,0.0,0.0,2.6041164,295024.0,0.0,96.760056,10962082.0,0.0,0.0,0.0,0.0,11329140.0,5.926724,110.0,1856.0,0.0,0.40719116,212.0,52064.0,0.0,0.0,0.0,0.0,0.0,dataset_2024.csv,202410,False,True
2024,10,Cajamarca,Santa Cruz,Santa Cruz,MOVISTAR,3.5820312,665.0,0.0,0.0,8.928024,16547.0,3.0759113,1003.0,0.0,0.0,0.0,0.0,231.47673,574.0,77.73003,18134.0,0.0,0.0,5.1986985,515319.0,0.0,94.275795,9345052.0,0.0,0.0,0.0,0.0,9912462.0,7.3415766,190.0,2588.0,0.0,0.86652315,644.0,74320.0,0.0,0.0,0.0,0.0,0.0,dataset_2024.csv,202410,True,False
2024,10,Callao,Callao,Mi Peru,MOVISTAR,3.342418,2017.0,0.91033095,428.0,9.026003,12278.0,3.3971624,705.0,0.0,0.0,0.0,0.0,321.95364,515.0,69.106636,9195.0,0.0,0.0,9.586386,1794498.0,0.0,88.105865,16492743.0,0.0,0.0,0.0,0.0,18719234.0,5.907534,138.0,2336.0,0.0,0.75733835,290.0,38292.0,0.0,0.0,0.0,0.0,0.0,dataset_2024.csv,202410,True,False
2024,10,Cusco,Acomayo,Pomacanchi,MOVISTAR,5.718338,2680.0,0.55074835,433.0,9.33609,2081.0,0.0,0.0,0.0,0.0,0.0,0.0,115.14102,1023.0,75.483475,5241.0,0.0,0.0,25.06361,895120.0,0.0,74.71651,2668420.0,0.0,0.0,0.0,0.0,3571393.0,2.1174207,88.0,4156.0,0.0,0.44744858,94.0,21008.0,0.0,0.0,0.0,0.0,0.0,dataset_2024.csv,202410,True,False
2024,10,Cusco,Cusco,Cusco,MOVISTAR,3.290176,7460.0,0.64357275,2315.0,7.191631,75215.0,3.1292026,5643.0,0.0,0.0,0.0,0.0,266.64838,4927.0,82.29879,99969.0,0.0,0.0,4.6103363,4842212.0,0.0,90.01685,94544236.0,0.0,0.0,0.0,0.0,105029479.0,7.073305,1540.0,21772.0,0.0,1.9221332,8304.0,432020.0,0.0,0.0,0.0,0.0,0.0,dataset_2024.csv,202410,True,False
2024,10,Cusco,Cusco,San Jeronimo,MOVISTAR,4.050228,4187.0,0.67607296,1235.0,8.198083,50243.0,4.019811,4988.0,0.0,0.0,0.0,0.0,212.58464,2403.0,80.410736,56083.0,0.0,0.0,5.3098702,2831027.0,0.0,92.81042,49483091.0,0.0,0.0,178.0,0.0,53316312.0,6.4107413,678.0,10576.0,0.0,1.2628338,3011.0,238432.0,0.0,0.0,0.0,0.0,0.0,dataset_2024.csv,202410,True,False
2024,10,Cusco,Cusco,San Sebastian,MOVISTAR,3.2551115,3567.0,0.6556106,1143.0,8.465903,44187.0,2.9794722,2705.0,0.0,0.0,0.0,0.0,229.83678,2850.0,81.73392,56386.0,0.0,0.0,6.981465,5682115.0,0.0,89.444984,72798001.0,0.0,0.0,0.0,0.0,81388581.0,6.2561097,768.0,12276.0,0.0,1.434505,3433.0,239316.0,0.0,0.0,0.0,0.0,0.0,dataset_2024.csv,202410,True,False
2024,10,Cusco,Cusco,Santiago,MOVISTAR,3.5702267,4656.0,0.7333785,1490.0,8.103115,54066.0,3.8851411,3986.0,0.0,0.0,0.0,0.0,242.15959,2919.0,80.34678,66832.0,0.0,0.0,5.327159,3716271.0,0.0,91.73984,63998486.0,0.0,0.0,0.0,0.0,69760845.0,6.325016,801.0,12664.0,0.0,1.1637084,3273.0,281256.0,0.0,0.0,0.0,0.0,0.0,dataset_2024.csv,202410,True,False
2024,10,Cusco,Cusco,Wanchaq,MOVISTAR,3.2105956,4129.0,0.66253763,1631.0,8.501995,60054.0,2.4898217,4415.0,0.0,0.0,0.0,0.0,242.7865,3154.0,82.31049,84540.0,0.0,0.0,4.098848,3636548.0,0.0,93.97,83371336.0,0.0,0.0,298.0,0.0,88721225.0,6.486525,905.0,13952.0,0.0,1.8158168,6575.0,362096.0,0.0,0.0,0.0,0.0,0.0,dataset_2024.csv,202410,True,False
2024,10,Cusco,La Convencion,Echarate,MOVISTAR,5.895839,2270.0,0.7401854,627.0,9.366004,18277.0,3.04401,485.0,0.0,0.0,0.0,0.0,224.48653,1471.0,85.444275,13902.0,0.0,0.0,6.4689035,1090630.0,0.0,69.52269,11721234.0,0.0,0.0,0.0,0.0,16859581.0,4.836066,295.0,6100.0,0.0,2.0258162,1221.0,60272.0,0.0,0.0,0.0,0.0,0.0,dataset_2024.csv,202410,True,False
2024,10,Huancavelica,Tayacaja,Pampas,MOVISTAR,4.2382007,1045.0,0.0,0.0,8.659907,8138.0,3.1387537,1044.0,0.0,0.0,0.0,0.0,219.13715,603.0,70.60606,8878.0,0.0,0.0,5.9881783,441384.0,0.0,93.352135,6880914.0,0.0,0.0,0.0,0.0,7370923.0,4.5780253,115.0,2512.0,0.0,1.0494354,394.0,37544.0,0.0,0.0,0.0,0.0,0.0,dataset_2024.csv,202410,True,False
2024,10,Ica,Chincha,Alto Laran,MOVISTAR,0.0,0.0,0.0,0.0,11.817059,26986.0,3.2619908,4889.0,0.0,0.0,0.0,0.0,0.0,0.0,83.70093,19571.0,0.0,0.0,0.43728656,65385.0,0.0,94.5779,14141702.0,0.0,0.0,0.0,0.0,14952438.0,0.0,0.0,0.0,0.0,0.36146095,287.0,79400.0,0.0,0.0,0.0,0.0,0.0,dataset_2024.csv,202410,False,True
2024,10,Ica,Chincha,Chincha Alta,MOVISTAR,0.0,0.0,0.0,0.0,12.18456,104587.0,3.7740424,9435.0,0.0,0.0,0.0,0.0,0.0,0.0,82.22449,117000.0,0.0,0.0,0.05225439,52352.0,0.0,98.37785,98561618.0,0.0,0.0,0.0,0.0,100186798.0,0.0,0.0,0.0,0.0,0.43758297,2083.0,476024.0,0.0,0.0,0.0,0.0,0.0,dataset_2024.csv,202410,False,True
2024,10,Ica,Chincha,Chincha Baja,MOVISTAR,0.0,0.0,0.0,0.0,10.768674,25187.0,3.7350042,1376.0,0.0,0.0,0.0,0.0,0.0,0.0,85.50848,27405.0,0.0,0.0,0.25925353,53931.0,0.0,93.208084,19389534.0,0.0,0.0,0.0,0.0,20802417.0,0.0,0.0,0.0,0.0,0.777495,880.0,113184.0,0.0,0.0,0.0,0.0,0.0,dataset_2024.csv,202410,False,True
2024,10,Ica,Chincha,El Carmen,MOVISTAR,0.0,0.0,0.0,0.0,13.470652,7800.0,0.0,0.0,0.0,0.0,0.0,0.0,0.0,0.0,84.17328,10355.0,0.0,0.0,6.8147516,734371.0,0.0,84.367,9091553.0,0.0,0.0,0.0,0.0,10776196.0,8.898305,0.0,0.0,0.0,0.4616849,194.0,42020.0,0.0,0.0,0.0,0.0,0.0,dataset_2024.csv,202410,False,True
2024,10,Ica,Chincha,Pueblo Nuevo,MOVISTAR,0.0,0.0,0.0,0.0,10.293138,38677.0,3.6085374,4066.0,0.0,0.0,0.0,0.0,0.0,0.0,82.650955,49696.0,0.0,0.0,0.004574719,2109.0,0.0,96.82867,44639168.0,0.0,0.0,0.0,0.0,46101192.0,0.0,0.0,0.0,0.0,0.43327385,874.0,201720.0,0.0,0.0,0.0,0.0,0.0,dataset_2024.csv,202410,False,True
2024,10,Ica,Chincha,Sunampe,MOVISTAR,0.0,0.0,0.0,0.0,11.924708,42020.0,3.9145977,2094.0,0.0,0.0,0.0,0.0,0.0,0.0,79.34164,41408.0,0.0,0.0,0.053121757,23148.0,0.0,97.77801,42607127.0,0.0,0.0,0.0,0.0,43575367.0,0.0,0.0,0.0,0.0,0.33414775,558.0,166992.0,0.0,0.0,0.0,0.0,0.0,dataset_2024.csv,202410,False,True
2024,10,Ica,Ica,Ica,MOVISTAR,5.101369,16046.0,0.9198583,4997.0,10.004693,190915.0,3.625515,16938.0,0.0,0.0,0.0,0.0,174.01921,11315.0,68.43518,271380.0,0.0,0.0,4.245626,10012362.0,0.0,95.18578,224474447.0,0.0,0.0,0.0,0.0,235827706.0,3.38053,1571.0,46472.0,0.0,0.5521969,6138.0,1111560.0,0.0,0.0,0.0,0.0,0.0,dataset_2024.csv,202410,True,False
2024,10,Ica,Ica,La Tinguiña,MOVISTAR,4.769528,1050.0,1.0946659,443.0,8.850688,18156.0,4.137382,2681.0,0.0,0.0,0.0,0.0,140.02167,1121.0,70.08101,23170.0,0.0,0.0,3.3773453,726555.0,0.0,96.06409,20665888.0,0.0,0.0,0.0,0.0,21512606.0,3.1496062,144.0,4572.0,0.0,0.47290763,450.0,95156.0,0.0,0.0,0.0,0.0,0.0,dataset_2024.csv,202410,True,False
2024,10,Ica,Ica,Parcona,MOVISTAR,5.1016083,2927.0,0.7805669,886.0,9.059972,30844.0,2.1410837,1527.0,0.0,0.0,0.0,0.0,152.62497,2002.0,68.33912,39858.0,0.0,0.0,6.717005,2671581.0,0.0,92.822784,36918773.0,0.0,0.0,0.0,0.0,39773396.0,3.4030142,280.0,8228.0,0.0,0.3933727,642.0,163204.0,0.0,0.0,0.0,0.0,0.0,dataset_2024.csv,202410,True,False
2024,10,Ica,Ica,Subtanjalla,MOVISTAR,3.4668443,1127.0,0.711601,411.0,9.665489,14177.0,2.854961,853.0,0.0,0.0,0.0,0.0,209.5332,999.0,69.06255,17744.0,0.0,0.0,14.235611,2696366.0,0.0,85.26532,16150098.0,0.0,0.0,0.0,0.0,18940992.0,4.666344,193.0,4136.0,0.0,0.6258163,460.0,73504.0,0.0,0.0,0.0,0.0,0.0,dataset_2024.csv,202410,True,False
2024,10,Junin,Chanchamayo,Chanchamayo,MOVISTAR,4.5737596,3313.0,0.6731184,829.0,8.420985,26078.0,2.358044,1217.0,0.0,0.0,0.0,0.0,215.89984,2444.0,75.20261,31325.0,0.0,0.0,6.6323223,2008002.0,0.0,90.1914,27306349.0,0.0,0.0,0.0,0.0,30276001.0,4.492039,474.0,10552.0,0.0,0.786759,1022.0,129900.0,0.0,0.0,0.0,0.0,0.0,dataset_2024.csv,202410,True,False
2024,10,Junin,Huancayo,Chilca,MOVISTAR,5.8591166,14950.0,0.8741376,3740.0,6.95111,61414.0,3.0733044,3623.0,0.0,0.0,0.0,0.0,208.48706,6669.0,73.575645,70077.0,0.0,0.0,8.3750925,7041659.0,0.0,91.110855,76604717.0,0.0,0.0,22.0,0.0,84078583.0,2.931262,800.0,27292.0,0.0,1.0844262,3205.0,295548.0,0.0,0.0,0.0,0.0,0.0,dataset_2024.csv,202410,True,False
2024,10,Junin,Huancayo,El Tambo,MOVISTAR,4.524591,18737.0,1.0080143,6419.0,9.768194,227176.0,3.4515138,16798.0,0.0,0.0,0.0,0.0,195.40437,15450.0,70.265785,260963.0,0.0,0.0,5.400438,15467418.0,0.0,94.31166,270118446.0,0.0,0.0,0.0,0.0,286410448.0,3.925219,2509.0,63920.0,0.0,0.7427429,8024.0,1080320.0,0.0,0.0,0.0,0.0,0.0,dataset_2024.csv,202410,True,False
2024,10,Junin,Huancayo,Huancayo,MOVISTAR,5.4105434,14369.0,0.8644542,6114.0,8.615699,220606.0,3.1280253,19278.0,0.0,0.0,0.0,0.0,183.81044,11183.0,70.59247,282773.0,0.0,0.0,4.31502,10425617.0,0.0,95.12555,229834966.0,0.0,0.0,299.0,0.0,241612243.0,4.2848496,1982.0,46256.0,0.0,0.7302756,8564.0,1172708.0,0.0,0.0,0.0,0.0,0.0,dataset_2024.csv,202410,True,False
2024,10,Junin,Huancayo,Pilcomayo,MOVISTAR,4.0042515,1213.0,0.0,0.0,9.510125,26649.0,2.6840453,2038.0,0.0,0.0,0.0,0.0,222.95032,1134.0,70.01371,33566.0,0.0,0.0,3.8691094,1082455.0,0.0,95.7297,26782155.0,0.0,0.0,0.0,0.0,27976852.0,5.5067,263.0,4776.0,0.0,0.7104224,993.0,139776.0,0.0,0.0,0.0,0.0,0.0,dataset_2024.csv,202410,True,False
2024,10,Junin,Huancayo,San Agustin,MOVISTAR,3.7021232,1730.0,0.8370159,775.0,8.973726,28055.0,3.7090602,2965.0,0.0,0.0,0.0,0.0,208.46552,1150.0,68.641914,26987.0,0.0,0.0,3.9106414,1146165.0,0.0,95.61183,28022751.0,0.0,0.0,0.0,0.0,29308874.0,4.7619047,228.0,4788.0,0.0,0.76731163,855.0,111428.0,0.0,0.0,0.0,0.0,0.0,dataset_2024.csv,202410,True,False
2024,10,Junin,Junin,Carhuamayo,MOVISTAR,5.7115927,1274.0,1.1574385,455.0,12.992017,19739.0,4.2949653,6261.0,0.0,0.0,0.0,0.0,128.03688,971.0,54.518585,11348.0,0.0,0.0,6.889215,822484.0,0.0,91.7772,10957022.0,0.0,0.0,0.0,0.0,11938719.0,3.2532532,130.0,3996.0,0.0,0.39092872,181.0,46300.0,0.0,0.0,0.0,0.0,0.0,dataset_2024.csv,202410,True,False
2024,10,La Libertad,Trujillo,El Porvenir,MOVISTAR,4.9158883,8189.0,0.98878217,2141.0,10.794313,77628.0,3.2975729,5988.0,0.0,0.0,0.0,0.0,185.3266,4516.0,70.02305,73831.0,0.0,0.0,8.053173,7873418.0,0.0,91.527985,89484980.0,0.0,0.0,0.0,0.0,97767892.0,3.6943214,700.0,18948.0,0.0,0.86041445,2654.0,308456.0,0.0,0.0,0.0,0.0,0.0,dataset_2024.csv,202410,True,False
2024,10,La Libertad,Trujillo,La Esperanza,MOVISTAR,3.537759,4283.0,0.78988487,1916.0,9.744839,90041.0,3.101318,7111.0,0.0,0.0,0.0,0.0,200.05775,3293.0,69.58863,93861.0,0.0,0.0,4.32232,4597151.0,0.0,94.76774,100793468.0,0.0,0.0,0.0,0.0,106358416.0,6.3449636,902.0,14216.0,0.0,0.9606564,3770.0,392440.0,0.0,0.0,0.0,0.0,0.0,dataset_2024.csv,202410,True,False
2024,10,La Libertad,Trujillo,Moche,MOVISTAR,4.410747,2098.0,0.68281823,700.0,11.883558,34411.0,2.3951623,2445.0,0.0,0.0,0.0,0.0,178.84056,1440.0,65.607056,36904.0,0.0,0.0,2.823142,1135559.0,0.0,97.01833,39023911.0,0.0,0.0,0.0,0.0,40223234.0,2.9121253,171.0,5872.0,0.0,0.24100903,360.0,149372.0,0.0,0.0,0.0,0.0,0.0,dataset_2024.csv,202410,True,False
2024,10,La Libertad,Trujillo,Trujillo,MOVISTAR,5.16693,29843.0,0.7298046,9232.0,11.188625,339038.0,2.973334,27443.0,0.0,0.0,0.0,0.0,183.0551,24556.0,68.58677,420581.0,0.0,0.0,5.7684655,22496670.0,0.0,93.87801,366118635.0,0.0,0.0,1.0,0.0,389994001.0,3.273086,3285.0,100364.0,0.0,0.52699226,9061.0,1719380.0,0.0,0.0,0.0,0.0,0.0,dataset_2024.csv,202410,True,False
2024,10,La Libertad,Trujillo,Victor Larco Herrera,MOVISTAR,6.3212914,18804.0,1.0281117,3522.0,10.858426,50577.0,2.520118,3470.0,0.0,0.0,0.0,0.0,159.4241,8494.0,68.96594,60723.0,0.0,0.0,7.3818655,5247704.0,0.0,92.317215,65627503.0,0.0,0.0,0.0,0.0,71089130.0,2.799351,966.0,34508.0,0.0,0.3984064,984.0,246984.0,0.0,0.0,0.0,0.0,0.0,dataset_2024.csv,202410,True,False
2024,10,Lambayeque,Chiclayo,Chiclayo,MOVISTAR,4.574257,9543.0,0.9267359,4087.0,10.165014,212095.0,3.2543116,18530.0,0.0,0.0,0.0,0.0,171.47223,8695.0,70.18308,255305.0,0.0,0.0,3.5480106,7815998.0,0.0,95.82432,211093702.0,0.0,0.0,5.0,0.0,220292414.0,3.8332963,1376.0,35896.0,0.0,0.42480728,4433.0,1043532.0,0.0,0.0,0.0,0.0,0.0,dataset_2024.csv,202410,True,False
2024,10,Lambayeque,Chiclayo,Jose Leonardo Ortiz,MOVISTAR,5.128964,3046.0,1.0107853,1089.0,10.481425,70486.0,3.6139703,6560.0,0.0,0.0,0.0,0.0,175.64569,2111.0,70.29009,81229.0,0.0,0.0,2.7093124,2302623.0,0.0,97.12729,82547703.0,0.0,0.0,0.0,0.0,84989200.0,4.00737,348.0,8684.0,0.0,0.39055416,1292.0,330812.0,0.0,0.0,0.0,0.0,0.0,dataset_2024.csv,202410,True,False
2024,10,Lambayeque,Chiclayo,La Victoria,MOVISTAR,4.680476,3351.0,0.7043789,1107.0,9.782834,46909.0,3.6646988,4147.0,0.0,0.0,0.0,0.0,193.10886,2191.0,70.1508,56555.0,0.0,0.0,3.967027,2550455.0,0.0,95.856575,61627478.0,0.0,0.0,0.0,0.0,64291344.0,2.9012895,261.0,8996.0,0.0,0.41503105,960.0,231308.0,0.0,0.0,0.0,0.0,0.0,dataset_2024.csv,202410,True,False
2024,10,Lambayeque,Chiclayo,Pimentel,MOVISTAR,4.420919,4005.0,0.82982993,1791.0,10.680033,56116.0,2.6970978,3791.0,0.0,0.0,0.0,0.0,177.28125,2627.0,72.47928,53325.0,0.0,0.0,3.5532744,2102221.0,0.0,95.86772,56718149.0,0.0,0.0,0.0,0.0,59162925.0,3.902214,423.0,10840.0,0.0,0.74875206,1656.0,221168.0,0.0,0.0,0.0,0.0,0.0,dataset_2024.csv,202410,True,False
2024,10,Lima,Cañete,Asia,MOVISTAR,5.0463185,4656.0,0.84037775,995.0,12.206036,21015.0,2.6972902,2691.0,0.0,0.0,0.0,0.0,169.87613,2873.0,64.311455,25550.0,0.0,0.0,10.372369,2165733.0,0.0,86.83251,18130481.0,0.0,0.0,0.0,0.0,20879830.0,3.222624,392.0,12164.0,0.0,0.9509876,988.0,103892.0,0.0,0.0,0.0,0.0,0.0,dataset_2024.csv,202410,True,False
2024,10,Lima,Cañete,Cerro Azul,MOVISTAR,4.97445,1665.0,1.1302336,478.0,10.618453,20091.0,3.2259078,1389.0,0.0,0.0,0.0,0.0,209.27043,688.0,70.85217,20247.0,0.0,0.0,2.260416,355387.0,0.0,96.72449,15207212.0,0.0,0.0,0.0,0.0,15722194.0,2.991747,87.0,2908.0,0.0,0.37807184,312.0,82524.0,0.0,0.0,0.0,0.0,0.0,dataset_2024.csv,202410,True,False
2024,10,Lima,Cañete,Chilca,MOVISTAR,3.2345455,2132.0,0.8809429,740.0,7.082982,26314.0,2.5172532,1824.0,0.0,0.0,0.0,0.0,249.72736,1313.0,69.92278,27669.0,0.0,0.0,4.6449313,914246.0,0.0,94.1946,18540003.0,0.0,0.0,0.0,0.0,19682660.0,3.5865724,203.0,5660.0,0.0,0.60224235,694.0,115236.0,0.0,0.0,0.0,0.0,0.0,dataset_2024.csv,202410,True,False
2024,10,Lima,Cañete,Mala,MOVISTAR,4.7938347,4244.0,1.0499201,812.0,10.712115,50133.0,4.0147395,3198.0,0.0,0.0,0.0,0.0,237.27348,2548.0,67.30862,51793.0,0.0,0.0,5.8999076,3355505.0,0.0,92.723885,52735648.0,0.0,0.0,0.0,0.0,56873855.0,4.507616,509.0,11292.0,0.0,0.94779104,2002.0,211228.0,0.0,0.0,0.0,0.0,0.0,dataset_2024.csv,202410,True,False
2024,10,Lima,Huaura,Huaura,MOVISTAR,4.7049594,847.0,0.0,0.0,10.569581,9841.0,2.3875878,608.0,0.0,0.0,0.0,0.0,250.84146,625.0,68.39402,12049.0,0.0,0.0,12.668619,1568886.0,0.0,85.26579,10559344.0,0.0,0.0,0.0,0.0,12384033.0,3.3482144,90.0,2688.0,0.0,0.51308984,254.0,49504.0,0.0,0.0,0.0,0.0,0.0,dataset_2024.csv,202410,True,False
2024,10,Lima,Lima,Barranco,MOVISTAR,5.0260797,2496.0,0.7332507,740.0,12.74009,39457.0,3.2386656,3296.0,0.0,0.0,0.0,0.0,255.53157,2094.0,65.7775,54717.0,0.0,0.0,7.4579744,3843556.0,0.0,91.45103,47130377.0,0.0,0.0,103.0,0.0,51536193.0,2.464628,216.0,8764.0,0.0,0.23281255,515.0,221208.0,0.0,0.0,0.0,0.0,0.0,dataset_2024.csv,202410,True,False
2024,10,Lima,Lima,Breña,MOVISTAR,3.9622345,11854.0,0.8428437,3417.0,9.645812,82113.0,2.4275277,6161.0,0.0,0.0,0.0,0.0,252.9144,4617.0,68.159325,105009.0,0.0,0.0,6.343125,7000482.0,0.0,93.234566,102896740.0,0.0,0.0,359.0,0.0,110363300.0,4.442231,892.0,20080.0,0.0,0.45085788,1934.0,428960.0,0.0,0.0,0.0,0.0,0.0,dataset_2024.csv,202410,True,False
2024,10,Lima,Lima,Carabayllo,MOVISTAR,4.363093,25067.0,2.0644155,14507.0,11.494543,136107.0,3.8931398,13961.0,0.0,0.0,0.0,0.0,249.48221,11363.0,67.90057,148698.0,0.0,0.0,8.476915,15142268.0,0.0,90.27569,161258974.0,0.0,0.0,561.0,0.0,178629462.0,3.320683,1610.0,48484.0,0.0,0.4642119,2822.0,607912.0,0.0,0.0,0.0,0.0,0.0,dataset_2024.csv,202410,True,False
2024,10,Lima,Lima,Comas,MOVISTAR,3.5789733,45648.0,0.8310461,10865.0,10.596518,248399.0,3.5013192,25548.0,0.0,0.0,0.0,0.0,274.64224,21583.0,68.93052,279760.0,0.0,0.0,10.494648,39008513.0,0.0,88.1002,327467637.0,0.0,0.0,411.0,0.0,371699102.0,4.011835,3783.0,94296.0,0.0,0.60295844,6923.0,1148172.0,0.0,0.0,0.0,0.0,0.0,dataset_2024.csv,202410,True,False
2024,10,Lima,Lima,El Agustino,MOVISTAR,4.6504183,12538.0,0.8662364,3188.0,8.906151,75771.0,3.051633,7236.0,0.0,0.0,0.0,0.0,279.6683,7761.0,68.500656,90674.0,0.0,0.0,12.868857,14765801.0,0.0,85.15055,97702232.0,0.0,0.0,1411.0,0.0,114740575.0,3.991474,1367.0,34248.0,0.0,0.82811934,3113.0,375912.0,0.0,0.0,0.0,0.0,0.0,dataset_2024.csv,202410,True,False
2024,10,Lima,Lima,Independencia,MOVISTAR,3.6967537,20954.0,1.0612887,5961.0,9.6730585,106405.0,3.2932537,6996.0,0.0,0.0,0.0,0.0,234.56047,7901.0,67.92919,143326.0,0.0,0.0,6.5383687,8768743.0,0.0,91.975334,123350044.0,0.0,0.0,868.0,0.0,134112090.0,3.8616204,1306.0,33820.0,0.0,0.65147907,3832.0,588200.0,0.0,0.0,0.0,0.0,0.0,dataset_2024.csv,202410,True,False
2024,10,Lima,Lima,Los Olivos,MOVISTAR,3.9662504,29546.0,0.7929603,9227.0,11.022531,210698.0,3.3029027,15163.0,0.0,0.0,0.0,0.0,247.91502,14255.0,67.64816,258016.0,0.0,0.0,8.660242,27198766.0,0.0,90.5802,284480442.0,0.0,0.0,1745.0,0.0,314064714.0,3.5992026,2203.0,61208.0,0.0,0.48610583,5122.0,1053680.0,0.0,0.0,0.0,0.0,0.0,dataset_2024.csv,202410,True,False
2024,10,Lima,Lima,Puente Piedra,MOVISTAR,3.4599857,12479.0,0.75923085,3398.0,9.849911,129367.0,3.3663752,10454.0,0.0,0.0,0.0,0.0,286.56976,6208.0,67.799515,142487.0,0.0,0.0,5.5590725,9320484.0,0.0,93.49086,156749181.0,0.0,0.0,0.0,0.0,167662578.0,5.2618437,1475.0,28032.0,0.0,0.70899284,4164.0,587312.0,0.0,0.0,0.0,0.0,0.0,dataset_2024.csv,202410,True,False
2024,10,Lima,Lima,Punta Negra,MOVISTAR,4.249499,1004.0,0.0,0.0,11.394876,7005.0,3.6479619,540.0,0.0,0.0,0.0,0.0,236.03963,1378.0,67.65242,6683.0,0.0,0.0,15.894566,1226751.0,0.0,82.86992,6395944.0,0.0,0.0,0.0,0.0,7718053.0,2.4336283,143.0,5876.0,0.0,0.40683183,111.0,27284.0,0.0,0.0,0.0,0.0,0.0,dataset_2024.csv,202410,True,False
2024,10,Lima,Lima,San Juan De Lurigancho,MOVISTAR,3.9433682,47815.0,0.8354582,13463.0,10.20133,461548.0,3.8543208,47568.0,0.0,0.0,0.0,0.0,254.19548,24473.0,67.313095,495994.0,0.0,0.0,7.986029,45172616.0,0.0,90.63443,512669571.0,0.0,0.0,870.0,0.0,565645514.0,4.06565,4340.0,106748.0,0.0,0.54548067,11092.0,2033436.0,0.0,0.0,0.0,0.0,0.0,dataset_2024.csv,202410,True,False
2024,10,Lima,Lima,San Luis,MOVISTAR,4.381614,10388.0,0.7959178,3059.0,10.410976,73515.0,3.8053355,7609.0,0.0,0.0,0.0,0.0,202.5575,6050.0,68.6405,90070.0,0.0,0.0,5.773469,4786120.0,0.0,93.87719,77822798.0,0.0,0.0,1423.0,0.0,82898516.0,2.1546211,539.0,25016.0,0.0,0.33964506,1247.0,367148.0,0.0,0.0,0.0,0.0,0.0,dataset_2024.csv,202410,True,False
2024,10,Lima,Lima,San Martin De Porres,MOVISTAR,3.8135095,47743.0,0.816642,10654.0,10.012661,313272.0,3.4667165,27923.0,0.0,0.0,0.0,0.0,262.8093,23206.0,68.35343,387642.0,0.0,0.0,10.253802,50173295.0,0.0,88.59355,433500696.0,0.0,0.0,8949.0,0.0,489314058.0,3.9511495,3960.0,100224.0,0.0,0.56933993,9050.0,1589560.0,0.0,0.0,0.0,0.0,0.0,dataset_2024.csv,202410,True,False
2024,10,Piura,Piura,Castilla,MOVISTAR,4.6245995,6336.0,0.8890219,2546.0,10.817628,96644.0,2.9643047,6375.0,0.0,0.0,0.0,0.0,187.18935,3814.0,73.24259,117009.0,0.0,0.0,2.661494,3219675.0,0.0,96.780975,117078338.0,0.0,0.0,0.0,0.0,120972470.0,4.4357877,706.0,15916.0,0.0,0.48230103,2313.0,479576.0,0.0,0.0,0.0,0.0,0.0,dataset_2024.csv,202410,True,False
2024,10,Piura,Piura,Catacaos,MOVISTAR,4.4128547,1163.0,0.8350649,499.0,8.444258,29975.0,3.43204,2066.0,0.0,0.0,0.0,0.0,190.31757,1142.0,73.26943,39574.0,0.0,0.0,2.7490458,1153035.0,0.0,96.566505,40502986.0,0.0,0.0,0.0,0.0,41943099.0,4.9036045,234.0,4772.0,0.0,0.45833743,745.0,162544.0,0.0,0.0,0.0,0.0,0.0,dataset_2024.csv,202410,True,False
2024,10,Piura,Piura,Piura,MOVISTAR,5.503477,15585.0,0.82893103,3688.0,10.616564,169104.0,2.8102899,10032.0,0.0,0.0,0.0,0.0,191.83237,7865.0,72.757454,208707.0,0.0,0.0,3.7307312,7365807.0,0.0,95.92399,189388493.0,0.0,0.0,0.0,0.0,197436010.0,3.5598907,1146.0,32192.0,0.0,0.35733446,3037.0,849904.0,0.0,0.0,0.0,0.0,0.0,dataset_2024.csv,202410,True,False
2024,10,Piura,Piura,Veintiseis De Octubre,MOVISTAR,3.9109263,2477.0,0.8272812,1110.0,9.563869,100654.0,3.115731,8225.0,0.0,0.0,0.0,0.0,197.96146,2062.0,73.02452,133367.0,0.0,0.0,2.2963006,3022378.0,0.0,97.49025,128316126.0,0.0,0.0,0.0,0.0,131619442.0,5.301966,453.0,8544.0,0.0,0.46991107,2570.0,546912.0,0.0,0.0,0.0,0.0,0.0,dataset_2024.csv,202410,True,False
2024,10,Puno,Puno,Puno,MOVISTAR,5.9991703,22887.0,0.79149854,6339.0,9.276694,187559.0,3.0969412,15076.0,0.0,0.0,0.0,0.0,211.30605,10564.0,79.461525,215049.0,0.0,0.0,5.405722,10438383.0,0.0,93.98823,181490117.0,0.0,0.0,0.0,0.0,193098778.0,4.0099907,1766.0,44040.0,0.0,0.637267,5682.0,891620.0,0.0,0.0,0.0,0.0,0.0,dataset_2024.csv,202410,True,False
2024,10,Puno,San Roman,Caracoto,MOVISTAR,3.5217826,1229.0,0.0,0.0,7.0257864,7673.0,3.1796706,438.0,0.0,0.0,0.0,0.0,266.21185,845.0,79.74781,9779.0,0.0,0.0,10.3709,925102.0,0.0,88.89893,7929937.0,0.0,0.0,0.0,0.0,8920171.0,6.4164004,241.0,3756.0,0.0,1.0369332,429.0,41372.0,0.0,0.0,0.0,0.0,0.0,dataset_2024.csv,202410,True,False
2024,10,Puno,San Roman,Juliaca,MOVISTAR,5.1167836,23106.0,0.7656944,6538.0,8.967468,324274.0,3.2164178,27773.0,0.0,0.0,0.0,0.0,230.96318,15301.0,77.72941,351309.0,0.0,0.0,4.70551,13610122.0,0.0,94.803535,274207820.0,0.0,0.0,0.0,0.0,289237966.0,4.473848,2874.0,64240.0,0.0,0.9291564,13710.0,1475532.0,0.0,0.0,0.0,0.0,0.0,dataset_2024.csv,202410,True,False
2024,10,Puno,San Roman,San Miguel,MOVISTAR,3.6893344,2330.0,0.6037212,835.0,6.779875,46552.0,2.5747511,4358.0,0.0,0.0,0.0,0.0,243.96977,1453.0,80.17982,41588.0,0.0,0.0,4.6758723,1770811.0,0.0,94.990776,35974187.0,0.0,0.0,0.0,0.0,37871243.0,6.8153267,434.0,6368.0,0.0,1.1541729,2065.0,178916.0,0.0,0.0,0.0,0.0,0.0,dataset_2024.csv,202410,True,False
2024,10,San Martin,Moyobamba,Moyobamba,MOVISTAR,2.936861,2005.0,0.5403681,581.0,10.571718,39803.0,2.1495574,2166.0,0.0,0.0,0.0,0.0,329.86172,2072.0,90.290504,54492.0,0.0,0.0,5.240309,3320496.0,0.0,94.264336,59730136.0,0.0,0.0,0.0,0.0,63364510.0,6.5697193,637.0,9696.0,0.0,0.6838358,1556.0,227540.0,0.0,0.0,0.0,0.0,0.0,dataset_2024.csv,202410,True,False
2024,10,Tacna,Candarave,Camilaca,MOVISTAR,4.4744797,3421.0,0.40487903,603.0,7.352745,7068.0,4.041932,721.0,0.0,0.0,0.0,0.0,188.40897,539.0,85.21667,3150.0,0.0,0.0,17.371204,846689.0,0.0,73.54908,3584852.0,0.0,0.0,0.0,0.0,4874095.0,3.7433155,84.0,2244.0,0.0,3.0930161,411.0,13288.0,0.0,0.0,0.0,0.0,0.0,dataset_2024.csv,202410,True,False
2024,10,Tumbes,Contralmirante Villar,Canoas De Punta Sal,MOVISTAR,5.681375,3451.0,1.249108,1488.0,12.350485,17626.0,3.0047133,2110.0,0.0,0.0,0.0,0.0,194.44826,2212.0,73.08816,18155.0,0.0,0.0,10.197539,1471313.0,0.0,87.959015,12690831.0,0.0,0.0,0.0,0.0,14428118.0,3.3120599,301.0,9088.0,0.0,0.3264849,239.0,73204.0,0.0,0.0,0.0,0.0,0.0,dataset_2024.csv,202410,True,False
2024,10,Tumbes,Tumbes,Tumbes,MOVISTAR,4.8154836,1054.0,1.0563269,445.0,10.79338,43157.0,3.391809,2908.0,0.0,0.0,0.0,0.0,214.60927,1753.0,76.797165,53565.0,0.0,0.0,3.11824,1840301.0,0.0,96.70552,57072980.0,0.0,0.0,0.0,0.0,59017294.0,3.5914702,256.0,7128.0,0.0,0.32140422,698.0,217172.0,0.0,0.0,0.0,0.0,0.0,dataset_2024.csv,202410,True,False
2024,11,Arequipa,Arequipa,Alto Selva Alegre,MOVISTAR,0.0,0.0,0.0,0.0,10.534949,49759.0,3.910704,5667.0,0.0,0.0,0.0,0.0,0.0,0.0,63.950176,61900.0,0.0,0.0,0.026151376,14359.0,0.0,97.19853,53369035.0,0.0,0.0,0.0,0.0,54907245.0,0.0,0.0,0.0,0.0,0.5420959,1364.0,251616.0,0.0,0.0,0.0,0.0,0.0,dataset_2024.csv,202411,False,True
2024,11,Arequipa,Arequipa,Cayma,MOVISTAR,0.0,0.0,0.0,0.0,11.702968,57285.0,3.235741,3370.0,0.0,0.0,0.0,0.0,0.0,0.0,64.33361,62556.0,0.0,0.0,0.020048784,13696.0,0.0,97.79054,66804013.0,0.0,0.0,0.0,0.0,68313367.0,0.0,0.0,0.0,0.0,0.7699531,1968.0,255600.0,0.0,0.0,0.0,0.0,0.0,dataset_2024.csv,202411,False,True
2024,11,Arequipa,Arequipa,Jacobo Hunter,MOVISTAR,0.0,0.0,0.0,0.0,10.571334,38127.0,3.110621,3612.0,0.0,0.0,0.0,0.0,0.0,0.0,64.96409,44425.0,0.0,0.0,0.052257195,21831.0,0.0,98.2497,41044858.0,0.0,0.0,0.0,0.0,41776064.0,0.0,0.0,0.0,0.0,0.72642696,1318.0,181436.0,0.0,0.0,0.0,0.0,0.0,dataset_2024.csv,202411,False,True
2024,11,Arequipa,Arequipa,Jose Luis Bustamante Y Rivero,MOVISTAR,0.0,0.0,0.0,0.0,10.551984,76938.0,2.9775212,3804.0,0.0,0.0,0.0,0.0,0.0,0.0,64.06497,107455.0,0.0,0.0,0.008405423,8816.0,0.0,96.30539,101009587.0,0.0,0.0,0.0,0.0,104884665.0,0.0,0.0,0.0,0.0,0.60527426,2645.0,436992.0,0.0,0.0,0.0,0.0,0.0,dataset_2024.csv,202411,False,True
2024,11,Arequipa,Arequipa,Mariano Melgar,MOVISTAR,0.0,0.0,0.0,0.0,11.286306,31383.0,3.8946524,2014.0,0.0,0.0,0.0,0.0,0.0,0.0,64.15919,36973.0,0.0,0.0,0.005138302,2171.0,0.0,98.32038,41541651.0,0.0,0.0,0.0,0.0,42251311.0,0.0,0.0,0.0,0.0,0.5292238,795.0,150220.0,0.0,0.0,0.0,0.0,0.0,dataset_2024.csv,202411,False,True
2024,11,Arequipa,Arequipa,Miraflores,MOVISTAR,0.0,0.0,0.0,0.0,11.692499,45087.0,3.3717735,3246.0,0.0,0.0,0.0,0.0,0.0,0.0,61.31905,51736.0,0.0,0.0,0.0060876803,2818.0,0.0,98.277534,45492876.0,0.0,0.0,0.0,0.0,46290210.0,0.0,0.0,0.0,0.0,0.48795363,1024.0,209856.0,0.0,0.0,0.0,0.0,0.0,dataset_2024.csv,202411,False,True
2024,11,Arequipa,Arequipa,Paucarpata,MOVISTAR,0.0,0.0,0.0,0.0,9.974111,52094.0,3.23621,3818.0,0.0,0.0,0.0,0.0,0.0,0.0,63.16964,72236.0,0.0,0.0,0.023967102,18506.0,0.0,94.89502,73272403.0,0.0,0.0,0.0,0.0,77214174.0,0.0,0.0,0.0,0.0,0.6309062,1856.0,294180.0,0.0,0.0,0.0,0.0,0.0,dataset_2024.csv,202411,False,True
2024,11,Arequipa,Arequipa,Sachaca,MOVISTAR,0.0,0.0,0.0,0.0,9.848452,12145.0,2.72268,751.0,0.0,0.0,0.0,0.0,0.0,0.0,62.827755,17790.0,0.0,0.0,0.39201224,60937.0,0.0,96.845474,15054307.0,0.0,0.0,0.0,0.0,15544668.0,1.5337423,0.0,0.0,0.0,0.722958,524.0,72480.0,0.0,0.0,0.0,0.0,0.0,dataset_2024.csv,202411,False,True
2024,11,Arequipa,Arequipa,Socabaya,MOVISTAR,0.0,0.0,0.0,0.0,10.270922,40044.0,2.5421686,2569.0,0.0,0.0,0.0,0.0,0.0,0.0,65.025665,40928.0,0.0,0.0,0.0019831238,834.0,0.0,97.686165,41081784.0,0.0,0.0,0.0,0.0,42054864.0,0.0,0.0,0.0,0.0,0.8496187,1426.0,167840.0,0.0,0.0,0.0,0.0,0.0,dataset_2024.csv,202411,False,True
2024,11,Arequipa,Arequipa,Tiabaya,MOVISTAR,0.0,0.0,0.0,0.0,10.345401,13961.0,5.0747166,1012.0,0.0,0.0,0.0,0.0,0.0,0.0,62.367165,13806.0,0.0,0.0,0.38854507,67085.0,0.0,92.82285,16026510.0,0.0,0.0,0.0,0.0,17265694.0,0.0,0.0,0.0,0.0,0.615133,346.0,56248.0,0.0,0.0,0.0,0.0,0.0,dataset_2024.csv,202411,False,True
2024,11,Arequipa,Arequipa,Yanahuara,MOVISTAR,0.0,0.0,0.0,0.0,12.624926,16764.0,2.79023,1128.0,0.0,0.0,0.0,0.0,0.0,0.0,63.167515,24035.0,0.0,0.0,0.019038439,4660.0,0.0,97.58831,23886493.0,0.0,0.0,572.0,0.0,24476798.0,0.0,0.0,0.0,0.0,0.5150408,502.0,97468.0,0.0,0.0,0.0,0.0,0.0,dataset_2024.csv,202411,False,True
2024,11,Ayacucho,Huamanga,Carmen Alto,MOVISTAR,3.3761597,1022.0,0.756392,502.0,8.432852,6521.0,0.0,0.0,0.0,0.0,0.0,0.0,222.5201,872.0,66.54222,8018.0,0.0,0.0,4.0828667,594967.0,0.0,95.54697,13923376.0,0.0,0.0,0.0,0.0,14572285.0,4.3103447,160.0,3712.0,0.0,1.3445978,452.0,33616.0,0.0,0.0,0.0,0.0,0.0,dataset_2024.csv,202411,True,False
2024,11,Cajamarca,Celendin,Celendin,MOVISTAR,0.0,0.0,0.0,0.0,9.334087,8159.0,3.5044706,899.0,0.0,0.0,0.0,0.0,222.16777,427.0,66.39317,13648.0,0.0,0.0,2.3602622,259300.0,0.0,97.06968,10664141.0,0.0,0.0,0.0,0.0,10986068.0,8.261339,153.0,1852.0,0.0,0.5027291,280.0,55696.0,0.0,0.0,0.0,0.0,0.0,dataset_2024.csv,202411,False,True
2024,11,Cajamarca,Santa Cruz,Santa Cruz,MOVISTAR,3.3929217,552.0,0.0,0.0,8.892971,17061.0,3.7873564,2120.0,0.0,0.0,0.0,0.0,220.67743,554.0,69.00919,17310.0,0.0,0.0,3.2691197,368946.0,0.0,96.126045,10848584.0,0.0,0.0,0.0,0.0,11285790.0,8.565574,209.0,2440.0,0.0,0.4777973,337.0,70532.0,0.0,0.0,0.0,0.0,0.0,dataset_2024.csv,202411,True,False
2024,11,Callao,Callao,Mi Peru,MOVISTAR,4.3892946,5251.0,0.9054565,1025.0,9.216308,14889.0,4.4533305,1265.0,0.0,0.0,0.0,0.0,280.55353,682.0,60.4199,9326.0,0.0,0.0,9.9847765,1766735.0,0.0,87.41028,15466626.0,0.0,0.0,0.0,0.0,17694287.0,3.561828,106.0,2976.0,0.0,0.9161763,355.0,38748.0,0.0,0.0,0.0,0.0,0.0,dataset_2024.csv,202411,True,False
2024,11,Cusco,Acomayo,Pomacanchi,MOVISTAR,5.382217,3113.0,0.67250514,430.0,8.819986,2256.0,0.0,0.0,0.0,0.0,0.0,0.0,106.72987,1270.0,70.07586,5071.0,0.0,0.0,27.347837,980263.0,0.0,70.968376,2543809.0,0.0,0.0,0.0,0.0,3584426.0,1.882353,96.0,5100.0,0.0,0.5365229,109.0,20316.0,0.0,0.0,0.0,0.0,0.0,dataset_2024.csv,202411,True,False
2024,11,Cusco,Cusco,Cusco,MOVISTAR,3.499177,5446.0,0.6337801,2014.0,7.327703,58754.0,2.8216605,4540.0,0.0,0.0,0.0,0.0,248.32172,3736.0,73.63041,84111.0,0.0,0.0,5.321742,4665603.0,0.0,89.56162,78519205.0,0.0,0.0,201.0,0.0,87670593.0,7.605042,1267.0,16660.0,0.0,1.7103486,6129.0,358348.0,0.0,0.0,0.0,0.0,0.0,dataset_2024.csv,202411,True,False
2024,11,Cusco,Cusco,San Jeronimo,MOVISTAR,3.7118442,4436.0,0.7463818,1284.0,8.205895,43817.0,3.9219298,3957.0,0.0,0.0,0.0,0.0,225.59872,2940.0,72.15432,47912.0,0.0,0.0,5.899764,2921037.0,0.0,91.59627,45350303.0,0.0,0.0,0.0,0.0,49511082.0,6.4620996,815.0,12612.0,0.0,1.2075906,2436.0,201724.0,0.0,0.0,0.0,0.0,0.0,dataset_2024.csv,202411,True,False
2024,11,Cusco,Cusco,San Sebastian,MOVISTAR,3.6136913,3447.0,0.66528136,950.0,8.517675,37233.0,3.3234596,2861.0,0.0,0.0,0.0,0.0,234.60336,2233.0,73.10842,50809.0,0.0,0.0,7.3320327,5389067.0,0.0,89.1349,65514433.0,0.0,0.0,0.0,0.0,73500313.0,7.6859503,744.0,9680.0,0.0,1.6495818,3566.0,216176.0,0.0,0.0,0.0,0.0,0.0,dataset_2024.csv,202411,True,False
2024,11,Cusco,Cusco,Santiago,MOVISTAR,3.8671422,4900.0,0.6949263,1539.0,8.60391,51295.0,3.1173542,3816.0,0.0,0.0,0.0,0.0,229.194,3273.0,70.93097,71307.0,0.0,0.0,6.863189,4383413.0,0.0,90.791435,57987087.0,0.0,0.0,0.0,0.0,63868454.0,5.8568177,823.0,14052.0,0.0,1.0902139,3245.0,297648.0,0.0,0.0,0.0,0.0,0.0,dataset_2024.csv,202411,True,False
2024,11,Cusco,Cusco,Wanchaq,MOVISTAR,3.2661655,2977.0,0.68187594,1006.0,8.569134,55020.0,2.1209433,4762.0,0.0,0.0,0.0,0.0,231.57724,2434.0,73.670876,80002.0,0.0,0.0,3.8504934,3118657.0,0.0,93.75471,75935404.0,0.0,0.0,620.0,0.0,80993697.0,6.813084,729.0,10700.0,0.0,1.4380715,4857.0,337744.0,0.0,0.0,0.0,0.0,0.0,dataset_2024.csv,202411,True,False
2024,11,Cusco,La Convencion,Echarate,MOVISTAR,4.7225294,657.0,0.0,0.0,9.869864,17509.0,4.38312,781.0,0.0,0.0,0.0,0.0,222.72919,489.0,70.22382,12310.0,0.0,0.0,2.0752163,284367.0,0.0,78.24465,10721869.0,0.0,0.0,0.0,0.0,13703006.0,4.805825,99.0,2060.0,0.0,0.87024117,459.0,52744.0,0.0,0.0,0.0,0.0,0.0,dataset_2024.csv,202411,True,False
2024,11,Huancavelica,Tayacaja,Pampas,MOVISTAR,4.152232,1149.0,0.0,0.0,8.289309,7265.0,4.190249,894.0,0.0,0.0,0.0,0.0,201.13165,715.0,68.01048,8852.0,0.0,0.0,7.320349,489454.0,0.0,91.86423,6142236.0,0.0,0.0,0.0,0.0,6686211.0,5.8420367,179.0,3064.0,0.0,0.9002619,330.0,36656.0,0.0,0.0,0.0,0.0,0.0,dataset_2024.csv,202411,True,False
2024,11,Ica,Chincha,Alto Laran,MOVISTAR,0.0,0.0,0.0,0.0,10.681344,21741.0,3.2081258,3253.0,0.0,0.0,0.0,0.0,0.0,0.0,77.012375,15102.0,0.0,0.0,0.33958888,46130.0,0.0,95.31684,12947909.0,0.0,0.0,0.0,0.0,13584073.0,0.0,0.0,0.0,0.0,0.5805207,355.0,61152.0,0.0,0.0,0.0,0.0,0.0,dataset_2024.csv,202411,False,True
2024,11,Ica,Chincha,Chincha Alta,MOVISTAR,0.0,0.0,0.0,0.0,11.754725,100874.0,4.4863844,15517.0,0.0,0.0,0.0,0.0,0.0,0.0,71.71193,114069.0,0.0,0.0,0.0522108,50713.0,0.0,98.62374,95794466.0,0.0,0.0,0.0,0.0,97131242.0,0.0,0.0,0.0,0.0,0.44709292,2067.0,462320.0,0.0,0.0,0.0,0.0,0.0,dataset_2024.csv,202411,False,True
2024,11,Ica,Chincha,Chincha Baja,MOVISTAR,0.0,0.0,0.0,0.0,10.83258,19716.0,3.1119957,1373.0,0.0,0.0,0.0,0.0,0.0,0.0,79.955475,20250.0,0.0,0.0,0.34607694,51749.0,0.0,95.03905,14211220.0,0.0,0.0,0.0,0.0,14953033.0,0.0,0.0,0.0,0.0,0.7970423,664.0,83308.0,0.0,0.0,0.0,0.0,0.0,dataset_2024.csv,202411,False,True
2024,11,Ica,Chincha,El Carmen,MOVISTAR,0.0,0.0,0.0,0.0,12.072207,8567.0,0.0,0.0,0.0,0.0,0.0,0.0,0.0,0.0,77.58317,12094.0,0.0,0.0,3.9900653,429775.0,0.0,83.01504,8941655.0,0.0,0.0,0.0,0.0,10771127.0,7.2289157,0.0,0.0,0.0,0.40437874,198.0,48964.0,0.0,0.0,0.0,0.0,0.0,dataset_2024.csv,202411,False,True
2024,11,Ica,Chincha,Pueblo Nuevo,MOVISTAR,0.0,0.0,0.0,0.0,10.317636,45999.0,3.933478,5823.0,0.0,0.0,0.0,0.0,0.0,0.0,73.0437,56155.0,0.0,0.0,0.011225437,5392.0,0.0,97.70907,46933346.0,0.0,0.0,0.0,0.0,48033767.0,0.0,0.0,0.0,0.0,0.53268784,1217.0,228464.0,0.0,0.0,0.0,0.0,0.0,dataset_2024.csv,202411,False,True
2024,11,Ica,Chincha,Sunampe,MOVISTAR,0.0,0.0,0.0,0.0,11.687888,31881.0,4.232795,2569.0,0.0,0.0,0.0,0.0,0.0,0.0,70.2277,32669.0,0.0,0.0,0.11709502,42926.0,0.0,97.057495,35580420.0,0.0,0.0,0.0,0.0,36659116.0,0.0,0.0,0.0,0.0,0.30682302,404.0,131672.0,0.0,0.0,0.0,0.0,0.0,dataset_2024.csv,202411,False,True
2024,11,Ica,Ica,Ica,MOVISTAR,4.5054603,10632.0,0.88665384,4730.0,10.292846,202369.0,3.1698096,15415.0,0.0,0.0,0.0,0.0,171.97826,8835.0,58.767162,278104.0,0.0,0.0,3.7316563,8979857.0,0.0,95.918495,230818256.0,0.0,0.0,0.0,0.0,240639981.0,4.1698756,1516.0,36356.0,0.0,0.4864324,5522.0,1135204.0,0.0,0.0,0.0,0.0,0.0,dataset_2024.csv,202411,True,False
2024,11,Ica,Ica,La Tinguiña,MOVISTAR,4.125406,1307.0,1.1695155,536.0,8.508616,16246.0,4.0875936,1688.0,0.0,0.0,0.0,0.0,158.08478,919.0,61.37095,22176.0,0.0,0.0,4.384761,1066251.0,0.0,95.28067,23169590.0,0.0,0.0,0.0,0.0,24317198.0,3.435518,130.0,3784.0,0.0,0.70969296,649.0,91448.0,0.0,0.0,0.0,0.0,0.0,dataset_2024.csv,202411,True,False
2024,11,Ica,Ica,Parcona,MOVISTAR,4.9851613,2219.0,0.8202412,829.0,10.415377,29015.0,2.3757625,1808.0,0.0,0.0,0.0,0.0,167.79504,1551.0,59.139675,32063.0,0.0,0.0,7.1214957,2323296.0,0.0,92.45223,30161346.0,0.0,0.0,0.0,0.0,32623708.0,3.542062,224.0,6324.0,0.0,0.48541462,635.0,130816.0,0.0,0.0,0.0,0.0,0.0,dataset_2024.csv,202411,True,False
2024,11,Ica,Ica,Subtanjalla,MOVISTAR,5.188864,1586.0,0.69230556,403.0,8.416873,17840.0,2.5728338,931.0,0.0,0.0,0.0,0.0,175.69714,1263.0,60.671722,21360.0,0.0,0.0,17.338047,4296637.0,0.0,81.55656,20210979.0,0.0,0.0,0.0,0.0,24781551.0,2.868217,148.0,5160.0,0.0,0.7481998,665.0,88880.0,0.0,0.0,0.0,0.0,0.0,dataset_2024.csv,202411,True,False
2024,11,Junin,Chanchamayo,Chanchamayo,MOVISTAR,3.6598253,1180.0,0.0,0.0,8.738742,16832.0,2.4638865,1519.0,0.0,0.0,0.0,0.0,212.57207,1721.0,65.82738,27175.0,0.0,0.0,5.8168526,1512576.0,0.0,91.14468,23700660.0,0.0,0.0,0.0,0.0,26003340.0,5.4336042,401.0,7380.0,0.0,0.634071,706.0,111344.0,0.0,0.0,0.0,0.0,0.0,dataset_2024.csv,202411,True,False
2024,11,Junin,Huancayo,Chilca,MOVISTAR,5.576025,16013.0,0.8503647,3942.0,7.832471,60275.0,3.0244036,5413.0,0.0,0.0,0.0,0.0,210.51144,7653.0,63.222153,69226.0,0.0,0.0,9.182998,7922422.0,0.0,90.12696,77754978.0,0.0,0.0,0.0,0.0,86272718.0,2.6290386,817.0,31076.0,0.0,0.9464639,2736.0,289076.0,0.0,0.0,0.0,0.0,0.0,dataset_2024.csv,202411,True,False
2024,11,Junin,Huancayo,El Tambo,MOVISTAR,4.685227,13667.0,0.8439204,4724.0,9.8947735,208278.0,2.9379926,14027.0,0.0,0.0,0.0,0.0,178.66776,11332.0,60.04106,249054.0,0.0,0.0,3.9916348,10222127.0,0.0,95.493835,244548962.0,0.0,0.0,0.0,0.0,256088733.0,4.3033314,2010.0,46708.0,0.0,0.57029784,5819.0,1020344.0,0.0,0.0,0.0,0.0,0.0,dataset_2024.csv,202411,True,False
2024,11,Junin,Huancayo,Huancayo,MOVISTAR,4.749119,9627.0,0.85366297,3697.0,8.626726,201340.0,3.2820652,19465.0,0.0,0.0,0.0,0.0,177.9643,8720.0,61.02165,266037.0,0.0,0.0,3.942532,8694235.0,0.0,95.41318,210409094.0,0.0,0.0,0.0,0.0,220524137.0,5.284957,1914.0,36216.0,0.0,0.6936261,7605.0,1096412.0,0.0,0.0,0.0,0.0,0.0,dataset_2024.csv,202411,True,False
2024,11,Junin,Huancayo,Pilcomayo,MOVISTAR,3.8905702,681.0,0.0,0.0,8.168598,17274.0,3.645873,1299.0,0.0,0.0,0.0,0.0,197.66608,689.0,61.09851,21235.0,0.0,0.0,5.2269135,1019086.0,0.0,93.68749,18266156.0,0.0,0.0,0.0,0.0,19496899.0,5.7377048,168.0,2928.0,0.0,0.7948498,705.0,88696.0,0.0,0.0,0.0,0.0,0.0,dataset_2024.csv,202411,True,False
2024,11,Junin,Huancayo,San Agustin,MOVISTAR,5.1443634,1063.0,0.8371731,466.0,8.692002,30677.0,3.4187343,2440.0,0.0,0.0,0.0,0.0,161.72227,1119.0,58.216583,32148.0,0.0,0.0,3.0103576,927454.0,0.0,96.47919,29724046.0,0.0,0.0,0.0,0.0,30808765.0,4.9307957,228.0,4624.0,0.0,0.79752016,1060.0,132912.0,0.0,0.0,0.0,0.0,0.0,dataset_2024.csv,202411,True,False
2024,11,Junin,Junin,Carhuamayo,MOVISTAR,6.345006,1022.0,0.0,0.0,12.514312,22700.0,4.4149537,5613.0,0.0,0.0,0.0,0.0,107.59197,827.0,48.73886,14604.0,0.0,0.0,4.251317,526360.0,0.0,95.14344,11779808.0,0.0,0.0,0.0,0.0,12381104.0,3.228673,109.0,3376.0,0.0,0.24067797,142.0,59000.0,0.0,0.0,0.0,0.0,0.0,dataset_2024.csv,202411,True,False
2024,11,La Libertad,Trujillo,El Porvenir,MOVISTAR,5.1580105,5961.0,1.0180669,1740.0,9.483564,57139.0,3.029211,4467.0,0.0,0.0,0.0,0.0,170.34967,3237.0,60.78775,65485.0,0.0,0.0,6.4054456,5688190.0,0.0,91.95273,81656237.0,0.0,0.0,0.0,0.0,88802408.0,3.9707186,537.0,13524.0,0.0,0.7384697,2004.0,271372.0,0.0,0.0,0.0,0.0,0.0,dataset_2024.csv,202411,True,False
2024,11,La Libertad,Trujillo,La Esperanza,MOVISTAR,3.6229324,3365.0,0.6252946,1026.0,9.5951,85187.0,2.8152754,5725.0,0.0,0.0,0.0,0.0,188.52707,2293.0,60.470345,91976.0,0.0,0.0,3.715603,3797084.0,0.0,94.855965,96936097.0,0.0,0.0,0.0,0.0,102192940.0,5.0558314,489.0,9672.0,0.0,0.77354157,2976.0,384724.0,0.0,0.0,0.0,0.0,0.0,dataset_2024.csv,202411,True,False
2024,11,La Libertad,Trujillo,Moche,MOVISTAR,5.3805113,614.0,0.0,0.0,11.93176,27313.0,3.0320542,1694.0,0.0,0.0,0.0,0.0,240.8839,493.0,59.268,36014.0,0.0,0.0,1.820598,560198.0,0.0,97.34956,29954460.0,0.0,0.0,0.0,0.0,30770000.0,6.4365673,138.0,2144.0,0.0,0.3196247,466.0,145796.0,0.0,0.0,0.0,0.0,0.0,dataset_2024.csv,202411,True,False
2024,11,La Libertad,Trujillo,Trujillo,MOVISTAR,5.061615,13582.0,0.7247813,4189.0,10.998179,281010.0,3.0718203,23575.0,0.0,0.0,0.0,0.0,188.75488,12240.0,59.979298,373421.0,0.0,0.0,3.5864727,12402162.0,0.0,95.57505,330502218.0,0.0,0.0,284.0,0.0,345803877.0,2.984985,1495.0,50084.0,0.0,0.43719593,6632.0,1516940.0,0.0,0.0,0.0,0.0,0.0,dataset_2024.csv,202411,True,False
2024,11,La Libertad,Trujillo,Victor Larco Herrera,MOVISTAR,7.198334,18159.0,0.9378458,3784.0,10.830093,42331.0,2.8425317,3536.0,0.0,0.0,0.0,0.0,148.47966,8836.0,59.431892,56968.0,0.0,0.0,7.20654,4627724.0,0.0,92.2821,59259513.0,0.0,0.0,0.0,0.0,64215614.0,2.4563074,877.0,35704.0,0.0,0.37869608,875.0,231056.0,0.0,0.0,0.0,0.0,0.0,dataset_2024.csv,202411,True,False
2024,11,Lambayeque,Chiclayo,Chiclayo,MOVISTAR,4.624313,6212.0,0.8352317,2262.0,9.959286,178263.0,3.208666,16596.0,0.0,0.0,0.0,0.0,169.83882,5349.0,62.401855,226036.0,0.0,0.0,2.6769612,5476265.0,0.0,96.92879,198287428.0,0.0,0.0,0.0,0.0,204570213.0,3.715114,820.0,22072.0,0.0,0.4445794,4100.0,922220.0,0.0,0.0,0.0,0.0,0.0,dataset_2024.csv,202411,True,False
2024,11,Lambayeque,Chiclayo,Jose Leonardo Ortiz,MOVISTAR,5.361298,1990.0,0.9112411,493.0,10.662863,55978.0,2.7747183,3951.0,0.0,0.0,0.0,0.0,175.79611,1130.0,61.727848,67828.0,0.0,0.0,3.381662,2655854.0,0.0,96.42529,75729481.0,0.0,0.0,0.0,0.0,78536949.0,3.9055793,182.0,4660.0,0.0,0.32393405,891.0,275056.0,0.0,0.0,0.0,0.0,0.0,dataset_2024.csv,202411,True,False
2024,11,Lambayeque,Chiclayo,La Victoria,MOVISTAR,4.343683,1649.0,0.7201772,669.0,9.597743,41925.0,3.1530914,4956.0,0.0,0.0,0.0,0.0,197.85483,1278.0,60.55858,52356.0,0.0,0.0,2.7405558,1598899.0,0.0,97.046776,56619171.0,0.0,0.0,0.0,0.0,58342144.0,3.0525503,158.0,5176.0,0.0,0.36657998,778.0,212232.0,0.0,0.0,0.0,0.0,0.0,dataset_2024.csv,202411,True,False
2024,11,Lambayeque,Chiclayo,Pimentel,MOVISTAR,5.5160127,3800.0,0.7025086,1156.0,11.95639,47060.0,2.8200254,4292.0,0.0,0.0,0.0,0.0,162.16957,2255.0,63.348454,45178.0,0.0,0.0,2.9430459,1599750.0,0.0,96.71189,52569637.0,0.0,0.0,0.0,0.0,54356951.0,2.4770842,227.0,9164.0,0.0,0.5312164,987.0,185800.0,0.0,0.0,0.0,0.0,0.0,dataset_2024.csv,202411,True,False
2024,11,Lima,Cañete,Asia,MOVISTAR,4.523837,1807.0,0.7191655,589.0,13.078844,26278.0,2.7936761,2737.0,0.0,0.0,0.0,0.0,206.27953,1778.0,49.44705,32848.0,0.0,0.0,6.745911,1638191.0,0.0,90.649956,22013623.0,0.0,0.0,0.0,0.0,24284207.0,5.1133437,397.0,7764.0,0.0,0.69815624,930.0,133208.0,0.0,0.0,0.0,0.0,0.0,dataset_2024.csv,202411,True,False
2024,11,Lima,Cañete,Cerro Azul,MOVISTAR,4.544823,1332.0,0.93730897,575.0,9.883735,22414.0,3.084524,1200.0,0.0,0.0,0.0,0.0,255.5624,970.0,62.401928,20626.0,0.0,0.0,3.6639342,490934.0,0.0,94.92413,12718974.0,0.0,0.0,0.0,0.0,13399094.0,4.069201,167.0,4104.0,0.0,0.5049665,425.0,84164.0,0.0,0.0,0.0,0.0,0.0,dataset_2024.csv,202411,True,False
2024,11,Lima,Cañete,Chilca,MOVISTAR,3.3323793,2182.0,0.674149,786.0,8.238303,26211.0,2.516636,1428.0,0.0,0.0,0.0,0.0,268.24136,1218.0,60.249447,25524.0,0.0,0.0,4.866252,1102775.0,0.0,91.29233,20688387.0,0.0,0.0,0.0,0.0,22661692.0,3.1533232,167.0,5296.0,0.0,0.8809223,949.0,107728.0,0.0,0.0,0.0,0.0,0.0,dataset_2024.csv,202411,True,False
2024,11,Lima,Cañete,Mala,MOVISTAR,3.7221243,939.0,0.6621991,433.0,12.040608,52317.0,4.3031983,4046.0,0.0,0.0,0.0,0.0,285.3441,1359.0,55.068565,55868.0,0.0,0.0,2.6838841,1522491.0,0.0,95.453316,54147946.0,0.0,0.0,89.0,0.0,56727149.0,5.2598224,332.0,6312.0,0.0,0.7172528,1630.0,227256.0,0.0,0.0,0.0,0.0,0.0,dataset_2024.csv,202411,True,False
2024,11,Lima,Huaura,Huaura,MOVISTAR,3.956535,765.0,0.0,0.0,10.882046,7634.0,2.4314663,473.0,0.0,0.0,0.0,0.0,296.65903,691.0,57.930256,9522.0,0.0,0.0,11.143672,990964.0,0.0,86.876114,7725559.0,0.0,0.0,0.0,0.0,8892616.0,6.065684,181.0,2984.0,0.0,0.73846155,288.0,39000.0,0.0,0.0,0.0,0.0,0.0,dataset_2024.csv,202411,True,False
2024,11,Lima,Lima,Barranco,MOVISTAR,5.1097126,1795.0,0.7578424,661.0,12.5664,38703.0,3.2770407,3112.0,0.0,0.0,0.0,0.0,262.75464,1732.0,55.980614,51135.0,0.0,0.0,8.051727,3814090.0,0.0,91.3258,43260879.0,0.0,0.0,4592.0,0.0,47369835.0,3.482385,257.0,7380.0,0.0,0.2637131,545.0,206664.0,0.0,0.0,0.0,0.0,0.0,dataset_2024.csv,202411,True,False
2024,11,Lima,Lima,Breña,MOVISTAR,4.0883584,8100.0,0.8980204,3392.0,9.635917,63198.0,2.8148847,9743.0,0.0,0.0,0.0,0.0,257.707,4556.0,58.295273,90059.0,0.0,0.0,5.3122377,5171591.0,0.0,94.233284,91738364.0,0.0,0.0,384.0,0.0,97352402.0,3.7309592,725.0,19432.0,0.0,0.4048992,1483.0,366264.0,0.0,0.0,0.0,0.0,0.0,dataset_2024.csv,202411,True,False
2024,11,Lima,Lima,Carabayllo,MOVISTAR,3.7814033,18264.0,0.97221005,4969.0,11.526294,145887.0,3.5932086,15283.0,0.0,0.0,0.0,0.0,258.22974,8776.0,58.292503,158798.0,0.0,0.0,7.867368,13867206.0,0.0,90.93733,160288257.0,0.0,0.0,0.0,0.0,176262321.0,4.301667,1641.0,38148.0,0.0,0.44264498,2860.0,646116.0,0.0,0.0,0.0,0.0,0.0,dataset_2024.csv,202411,True,False
2024,11,Lima,Lima,Comas,MOVISTAR,3.8391669,41342.0,0.8628568,10262.0,10.106958,212017.0,3.428688,19965.0,0.0,0.0,0.0,0.0,262.0475,21977.0,58.77642,260680.0,0.0,0.0,9.854846,32788424.0,0.0,88.73293,295226626.0,0.0,0.0,133.0,0.0,332713704.0,3.720852,3536.0,95032.0,0.0,0.6319488,6748.0,1067808.0,0.0,0.0,0.0,0.0,0.0,dataset_2024.csv,202411,True,False
2024,11,Lima,Lima,El Agustino,MOVISTAR,3.4761882,8798.0,0.77639717,2495.0,10.065333,69064.0,2.8342946,6429.0,0.0,0.0,0.0,0.0,284.66806,5088.0,58.554127,91005.0,0.0,0.0,11.612642,12212297.0,0.0,86.62957,91102957.0,0.0,0.0,2812.0,0.0,105163807.0,5.250784,1206.0,22968.0,0.0,0.71100944,2660.0,374116.0,0.0,0.0,0.0,0.0,0.0,dataset_2024.csv,202411,True,False
2024,11,Lima,Lima,Independencia,MOVISTAR,3.8559713,13130.0,0.81590325,4224.0,10.8594475,97511.0,3.4240737,9251.0,0.0,0.0,0.0,0.0,249.52097,6671.0,57.501465,127348.0,0.0,0.0,7.515531,9354733.0,0.0,90.97928,113243744.0,0.0,0.0,1.0,0.0,124472013.0,3.9367895,1136.0,28856.0,0.0,0.90173346,4713.0,522660.0,0.0,0.0,0.0,0.0,0.0,dataset_2024.csv,202411,True,False
2024,11,Lima,Lima,Los Olivos,MOVISTAR,4.180126,21963.0,0.8021608,6712.0,10.415414,188132.0,3.2359662,16238.0,0.0,0.0,0.0,0.0,233.63698,11879.0,57.675873,252790.0,0.0,0.0,7.719386,23125785.0,0.0,91.62509,274491020.0,0.0,0.0,595.0,0.0,299580619.0,3.6918743,1861.0,50408.0,0.0,0.498212,5127.0,1029080.0,0.0,0.0,0.0,0.0,0.0,dataset_2024.csv,202411,True,False
2024,11,Lima,Lima,Puente Piedra,MOVISTAR,3.334664,12301.0,0.73108524,3251.0,9.830922,128733.0,3.2859595,10348.0,0.0,0.0,0.0,0.0,272.25876,6440.0,58.103477,142510.0,0.0,0.0,6.0993476,9838469.0,0.0,92.31661,148910050.0,0.0,0.0,2671.0,0.0,161303635.0,4.9556727,1431.0,28876.0,0.0,0.75163865,4408.0,586452.0,0.0,0.0,0.0,0.0,0.0,dataset_2024.csv,202411,True,False
2024,11,Lima,Lima,Punta Negra,MOVISTAR,4.111557,839.0,0.0,0.0,10.6945915,7470.0,3.7289128,711.0,0.0,0.0,0.0,0.0,250.06906,1339.0,56.661987,8557.0,0.0,0.0,12.123881,959519.0,0.0,86.73031,6864087.0,0.0,0.0,3.0,0.0,7914289.0,2.2138228,123.0,5556.0,0.0,0.4543886,158.0,34772.0,0.0,0.0,0.0,0.0,0.0,dataset_2024.csv,202411,True,False
2024,11,Lima,Lima,San Juan De Lurigancho,MOVISTAR,4.2591796,41400.0,0.8387802,11656.0,10.70457,403052.0,3.648362,43374.0,0.0,0.0,0.0,0.0,276.27045,23058.0,56.425766,474132.0,0.0,0.0,8.138379,42620399.0,0.0,90.727745,475137955.0,0.0,0.0,12851.0,0.0,523696434.0,4.444642,4501.0,101268.0,0.0,0.62957287,12198.0,1937504.0,0.0,0.0,0.0,0.0,0.0,dataset_2024.csv,202411,True,False
2024,11,Lima,Lima,San Luis,MOVISTAR,4.5489173,8351.0,0.718954,2696.0,10.154934,64596.0,3.1833847,5855.0,0.0,0.0,0.0,0.0,196.31609,4822.0,59.005203,78109.0,0.0,0.0,5.602165,4084852.0,0.0,94.03624,68567081.0,0.0,0.0,3847.0,0.0,72915592.0,2.401355,482.0,20072.0,0.0,0.40798992,1297.0,317900.0,0.0,0.0,0.0,0.0,0.0,dataset_2024.csv,202411,True,False
2024,11,Lima,Lima,San Martin De Porres,MOVISTAR,4.0776706,35184.0,0.8515481,9912.0,10.603807,270008.0,3.185058,26120.0,0.0,0.0,0.0,0.0,273.6982,19839.0,58.242794,361594.0,0.0,0.0,9.411744,44277037.0,0.0,89.6783,421886674.0,0.0,0.0,1301.0,0.0,470444540.0,4.1090145,3528.0,85860.0,0.0,0.5706154,8425.0,1476476.0,0.0,0.0,0.0,0.0,0.0,dataset_2024.csv,202411,True,False
2024,11,Piura,Piura,Castilla,MOVISTAR,5.8118386,1755.0,0.7605469,658.0,11.2272,96414.0,2.803129,6648.0,0.0,0.0,0.0,0.0,236.5279,1365.0,63.45585,130455.0,0.0,0.0,0.95291615,1157430.0,0.0,96.49273,117201896.0,0.0,0.0,0.0,0.0,121461895.0,3.1582682,178.0,5636.0,0.0,0.35212862,1867.0,530204.0,0.0,0.0,0.0,0.0,0.0,dataset_2024.csv,202411,True,False
2024,11,Piura,Piura,Catacaos,MOVISTAR,0.0,0.0,0.0,0.0,9.644736,37105.0,2.7687783,3148.0,0.0,0.0,0.0,0.0,0.0,0.0,62.457207,47709.0,0.0,0.0,0.6192908,285502.0,0.0,97.32325,44867419.0,0.0,0.0,0.0,0.0,46101441.0,4.7577853,0.0,0.0,0.0,0.38508934,750.0,194760.0,0.0,0.0,0.0,0.0,0.0,dataset_2024.csv,202411,False,True
2024,11,Piura,Piura,Piura,MOVISTAR,5.805096,6125.0,0.75796306,1183.0,11.746604,152027.0,3.3506565,11000.0,0.0,0.0,0.0,0.0,230.27579,2686.0,63.22423,197028.0,0.0,0.0,1.5025319,2641861.0,0.0,95.708084,168280925.0,0.0,0.0,5.0,0.0,175827282.0,3.0749636,338.0,10992.0,0.0,0.3253536,2604.0,800360.0,0.0,0.0,0.0,0.0,0.0,dataset_2024.csv,202411,True,False
2024,11,Piura,Piura,Veintiseis De Octubre,MOVISTAR,4.098443,1482.0,0.0,0.0,10.025097,104527.0,3.4689188,7497.0,0.0,0.0,0.0,0.0,268.73694,1211.0,63.69993,123349.0,0.0,0.0,1.0530437,1247940.0,0.0,96.47591,114331576.0,0.0,0.0,0.0,0.0,118507906.0,3.1375704,156.0,4972.0,0.0,0.3509941,1759.0,501148.0,0.0,0.0,0.0,0.0,0.0,dataset_2024.csv,202411,True,False
2024,11,Puno,Puno,Puno,MOVISTAR,5.177882,22849.0,0.85733044,6242.0,9.272943,194099.0,2.9581826,18130.0,0.0,0.0,0.0,0.0,209.75644,11833.0,69.67246,236675.0,0.0,0.0,4.6908374,8737471.0,0.0,94.696335,176387807.0,0.0,0.0,0.0,0.0,186266773.0,4.190527,2049.0,48896.0,0.0,0.6321119,6175.0,976884.0,0.0,0.0,0.0,0.0,0.0,dataset_2024.csv,202411,True,False
2024,11,Puno,San Roman,Caracoto,MOVISTAR,3.46177,901.0,0.0,0.0,8.0374365,6447.0,3.6319318,414.0,0.0,0.0,0.0,0.0,264.78366,526.0,68.96589,8737.0,0.0,0.0,4.9505944,349849.0,0.0,93.84295,6631701.0,0.0,0.0,0.0,0.0,7066808.0,7.4257426,180.0,2424.0,0.0,1.1527929,421.0,36520.0,0.0,0.0,0.0,0.0,0.0,dataset_2024.csv,202411,True,False
2024,11,Puno,San Roman,Juliaca,MOVISTAR,4.67787,20006.0,0.6955069,5731.0,9.055987,300509.0,2.9156184,24072.0,0.0,0.0,0.0,0.0,209.98138,15101.0,68.41355,340922.0,0.0,0.0,4.7635627,13566700.0,0.0,94.81382,270031238.0,0.0,0.0,0.0,0.0,284801550.0,4.9052944,3087.0,62932.0,0.0,0.904222,12875.0,1423876.0,0.0,0.0,0.0,0.0,0.0,dataset_2024.csv,202411,True,False
2024,11,Puno,San Roman,San Miguel,MOVISTAR,3.7856145,1558.0,0.6658268,581.0,7.490043,35308.0,3.2693856,3408.0,0.0,0.0,0.0,0.0,228.20969,1199.0,71.06844,35477.0,0.0,0.0,3.5359619,1307643.0,0.0,95.798035,35427314.0,0.0,0.0,0.0,0.0,36981254.0,7.666417,410.0,5348.0,0.0,1.0609236,1600.0,150812.0,0.0,0.0,0.0,0.0,0.0,dataset_2024.csv,202411,True,False
2024,11,San Martin,Moyobamba,Moyobamba,MOVISTAR,3.609094,1186.0,0.0,0.0,10.612558,45263.0,1.7857752,2468.0,0.0,0.0,0.0,0.0,314.28018,1404.0,79.64454,55985.0,0.0,0.0,3.1512642,1777947.0,0.0,96.60155,54502709.0,0.0,0.0,0.0,0.0,56420120.0,5.7530704,356.0,6188.0,0.0,0.7690334,1798.0,233800.0,0.0,0.0,0.0,0.0,0.0,dataset_2024.csv,202411,True,False
2024,11,Tacna,Candarave,Camilaca,MOVISTAR,3.5176966,527.0,0.0,0.0,7.280837,2449.0,0.0,0.0,0.0,0.0,0.0,0.0,0.0,0.0,76.858376,1924.0,0.0,0.0,5.887706,192426.0,0.0,78.3183,2559652.0,0.0,0.0,0.0,0.0,3268268.0,1.9047619,0.0,0.0,0.0,0.9928717,78.0,7856.0,0.0,0.0,0.0,0.0,0.0,dataset_2024.csv,202411,True,False
2024,11,Tumbes,Contralmirante Villar,Canoas De Punta Sal,MOVISTAR,5.254843,3886.0,0.85077286,1408.0,12.858534,27138.0,4.078171,2323.0,0.0,0.0,0.0,0.0,220.3814,2306.0,62.11839,24822.0,0.0,0.0,8.079557,1491559.0,0.0,90.8031,16763070.0,0.0,0.0,0.0,0.0,18460900.0,3.7897823,362.0,9552.0,0.0,0.32688233,327.0,100036.0,0.0,0.0,0.0,0.0,0.0,dataset_2024.csv,202411,True,False
2024,11,Tumbes,Tumbes,Tumbes,MOVISTAR,5.125106,1267.0,0.0,0.0,10.499569,35466.0,2.6116233,1849.0,0.0,0.0,0.0,0.0,213.04617,1277.0,66.0406,46948.0,0.0,0.0,3.0408328,1415767.0,0.0,96.5583,44956120.0,0.0,0.0,0.0,0.0,46558528.0,4.1602464,216.0,5192.0,0.0,0.37208474,709.0,190548.0,0.0,0.0,0.0,0.0,0.0,dataset_2024.csv,202411,True,False
2024,12,Arequipa,Arequipa,Alto Selva Alegre,MOVISTAR,0.0,0.0,0.0,0.0,13.005184,47978.0,3.2934296,4125.0,0.0,0.0,0.0,0.0,0.0,0.0,58.843143,51048.0,0.0,0.0,0.012563631,6380.0,0.0,97.227264,49373461.0,0.0,0.0,0.0,0.0,50781497.0,0.0,0.0,0.0,0.0,0.43747705,905.0,206868.0,0.0,0.0,0.0,0.0,0.0,dataset_2024.csv,202412,False,True
2024,12,Arequipa,Arequipa,Cayma,MOVISTAR,0.0,0.0,0.0,0.0,10.745554,46652.0,3.2997892,3155.0,0.0,0.0,0.0,0.0,0.0,0.0,60.61377,64041.0,0.0,0.0,0.08225929,58098.0,0.0,97.44327,68822124.0,0.0,0.0,0.0,0.0,70627892.0,0.0,0.0,0.0,0.0,0.6402612,1675.0,261612.0,0.0,0.0,0.0,0.0,0.0,dataset_2024.csv,202412,False,True
2024,12,Arequipa,Arequipa,Jacobo Hunter,MOVISTAR,0.0,0.0,0.0,0.0,10.297603,39223.0,2.9360695,3038.0,0.0,0.0,0.0,0.0,0.0,0.0,60.14998,54636.0,0.0,0.0,0.027623313,12443.0,0.0,98.35707,44305224.0,0.0,0.0,0.0,0.0,45045285.0,0.0,0.0,0.0,0.0,0.67185926,1494.0,222368.0,0.0,0.0,0.0,0.0,0.0,dataset_2024.csv,202412,False,True
2024,12,Arequipa,Arequipa,Jose Luis Bustamante Y Rivero,MOVISTAR,0.0,0.0,0.0,0.0,10.679064,64058.0,3.0587265,3386.0,0.0,0.0,0.0,0.0,0.0,0.0,61.167377,98921.0,0.0,0.0,0.0027019437,2811.0,0.0,97.68375,101626470.0,0.0,0.0,0.0,0.0,104036214.0,0.0,0.0,0.0,0.0,0.5566066,2236.0,401720.0,0.0,0.0,0.0,0.0,0.0,dataset_2024.csv,202412,False,True
2024,12,Arequipa,Arequipa,Mariano Melgar,MOVISTAR,0.0,0.0,0.0,0.0,11.775856,25292.0,3.513586,1402.0,0.0,0.0,0.0,0.0,0.0,0.0,61.352016,36706.0,0.0,0.0,0.00015924712,76.0,0.0,98.90292,47200991.0,0.0,0.0,0.0,0.0,47724566.0,0.0,0.0,0.0,0.0,0.46811196,697.0,148896.0,0.0,0.0,0.0,0.0,0.0,dataset_2024.csv,202412,False,True
2024,12,Arequipa,Arequipa,Miraflores,MOVISTAR,0.0,0.0,0.0,0.0,11.852702,38772.0,3.2676854,2044.0,0.0,0.0,0.0,0.0,0.0,0.0,58.453575,49302.0,0.0,0.0,0.04003711,15781.0,0.0,97.4121,38395888.0,0.0,0.0,0.0,0.0,39415932.0,0.0,0.0,0.0,0.0,0.509746,1022.0,200492.0,0.0,0.0,0.0,0.0,0.0,dataset_2024.csv,202412,False,True
2024,12,Arequipa,Arequipa,Paucarpata,MOVISTAR,0.0,0.0,0.0,0.0,10.575788,55663.0,3.500113,4359.0,0.0,0.0,0.0,0.0,0.0,0.0,59.832485,76367.0,0.0,0.0,0.015545682,11712.0,0.0,94.96122,71543069.0,0.0,0.0,0.0,0.0,75339249.0,0.0,0.0,0.0,0.0,0.6294767,1958.0,311052.0,0.0,0.0,0.0,0.0,0.0,dataset_2024.csv,202412,False,True
2024,12,Arequipa,Arequipa,Sachaca,MOVISTAR,0.0,0.0,0.0,0.0,10.470292,13742.0,2.5905542,1087.0,0.0,0.0,0.0,0.0,0.0,0.0,60.866356,16449.0,0.0,0.0,0.016875332,1753.0,0.0,97.39062,10116883.0,0.0,0.0,0.0,0.0,10387944.0,0.0,0.0,0.0,0.0,0.8634292,591.0,68448.0,0.0,0.0,0.0,0.0,0.0,dataset_2024.csv,202412,False,True
2024,12,Arequipa,Arequipa,Socabaya,MOVISTAR,0.0,0.0,0.0,0.0,10.751978,40280.0,3.0962408,3798.0,0.0,0.0,0.0,0.0,0.0,0.0,60.317226,44710.0,0.0,0.0,0.008009619,3326.0,0.0,97.7796,40603048.0,0.0,0.0,0.0,0.0,41525071.0,0.0,0.0,0.0,0.0,0.71018684,1297.0,182628.0,0.0,0.0,0.0,0.0,0.0,dataset_2024.csv,202412,False,True
2024,12,Arequipa,Arequipa,Tiabaya,MOVISTAR,0.0,0.0,0.0,0.0,10.040492,11703.0,2.4751544,702.0,0.0,0.0,0.0,0.0,0.0,0.0,59.117058,13628.0,0.0,0.0,0.30164176,36051.0,0.0,92.4034,11043680.0,0.0,0.0,0.0,0.0,11951595.0,0.0,0.0,0.0,0.0,0.57448494,319.0,55528.0,0.0,0.0,0.0,0.0,0.0,dataset_2024.csv,202412,False,True
2024,12,Arequipa,Arequipa,Yanahuara,MOVISTAR,0.0,0.0,0.0,0.0,12.9600525,16873.0,2.6834908,1100.0,0.0,0.0,0.0,0.0,0.0,0.0,59.412983,21483.0,0.0,0.0,0.035412278,9123.0,0.0,96.587006,24882986.0,0.0,0.0,55.0,0.0,25762250.0,0.0,0.0,0.0,0.0,0.5322315,465.0,87368.0,0.0,0.0,0.0,0.0,0.0,dataset_2024.csv,202412,False,True
2024,12,Ayacucho,Huamanga,Carmen Alto,MOVISTAR,6.6471376,507.0,0.0,0.0,8.753294,8475.0,3.102641,882.0,0.0,0.0,0.0,0.0,227.52693,491.0,61.422836,12621.0,0.0,0.0,2.2597692,400163.0,0.0,97.22001,17215850.0,0.0,0.0,0.0,0.0,17708135.0,3.1374502,63.0,2008.0,0.0,1.1915674,624.0,52368.0,0.0,0.0,0.0,0.0,0.0,dataset_2024.csv,202412,True,False
2024,12,Cajamarca,Celendin,Celendin,MOVISTAR,0.0,0.0,0.0,0.0,9.673487,5419.0,4.176067,856.0,0.0,0.0,0.0,0.0,255.85391,481.0,63.971054,13930.0,0.0,0.0,3.4301093,357320.0,0.0,96.28569,10030235.0,0.0,0.0,0.0,0.0,10417161.0,9.593023,198.0,2064.0,0.0,0.5811104,332.0,57132.0,0.0,0.0,0.0,0.0,0.0,dataset_2024.csv,202412,False,True
2024,12,Cajamarca,Santa Cruz,Santa Cruz,MOVISTAR,3.7879655,847.0,0.0,0.0,9.722063,17866.0,3.6752715,1887.0,0.0,0.0,0.0,0.0,197.11827,954.0,63.947998,18726.0,0.0,0.0,8.655176,939430.0,0.0,90.772285,9852395.0,0.0,0.0,0.0,0.0,10853968.0,7.630814,315.0,4128.0,0.0,0.61991024,475.0,76624.0,0.0,0.0,0.0,0.0,0.0,dataset_2024.csv,202412,True,False
2024,12,Callao,Callao,Mi Peru,MOVISTAR,4.3527126,13913.0,0.8324161,2401.0,8.126988,12845.0,4.2800407,749.0,0.0,0.0,0.0,0.0,341.35242,1021.0,58.817394,10268.0,0.0,0.0,11.367787,2299269.0,0.0,86.44062,17483634.0,0.0,0.0,0.0,0.0,20226179.0,6.103896,282.0,4620.0,0.0,0.98214287,418.0,42560.0,0.0,0.0,0.0,0.0,0.0,dataset_2024.csv,202412,True,False
2024,12,Cusco,Acomayo,Pomacanchi,MOVISTAR,5.3484945,1549.0,0.0,0.0,10.671758,1436.0,0.0,0.0,0.0,0.0,0.0,0.0,104.88424,995.0,64.23462,2328.0,0.0,0.0,40.498253,867002.0,0.0,58.135227,1244581.0,0.0,0.0,0.0,0.0,2140838.0,3.0940595,125.0,4040.0,0.0,0.3649635,34.0,9316.0,0.0,0.0,0.0,0.0,0.0,dataset_2024.csv,202412,True,False
2024,12,Cusco,Cusco,Cusco,MOVISTAR,3.2971346,4787.0,0.66339844,1649.0,7.671145,59126.0,2.7754285,4232.0,0.0,0.0,0.0,0.0,242.3884,4049.0,69.33247,94384.0,0.0,0.0,5.8834906,5179955.0,0.0,89.4362,78741612.0,0.0,0.0,26.0,0.0,88042211.0,8.257592,1490.0,18044.0,0.0,1.3983102,5541.0,396264.0,0.0,0.0,0.0,0.0,0.0,dataset_2024.csv,202412,True,False
2024,12,Cusco,Cusco,San Jeronimo,MOVISTAR,3.252167,2478.0,0.71916807,762.0,8.581018,37574.0,4.367738,4108.0,0.0,0.0,0.0,0.0,198.85771,2104.0,68.6577,48402.0,0.0,0.0,4.8931518,2421073.0,0.0,92.6305,45832467.0,0.0,0.0,0.0,0.0,49478806.0,6.4609237,582.0,9008.0,0.0,1.1930063,2425.0,203268.0,0.0,0.0,0.0,0.0,0.0,dataset_2024.csv,202412,True,False
2024,12,Cusco,Cusco,San Sebastian,MOVISTAR,3.6593614,2938.0,0.6757379,1126.0,9.008166,35050.0,2.7283735,3543.0,0.0,0.0,0.0,0.0,241.95113,1956.0,69.19913,57124.0,0.0,0.0,7.1051435,5145280.0,0.0,89.91769,65115034.0,0.0,0.0,0.0,0.0,72416269.0,6.5395412,559.0,8548.0,0.0,1.34551,3231.0,240132.0,0.0,0.0,0.0,0.0,0.0,dataset_2024.csv,202412,True,False
2024,12,Cusco,Cusco,Santiago,MOVISTAR,4.0217743,3879.0,0.7024738,1298.0,7.917317,44716.0,2.9852793,2836.0,0.0,0.0,0.0,0.0,208.873,2859.0,67.45188,67749.0,0.0,0.0,6.57449,4070313.0,0.0,91.062416,56377380.0,0.0,0.0,0.0,0.0,61910702.0,6.790023,833.0,12268.0,0.0,0.85172266,2393.0,280960.0,0.0,0.0,0.0,0.0,0.0,dataset_2024.csv,202412,True,False
2024,12,Cusco,Cusco,Wanchaq,MOVISTAR,3.5238566,3251.0,0.6537363,1342.0,8.917186,55766.0,2.2653542,3656.0,0.0,0.0,0.0,0.0,211.35117,2630.0,69.07498,86026.0,0.0,0.0,3.913342,3049286.0,0.0,93.63117,72957643.0,0.0,0.0,285.0,0.0,77920252.0,6.6696115,755.0,11320.0,0.0,1.2304775,4412.0,358560.0,0.0,0.0,0.0,0.0,0.0,dataset_2024.csv,202412,True,False
2024,12,Cusco,La Convencion,Echarate,MOVISTAR,5.7166047,3195.0,0.57774955,688.0,9.712815,20276.0,3.8606365,986.0,0.0,0.0,0.0,0.0,214.17833,2253.0,67.33218,15653.0,0.0,0.0,8.341751,1181210.0,0.0,66.504326,9417156.0,0.0,0.0,0.0,0.0,14160216.0,3.588569,329.0,9168.0,0.0,0.97161055,653.0,67208.0,0.0,0.0,0.0,0.0,0.0,dataset_2024.csv,202412,True,False
2024,12,Huancavelica,Tayacaja,Pampas,MOVISTAR,3.5638242,1770.0,0.8827725,656.0,8.12679,10921.0,2.7462788,788.0,0.0,0.0,0.0,0.0,207.4769,934.0,66.78738,12584.0,0.0,0.0,6.9712496,593421.0,0.0,92.25186,7852852.0,0.0,0.0,0.0,0.0,8512405.0,6.326844,247.0,3904.0,0.0,1.2390945,659.0,53184.0,0.0,0.0,0.0,0.0,0.0,dataset_2024.csv,202412,True,False
2024,12,Ica,Chincha,Alto Laran,MOVISTAR,0.0,0.0,0.0,0.0,11.525928,21006.0,2.7343578,2094.0,0.0,0.0,0.0,0.0,0.0,0.0,74.02392,19029.0,0.0,0.0,0.4184735,60911.0,0.0,94.02065,13685196.0,0.0,0.0,0.0,0.0,14555521.0,0.0,0.0,0.0,0.0,0.565605,434.0,76732.0,0.0,0.0,0.0,0.0,0.0,dataset_2024.csv,202412,False,True
2024,12,Ica,Chincha,Chincha Alta,MOVISTAR,0.0,0.0,0.0,0.0,11.007625,87755.0,3.0558975,7891.0,0.0,0.0,0.0,0.0,0.0,0.0,67.90241,115794.0,0.0,0.0,0.012449675,12553.0,0.0,98.281105,99096778.0,0.0,0.0,0.0,0.0,100829942.0,0.0,0.0,0.0,0.0,0.48345774,2272.0,469948.0,0.0,0.0,0.0,0.0,0.0,dataset_2024.csv,202412,False,True
2024,12,Ica,Chincha,Chincha Baja,MOVISTAR,0.0,0.0,0.0,0.0,11.157448,16812.0,2.4562833,1165.0,0.0,0.0,0.0,0.0,0.0,0.0,78.28391,17191.0,0.0,0.0,0.1662233,24427.0,0.0,95.662895,14057942.0,0.0,0.0,0.0,0.0,14695292.0,0.0,0.0,0.0,0.0,0.702536,492.0,70032.0,0.0,0.0,0.0,0.0,0.0,dataset_2024.csv,202412,False,True
2024,12,Ica,Chincha,El Carmen,MOVISTAR,0.0,0.0,0.0,0.0,12.406802,5802.0,0.0,0.0,0.0,0.0,0.0,0.0,0.0,0.0,76.45995,8526.0,0.0,0.0,4.376049,432576.0,0.0,87.46551,8646036.0,0.0,0.0,0.0,0.0,9885081.0,3.387097,0.0,0.0,0.0,0.31122747,107.0,34380.0,0.0,0.0,0.0,0.0,0.0,dataset_2024.csv,202412,False,True
2024,12,Ica,Chincha,Pueblo Nuevo,MOVISTAR,0.0,0.0,0.0,0.0,9.501956,49961.0,3.6366205,5217.0,0.0,0.0,0.0,0.0,0.0,0.0,67.35616,68505.0,0.0,0.0,0.029147064,15447.0,0.0,97.93649,51903169.0,0.0,0.0,0.0,0.0,52996762.0,0.0,0.0,0.0,0.0,0.4705392,1310.0,278404.0,0.0,0.0,0.0,0.0,0.0,dataset_2024.csv,202412,False,True
2024,12,Ica,Chincha,Sunampe,MOVISTAR,0.0,0.0,0.0,0.0,11.98213,28969.0,4.143352,3157.0,0.0,0.0,0.0,0.0,0.0,0.0,67.52843,36793.0,0.0,0.0,0.1997368,87874.0,0.0,95.45055,41993369.0,0.0,0.0,445.0,0.0,43994897.0,0.0,0.0,0.0,0.0,0.22225524,329.0,148028.0,0.0,0.0,0.0,0.0,0.0,dataset_2024.csv,202412,False,True
2024,12,Ica,Ica,Ica,MOVISTAR,4.630862,8497.0,0.8379196,2902.0,10.099505,167902.0,2.9722886,11233.0,0.0,0.0,0.0,0.0,170.77823,7068.0,56.538,267411.0,0.0,0.0,3.3906934,7715064.0,0.0,96.40074,219346848.0,0.0,0.0,862.0,0.0,227536474.0,3.5501318,1024.0,28844.0,0.0,0.4050692,4409.0,1088456.0,0.0,0.0,0.0,0.0,0.0,dataset_2024.csv,202412,True,False
2024,12,Ica,Ica,La Tinguiña,MOVISTAR,5.1568475,1303.0,0.0,0.0,7.9820375,20692.0,3.080379,1189.0,0.0,0.0,0.0,0.0,145.02429,1183.0,60.24874,29184.0,0.0,0.0,3.7506092,1085049.0,0.0,95.888,27740341.0,0.0,0.0,0.0,0.0,28929941.0,3.0321782,147.0,4848.0,0.0,0.5013872,600.0,119668.0,0.0,0.0,0.0,0.0,0.0,dataset_2024.csv,202412,True,False
2024,12,Ica,Ica,Parcona,MOVISTAR,5.406717,2431.0,0.7345735,798.0,10.562608,30463.0,3.8778768,4334.0,0.0,0.0,0.0,0.0,140.48264,1685.0,56.6769,39196.0,0.0,0.0,6.8276873,2665944.0,0.0,92.871605,36262718.0,0.0,0.0,0.0,0.0,39046077.0,3.2356355,223.0,6892.0,0.0,0.4292923,684.0,159332.0,0.0,0.0,0.0,0.0,0.0,dataset_2024.csv,202412,True,False
2024,12,Ica,Ica,Subtanjalla,MOVISTAR,3.4711833,829.0,0.0,0.0,9.327118,14720.0,3.1572714,1181.0,0.0,0.0,0.0,0.0,200.02962,718.0,62.0133,21156.0,0.0,0.0,12.9688015,2887550.0,0.0,86.79758,19325792.0,0.0,0.0,0.0,0.0,22265358.0,5.5079155,167.0,3032.0,0.0,0.7108135,620.0,87224.0,0.0,0.0,0.0,0.0,0.0,dataset_2024.csv,202412,True,False
2024,12,Junin,Chanchamayo,Chanchamayo,MOVISTAR,5.4669623,1544.0,0.0,0.0,8.177248,18162.0,3.2159338,1642.0,0.0,0.0,0.0,0.0,184.80759,2104.0,60.632175,31337.0,0.0,0.0,6.5434823,1851597.0,0.0,90.35957,25568879.0,0.0,0.0,0.0,0.0,28296813.0,4.8876405,435.0,8900.0,0.0,0.6149649,789.0,128300.0,0.0,0.0,0.0,0.0,0.0,dataset_2024.csv,202412,True,False
2024,12,Junin,Huancayo,Chilca,MOVISTAR,5.156116,3531.0,0.65720886,891.0,8.055121,53691.0,3.3299224,4929.0,0.0,0.0,0.0,0.0,214.0428,2012.0,58.36198,79516.0,0.0,0.0,3.2478492,2714726.0,0.0,91.620285,76581133.0,0.0,0.0,148.0,0.0,83585347.0,2.5390625,208.0,8192.0,0.0,0.63663554,2086.0,327660.0,0.0,0.0,0.0,0.0,0.0,dataset_2024.csv,202412,True,False
2024,12,Junin,Huancayo,El Tambo,MOVISTAR,4.7718844,5355.0,0.74944663,1362.0,10.190379,194519.0,3.3085344,14036.0,0.0,0.0,0.0,0.0,163.92827,3982.0,55.956223,236970.0,0.0,0.0,1.4410735,3510875.0,0.0,95.921234,233692069.0,0.0,0.0,0.0,0.0,243629139.0,3.8311846,630.0,16444.0,0.0,0.36742702,3536.0,962368.0,0.0,0.0,0.0,0.0,0.0,dataset_2024.csv,202412,True,False
2024,12,Junin,Huancayo,Huancayo,MOVISTAR,4.2430115,2866.0,0.9189226,1046.0,9.486815,205162.0,3.0273905,16626.0,0.0,0.0,0.0,0.0,165.3655,2547.0,57.11906,272212.0,0.0,0.0,1.029964,2334339.0,0.0,96.88873,219591319.0,0.0,0.0,434.0,0.0,226642777.0,5.5016785,590.0,10724.0,0.0,0.4914226,5460.0,1111060.0,0.0,0.0,0.0,0.0,0.0,dataset_2024.csv,202412,True,False
2024,12,Junin,Huancayo,Pilcomayo,MOVISTAR,3.6487179,1065.0,0.0,0.0,7.3207088,20389.0,4.1996627,1839.0,0.0,0.0,0.0,0.0,166.57755,421.0,58.708237,33293.0,0.0,0.0,1.9832677,498078.0,0.0,94.16943,23649719.0,0.0,0.0,0.0,0.0,25114008.0,3.8863108,67.0,1724.0,0.0,0.5332552,728.0,136520.0,0.0,0.0,0.0,0.0,0.0,dataset_2024.csv,202412,True,False
2024,12,Junin,Huancayo,San Agustin,MOVISTAR,0.0,0.0,0.0,0.0,9.4032545,27904.0,4.030639,2686.0,0.0,0.0,0.0,0.0,0.0,0.0,54.092224,28201.0,0.0,0.0,0.6739756,202966.0,0.0,97.68233,29416780.0,0.0,0.0,0.0,0.0,30114740.0,4.508197,0.0,0.0,0.0,0.46624914,536.0,114960.0,0.0,0.0,0.0,0.0,0.0,dataset_2024.csv,202412,False,True
2024,12,Junin,Junin,Carhuamayo,MOVISTAR,5.517669,872.0,0.0,0.0,12.262829,18989.0,4.086107,4650.0,0.0,0.0,0.0,0.0,130.1566,637.0,48.924526,13773.0,0.0,0.0,7.4551725,982446.0,0.0,91.42046,12047430.0,0.0,0.0,0.0,0.0,13178045.0,3.0487804,80.0,2624.0,0.0,0.20698345,115.0,55560.0,0.0,0.0,0.0,0.0,0.0,dataset_2024.csv,202412,True,False
2024,12,La Libertad,Trujillo,El Porvenir,MOVISTAR,0.0,0.0,0.0,0.0,10.502724,65712.0,2.8359892,5509.0,0.0,0.0,0.0,0.0,0.0,0.0,55.83589,76201.0,0.0,0.0,0.01633632,15762.0,0.0,93.39937,90115810.0,0.0,0.0,0.0,0.0,96484393.0,0.0,0.0,0.0,0.0,0.5134352,1602.0,312016.0,0.0,0.0,0.0,0.0,0.0,dataset_2024.csv,202412,False,True
2024,12,La Libertad,Trujillo,La Esperanza,MOVISTAR,0.0,0.0,0.0,0.0,10.003447,74570.0,2.469888,5538.0,0.0,0.0,0.0,0.0,0.0,0.0,56.842655,92096.0,0.0,0.0,0.022105537,21424.0,0.0,93.54657,90662433.0,0.0,0.0,0.0,0.0,96916895.0,0.0,0.0,0.0,0.0,0.6981376,2657.0,380584.0,0.0,0.0,0.0,0.0,0.0,dataset_2024.csv,202412,False,True
2024,12,La Libertad,Trujillo,Moche,MOVISTAR,0.0,0.0,0.0,0.0,11.907765,22654.0,3.1620262,1238.0,0.0,0.0,0.0,0.0,0.0,0.0,55.121593,28334.0,0.0,0.0,0.042417083,11432.0,0.0,97.34191,26235012.0,0.0,0.0,0.0,0.0,26951405.0,0.0,0.0,0.0,0.0,0.20941399,239.0,114128.0,0.0,0.0,0.0,0.0,0.0,dataset_2024.csv,202412,False,True
2024,12,La Libertad,Trujillo,Trujillo,MOVISTAR,0.0,0.0,0.0,0.0,12.347883,271019.0,3.2698987,22806.0,0.0,0.0,0.0,0.0,0.0,0.0,55.424957,382032.0,0.0,0.0,0.019076604,63269.0,0.0,95.77387,317641274.0,0.0,0.0,10.0,0.0,331657550.0,0.0,0.0,0.0,0.0,0.3216263,4966.0,1544028.0,0.0,0.0,0.0,0.0,0.0,dataset_2024.csv,202412,False,True
2024,12,La Libertad,Trujillo,Victor Larco Herrera,MOVISTAR,0.0,0.0,0.0,0.0,11.333951,44120.0,3.02202,4763.0,0.0,0.0,0.0,0.0,0.0,0.0,52.392998,60441.0,0.0,0.0,0.016045693,9405.0,0.0,96.01625,56278831.0,0.0,0.0,0.0,0.0,58613861.0,0.0,0.0,0.0,0.0,0.22396508,546.0,243788.0,0.0,0.0,0.0,0.0,0.0,dataset_2024.csv,202412,False,True
2024,12,Lambayeque,Chiclayo,Chiclayo,MOVISTAR,0.0,0.0,0.0,0.0,11.422111,170592.0,3.5658584,17001.0,0.0,0.0,0.0,0.0,0.0,0.0,58.455723,230447.0,0.0,0.0,0.15982415,335941.0,0.0,96.78129,203428593.0,0.0,0.0,0.0,0.0,210194135.0,2.9624279,0.0,0.0,0.0,0.3895599,3646.0,935928.0,0.0,0.0,0.0,0.0,0.0,dataset_2024.csv,202412,False,True
2024,12,Lambayeque,Chiclayo,Jose Leonardo Ortiz,MOVISTAR,0.0,0.0,0.0,0.0,11.309583,59760.0,3.2696466,5504.0,0.0,0.0,0.0,0.0,0.0,0.0,58.845715,71454.0,0.0,0.0,0.118482985,88574.0,0.0,97.28889,72729987.0,0.0,0.0,0.0,0.0,74756727.0,0.0,0.0,0.0,0.0,0.29288906,847.0,289188.0,0.0,0.0,0.0,0.0,0.0,dataset_2024.csv,202412,False,True
2024,12,Lambayeque,Chiclayo,La Victoria,MOVISTAR,0.0,0.0,0.0,0.0,9.765975,46545.0,2.479882,4611.0,0.0,0.0,0.0,0.0,0.0,0.0,56.42625,61485.0,0.0,0.0,0.25513598,159539.0,0.0,98.24527,61433717.0,0.0,0.0,0.0,0.0,62530966.0,0.0,0.0,0.0,0.0,0.32431474,806.0,248524.0,0.0,0.0,0.0,0.0,0.0,dataset_2024.csv,202412,False,True
2024,12,Lambayeque,Chiclayo,Pimentel,MOVISTAR,0.0,0.0,0.0,0.0,11.078243,50086.0,2.5847626,3647.0,0.0,0.0,0.0,0.0,130.16878,455.0,57.56421,48899.0,0.0,0.0,0.6101263,330110.0,0.0,95.96632,51922755.0,0.0,0.0,0.0,0.0,54105187.0,6.6271553,123.0,1856.0,0.0,0.44950134,896.0,199332.0,0.0,0.0,0.0,0.0,0.0,dataset_2024.csv,202412,False,True
2024,12,Lima,Cañete,Asia,MOVISTAR,5.14416,2271.0,0.6200744,578.0,13.43968,23792.0,3.1993,2369.0,0.0,0.0,0.0,0.0,170.25053,2065.0,49.375317,32828.0,0.0,0.0,6.9785485,1798959.0,0.0,90.273636,23271110.0,0.0,0.0,0.0,0.0,25778413.0,3.6807745,327.0,8884.0,0.0,0.3679569,489.0,132896.0,0.0,0.0,0.0,0.0,0.0,dataset_2024.csv,202412,True,False
2024,12,Lima,Cañete,Cerro Azul,MOVISTAR,4.584815,785.0,0.0,0.0,10.245781,20222.0,3.071606,1216.0,0.0,0.0,0.0,0.0,219.8376,556.0,59.163162,27830.0,0.0,0.0,1.9541166,328817.0,0.0,97.40975,16391030.0,0.0,0.0,0.0,0.0,16826888.0,4.907718,117.0,2384.0,0.0,0.41061443,467.0,113732.0,0.0,0.0,0.0,0.0,0.0,dataset_2024.csv,202412,True,False
2024,12,Lima,Cañete,Chilca,MOVISTAR,3.9209552,1549.0,0.6640236,442.0,7.924878,24244.0,1.9663216,2038.0,0.0,0.0,0.0,0.0,268.34686,781.0,61.48861,25967.0,0.0,0.0,2.8040786,655741.0,0.0,94.28524,22048846.0,0.0,0.0,55.0,0.0,23385257.0,7.1596246,244.0,3408.0,0.0,1.0517948,1151.0,109432.0,0.0,0.0,0.0,0.0,0.0,dataset_2024.csv,202412,True,False
2024,12,Lima,Cañete,Mala,MOVISTAR,4.4189534,1229.0,0.0,0.0,11.973569,52786.0,4.446642,4692.0,0.0,0.0,0.0,0.0,198.91351,1634.0,52.298702,63006.0,0.0,0.0,3.7787888,2410565.0,0.0,95.139206,60691203.0,0.0,0.0,0.0,0.0,63792002.0,4.6402054,325.0,7004.0,0.0,0.4461903,1137.0,254824.0,0.0,0.0,0.0,0.0,0.0,dataset_2024.csv,202412,True,False
2024,12,Lima,Huaura,Huaura,MOVISTAR,3.5906563,844.0,0.0,0.0,10.626489,8208.0,2.119313,430.0,0.0,0.0,0.0,0.0,270.90485,640.0,55.83327,9315.0,0.0,0.0,6.953262,612648.0,0.0,88.60822,7807221.0,0.0,0.0,0.0,0.0,8810944.0,4.172662,116.0,2780.0,0.0,0.63327426,243.0,38372.0,0.0,0.0,0.0,0.0,0.0,dataset_2024.csv,202412,True,False
2024,12,Lima,Lima,Barranco,MOVISTAR,6.7938085,3816.0,0.76617926,776.0,12.547786,29333.0,3.3089032,2484.0,0.0,0.0,0.0,0.0,325.7889,2603.0,54.7327,43298.0,0.0,0.0,9.688018,3977035.0,0.0,89.84488,36882286.0,0.0,0.0,21.0,0.0,41051071.0,2.8284333,304.0,10748.0,0.0,0.26876187,470.0,174876.0,0.0,0.0,0.0,0.0,0.0,dataset_2024.csv,202412,True,False
2024,12,Lima,Lima,Breña,MOVISTAR,3.974638,4475.0,1.2075651,2221.0,10.392201,65242.0,2.7046762,7928.0,0.0,0.0,0.0,0.0,229.19751,2457.0,56.291843,91694.0,0.0,0.0,4.070321,3835259.0,0.0,95.58019,90060417.0,0.0,0.0,243.0,0.0,94224979.0,4.133257,433.0,10476.0,0.0,0.36050966,1340.0,371696.0,0.0,0.0,0.0,0.0,0.0,dataset_2024.csv,202412,True,False
2024,12,Lima,Lima,Carabayllo,MOVISTAR,3.6830537,17735.0,0.7978475,4805.0,10.308854,145797.0,3.5204518,12050.0,0.0,0.0,0.0,0.0,287.3928,8994.0,55.072014,176798.0,0.0,0.0,7.8112397,13632807.0,0.0,90.41824,157805232.0,0.0,0.0,0.0,0.0,174528088.0,4.349158,1704.0,39180.0,0.0,0.4811147,3455.0,718124.0,0.0,0.0,0.0,0.0,0.0,dataset_2024.csv,202412,True,False
2024,12,Lima,Lima,Comas,MOVISTAR,4.330603,30467.0,0.7877787,7942.0,10.590797,192622.0,3.450828,16281.0,0.0,0.0,0.0,0.0,281.8892,22313.0,56.0344,279251.0,0.0,0.0,9.430713,32542810.0,0.0,89.34062,308290067.0,0.0,0.0,93.0,0.0,345072659.0,3.6671119,3515.0,95852.0,0.0,0.55085045,6283.0,1140600.0,0.0,0.0,0.0,0.0,0.0,dataset_2024.csv,202412,True,False
2024,12,Lima,Lima,El Agustino,MOVISTAR,3.3573127,3994.0,0.65613264,1198.0,10.034037,63669.0,3.2111685,5788.0,0.0,0.0,0.0,0.0,302.96252,3461.0,54.55184,90186.0,0.0,0.0,10.264482,11046688.0,0.0,88.27668,95003826.0,0.0,0.0,2454.0,0.0,107620520.0,6.33411,979.0,15456.0,0.0,0.73874795,2724.0,368732.0,0.0,0.0,0.0,0.0,0.0,dataset_2024.csv,202412,True,False
2024,12,Lima,Lima,Independencia,MOVISTAR,3.5287797,5735.0,0.72025144,1975.0,10.807154,88200.0,3.001964,7984.0,0.0,0.0,0.0,0.0,238.79205,4031.0,57.148968,136053.0,0.0,0.0,6.28023,8048013.0,0.0,92.55693,118610201.0,0.0,0.0,793.0,0.0,128148375.0,6.2278566,1125.0,18064.0,0.0,0.8804738,4906.0,557200.0,0.0,0.0,0.0,0.0,0.0,dataset_2024.csv,202412,True,False
2024,12,Lima,Lima,Los Olivos,MOVISTAR,4.2621984,16016.0,0.87421024,5214.0,11.126807,181135.0,3.6727362,19489.0,0.0,0.0,0.0,0.0,250.72575,10613.0,54.50995,249499.0,0.0,0.0,7.443885,21809808.0,0.0,91.826996,269043543.0,0.0,0.0,12.0,0.0,292989591.0,3.8208458,1742.0,45592.0,0.0,0.449805,4558.0,1013328.0,0.0,0.0,0.0,0.0,0.0,dataset_2024.csv,202412,True,False
2024,12,Lima,Lima,Puente Piedra,MOVISTAR,3.3658388,11043.0,0.78020984,2984.0,10.227809,119284.0,3.7159855,9833.0,0.0,0.0,0.0,0.0,267.85422,5103.0,55.047943,146271.0,0.0,0.0,5.104077,7805830.0,0.0,93.60822,143158089.0,0.0,0.0,0.0,0.0,152933241.0,5.6855893,1302.0,22900.0,0.0,0.6912243,4144.0,599516.0,0.0,0.0,0.0,0.0,0.0,dataset_2024.csv,202412,True,False
2024,12,Lima,Lima,Punta Negra,MOVISTAR,5.0493913,659.0,0.0,0.0,10.210629,5143.0,3.0249195,599.0,0.0,0.0,0.0,0.0,326.9525,759.0,56.7673,7614.0,0.0,0.0,10.849012,704268.0,0.0,88.48272,5743891.0,0.0,0.0,978.0,0.0,6491540.0,2.078005,65.0,3128.0,0.0,0.40036163,124.0,30972.0,0.0,0.0,0.0,0.0,0.0,dataset_2024.csv,202412,True,False
2024,12,Lima,Lima,San Juan De Lurigancho,MOVISTAR,5.189886,26609.0,0.69632673,6536.0,11.710612,380828.0,3.5244272,37085.0,0.0,0.0,0.0,0.0,227.50528,16365.0,52.46934,485951.0,0.0,0.0,7.4716063,40231375.0,0.0,91.7117,493827931.0,0.0,0.0,3975.0,0.0,538456852.0,4.993094,3615.0,72400.0,0.0,0.6274388,12407.0,1977404.0,0.0,0.0,0.0,0.0,0.0,dataset_2024.csv,202412,True,False
2024,12,Lima,Lima,San Luis,MOVISTAR,4.2820053,3248.0,0.7416981,864.0,10.425962,56672.0,3.6492686,4546.0,0.0,0.0,0.0,0.0,251.55464,1554.0,57.441788,77498.0,0.0,0.0,2.9022825,1828524.0,0.0,96.294914,60668650.0,0.0,0.0,10349.0,0.0,63002962.0,4.142099,281.0,6784.0,0.0,0.37641513,1185.0,314812.0,0.0,0.0,0.0,0.0,0.0,dataset_2024.csv,202412,True,False
2024,12,Lima,Lima,San Martin De Porres,MOVISTAR,4.2639766,28460.0,0.73285544,7114.0,11.022257,271318.0,3.4159033,24473.0,0.0,0.0,0.0,0.0,293.71973,19474.0,55.75561,386525.0,0.0,0.0,8.552378,39365803.0,0.0,90.49209,416526699.0,0.0,0.0,591.0,0.0,460290739.0,4.133557,3454.0,83560.0,0.0,0.48069102,7563.0,1573360.0,0.0,0.0,0.0,0.0,0.0,dataset_2024.csv,202412,True,False
2024,12,Piura,Piura,Castilla,MOVISTAR,0.0,0.0,0.0,0.0,11.438981,88437.0,3.0003598,7453.0,0.0,0.0,0.0,0.0,0.0,0.0,59.64189,122649.0,0.0,0.0,0.07173568,84498.0,0.0,97.47277,114813905.0,0.0,0.0,0.0,0.0,117790751.0,0.0,0.0,0.0,0.0,0.33435386,1660.0,496480.0,0.0,0.0,0.0,0.0,0.0,dataset_2024.csv,202412,False,True
2024,12,Piura,Piura,Catacaos,MOVISTAR,0.0,0.0,0.0,0.0,9.554993,35407.0,2.6205678,2080.0,0.0,0.0,0.0,0.0,0.0,0.0,58.178288,52045.0,0.0,0.0,0.1265487,53954.0,0.0,98.79147,42119718.0,0.0,0.0,0.0,0.0,42634973.0,0.0,0.0,0.0,0.0,0.40292796,851.0,211204.0,0.0,0.0,0.0,0.0,0.0,dataset_2024.csv,202412,False,True
2024,12,Piura,Piura,Piura,MOVISTAR,0.0,0.0,0.0,0.0,11.685949,127602.0,2.8308136,7537.0,0.0,0.0,0.0,0.0,0.0,0.0,60.19285,193267.0,0.0,0.0,0.060896173,105565.0,0.0,96.408195,167125951.0,0.0,0.0,0.0,0.0,173352437.0,8.216784,0.0,0.0,0.0,0.29845443,2335.0,782364.0,0.0,0.0,0.0,0.0,0.0,dataset_2024.csv,202412,False,True
2024,12,Piura,Piura,Veintiseis De Octubre,MOVISTAR,0.0,0.0,0.0,0.0,9.768033,102573.0,3.3177345,8957.0,0.0,0.0,0.0,0.0,0.0,0.0,59.41827,133978.0,0.0,0.0,0.031798385,37725.0,0.0,97.713425,115925360.0,0.0,0.0,0.0,0.0,118638107.0,0.0,0.0,0.0,0.0,0.34772763,1892.0,544104.0,0.0,0.0,0.0,0.0,0.0,dataset_2024.csv,202412,False,True
2024,12,Puno,Puno,Puno,MOVISTAR,5.0216312,17452.0,0.75590193,4947.0,8.77191,167697.0,2.8406622,12972.0,0.0,0.0,0.0,0.0,215.38599,11185.0,66.53553,225952.0,0.0,0.0,4.4493613,7912321.0,0.0,94.95056,168851039.0,0.0,0.0,0.0,0.0,177830484.0,5.3704495,2508.0,46700.0,0.0,0.6092545,5658.0,928676.0,0.0,0.0,0.0,0.0,0.0,dataset_2024.csv,202412,True,False
2024,12,Puno,San Roman,Caracoto,MOVISTAR,3.1192791,1036.0,0.0,0.0,7.3595247,5274.0,4.302571,479.0,0.0,0.0,0.0,0.0,250.47858,928.0,68.07202,9049.0,0.0,0.0,7.3447976,523141.0,0.0,91.52219,6518765.0,0.0,0.0,0.0,0.0,7122606.0,7.653551,319.0,4168.0,0.0,1.4929712,565.0,37844.0,0.0,0.0,0.0,0.0,0.0,dataset_2024.csv,202412,True,False
2024,12,Puno,San Roman,Juliaca,MOVISTAR,4.399827,15729.0,0.7140408,5164.0,9.102352,258531.0,3.1092167,18209.0,0.0,0.0,0.0,0.0,215.71002,11546.0,65.7899,312138.0,0.0,0.0,3.96183,10722046.0,0.0,95.41245,258218229.0,0.0,0.0,0.0,0.0,270633681.0,5.832648,2837.0,48640.0,0.0,0.7834615,10163.0,1297192.0,0.0,0.0,0.0,0.0,0.0,dataset_2024.csv,202412,True,False
2024,12,Puno,San Roman,San Miguel,MOVISTAR,4.858178,3310.0,0.7112104,1271.0,7.9061885,37631.0,3.2172737,3200.0,0.0,0.0,0.0,0.0,247.0118,2276.0,66.96324,43202.0,0.0,0.0,4.7019205,1913198.0,0.0,94.8585,38597652.0,0.0,0.0,0.0,0.0,40689714.0,6.817244,661.0,9696.0,0.0,0.8655082,1562.0,180472.0,0.0,0.0,0.0,0.0,0.0,dataset_2024.csv,202412,True,False
2024,12,San Martin,Moyobamba,Moyobamba,MOVISTAR,2.6858644,1609.0,0.0,0.0,10.927012,36204.0,1.794414,2276.0,0.0,0.0,0.0,0.0,345.2754,1671.0,74.15558,54830.0,0.0,0.0,7.601347,4064082.0,0.0,91.7057,49030721.0,0.0,0.0,0.0,0.0,53465289.0,5.40393,396.0,7328.0,0.0,0.5189851,1170.0,225440.0,0.0,0.0,0.0,0.0,0.0,dataset_2024.csv,202412,True,False
2024,12,Tacna,Candarave,Camilaca,MOVISTAR,0.0,0.0,0.0,0.0,7.055432,1243.0,0.0,0.0,0.0,0.0,0.0,0.0,0.0,0.0,76.17871,1355.0,0.0,0.0,3.3218503,41001.0,0.0,89.04229,1099033.0,0.0,0.0,0.0,0.0,1234282.0,0.0,0.0,0.0,0.0,0.83697236,46.0,5496.0,0.0,0.0,0.0,0.0,0.0,dataset_2024.csv,202412,False,True
2024,12,Tumbes,Contralmirante Villar,Canoas De Punta Sal,MOVISTAR,4.6303716,2275.0,0.7312293,762.0,11.808052,20582.0,2.8424826,978.0,0.0,0.0,0.0,0.0,175.83887,1746.0,58.03003,21829.0,0.0,0.0,7.101716,1034377.0,0.0,92.0102,13401442.0,0.0,0.0,0.0,0.0,14565170.0,4.8039756,348.0,7244.0,0.0,0.34911755,307.0,87936.0,0.0,0.0,0.0,0.0,0.0,dataset_2024.csv,202412,True,False
2024,12,Tumbes,Tumbes,Tumbes,MOVISTAR,4.8979263,1275.0,0.7189694,411.0,10.399474,38558.0,2.3402913,2851.0,0.0,0.0,0.0,0.0,213.4964,1220.0,66.3932,57882.0,0.0,0.0,3.1978276,1498456.0,0.0,96.34804,45147306.0,0.0,0.0,0.0,0.0,46858562.0,3.9578362,199.0,5028.0,0.0,0.37263334,877.0,235352.0,0.0,0.0,0.0,0.0,0.0,dataset_2024.csv,202412,True,False
2025,1,Arequipa,Arequipa,Alto Selva Alegre,MOVISTAR,0.0,0.0,0.0,0.0,10.855226,29958.0,3.3854964,2087.0,0.0,0.0,0.0,0.0,0.0,0.0,60.792747,37248.0,0.0,0.0,0.0019628042,918.0,0.0,97.22599,45472418.0,136892.0,0.0,0.0,0.0,46769819.0,0.0,0.0,0.0,0.0,0.5408543,820.0,151612.0,37903.0,0.0,0.0,0.0,0.0,dataset_2025.csv,202501,False,True
2025,1,Arequipa,Arequipa,Cayma,MOVISTAR,0.0,0.0,0.0,0.0,11.682012,64734.0,3.2722998,6016.0,0.0,0.0,0.0,0.0,0.0,0.0,61.228813,71628.0,0.0,0.0,0.029311944,22478.0,0.0,97.49413,74763827.0,251532.0,0.0,0.0,0.0,76685464.0,0.0,0.0,0.0,0.0,0.66990143,1966.0,293476.0,73369.0,0.0,0.0,0.0,0.0,dataset_2025.csv,202501,False,True
2025,1,Arequipa,Arequipa,Jacobo Hunter,MOVISTAR,0.0,0.0,0.0,0.0,9.904442,34429.0,2.5364466,2200.0,0.0,0.0,0.0,0.0,0.0,0.0,61.815407,51786.0,0.0,0.0,0.072177984,33673.0,0.0,98.18006,45803678.0,147612.0,0.0,0.0,0.0,46652730.0,0.0,0.0,0.0,0.0,0.71305954,1512.0,212044.0,53011.0,0.0,0.0,0.0,0.0,dataset_2025.csv,202501,False,True
2025,1,Arequipa,Arequipa,Jose Luis Bustamante Y Rivero,MOVISTAR,0.0,0.0,0.0,0.0,11.108039,67032.0,3.7398827,6025.0,0.0,0.0,0.0,0.0,0.0,0.0,62.150406,96028.0,0.0,0.0,0.0057358774,5777.0,0.0,97.57931,98278891.0,339026.0,0.0,0.0,0.0,100716939.0,0.0,0.0,0.0,0.0,0.5551457,2167.0,390348.0,97587.0,0.0,0.0,0.0,0.0,dataset_2025.csv,202501,False,True
2025,1,Arequipa,Arequipa,Mariano Melgar,MOVISTAR,0.0,0.0,0.0,0.0,11.3040085,35541.0,4.017795,2259.0,0.0,0.0,0.0,0.0,0.0,0.0,62.077515,47864.0,0.0,0.0,0.0010172299,557.0,0.0,98.86922,54137375.0,144245.0,0.0,0.0,0.0,54756553.0,0.0,0.0,0.0,0.0,0.5060147,986.0,194856.0,48714.0,0.0,0.0,0.0,0.0,dataset_2025.csv,202501,False,True
2025,1,Arequipa,Arequipa,Miraflores,MOVISTAR,0.0,0.0,0.0,0.0,12.888568,43245.0,3.6682959,2941.0,0.0,0.0,0.0,0.0,0.0,0.0,58.895336,49196.0,0.0,0.0,0.015626514,7407.0,0.0,97.4289,46181501.0,148208.0,0.0,0.0,0.0,47400208.0,0.0,0.0,0.0,0.0,0.49744257,992.0,199420.0,49855.0,0.0,0.0,0.0,0.0,dataset_2025.csv,202501,False,True
2025,1,Arequipa,Arequipa,Paucarpata,MOVISTAR,0.0,0.0,0.0,0.0,9.66472,73300.0,3.3700335,6705.0,0.0,0.0,0.0,0.0,0.0,0.0,61.356262,100610.0,0.0,0.0,0.0055220937,5151.0,0.0,95.24665,88845922.0,273710.0,0.0,0.0,0.0,93279840.0,0.0,0.0,0.0,0.0,0.5850856,2393.0,409000.0,102250.0,0.0,0.0,0.0,0.0,dataset_2025.csv,202501,False,True
2025,1,Arequipa,Arequipa,Sachaca,MOVISTAR,0.0,0.0,0.0,0.0,10.853322,9035.0,2.9791067,637.0,0.0,0.0,0.0,0.0,0.0,0.0,61.39651,13568.0,0.0,0.0,0.08997742,8748.0,0.0,97.2591,9455957.0,47060.0,0.0,0.0,0.0,9722439.0,0.0,0.0,0.0,0.0,0.8098541,453.0,55936.0,13984.0,0.0,0.0,0.0,0.0,dataset_2025.csv,202501,False,True
2025,1,Arequipa,Arequipa,Socabaya,MOVISTAR,0.0,0.0,0.0,0.0,9.381789,24715.0,2.7292986,2125.0,0.0,0.0,0.0,0.0,0.0,0.0,62.96293,32295.0,0.0,0.0,0.005641728,2046.0,0.0,98.13555,35589332.0,99654.0,0.0,0.0,0.0,36265484.0,0.0,0.0,0.0,0.0,0.713963,948.0,132780.0,33195.0,0.0,0.0,0.0,0.0,dataset_2025.csv,202501,False,True
2025,1,Arequipa,Arequipa,Tiabaya,MOVISTAR,0.0,0.0,0.0,0.0,10.455103,12205.0,4.1093283,1269.0,0.0,0.0,0.0,0.0,0.0,0.0,61.09695,15094.0,0.0,0.0,0.19709879,32243.0,728.0,89.27155,14603757.0,51214.0,0.0,0.0,0.0,16358802.0,0.0,0.0,0.0,0.0,0.68117255,422.0,61952.0,15488.0,0.0,0.0,0.0,0.0,dataset_2025.csv,202501,False,True
2025,1,Arequipa,Arequipa,Yanahuara,MOVISTAR,0.0,0.0,0.0,0.0,12.147528,18520.0,3.302778,1234.0,0.0,0.0,0.0,0.0,0.0,0.0,59.957893,25028.0,0.0,0.0,0.0028237735,725.0,0.0,93.24549,23940652.0,88278.0,0.0,0.0,0.0,25674863.0,0.0,0.0,0.0,0.0,0.6087487,619.0,101684.0,25421.0,0.0,0.0,0.0,0.0,dataset_2025.csv,202501,False,True
2025,1,Ayacucho,Huamanga,Carmen Alto,MOVISTAR,4.7860165,615.0,0.0,0.0,11.415975,11705.0,3.3782072,743.0,0.0,0.0,0.0,0.0,226.30765,495.0,62.973473,13630.0,0.0,0.0,2.9405026,515792.0,4292.0,96.63243,16950244.0,47968.0,0.0,0.0,0.0,17540947.0,3.7284894,78.0,2092.0,523.0,1.2430644,699.0,56232.0,14058.0,0.0,0.0,0.0,0.0,dataset_2025.csv,202501,True,False
2025,1,Cajamarca,Celendin,Celendin,MOVISTAR,0.0,0.0,0.0,0.0,9.618893,4364.0,4.918471,573.0,0.0,0.0,0.0,0.0,0.0,0.0,62.70734,11589.0,0.0,0.0,2.0655956,181063.0,4031.0,97.64874,8559553.0,25098.0,0.0,0.0,0.0,8765656.0,11.836283,0.0,0.0,0.0,0.53858453,256.0,47532.0,11883.0,0.0,0.0,0.0,0.0,dataset_2025.csv,202501,False,True
2025,1,Cajamarca,Santa Cruz,Santa Cruz,MOVISTAR,3.3454301,856.0,0.0,0.0,9.531756,14741.0,3.7871377,1269.0,0.0,0.0,0.0,0.0,221.43872,634.0,66.345184,16372.0,0.0,0.0,6.297856,673982.0,9335.0,93.12474,9965995.0,31300.0,0.0,0.0,0.0,10701769.0,8.273381,230.0,2780.0,695.0,0.67986643,456.0,67072.0,16768.0,0.0,0.0,0.0,0.0,dataset_2025.csv,202501,True,False
2025,1,Callao,Callao,Mi Peru,MOVISTAR,4.745055,6004.0,1.1309938,1383.0,8.866018,13461.0,4.384765,1792.0,0.0,0.0,0.0,0.0,366.16925,701.0,57.289253,10201.0,0.0,0.0,7.043806,1440078.0,12902.0,91.99302,18807606.0,75855.0,0.0,0.0,0.0,20444601.0,7.2376738,229.0,3164.0,791.0,0.99176294,419.0,42248.0,10562.0,0.0,0.0,0.0,0.0,dataset_2025.csv,202501,True,False
2025,1,Cusco,Acomayo,Pomacanchi,MOVISTAR,6.7050467,1618.0,0.0,0.0,12.563555,3616.0,0.0,0.0,0.0,0.0,0.0,0.0,101.14647,565.0,66.26653,2607.0,0.0,0.0,28.394104,552384.0,1795.0,66.30513,1289912.0,1593.0,0.0,0.0,0.0,1945418.0,1.8959435,43.0,2268.0,567.0,0.37242168,39.0,10472.0,2618.0,0.0,0.0,0.0,0.0,dataset_2025.csv,202501,True,False
2025,1,Cusco,Cusco,Cusco,MOVISTAR,3.1996977,4671.0,0.65734607,1677.0,7.55622,64483.0,2.7447336,4808.0,0.0,0.0,0.0,0.0,255.78998,3297.0,70.18362,87270.0,0.0,0.0,6.831305,6173935.0,69860.0,87.88376,79426788.0,383902.0,0.0,80.0,0.0,90377093.0,8.233452,1209.0,14684.0,3671.0,1.4111379,5229.0,370552.0,92638.0,0.0,0.0,0.0,0.0,dataset_2025.csv,202501,True,False
2025,1,Cusco,Cusco,San Jeronimo,MOVISTAR,3.3828585,3856.0,0.7686109,1316.0,8.811521,39208.0,3.0524423,2581.0,0.0,0.0,0.0,0.0,237.88487,1968.0,67.81901,53798.0,0.0,0.0,4.985615,2703475.0,26513.0,92.41327,50111568.0,176742.0,0.0,0.0,0.0,54225510.0,7.137867,613.0,8588.0,2147.0,1.0033786,2257.0,224940.0,56235.0,0.0,0.0,0.0,0.0,dataset_2025.csv,202501,True,False
2025,1,Cusco,Cusco,San Sebastian,MOVISTAR,4.880218,4667.0,0.69479704,1463.0,8.815727,37076.0,3.0256538,3008.0,0.0,0.0,0.0,0.0,229.92267,2771.0,70.76632,59144.0,0.0,0.0,9.705901,8000624.0,47641.0,87.11067,71805772.0,244794.0,0.0,0.0,0.0,82430514.0,6.962865,840.0,12064.0,3016.0,1.2395204,3093.0,249532.0,62383.0,0.0,0.0,0.0,0.0,dataset_2025.csv,202501,True,False
2025,1,Cusco,Cusco,Santiago,MOVISTAR,3.389958,2585.0,0.7062256,910.0,7.2450695,36621.0,2.1735842,1673.0,0.0,0.0,0.0,0.0,209.5687,1946.0,68.84209,59499.0,0.0,0.0,4.614901,2559836.0,26342.0,92.77968,51463892.0,186586.0,0.0,0.0,0.0,55468926.0,7.57468,639.0,8436.0,2109.0,0.8457478,2096.0,247828.0,61957.0,0.0,0.0,0.0,0.0,dataset_2025.csv,202501,True,False
2025,1,Cusco,Cusco,Wanchaq,MOVISTAR,3.2311907,3657.0,0.60262686,1163.0,8.308335,62105.0,2.5149364,4023.0,0.0,0.0,0.0,0.0,221.75287,1995.0,70.07186,86698.0,0.0,0.0,4.336666,3560255.0,37627.0,93.19567,76510467.0,324418.0,0.0,346.0,0.0,82096589.0,7.134755,629.0,8816.0,2204.0,1.2202616,4448.0,364512.0,91128.0,0.0,0.0,0.0,0.0,dataset_2025.csv,202501,True,False
2025,1,Cusco,La Convencion,Echarate,MOVISTAR,3.8316514,814.0,0.0,0.0,9.404814,11111.0,3.1262195,1046.0,0.0,0.0,0.0,0.0,207.94519,1180.0,70.66119,13730.0,0.0,0.0,6.6728354,858217.0,6200.0,83.904106,10791204.0,26534.0,0.0,0.0,0.0,12861354.0,6.539075,328.0,5016.0,1254.0,1.3660077,796.0,58272.0,14568.0,0.0,0.0,0.0,0.0,dataset_2025.csv,202501,True,False
2025,1,Huancavelica,Tayacaja,Pampas,MOVISTAR,4.1281166,1750.0,0.72623026,504.0,9.4364805,6699.0,3.821179,800.0,0.0,0.0,0.0,0.0,218.42967,913.0,71.585335,11527.0,0.0,0.0,7.8951406,645027.0,5931.0,91.31444,7460320.0,19261.0,0.0,0.0,0.0,8169924.0,5.952381,230.0,3864.0,966.0,0.61032075,290.0,47516.0,11879.0,0.0,0.0,0.0,0.0,dataset_2025.csv,202501,True,False
2025,1,Ica,Chincha,Alto Laran,MOVISTAR,0.0,0.0,0.0,0.0,10.576993,15935.0,3.4740918,3217.0,0.0,0.0,0.0,0.0,0.0,0.0,66.08678,12664.0,0.0,0.0,0.8706541,100645.0,1574.0,93.40481,10797316.0,35961.0,0.0,0.0,0.0,11559700.0,4.452055,0.0,0.0,0.0,0.62086415,319.0,51380.0,12845.0,0.0,0.0,0.0,0.0,dataset_2025.csv,202501,False,True
2025,1,Ica,Chincha,Chincha Alta,MOVISTAR,0.0,0.0,0.0,0.0,11.49979,93842.0,3.5512404,7736.0,0.0,0.0,0.0,0.0,0.0,0.0,61.72267,113771.0,0.0,0.0,0.0033310784,3557.0,0.0,98.57191,105257290.0,359041.0,0.0,0.0,0.0,106782236.0,0.0,0.0,0.0,0.0,0.4533376,2095.0,462128.0,115532.0,0.0,0.0,0.0,0.0,dataset_2025.csv,202501,False,True
2025,1,Ica,Chincha,Chincha Baja,MOVISTAR,0.0,0.0,0.0,0.0,12.143872,19258.0,2.3566444,1320.0,0.0,0.0,0.0,0.0,0.0,0.0,66.62554,21653.0,0.0,0.0,0.14825179,24757.0,840.0,94.30605,15748444.0,58958.0,0.0,0.0,0.0,16699293.0,0.0,0.0,0.0,0.0,0.6866389,606.0,88256.0,22064.0,0.0,0.0,0.0,0.0,dataset_2025.csv,202501,False,True
2025,1,Ica,Chincha,El Carmen,MOVISTAR,0.0,0.0,0.0,0.0,23.675516,14747.0,5.5298285,4479.0,0.0,0.0,0.0,0.0,0.0,0.0,62.79529,7865.0,0.0,0.0,4.34639,381203.0,2266.0,87.00525,7630853.0,25008.0,0.0,0.0,0.0,8770566.0,2.7173913,0.0,0.0,0.0,0.5152386,165.0,32024.0,8006.0,0.0,0.0,0.0,0.0,dataset_2025.csv,202501,False,True
2025,1,Ica,Chincha,Pueblo Nuevo,MOVISTAR,0.0,0.0,0.0,0.0,9.325994,47299.0,4.1154947,5615.0,0.0,0.0,0.0,0.0,0.0,0.0,61.271244,63317.0,0.0,0.0,0.0057445876,2989.0,0.0,97.488235,50724677.0,169275.0,0.0,0.0,0.0,52031586.0,0.0,0.0,0.0,0.0,0.4223091,1089.0,257868.0,64467.0,0.0,0.0,0.0,0.0,dataset_2025.csv,202501,False,True
2025,1,Ica,Chincha,Sunampe,MOVISTAR,0.0,0.0,0.0,0.0,11.966063,36974.0,2.9455903,1672.0,0.0,0.0,0.0,0.0,0.0,0.0,61.335712,37900.0,0.0,0.0,0.2071301,80856.0,862.0,96.223335,37562062.0,123767.0,0.0,0.0,0.0,39036334.0,0.0,0.0,0.0,0.0,0.26461595,405.0,153052.0,38263.0,0.0,0.0,0.0,0.0,dataset_2025.csv,202501,False,True
2025,1,Ica,Ica,Ica,MOVISTAR,4.5946364,7236.0,0.80961096,2728.0,10.127059,172388.0,2.8167336,10891.0,0.0,0.0,0.0,0.0,179.58992,6953.0,57.105053,269284.0,0.0,0.0,3.6721485,8484402.0,69488.0,96.023506,221859781.0,746813.0,0.0,386.0,0.0,231047362.0,3.6546834,1041.0,28484.0,7121.0,0.42537525,4668.0,1097384.0,274346.0,0.0,0.0,0.0,0.0,dataset_2025.csv,202501,True,False
2025,1,Ica,Ica,La Tinguiña,MOVISTAR,5.7269616,1253.0,0.775494,449.0,7.995844,26941.0,3.022662,1992.0,0.0,0.0,0.0,0.0,150.62236,1108.0,61.190304,44259.0,0.0,0.0,1.8099481,680047.0,11949.0,97.83172,36758052.0,102412.0,0.0,0.0,0.0,37572735.0,3.9658194,181.0,4564.0,1141.0,0.73435086,1351.0,183972.0,45993.0,0.0,0.0,0.0,0.0,dataset_2025.csv,202501,True,False
2025,1,Ica,Ica,Parcona,MOVISTAR,4.7254333,1945.0,0.7296835,658.0,8.711342,33716.0,4.6713343,4630.0,0.0,0.0,0.0,0.0,169.01868,1230.0,59.382103,46252.0,0.0,0.0,6.4219947,3125176.0,15500.0,93.29317,45399844.0,118129.0,0.0,181.0,0.0,48663633.0,3.134984,157.0,5008.0,1252.0,0.410583,775.0,188756.0,47189.0,0.0,0.0,0.0,0.0,dataset_2025.csv,202501,True,False
2025,1,Ica,Ica,Subtanjalla,MOVISTAR,3.1341643,579.0,0.0,0.0,9.234443,16890.0,2.7691624,926.0,0.0,0.0,0.0,0.0,218.59839,450.0,58.213783,21108.0,0.0,0.0,8.650805,1672559.0,9450.0,90.872314,17569382.0,59638.0,0.0,0.0,0.0,19334142.0,5.3078556,100.0,1884.0,471.0,0.6504551,566.0,87016.0,21754.0,0.0,0.0,0.0,0.0,dataset_2025.csv,202501,True,False
2025,1,Junin,Chanchamayo,Chanchamayo,MOVISTAR,4.21999,1204.0,0.0,0.0,9.166421,18480.0,3.1028764,2187.0,0.0,0.0,0.0,0.0,199.52438,1408.0,59.748917,26988.0,0.0,0.0,3.7163053,792545.0,10068.0,93.39109,19916728.0,61465.0,0.0,0.0,0.0,21326155.0,5.2747626,311.0,5896.0,1474.0,0.6270408,699.0,111476.0,27869.0,0.0,0.0,0.0,0.0,dataset_2025.csv,202501,True,False
2025,1,Junin,Huancayo,Chilca,MOVISTAR,0.0,0.0,0.0,0.0,7.8611774,54217.0,3.3228967,4722.0,0.0,0.0,0.0,0.0,0.0,0.0,60.351448,78306.0,0.0,0.0,0.0045859367,3969.0,0.0,92.902695,80404688.0,297291.0,0.0,0.0,0.0,86547209.0,0.0,0.0,0.0,0.0,0.8316334,2707.0,325504.0,81376.0,0.0,0.0,0.0,0.0,dataset_2025.csv,202501,False,True
2025,1,Junin,Huancayo,El Tambo,MOVISTAR,0.0,0.0,0.0,0.0,10.679802,207048.0,3.3949735,15006.0,0.0,0.0,0.0,0.0,0.0,0.0,56.04559,255732.0,0.0,0.0,0.04439521,115979.0,1001.0,95.70694,250026888.0,834626.0,0.0,0.0,0.0,261242162.0,0.0,0.0,0.0,0.0,0.3447911,3585.0,1039760.0,259940.0,0.0,0.0,0.0,0.0,dataset_2025.csv,202501,False,True
2025,1,Junin,Huancayo,Huancayo,MOVISTAR,0.0,0.0,0.0,0.0,10.012398,182803.0,3.316038,14607.0,0.0,0.0,0.0,0.0,0.0,0.0,56.39781,260795.0,0.0,0.0,0.014639918,30072.0,487.0,97.37491,200018764.0,770635.0,0.0,0.0,0.0,205410986.0,0.0,0.0,0.0,0.0,0.39739314,4222.0,1062424.0,265606.0,0.0,0.0,0.0,0.0,dataset_2025.csv,202501,False,True
2025,1,Junin,Huancayo,Pilcomayo,MOVISTAR,0.0,0.0,0.0,0.0,8.016126,16866.0,3.8938494,1442.0,0.0,0.0,0.0,0.0,0.0,0.0,59.86176,25798.0,0.0,0.0,0.06057478,13925.0,0.0,95.987946,22065819.0,74503.0,0.0,0.0,0.0,22988115.0,0.0,0.0,0.0,0.0,0.47833797,507.0,105992.0,26498.0,0.0,0.0,0.0,0.0,dataset_2025.csv,202501,False,True
2025,1,Junin,Huancayo,San Agustin,MOVISTAR,0.0,0.0,0.0,0.0,7.8046346,25468.0,2.7319078,1475.0,0.0,0.0,0.0,0.0,0.0,0.0,55.89057,25871.0,0.0,0.0,0.19874397,63174.0,722.0,97.19893,30896257.0,90072.0,0.0,0.0,0.0,31786624.0,0.0,0.0,0.0,0.0,0.55149126,588.0,106620.0,26655.0,0.0,0.0,0.0,0.0,dataset_2025.csv,202501,False,True
2025,1,Junin,Junin,Carhuamayo,MOVISTAR,5.504328,1961.0,0.82519305,613.0,10.998387,11581.0,3.8626063,2923.0,0.0,0.0,0.0,0.0,158.57533,1032.0,51.948624,7511.0,0.0,0.0,18.102365,1761722.0,8623.0,79.539795,7740812.0,21885.0,0.0,0.0,0.0,9731999.0,3.2220132,137.0,4252.0,1063.0,0.3809774,116.0,30448.0,7612.0,0.0,0.0,0.0,0.0,dataset_2025.csv,202501,True,False
2025,1,La Libertad,Trujillo,El Porvenir,MOVISTAR,0.0,0.0,0.0,0.0,9.608084,48424.0,4.05639,5220.0,0.0,0.0,0.0,0.0,0.0,0.0,58.7932,55137.0,0.0,0.0,0.013093931,11062.0,0.0,91.905365,77643392.0,271205.0,0.0,0.0,0.0,84481892.0,0.0,0.0,0.0,0.0,0.5917864,1343.0,226940.0,56735.0,0.0,0.0,0.0,0.0,dataset_2025.csv,202501,False,True
2025,1,La Libertad,Trujillo,La Esperanza,MOVISTAR,0.0,0.0,0.0,0.0,9.660227,60109.0,2.867832,4875.0,0.0,0.0,0.0,0.0,0.0,0.0,56.723465,78485.0,0.0,0.0,0.01856692,16379.0,0.0,93.53706,82514691.0,283334.0,0.0,0.0,0.0,88216034.0,0.0,0.0,0.0,0.0,0.41513202,1330.0,320380.0,80095.0,0.0,0.0,0.0,0.0,dataset_2025.csv,202501,False,True
2025,1,La Libertad,Trujillo,Moche,MOVISTAR,0.0,0.0,0.0,0.0,11.459224,25160.0,3.3150213,1360.0,0.0,0.0,0.0,0.0,0.0,0.0,55.917637,29021.0,0.0,0.0,0.005789972,1837.0,0.0,96.7991,30711712.0,86468.0,0.0,0.0,0.0,31727269.0,0.0,0.0,0.0,0.0,0.21669397,254.0,117216.0,29304.0,0.0,0.0,0.0,0.0,dataset_2025.csv,202501,False,True
2025,1,La Libertad,Trujillo,Trujillo,MOVISTAR,0.0,0.0,0.0,0.0,12.374712,283969.0,3.1386533,26296.0,0.0,0.0,0.0,0.0,0.0,0.0,55.17174,375912.0,0.0,0.0,0.017593468,60996.0,718.0,95.35631,330597342.0,1299103.0,0.0,387.0,0.0,346696874.0,0.0,0.0,0.0,0.0,0.2358074,3578.0,1517340.0,379335.0,0.0,0.0,0.0,0.0,dataset_2025.csv,202501,False,True
2025,1,La Libertad,Trujillo,Victor Larco Herrera,MOVISTAR,0.0,0.0,0.0,0.0,12.291847,43418.0,3.1542675,5683.0,0.0,0.0,0.0,0.0,0.0,0.0,55.34295,60620.0,0.0,0.0,0.0017376535,1052.0,0.0,97.47458,59012489.0,191154.0,0.0,0.0,0.0,60541413.0,0.0,0.0,0.0,0.0,0.22361945,547.0,244612.0,61153.0,0.0,0.0,0.0,0.0,dataset_2025.csv,202501,False,True
2025,1,Lambayeque,Chiclayo,Chiclayo,MOVISTAR,0.0,0.0,0.0,0.0,11.672198,158378.0,3.2953477,15901.0,0.0,0.0,0.0,0.0,0.0,0.0,58.860294,223427.0,0.0,0.0,0.05129014,109083.0,837.0,95.521675,203153873.0,820093.0,0.0,0.0,0.0,212678300.0,0.0,0.0,0.0,0.0,0.37727675,3431.0,909412.0,227353.0,0.0,0.0,0.0,0.0,dataset_2025.csv,202501,False,True
2025,1,Lambayeque,Chiclayo,Jose Leonardo Ortiz,MOVISTAR,0.0,0.0,0.0,0.0,11.37233,60758.0,3.1647594,5989.0,0.0,0.0,0.0,0.0,0.0,0.0,58.706783,73541.0,0.0,0.0,0.10452545,86665.0,0.0,95.68676,79336595.0,256572.0,0.0,0.0,0.0,82912822.0,0.0,0.0,0.0,0.0,0.33311036,996.0,299000.0,74750.0,0.0,0.0,0.0,0.0,dataset_2025.csv,202501,False,True
2025,1,Lambayeque,Chiclayo,La Victoria,MOVISTAR,0.0,0.0,0.0,0.0,9.717503,37895.0,3.1543274,3900.0,0.0,0.0,0.0,0.0,0.0,0.0,57.684063,56594.0,0.0,0.0,0.51955307,297930.0,1213.0,96.7776,55495683.0,189408.0,0.0,0.0,0.0,57343518.0,1.6,0.0,0.0,0.0,0.41672447,961.0,230608.0,57652.0,0.0,0.0,0.0,0.0,dataset_2025.csv,202501,False,True
2025,1,Lambayeque,Chiclayo,Pimentel,MOVISTAR,0.0,0.0,0.0,0.0,10.234784,53852.0,3.4279914,4704.0,0.0,0.0,0.0,0.0,0.0,0.0,60.349007,52388.0,0.0,0.0,0.77705544,462987.0,1645.0,94.18218,56115850.0,195383.0,0.0,0.0,0.0,59582236.0,5.5640244,0.0,0.0,0.0,0.54452485,1165.0,213948.0,53487.0,0.0,0.0,0.0,0.0,dataset_2025.csv,202501,False,True
2025,1,Lima,Cañete,Asia,MOVISTAR,4.5173755,1551.0,0.7030735,529.0,12.299575,23969.0,2.4423785,2366.0,0.0,0.0,0.0,0.0,211.33878,1425.0,53.426624,39234.0,0.0,0.0,5.5412803,1718892.0,18738.0,93.34379,28955022.0,118676.0,0.0,0.0,0.0,31019764.0,4.0,244.0,6100.0,1525.0,0.4617563,737.0,159608.0,39902.0,0.0,0.0,0.0,0.0,dataset_2025.csv,202501,True,False
2025,1,Lima,Cañete,Cerro Azul,MOVISTAR,5.390098,1047.0,0.0,0.0,10.988732,18833.0,3.1474428,1417.0,0.0,0.0,0.0,0.0,201.25945,1064.0,58.281223,30272.0,0.0,0.0,4.5646496,962751.0,10924.0,95.056694,20048840.0,78039.0,0.0,0.0,0.0,21091455.0,2.5775547,113.0,4384.0,1096.0,0.4035252,500.0,123908.0,30977.0,0.0,0.0,0.0,0.0,dataset_2025.csv,202501,True,False
2025,1,Lima,Cañete,Chilca,MOVISTAR,3.936297,1568.0,0.76643425,611.0,8.68348,18853.0,2.3915355,1508.0,0.0,0.0,0.0,0.0,301.84842,1292.0,62.631496,25844.0,0.0,0.0,5.2585797,1184119.0,19985.0,91.671814,20642520.0,97770.0,0.0,184.0,0.0,22517848.0,5.974518,347.0,5808.0,1452.0,1.032489,1125.0,108960.0,27240.0,0.0,0.0,0.0,0.0,dataset_2025.csv,202501,True,False
2025,1,Lima,Cañete,Mala,MOVISTAR,4.4108887,1093.0,0.0,0.0,11.731472,46964.0,3.8642828,4427.0,0.0,0.0,0.0,0.0,222.02028,1204.0,53.72459,61317.0,0.0,0.0,3.4655101,2262518.0,24145.0,95.14316,62115853.0,184479.0,0.0,50.0,0.0,65286725.0,5.299016,280.0,5284.0,1321.0,0.44146553,1096.0,248264.0,62066.0,0.0,0.0,0.0,0.0,dataset_2025.csv,202501,True,False
2025,1,Lima,Huaura,Huaura,MOVISTAR,3.8314493,589.0,0.0,0.0,9.640063,6253.0,2.015015,443.0,0.0,0.0,0.0,0.0,304.26727,609.0,60.198895,7960.0,0.0,0.0,9.807014,756583.0,7405.0,87.644936,6761555.0,27222.0,0.0,0.0,0.0,7714713.0,3.3004553,87.0,2636.0,659.0,0.72601396,237.0,32644.0,8161.0,0.0,0.0,0.0,0.0,dataset_2025.csv,202501,True,False
2025,1,Lima,Lima,Barranco,MOVISTAR,5.9419646,3052.0,0.87032574,964.0,13.065632,29356.0,3.4949832,2321.0,0.0,0.0,0.0,0.0,242.08684,1604.0,55.087376,50592.0,0.0,0.0,7.410558,3210132.0,17815.0,92.02918,39865528.0,193205.0,0.0,95.0,0.0,43318356.0,2.8321471,191.0,6744.0,1686.0,0.28416315,581.0,204460.0,51115.0,0.0,0.0,0.0,0.0,dataset_2025.csv,202501,True,False
2025,1,Lima,Lima,Breña,MOVISTAR,4.444432,5952.0,0.9118609,1692.0,10.383628,64705.0,3.2785792,6994.0,0.0,0.0,0.0,0.0,290.71808,4017.0,57.53869,95414.0,0.0,0.0,7.135333,6914567.0,50815.0,92.50128,89639313.0,358095.0,0.0,136.0,0.0,96906019.0,4.3235292,735.0,17000.0,4250.0,0.4252637,1653.0,388700.0,97175.0,0.0,0.0,0.0,0.0,dataset_2025.csv,202501,True,False
2025,1,Lima,Lima,Carabayllo,MOVISTAR,4.108091,10353.0,0.8266591,3049.0,11.216667,126292.0,3.7710915,13015.0,0.0,0.0,0.0,0.0,237.9936,6615.0,53.857433,176384.0,0.0,0.0,5.7187133,10498110.0,102124.0,92.73981,170246815.0,584392.0,0.0,2.0,0.0,183574690.0,4.3374844,1240.0,28588.0,7147.0,0.47508186,3412.0,718192.0,179548.0,0.0,0.0,0.0,0.0,dataset_2025.csv,202501,True,False
2025,1,Lima,Lima,Comas,MOVISTAR,4.2183666,16489.0,0.71177095,4684.0,11.798642,220238.0,3.491807,17018.0,0.0,0.0,0.0,0.0,249.35553,13961.0,53.965096,297813.0,0.0,0.0,8.544073,28676958.0,220044.0,90.47286,303659226.0,1143021.0,0.0,10.0,0.0,335635697.0,3.8642159,2304.0,59624.0,14906.0,0.5055991,6126.0,1211632.0,302908.0,0.0,0.0,0.0,0.0,dataset_2025.csv,202501,True,False
2025,1,Lima,Lima,El Agustino,MOVISTAR,3.5801115,3305.0,0.60529387,1053.0,10.244679,66949.0,2.9739597,5523.0,0.0,0.0,0.0,0.0,267.7016,2767.0,55.51892,84686.0,0.0,0.0,9.674077,9412168.0,80098.0,89.23275,86816923.0,419774.0,0.0,946.0,0.0,97292667.0,5.6488423,693.0,12268.0,3067.0,0.8656022,2999.0,346464.0,86616.0,0.0,0.0,0.0,0.0,dataset_2025.csv,202501,True,False
2025,1,Lima,Lima,Independencia,MOVISTAR,4.180183,5304.0,0.6478639,1309.0,12.635545,100688.0,3.3771446,8092.0,0.0,0.0,0.0,0.0,214.43782,4044.0,54.43409,135056.0,0.0,0.0,5.9606214,7874197.0,80529.0,93.404274,123390428.0,559552.0,0.0,365.0,0.0,132103622.0,5.0205855,878.0,17488.0,4372.0,0.7638682,4212.0,551404.0,137851.0,0.0,0.0,0.0,0.0,dataset_2025.csv,202501,True,False
2025,1,Lima,Lima,Los Olivos,MOVISTAR,4.7688236,9021.0,0.7652608,2615.0,11.841656,188915.0,3.6879318,19646.0,0.0,0.0,0.0,0.0,246.30237,6891.0,52.59863,254014.0,0.0,0.0,6.5681543,19419028.0,166162.0,92.85315,274524288.0,1097345.0,0.0,102.0,0.0,295654262.0,4.703169,1407.0,29916.0,7479.0,0.46225095,4761.0,1029960.0,257490.0,0.0,0.0,0.0,0.0,dataset_2025.csv,202501,True,False
2025,1,Lima,Lima,Puente Piedra,MOVISTAR,3.3538465,10674.0,0.8355536,3050.0,10.933811,109175.0,3.3407438,10683.0,0.0,0.0,0.0,0.0,288.22107,7181.0,55.089348,136080.0,0.0,0.0,6.0516887,9115580.0,106746.0,92.79963,139782871.0,617473.0,0.0,258.0,0.0,150628697.0,4.7436223,1495.0,31516.0,7879.0,0.74667686,4177.0,559412.0,139853.0,0.0,0.0,0.0,0.0,dataset_2025.csv,202501,True,False
2025,1,Lima,Lima,Punta Negra,MOVISTAR,6.05327,672.0,0.0,0.0,11.351161,7370.0,3.960229,617.0,0.0,0.0,0.0,0.0,355.05377,971.0,56.61714,9649.0,0.0,0.0,16.521034,1352278.0,5887.0,83.02528,6795777.0,34935.0,0.0,235.0,0.0,8185190.0,2.560241,102.0,3984.0,996.0,0.40809083,161.0,39452.0,9863.0,0.0,0.0,0.0,0.0,dataset_2025.csv,202501,True,False
2025,1,Lima,Lima,San Juan De Lurigancho,MOVISTAR,5.4455976,21520.0,0.70872426,5660.0,11.922621,354600.0,3.5723805,32605.0,0.0,0.0,0.0,0.0,206.66237,13151.0,52.15773,448721.0,0.0,0.0,7.6296253,39965539.0,383672.0,91.50274,479310085.0,1821136.0,0.0,9864.0,0.0,523820457.0,5.2897854,3074.0,58112.0,14528.0,0.66424155,12154.0,1829756.0,457439.0,0.0,0.0,0.0,0.0,dataset_2025.csv,202501,True,False
2025,1,Lima,Lima,San Luis,MOVISTAR,4.6892166,2339.0,0.69125265,613.0,11.469985,53961.0,2.8064537,4064.0,0.0,0.0,0.0,0.0,247.05214,1356.0,57.096443,80532.0,0.0,0.0,2.7829297,1835393.0,24020.0,96.88662,63898495.0,231558.0,0.0,4039.0,0.0,65951828.0,3.4044015,198.0,5816.0,1454.0,0.40909034,1340.0,327556.0,81889.0,0.0,0.0,0.0,0.0,dataset_2025.csv,202501,True,False
2025,1,Lima,Lima,San Martin De Porres,MOVISTAR,4.6058817,32943.0,0.68481886,7237.0,11.501289,313075.0,3.4086678,29329.0,0.0,0.0,0.0,0.0,269.3546,18464.0,55.188477,410291.0,0.0,0.0,8.8517065,42789068.0,317836.0,90.3526,436763638.0,1750209.0,0.0,823.0,0.0,483399082.0,4.1845546,3314.0,79196.0,19799.0,0.49918658,8346.0,1671920.0,417980.0,0.0,0.0,0.0,0.0,dataset_2025.csv,202501,True,False
2025,1,Piura,Piura,Castilla,MOVISTAR,0.0,0.0,0.0,0.0,11.330886,89205.0,3.120676,7817.0,0.0,0.0,0.0,0.0,0.0,0.0,60.426723,122999.0,0.0,0.0,0.09763297,116793.0,1723.0,97.23104,116312198.0,372822.0,0.0,0.0,0.0,119624551.0,10.833333,0.0,0.0,0.0,0.3307376,1653.0,499792.0,124948.0,0.0,0.0,0.0,0.0,dataset_2025.csv,202501,False,True
2025,1,Piura,Piura,Catacaos,MOVISTAR,0.0,0.0,0.0,0.0,9.844918,34346.0,2.8250492,2261.0,0.0,0.0,0.0,0.0,0.0,0.0,59.92309,50917.0,0.0,0.0,0.09752744,40437.0,878.0,97.6869,40503116.0,117081.0,0.0,0.0,0.0,41462178.0,4.587156,0.0,0.0,0.0,0.40023917,830.0,207376.0,51844.0,0.0,0.0,0.0,0.0,dataset_2025.csv,202501,False,True
2025,1,Piura,Piura,Piura,MOVISTAR,0.0,0.0,0.0,0.0,12.049512,116747.0,2.9918034,8894.0,0.0,0.0,0.0,0.0,0.0,0.0,60.078552,175383.0,0.0,0.0,0.11635292,196852.0,3392.0,94.7524,160307105.0,565863.0,0.0,0.0,0.0,169185259.0,6.716418,0.0,0.0,0.0,0.32283023,2295.0,710900.0,177725.0,0.0,0.0,0.0,0.0,dataset_2025.csv,202501,False,True
2025,1,Piura,Piura,Veintiseis De Octubre,MOVISTAR,0.0,0.0,0.0,0.0,10.105694,97861.0,2.84266,7319.0,0.0,0.0,0.0,0.0,0.0,0.0,60.0097,125801.0,0.0,0.0,0.024300277,26057.0,502.0,98.571526,105697493.0,321066.0,0.0,0.0,0.0,107229233.0,0.0,0.0,0.0,0.0,0.36594415,1874.0,512100.0,128025.0,0.0,0.0,0.0,0.0,dataset_2025.csv,202501,False,True
2025,1,Puno,Puno,Puno,MOVISTAR,4.88166,13655.0,0.753286,4316.0,8.828922,184947.0,2.814715,15546.0,0.0,0.0,0.0,0.0,190.37085,9666.0,68.32472,243960.0,0.0,0.0,4.393586,8312798.0,93951.0,94.92377,179598635.0,612614.0,0.0,0.0,0.0,189203020.0,5.3935003,2204.0,40864.0,10216.0,0.59116036,5937.0,1004296.0,251074.0,0.0,0.0,0.0,0.0,dataset_2025.csv,202501,True,False
2025,1,Puno,San Roman,Caracoto,MOVISTAR,3.4058356,886.0,0.0,0.0,6.918326,5941.0,4.729461,706.0,0.0,0.0,0.0,0.0,274.29248,596.0,70.75831,7266.0,0.0,0.0,10.020671,662791.0,8089.0,89.27662,5904968.0,28562.0,0.0,0.0,0.0,6614238.0,7.1981425,186.0,2584.0,646.0,0.87243885,264.0,30260.0,7565.0,0.0,0.0,0.0,0.0,dataset_2025.csv,202501,True,False
2025,1,Puno,San Roman,Juliaca,MOVISTAR,4.4704275,17507.0,0.6776216,5704.0,8.897618,279728.0,3.022992,19441.0,0.0,0.0,0.0,0.0,218.50856,10619.0,67.61932,298105.0,0.0,0.0,4.0614214,10664456.0,122011.0,95.43989,250605499.0,824673.0,0.0,180.0,0.0,262579414.0,5.3577795,2405.0,44888.0,11222.0,0.90012133,11245.0,1249276.0,312319.0,0.0,0.0,0.0,0.0,dataset_2025.csv,202501,True,False
2025,1,Puno,San Roman,San Miguel,MOVISTAR,4.6081667,3512.0,0.9832957,1427.0,6.898468,37936.0,2.7308478,2581.0,0.0,0.0,0.0,0.0,275.2031,2098.0,68.043304,40390.0,0.0,0.0,4.3773403,1743446.0,19051.0,95.08133,37869837.0,121777.0,0.0,0.0,0.0,39828888.0,5.5666666,501.0,9000.0,2250.0,1.025843,1745.0,170104.0,42526.0,0.0,0.0,0.0,0.0,dataset_2025.csv,202501,True,False
2025,1,San Martin,Moyobamba,Moyobamba,MOVISTAR,3.218153,1035.0,0.0,0.0,10.353585,23127.0,3.8700747,2064.0,0.0,0.0,0.0,0.0,326.96545,1428.0,75.61584,38611.0,0.0,0.0,6.4465714,3157676.0,14077.0,93.18375,45643501.0,109452.0,0.0,0.0,0.0,48982254.0,5.196721,317.0,6100.0,1525.0,0.6184823,994.0,160716.0,40179.0,0.0,0.0,0.0,0.0,dataset_2025.csv,202501,True,False
2025,1,Tacna,Candarave,Camilaca,MOVISTAR,0.0,0.0,0.0,0.0,8.608238,2162.0,4.5552783,588.0,0.0,0.0,0.0,0.0,0.0,0.0,76.713646,2379.0,0.0,0.0,16.245329,375130.0,1413.0,78.60396,1815088.0,3835.0,0.0,0.0,0.0,2309156.0,2.9490616,0.0,0.0,0.0,0.6670772,65.0,9744.0,2436.0,0.0,0.0,0.0,0.0,dataset_2025.csv,202501,False,True
2025,1,Tumbes,Contralmirante Villar,Canoas De Punta Sal,MOVISTAR,4.471934,3140.0,0.69586056,865.0,11.666427,12180.0,3.2193143,650.0,0.0,0.0,0.0,0.0,200.16824,2209.0,59.546577,15912.0,0.0,0.0,10.490781,1427350.0,15904.0,87.30177,11878066.0,35780.0,0.0,0.0,0.0,13605756.0,5.8189654,540.0,9280.0,2320.0,0.40299994,259.0,64268.0,16067.0,0.0,0.0,0.0,0.0,dataset_2025.csv,202501,True,False
2025,1,Tumbes,Tumbes,Tumbes,MOVISTAR,5.061852,1635.0,0.8435958,522.0,11.643844,46727.0,3.7973175,4886.0,0.0,0.0,0.0,0.0,221.1656,1203.0,63.646973,61533.0,0.0,0.0,3.1326144,1792979.0,17906.0,96.14347,55028552.0,174649.0,0.0,0.0,0.0,57235869.0,3.427896,174.0,5076.0,1269.0,0.35148752,879.0,250080.0,62520.0,0.0,0.0,0.0,0.0,dataset_2025.csv,202501,True,False
2025,2,Arequipa,Arequipa,Alto Selva Alegre,MOVISTAR,0.0,0.0,0.0,0.0,10.927628,39320.0,2.316962,1719.0,0.0,0.0,0.0,0.0,0.0,0.0,59.934723,44488.0,0.0,0.0,0.00421147,1920.0,0.0,97.741714,44560234.0,133998.0,0.0,0.0,0.0,45589781.0,0.0,0.0,0.0,0.0,0.38903624,704.0,180960.0,45240.0,0.0,0.0,0.0,0.0,dataset_2025.csv,202502,False,True
2025,2,Arequipa,Arequipa,Cayma,MOVISTAR,0.0,0.0,0.0,0.0,10.5847025,41174.0,3.0787818,3506.0,0.0,0.0,0.0,0.0,0.0,0.0,60.82486,63287.0,0.0,0.0,0.05955559,37677.0,0.0,96.798134,61237967.0,235017.0,0.0,0.0,0.0,63263583.0,0.0,0.0,0.0,0.0,0.54911816,1416.0,257868.0,64467.0,0.0,0.0,0.0,0.0,dataset_2025.csv,202502,False,True
2025,2,Arequipa,Arequipa,Jacobo Hunter,MOVISTAR,0.0,0.0,0.0,0.0,9.3986225,31545.0,2.6541994,2005.0,0.0,0.0,0.0,0.0,0.0,0.0,60.49747,47984.0,0.0,0.0,0.028333582,13088.0,0.0,98.483444,45491999.0,149502.0,0.0,0.0,0.0,46192535.0,0.0,0.0,0.0,0.0,0.44981885,879.0,195412.0,48853.0,0.0,0.0,0.0,0.0,dataset_2025.csv,202502,False,True
2025,2,Arequipa,Arequipa,Jose Luis Bustamante Y Rivero,MOVISTAR,0.0,0.0,0.0,0.0,10.980976,70821.0,2.7324126,4061.0,0.0,0.0,0.0,0.0,0.0,0.0,60.212982,93696.0,0.0,0.0,0.0050122165,4833.0,0.0,97.43626,93952333.0,336202.0,0.0,0.0,0.0,96424408.0,0.0,0.0,0.0,0.0,0.46041435,1753.0,380744.0,95186.0,0.0,0.0,0.0,0.0,dataset_2025.csv,202502,False,True
2025,2,Arequipa,Arequipa,Mariano Melgar,MOVISTAR,0.0,0.0,0.0,0.0,11.227314,22991.0,3.0784998,2078.0,0.0,0.0,0.0,0.0,0.0,0.0,62.079628,34359.0,0.0,0.0,0.001610052,693.0,0.0,98.83635,42541228.0,129137.0,0.0,0.0,0.0,43042088.0,0.0,0.0,0.0,0.0,0.49660853,697.0,140352.0,35088.0,0.0,0.0,0.0,0.0,dataset_2025.csv,202502,False,True
2025,2,Arequipa,Arequipa,Miraflores,MOVISTAR,0.0,0.0,0.0,0.0,12.943945,56024.0,3.2359872,5790.0,0.0,0.0,0.0,0.0,0.0,0.0,58.92122,49638.0,0.0,0.0,0.031357177,13924.0,0.0,96.22469,42728104.0,143863.0,0.0,0.0,0.0,44404509.0,0.0,0.0,0.0,0.0,0.42871287,866.0,202000.0,50500.0,0.0,0.0,0.0,0.0,dataset_2025.csv,202502,False,True
2025,2,Arequipa,Arequipa,Paucarpata,MOVISTAR,0.0,0.0,0.0,0.0,10.656036,80701.0,4.245749,9701.0,0.0,0.0,0.0,0.0,0.0,0.0,60.78855,94701.0,0.0,0.0,0.0040677073,3326.0,0.0,94.96376,77648031.0,252051.0,0.0,0.0,0.0,81765963.0,0.0,0.0,0.0,0.0,0.44779062,1726.0,385448.0,96362.0,0.0,0.0,0.0,0.0,dataset_2025.csv,202502,False,True
2025,2,Arequipa,Arequipa,Sachaca,MOVISTAR,0.0,0.0,0.0,0.0,11.783482,10509.0,3.8282204,770.0,0.0,0.0,0.0,0.0,0.0,0.0,58.977684,14028.0,0.0,0.0,0.0030066858,300.0,0.0,96.992355,9677668.0,46728.0,0.0,0.0,0.0,9977764.0,0.0,0.0,0.0,0.0,0.4467101,255.0,57084.0,14271.0,0.0,0.0,0.0,0.0,dataset_2025.csv,202502,False,True
2025,2,Arequipa,Arequipa,Socabaya,MOVISTAR,0.0,0.0,0.0,0.0,9.851045,29623.0,3.090663,2131.0,0.0,0.0,0.0,0.0,0.0,0.0,59.38721,32823.0,0.0,0.0,0.0011746058,454.0,0.0,98.353645,38014926.0,105868.0,0.0,0.0,0.0,38651264.0,0.0,0.0,0.0,0.0,0.33413246,446.0,133480.0,33370.0,0.0,0.0,0.0,0.0,dataset_2025.csv,202502,False,True
2025,2,Arequipa,Arequipa,Tiabaya,MOVISTAR,0.0,0.0,0.0,0.0,11.342083,11339.0,2.0989356,629.0,0.0,0.0,0.0,0.0,0.0,0.0,59.41307,16997.0,0.0,0.0,0.19261326,31354.0,809.0,90.16305,14676935.0,54285.0,0.0,0.0,0.0,16278215.0,0.0,0.0,0.0,0.0,0.35834494,247.0,68928.0,17232.0,0.0,0.0,0.0,0.0,dataset_2025.csv,202502,False,True
2025,2,Arequipa,Arequipa,Yanahuara,MOVISTAR,0.0,0.0,0.0,0.0,13.259086,18181.0,3.016055,1159.0,0.0,0.0,0.0,0.0,0.0,0.0,59.52256,22151.0,0.0,0.0,0.006473834,1520.0,0.0,92.13588,21632703.0,91312.0,0.0,0.0,0.0,23479131.0,0.0,0.0,0.0,0.0,0.42042977,378.0,89908.0,22477.0,0.0,0.0,0.0,0.0,dataset_2025.csv,202502,False,True
2025,2,Ayacucho,Huamanga,Carmen Alto,MOVISTAR,4.882385,473.0,0.0,0.0,10.490344,10953.0,3.6071272,717.0,0.0,0.0,0.0,0.0,0.0,0.0,60.34702,12729.0,0.0,0.0,2.283623,328962.0,3762.0,96.75419,13937699.0,42544.0,0.0,0.0,0.0,14405267.0,3.436019,58.0,1688.0,422.0,1.0686848,562.0,52588.0,13147.0,0.0,0.0,0.0,0.0,dataset_2025.csv,202502,True,False
2025,2,Cajamarca,Celendin,Celendin,MOVISTAR,0.0,0.0,0.0,0.0,9.788882,4126.0,0.0,0.0,0.0,0.0,0.0,0.0,0.0,0.0,67.69301,7529.0,0.0,0.0,4.111777,290999.0,5010.0,95.335335,6747080.0,26182.0,0.0,0.0,0.0,7077208.0,5.6306305,0.0,0.0,0.0,0.8264992,258.0,31216.0,7804.0,0.0,0.0,0.0,0.0,dataset_2025.csv,202502,False,True
2025,2,Cajamarca,Santa Cruz,Santa Cruz,MOVISTAR,3.5791883,641.0,0.0,0.0,10.079843,24314.0,4.4001045,2356.0,0.0,0.0,0.0,0.0,248.76723,466.0,63.357906,20068.0,0.0,0.0,3.858951,511463.0,7471.0,94.95867,12585763.0,33900.0,0.0,0.0,0.0,13253938.0,9.912959,205.0,2068.0,517.0,0.53738433,439.0,81692.0,20423.0,0.0,0.0,0.0,0.0,dataset_2025.csv,202502,True,False
2025,2,Callao,Callao,Mi Peru,MOVISTAR,4.110045,6330.0,1.9769021,3071.0,8.395892,16141.0,4.6638556,5043.0,0.0,0.0,0.0,0.0,286.02414,597.0,57.269543,13868.0,0.0,0.0,6.6393228,1347957.0,14335.0,92.803116,18841472.0,82800.0,0.0,0.0,0.0,20302628.0,6.8214803,188.0,2756.0,689.0,0.85547996,488.0,57044.0,14261.0,0.0,0.0,0.0,0.0,dataset_2025.csv,202502,True,False
2025,2,Cusco,Acomayo,Pomacanchi,MOVISTAR,5.4256845,2088.0,0.0,0.0,8.805656,2805.0,0.0,0.0,0.0,0.0,0.0,0.0,92.90613,1284.0,61.06519,6281.0,0.0,0.0,27.2824,1140861.0,3063.0,71.91089,3007079.0,4464.0,0.0,0.0,0.0,4181674.0,2.9592621,154.0,5204.0,1301.0,0.19816107,50.0,25232.0,6308.0,0.0,0.0,0.0,0.0,dataset_2025.csv,202502,True,False
2025,2,Cusco,Cusco,Cusco,MOVISTAR,3.3867457,4600.0,0.73474634,1762.0,8.185256,68875.0,2.6126142,5012.0,0.0,0.0,0.0,0.0,235.92566,3427.0,68.47546,84940.0,0.0,0.0,5.968695,4899181.0,59061.0,89.4226,73399207.0,344771.0,0.0,32.0,0.0,82081272.0,7.4747744,1126.0,15064.0,3766.0,1.144054,4091.0,357588.0,89397.0,0.0,0.0,0.0,0.0,dataset_2025.csv,202502,True,False
2025,2,Cusco,Cusco,San Jeronimo,MOVISTAR,3.4137325,3559.0,0.9669507,1320.0,8.094978,42805.0,3.11212,3067.0,0.0,0.0,0.0,0.0,217.14026,1745.0,66.60816,47449.0,0.0,0.0,3.6398325,1794998.0,18220.0,93.69644,46206775.0,150794.0,0.0,0.0,0.0,49315400.0,6.981033,530.0,7592.0,1898.0,0.9692769,1927.0,198808.0,49702.0,0.0,0.0,0.0,0.0,dataset_2025.csv,202502,True,False
2025,2,Cusco,Cusco,San Sebastian,MOVISTAR,5.2363787,4944.0,0.82530755,1841.0,9.101151,43946.0,3.0652082,4163.0,0.0,0.0,0.0,0.0,218.88367,2902.0,68.94656,56612.0,0.0,0.0,8.214438,6131544.0,38067.0,88.4241,66002844.0,220371.0,0.0,0.0,0.0,74643498.0,5.161911,644.0,12476.0,3119.0,1.2025952,2873.0,238900.0,59725.0,0.0,0.0,0.0,0.0,dataset_2025.csv,202502,True,False
2025,2,Cusco,Cusco,Santiago,MOVISTAR,3.0052016,2040.0,0.6343983,732.0,7.636817,29993.0,2.5405278,1858.0,0.0,0.0,0.0,0.0,183.41019,1625.0,69.22844,46379.0,0.0,0.0,4.205487,1874093.0,21063.0,93.80379,41801822.0,159035.0,0.0,10.0,0.0,44563044.0,6.812933,472.0,6928.0,1732.0,0.82734936,1590.0,192180.0,48045.0,0.0,0.0,0.0,0.0,dataset_2025.csv,202502,True,False
2025,2,Cusco,Cusco,Wanchaq,MOVISTAR,3.217022,3274.0,0.6929648,1253.0,8.063329,52183.0,2.3459315,3782.0,0.0,0.0,0.0,0.0,236.84227,1778.0,68.97078,75853.0,0.0,0.0,2.948878,1983762.0,30794.0,94.799675,63773406.0,292010.0,0.0,97.0,0.0,67271757.0,8.0261135,627.0,7812.0,1953.0,1.0832797,3433.0,316908.0,79227.0,0.0,0.0,0.0,0.0,dataset_2025.csv,202502,True,False
2025,2,Cusco,La Convencion,Echarate,MOVISTAR,5.7561655,3632.0,0.6607364,872.0,8.531318,14629.0,4.197243,1604.0,0.0,0.0,0.0,0.0,220.79265,1959.0,76.55051,13054.0,0.0,0.0,10.651208,1423858.0,5697.0,79.53968,10632898.0,24351.0,0.0,0.0,0.0,13368042.0,5.946602,490.0,8240.0,2060.0,2.2549496,1303.0,57784.0,14446.0,0.0,0.0,0.0,0.0,dataset_2025.csv,202502,True,False
2025,2,Huancavelica,Tayacaja,Pampas,MOVISTAR,3.8781087,804.0,0.0,0.0,8.3272505,4869.0,4.0905213,552.0,0.0,0.0,0.0,0.0,231.44693,566.0,70.09152,7867.0,0.0,0.0,5.5995216,260197.0,2632.0,93.950165,4365650.0,11805.0,0.0,0.0,0.0,4646772.0,5.752961,136.0,2364.0,591.0,0.3362391,108.0,32120.0,8030.0,0.0,0.0,0.0,0.0,dataset_2025.csv,202502,True,False
2025,2,Ica,Chincha,Alto Laran,MOVISTAR,0.0,0.0,0.0,0.0,11.107927,15713.0,2.982384,3630.0,0.0,0.0,0.0,0.0,0.0,0.0,57.812466,13366.0,0.0,0.0,0.32782185,35352.0,1177.0,92.85817,10013738.0,38752.0,0.0,0.0,0.0,10783906.0,0.0,0.0,0.0,0.0,0.6038558,327.0,54152.0,13538.0,0.0,0.0,0.0,0.0,dataset_2025.csv,202502,False,True
2025,2,Ica,Chincha,Chincha Alta,MOVISTAR,0.0,0.0,0.0,0.0,11.407822,84063.0,3.1928916,6562.0,0.0,0.0,0.0,0.0,0.0,0.0,56.8812,104596.0,0.0,0.0,0.006771847,6543.0,0.0,98.790016,95451513.0,348368.0,0.0,423.0,0.0,96620609.0,0.0,0.0,0.0,0.0,0.34283122,1452.0,423532.0,105883.0,0.0,0.0,0.0,0.0,dataset_2025.csv,202502,False,True
2025,2,Ica,Chincha,Chincha Baja,MOVISTAR,0.0,0.0,0.0,0.0,10.82557,12457.0,3.2211974,1287.0,0.0,0.0,0.0,0.0,0.0,0.0,64.91505,17889.0,0.0,0.0,0.22780576,32013.0,814.0,94.65628,13301821.0,56659.0,0.0,0.0,0.0,14052761.0,0.0,0.0,0.0,0.0,0.61595994,448.0,72732.0,18183.0,0.0,0.0,0.0,0.0,dataset_2025.csv,202502,False,True
2025,2,Ica,Chincha,El Carmen,MOVISTAR,0.0,0.0,0.0,0.0,23.048405,15292.0,5.295903,4570.0,0.0,0.0,0.0,0.0,0.0,0.0,54.908466,8906.0,0.0,0.0,1.8456103,181186.0,2181.0,90.538734,8888307.0,30004.0,0.0,0.0,0.0,9817132.0,0.0,0.0,0.0,0.0,0.5416667,195.0,36000.0,9000.0,0.0,0.0,0.0,0.0,dataset_2025.csv,202502,False,True
2025,2,Ica,Chincha,Pueblo Nuevo,MOVISTAR,0.0,0.0,0.0,0.0,9.931472,35952.0,3.6621041,3201.0,0.0,0.0,0.0,0.0,0.0,0.0,58.909187,49814.0,0.0,0.0,0.007121922,3188.0,0.0,98.090256,43908336.0,152028.0,0.0,0.0,0.0,44763197.0,0.0,0.0,0.0,0.0,0.43033355,868.0,201704.0,50426.0,0.0,0.0,0.0,0.0,dataset_2025.csv,202502,False,True
2025,2,Ica,Chincha,Sunampe,MOVISTAR,0.0,0.0,0.0,0.0,11.431902,25319.0,3.3288977,1638.0,0.0,0.0,0.0,0.0,0.0,0.0,55.88438,34966.0,0.0,0.0,0.11646136,39258.0,601.0,95.61765,32231788.0,111244.0,0.0,0.0,0.0,33709035.0,0.0,0.0,0.0,0.0,0.24985094,352.0,140884.0,35221.0,0.0,0.0,0.0,0.0,dataset_2025.csv,202502,False,True
2025,2,Ica,Ica,Ica,MOVISTAR,4.4617696,5510.0,0.772826,2318.0,10.601594,158398.0,2.856625,12073.0,0.0,0.0,0.0,0.0,208.3102,5392.0,55.855606,235985.0,0.0,0.0,4.9182153,10255032.0,74536.0,94.74913,197562596.0,671649.0,0.0,30.0,0.0,208511244.0,4.320432,960.0,22220.0,5555.0,0.37743172,3618.0,958584.0,239646.0,0.0,0.0,0.0,0.0,dataset_2025.csv,202502,True,False
2025,2,Ica,Ica,La Tinguiña,MOVISTAR,5.677325,2039.0,0.7866213,809.0,7.7936225,25465.0,3.3470464,2772.0,0.0,0.0,0.0,0.0,158.82993,1239.0,58.239883,32597.0,0.0,0.0,2.798232,841091.0,10960.0,97.09781,29185602.0,87108.0,0.0,0.0,0.0,30057942.0,3.9930556,207.0,5184.0,1296.0,0.84118044,1147.0,136356.0,34089.0,0.0,0.0,0.0,0.0,dataset_2025.csv,202502,True,False
2025,2,Ica,Ica,Parcona,MOVISTAR,5.410864,1757.0,0.0,0.0,9.070587,34333.0,3.7867172,4513.0,0.0,0.0,0.0,0.0,189.82114,913.0,60.079247,44707.0,0.0,0.0,4.1774907,1764334.0,13210.0,95.6656,40403696.0,115958.0,0.0,0.0,0.0,42234299.0,4.9580274,189.0,3812.0,953.0,0.49258393,902.0,183116.0,45779.0,0.0,0.0,0.0,0.0,dataset_2025.csv,202502,True,False
2025,2,Ica,Ica,Subtanjalla,MOVISTAR,3.4631994,968.0,0.56915545,483.0,9.915938,12503.0,2.8121781,969.0,0.0,0.0,0.0,0.0,189.8821,1512.0,57.52011,18708.0,0.0,0.0,10.146141,1975276.0,14397.0,88.92925,17312968.0,63276.0,0.0,0.0,0.0,19468249.0,6.1913695,396.0,6396.0,1599.0,0.71927553,556.0,77300.0,19325.0,0.0,0.0,0.0,0.0,dataset_2025.csv,202502,True,False
2025,2,Junin,Chanchamayo,Chanchamayo,MOVISTAR,4.664134,1240.0,0.0,0.0,9.4753895,21703.0,2.6539893,1576.0,0.0,0.0,0.0,0.0,145.11269,1449.0,59.618843,23570.0,0.0,0.0,5.2003074,956578.0,9149.0,91.24065,16783391.0,49304.0,0.0,0.0,0.0,18394643.0,3.704319,223.0,6020.0,1505.0,0.56045914,541.0,96528.0,24132.0,0.0,0.0,0.0,0.0,dataset_2025.csv,202502,True,False
2025,2,Junin,Huancayo,Chilca,MOVISTAR,0.0,0.0,0.0,0.0,8.286011,49834.0,2.8152587,4410.0,0.0,0.0,0.0,0.0,0.0,0.0,59.823357,66802.0,0.0,0.0,0.014904086,10928.0,0.0,90.95307,66688773.0,236510.0,0.0,0.0,0.0,73322176.0,0.0,0.0,0.0,0.0,0.7837216,2180.0,278160.0,69540.0,0.0,0.0,0.0,0.0,dataset_2025.csv,202502,False,True
2025,2,Junin,Huancayo,El Tambo,MOVISTAR,0.0,0.0,0.0,0.0,10.804317,208787.0,3.3209434,15309.0,0.0,0.0,0.0,0.0,0.0,0.0,54.961132,254621.0,0.0,0.0,0.02499411,61471.0,890.0,96.19144,236575093.0,793797.0,0.0,0.0,0.0,245941946.0,0.0,0.0,0.0,0.0,0.27284747,2815.0,1031712.0,257928.0,0.0,0.0,0.0,0.0,dataset_2025.csv,202502,False,True
2025,2,Junin,Huancayo,Huancayo,MOVISTAR,0.0,0.0,0.0,0.0,10.989732,157796.0,3.2458947,14700.0,0.0,0.0,0.0,0.0,0.0,0.0,54.707542,209099.0,0.0,0.0,0.018293917,31619.0,0.0,97.22056,168034909.0,694437.0,0.0,0.0,0.0,172838870.0,0.0,0.0,0.0,0.0,0.4218109,3586.0,850144.0,212536.0,0.0,0.0,0.0,0.0,dataset_2025.csv,202502,False,True
2025,2,Junin,Huancayo,Pilcomayo,MOVISTAR,0.0,0.0,0.0,0.0,8.502329,16354.0,2.6249352,1093.0,0.0,0.0,0.0,0.0,0.0,0.0,59.958862,22920.0,0.0,0.0,0.036826037,6171.0,0.0,95.77713,16049532.0,58415.0,0.0,0.0,0.0,16757165.0,0.0,0.0,0.0,0.0,0.50479233,474.0,93900.0,23475.0,0.0,0.0,0.0,0.0,dataset_2025.csv,202502,False,True
2025,2,Junin,Huancayo,San Agustin,MOVISTAR,0.0,0.0,0.0,0.0,8.323155,22510.0,2.8137774,1480.0,0.0,0.0,0.0,0.0,0.0,0.0,55.90675,26171.0,0.0,0.0,0.08543763,23091.0,422.0,97.56742,26369284.0,76435.0,0.0,0.0,0.0,27026731.0,0.0,0.0,0.0,0.0,0.66637135,722.0,108348.0,27087.0,0.0,0.0,0.0,0.0,dataset_2025.csv,202502,False,True
2025,2,Junin,Junin,Carhuamayo,MOVISTAR,5.8499255,1856.0,0.82248765,707.0,14.073924,12212.0,4.6945324,3577.0,0.0,0.0,0.0,0.0,132.40195,909.0,44.56093,6554.0,0.0,0.0,24.449001,1611331.0,7194.0,75.08189,4948332.0,14468.0,0.0,0.0,0.0,6590580.0,2.440347,90.0,3688.0,922.0,0.2830616,75.0,26496.0,6624.0,0.0,0.0,0.0,0.0,dataset_2025.csv,202502,True,False
2025,2,La Libertad,Trujillo,El Porvenir,MOVISTAR,0.0,0.0,0.0,0.0,9.790069,41296.0,2.8875806,2933.0,0.0,0.0,0.0,0.0,0.0,0.0,58.19287,47160.0,0.0,0.0,0.005698532,4358.0,0.0,93.34894,71389384.0,252575.0,0.0,0.0,0.0,76475841.0,0.0,0.0,0.0,0.0,0.7770389,1505.0,193684.0,48421.0,0.0,0.0,0.0,0.0,dataset_2025.csv,202502,False,True
2025,2,La Libertad,Trujillo,La Esperanza,MOVISTAR,0.0,0.0,0.0,0.0,9.792752,57710.0,3.0217,4539.0,0.0,0.0,0.0,0.0,0.0,0.0,56.326145,73530.0,0.0,0.0,0.025017474,18721.0,0.0,95.1896,71231994.0,251754.0,0.0,0.0,0.0,74831697.0,0.0,0.0,0.0,0.0,0.52138895,1564.0,299968.0,74992.0,0.0,0.0,0.0,0.0,dataset_2025.csv,202502,False,True
2025,2,La Libertad,Trujillo,Moche,MOVISTAR,0.0,0.0,0.0,0.0,10.749198,27272.0,3.0838716,1617.0,0.0,0.0,0.0,0.0,0.0,0.0,56.83625,31739.0,0.0,0.0,0.0044376,1378.0,0.0,97.30587,30216220.0,92907.0,0.0,0.0,0.0,31052823.0,0.0,0.0,0.0,0.0,0.50144154,647.0,129028.0,32257.0,0.0,0.0,0.0,0.0,dataset_2025.csv,202502,False,True
2025,2,La Libertad,Trujillo,Trujillo,MOVISTAR,0.0,0.0,0.0,0.0,12.066035,260330.0,2.9653316,24684.0,0.0,0.0,0.0,0.0,0.0,0.0,54.820293,346171.0,0.0,0.0,0.04137748,129448.0,1089.0,96.03528,300443001.0,1190223.0,0.0,807.0,0.0,312846485.0,0.0,0.0,0.0,0.0,0.35799968,5002.0,1397208.0,349302.0,0.0,0.0,0.0,0.0,dataset_2025.csv,202502,False,True
2025,2,La Libertad,Trujillo,Victor Larco Herrera,MOVISTAR,0.0,0.0,0.0,0.0,12.588882,40059.0,2.8069158,3032.0,0.0,0.0,0.0,0.0,0.0,0.0,53.44784,51063.0,0.0,0.0,0.004868907,2586.0,0.0,97.49016,51779496.0,166904.0,0.0,140.0,0.0,53112536.0,0.0,0.0,0.0,0.0,0.38586396,794.0,205772.0,51443.0,0.0,0.0,0.0,0.0,dataset_2025.csv,202502,False,True
2025,2,Lambayeque,Chiclayo,Chiclayo,MOVISTAR,0.0,0.0,0.0,0.0,10.253734,157061.0,3.4143279,15218.0,0.0,0.0,0.0,0.0,0.0,0.0,58.108612,226959.0,0.0,0.0,0.053770084,106995.0,618.0,96.416565,191855580.0,748787.0,0.0,0.0,0.0,198986119.0,0.0,0.0,0.0,0.0,0.43062887,3972.0,922372.0,230593.0,0.0,0.0,0.0,0.0,dataset_2025.csv,202502,False,True
2025,2,Lambayeque,Chiclayo,Jose Leonardo Ortiz,MOVISTAR,0.0,0.0,0.0,0.0,10.741742,54943.0,2.6131535,3739.0,0.0,0.0,0.0,0.0,0.0,0.0,57.799465,70668.0,0.0,0.0,0.01568799,11407.0,0.0,94.83118,68953341.0,230458.0,0.0,1024.0,0.0,72711681.0,0.0,0.0,0.0,0.0,0.421769,1211.0,287124.0,71781.0,0.0,0.0,0.0,0.0,dataset_2025.csv,202502,False,True
2025,2,Lambayeque,Chiclayo,La Victoria,MOVISTAR,0.0,0.0,0.0,0.0,9.325766,43758.0,2.729566,4176.0,0.0,0.0,0.0,0.0,0.0,0.0,58.036613,57036.0,0.0,0.0,0.14951319,73451.0,640.0,97.92787,48108801.0,155485.0,0.0,0.0,0.0,49126771.0,0.0,0.0,0.0,0.0,0.4834849,1123.0,232272.0,58068.0,0.0,0.0,0.0,0.0,dataset_2025.csv,202502,False,True
2025,2,Lambayeque,Chiclayo,Pimentel,MOVISTAR,0.0,0.0,0.0,0.0,9.474705,49919.0,2.8033702,3370.0,0.0,0.0,0.0,0.0,0.0,0.0,58.602352,54505.0,0.0,0.0,0.11649323,69140.0,637.0,96.02446,56991562.0,190922.0,0.0,0.0,0.0,59351089.0,7.009346,0.0,0.0,0.0,0.56558025,1255.0,221896.0,55474.0,0.0,0.0,0.0,0.0,dataset_2025.csv,202502,False,True
2025,2,Lima,Cañete,Asia,MOVISTAR,4.933111,1584.0,1.305321,632.0,12.695018,26033.0,2.7140856,2900.0,0.0,0.0,0.0,0.0,166.18768,1611.0,54.503277,32178.0,0.0,0.0,7.6094375,2146622.0,17545.0,90.1236,25423863.0,107920.0,0.0,0.0,0.0,28209996.0,3.7637522,260.0,6908.0,1727.0,0.48910218,640.0,130852.0,32713.0,0.0,0.0,0.0,0.0,dataset_2025.csv,202502,True,False
2025,2,Lima,Cañete,Cerro Azul,MOVISTAR,4.239049,930.0,0.0,0.0,13.254962,23003.0,3.1001344,1630.0,0.0,0.0,0.0,0.0,241.24501,989.0,59.286625,35236.0,0.0,0.0,2.7947946,558278.0,9125.0,96.895836,19355560.0,72663.0,0.0,48.0,0.0,19975637.0,3.5784314,146.0,4080.0,1020.0,0.4954868,718.0,144908.0,36227.0,0.0,0.0,0.0,0.0,dataset_2025.csv,202502,True,False
2025,2,Lima,Cañete,Chilca,MOVISTAR,3.196447,1308.0,0.77147037,478.0,10.100255,17989.0,3.9050586,2402.0,0.0,0.0,0.0,0.0,258.99945,1418.0,66.36849,24209.0,0.0,0.0,5.943463,1246415.0,19202.0,92.61898,19423304.0,93295.0,0.0,723.0,0.0,20971192.0,5.8944373,373.0,6328.0,1582.0,1.380544,1397.0,101192.0,25298.0,0.0,0.0,0.0,0.0,dataset_2025.csv,202502,True,False
2025,2,Lima,Cañete,Mala,MOVISTAR,4.012863,1116.0,0.0,0.0,11.677636,38832.0,4.595107,3867.0,0.0,0.0,0.0,0.0,194.65378,1000.0,55.638447,47486.0,0.0,0.0,4.2333903,2529412.0,19126.0,94.687325,56574814.0,163457.0,0.0,0.0,0.0,59749088.0,4.329991,190.0,4388.0,1097.0,0.51386553,991.0,192852.0,48213.0,0.0,0.0,0.0,0.0,dataset_2025.csv,202502,True,False
2025,2,Lima,Huaura,Huaura,MOVISTAR,3.1722236,597.0,0.0,0.0,8.575289,6469.0,1.266087,749.0,0.0,0.0,0.0,0.0,289.78018,418.0,60.060604,8713.0,0.0,0.0,6.5810604,609194.0,6848.0,91.29948,8451388.0,28741.0,0.0,0.0,0.0,9256776.0,5.0215983,93.0,1852.0,463.0,0.60434,215.0,35576.0,8894.0,0.0,0.0,0.0,0.0,dataset_2025.csv,202502,True,False
2025,2,Lima,Lima,Barranco,MOVISTAR,5.806341,2799.0,0.71896106,803.0,11.717594,36774.0,2.6672497,2633.0,0.0,0.0,0.0,0.0,264.78043,1822.0,55.726845,52234.0,0.0,0.0,8.553798,3196634.0,17396.0,91.018265,34014375.0,181527.0,0.0,79.0,0.0,37370933.0,3.3971667,259.0,7624.0,1906.0,0.25232404,532.0,210840.0,52710.0,0.0,0.0,0.0,0.0,dataset_2025.csv,202502,True,False
2025,2,Lima,Lima,Breña,MOVISTAR,3.72596,2877.0,0.986905,1050.0,11.397219,60878.0,3.4984093,5202.0,0.0,0.0,0.0,0.0,282.9899,2955.0,55.944714,92079.0,0.0,0.0,5.166578,4217098.0,41278.0,94.423996,77071377.0,308888.0,0.0,36.0,0.0,81622659.0,4.5192904,581.0,12856.0,3214.0,0.4466533,1668.0,373444.0,93361.0,0.0,0.0,0.0,0.0,dataset_2025.csv,202502,True,False
2025,2,Lima,Lima,Carabayllo,MOVISTAR,5.2802844,6830.0,0.8620248,2096.0,12.721289,149437.0,4.1007485,16187.0,0.0,0.0,0.0,0.0,207.45683,4759.0,51.647594,181132.0,0.0,0.0,5.7348576,10169649.0,92653.0,93.406075,165637420.0,552080.0,0.0,0.0,0.0,177330459.0,4.98832,1025.0,20548.0,5137.0,0.4672351,3437.0,735604.0,183901.0,0.0,0.0,0.0,0.0,dataset_2025.csv,202502,True,False
2025,2,Lima,Lima,Comas,MOVISTAR,3.7493103,11312.0,0.6442349,3844.0,12.414936,223060.0,3.4848704,21934.0,0.0,0.0,0.0,0.0,215.95183,8698.0,51.59127,284138.0,0.0,0.0,6.9224987,20688135.0,176176.0,92.19708,275534277.0,1022796.0,0.0,211.0,0.0,298853570.0,4.739933,1808.0,38144.0,9536.0,0.46418846,5338.0,1149964.0,287491.0,0.0,0.0,0.0,0.0,dataset_2025.csv,202502,True,False
2025,2,Lima,Lima,El Agustino,MOVISTAR,3.2903314,1831.0,0.6751691,914.0,11.3277445,57239.0,3.4690864,4577.0,0.0,0.0,0.0,0.0,229.89558,2172.0,53.673058,79340.0,0.0,0.0,8.760694,7948163.0,69206.0,90.17743,81813712.0,385126.0,0.0,2253.0,0.0,90725269.0,5.979617,575.0,9616.0,2404.0,0.9668303,3127.0,323428.0,80857.0,0.0,0.0,0.0,0.0,dataset_2025.csv,202502,True,False
2025,2,Lima,Lima,Independencia,MOVISTAR,4.262506,5024.0,0.6419967,1177.0,11.620127,97858.0,3.192638,7318.0,0.0,0.0,0.0,0.0,189.16785,3652.0,53.56587,139103.0,0.0,0.0,5.384103,6035324.0,71828.0,93.48942,104797203.0,502898.0,0.0,79.0,0.0,112095260.0,5.4001503,861.0,15944.0,3986.0,0.82797825,4690.0,566440.0,141610.0,0.0,0.0,0.0,0.0,dataset_2025.csv,202502,True,False
2025,2,Lima,Lima,Los Olivos,MOVISTAR,4.8123527,5836.0,0.81867605,2512.0,12.252078,175108.0,3.6481586,15816.0,0.0,0.0,0.0,0.0,195.44928,4586.0,51.645424,245703.0,0.0,0.0,5.800978,15240653.0,139701.0,93.66969,246094243.0,996741.0,0.0,1831.0,0.0,262725574.0,4.9442897,994.0,20104.0,5026.0,0.4389548,4363.0,993952.0,248488.0,0.0,0.0,0.0,0.0,dataset_2025.csv,202502,True,False
2025,2,Lima,Lima,Puente Piedra,MOVISTAR,3.6677983,6181.0,0.6742952,1906.0,11.44663,119615.0,3.4395583,10255.0,0.0,0.0,0.0,0.0,211.54477,4546.0,54.28831,137268.0,0.0,0.0,5.4223905,7455274.0,83877.0,93.86336,129053246.0,528833.0,0.0,0.0,0.0,137490545.0,3.8540175,754.0,19564.0,4891.0,0.8296976,4663.0,562012.0,140503.0,0.0,0.0,0.0,0.0,dataset_2025.csv,202502,True,False
2025,2,Lima,Lima,Punta Negra,MOVISTAR,4.292592,671.0,0.0,0.0,11.628479,5826.0,4.4214187,476.0,0.0,0.0,0.0,0.0,171.72852,576.0,50.54949,9103.0,0.0,0.0,9.361743,725165.0,6288.0,89.98746,6970471.0,39651.0,0.0,0.0,0.0,7746047.0,3.6124794,88.0,2436.0,609.0,0.4096152,152.0,37108.0,9277.0,0.0,0.0,0.0,0.0,dataset_2025.csv,202502,True,False
2025,2,Lima,Lima,San Juan De Lurigancho,MOVISTAR,4.201863,14090.0,0.70089966,3628.0,11.602243,316653.0,3.3292592,26245.0,0.0,0.0,0.0,0.0,235.42348,10147.0,52.03598,390299.0,0.0,0.0,8.314746,37759742.0,286654.0,90.820366,412442390.0,1423021.0,0.0,3171.0,0.0,454129853.0,5.5394735,2526.0,45600.0,11400.0,0.6148022,9750.0,1585876.0,396469.0,0.0,0.0,0.0,0.0,dataset_2025.csv,202502,True,False
2025,2,Lima,Lima,San Luis,MOVISTAR,4.4807286,2300.0,0.72405356,821.0,11.1471615,53151.0,3.2737517,3871.0,0.0,0.0,0.0,0.0,287.1668,1580.0,55.5835,77851.0,0.0,0.0,2.1765378,1293273.0,21870.0,97.33866,57837482.0,217833.0,0.0,1622.0,0.0,59418816.0,5.0776753,353.0,6952.0,1738.0,0.37363014,1181.0,316088.0,79022.0,0.0,0.0,0.0,0.0,dataset_2025.csv,202502,True,False
2025,2,Lima,Lima,San Martin De Porres,MOVISTAR,5.06229,20959.0,0.73129153,5613.0,10.967699,279887.0,3.6753814,25954.0,0.0,0.0,0.0,0.0,239.95175,12140.0,54.413784,381937.0,0.0,0.0,8.783017,38100047.0,280061.0,90.52797,392703303.0,1583148.0,0.0,635.0,0.0,433792224.0,4.4356065,2331.0,52552.0,13138.0,0.4785365,7419.0,1550352.0,387588.0,0.0,0.0,0.0,0.0,dataset_2025.csv,202502,True,False
2025,2,Piura,Piura,Castilla,MOVISTAR,0.0,0.0,0.0,0.0,10.990805,82445.0,3.8636422,8847.0,0.0,0.0,0.0,0.0,0.0,0.0,60.593594,101497.0,0.0,0.0,0.10825845,100148.0,1741.0,97.76522,90440903.0,288237.0,0.0,120.0,0.0,92508255.0,0.0,0.0,0.0,0.0,0.47539854,1961.0,412496.0,103124.0,0.0,0.0,0.0,0.0,dataset_2025.csv,202502,False,True
2025,2,Piura,Piura,Catacaos,MOVISTAR,0.0,0.0,0.0,0.0,9.410486,27345.0,2.9712186,2947.0,0.0,0.0,0.0,0.0,0.0,0.0,59.73668,42870.0,0.0,0.0,0.09194786,29613.0,750.0,98.60376,31756619.0,96867.0,0.0,0.0,0.0,32206296.0,0.0,0.0,0.0,0.0,0.50402534,879.0,174396.0,43599.0,0.0,0.0,0.0,0.0,dataset_2025.csv,202502,False,True
2025,2,Piura,Piura,Piura,MOVISTAR,0.0,0.0,0.0,0.0,10.289871,98339.0,2.6997795,6901.0,0.0,0.0,0.0,0.0,0.0,0.0,60.292053,155898.0,0.0,0.0,0.047635544,67248.0,1825.0,95.992874,135514958.0,493763.0,0.0,5.0,0.0,141171898.0,5.7377048,0.0,0.0,0.0,0.54089695,3421.0,632468.0,158117.0,0.0,0.0,0.0,0.0,dataset_2025.csv,202502,False,True
2025,2,Piura,Piura,Veintiseis De Octubre,MOVISTAR,0.0,0.0,0.0,0.0,10.075188,81598.0,3.153346,5682.0,0.0,0.0,0.0,0.0,0.0,0.0,59.19622,113213.0,0.0,0.0,0.026420219,24848.0,466.0,97.89763,92071921.0,270908.0,0.0,0.0,0.0,94049181.0,0.0,0.0,0.0,0.0,0.40122327,1842.0,459096.0,114774.0,0.0,0.0,0.0,0.0,dataset_2025.csv,202502,False,True
2025,2,Puno,Puno,Puno,MOVISTAR,4.748112,12056.0,0.725389,3882.0,8.957839,191045.0,2.7844608,18814.0,0.0,0.0,0.0,0.0,215.12543,9363.0,68.30789,281715.0,0.0,0.0,4.2153287,8261771.0,94928.0,95.32985,186840333.0,634523.0,0.0,0.0,0.0,195993524.0,5.7487826,2314.0,40252.0,10063.0,0.80073494,9326.0,1164680.0,291170.0,0.0,0.0,0.0,0.0,dataset_2025.csv,202502,True,False
2025,2,Puno,San Roman,Caracoto,MOVISTAR,3.720815,1902.0,0.67058426,437.0,6.7936316,4201.0,0.0,0.0,0.0,0.0,0.0,0.0,300.98807,1017.0,69.05618,7217.0,0.0,0.0,19.874643,1389891.0,10037.0,79.55963,5563834.0,28159.0,0.0,0.0,0.0,6993288.0,6.644144,295.0,4440.0,1110.0,1.0796132,326.0,30196.0,7549.0,0.0,0.0,0.0,0.0,dataset_2025.csv,202502,True,False
2025,2,Puno,San Roman,Juliaca,MOVISTAR,4.4384294,22256.0,0.65266573,6191.0,9.499109,261533.0,3.2516294,24195.0,0.0,0.0,0.0,0.0,232.41527,12336.0,66.961784,277822.0,0.0,0.0,5.290629,12603190.0,116375.0,94.362366,224787424.0,750197.0,0.0,0.0,0.0,238217236.0,5.2068005,2689.0,51644.0,12911.0,0.8824451,10249.0,1161432.0,290358.0,0.0,0.0,0.0,0.0,dataset_2025.csv,202502,True,False
2025,2,Puno,San Roman,San Miguel,MOVISTAR,3.9700427,7137.0,0.70774317,2300.0,7.250562,31897.0,3.2307858,2534.0,0.0,0.0,0.0,0.0,246.2426,2875.0,69.06928,36749.0,0.0,0.0,7.153905,2373233.0,22492.0,91.85447,30471758.0,97165.0,0.0,0.0,0.0,33173952.0,5.301781,643.0,12128.0,3032.0,1.1439961,1785.0,156032.0,39008.0,0.0,0.0,0.0,0.0,dataset_2025.csv,202502,True,False
2025,2,San Martin,Moyobamba,Moyobamba,MOVISTAR,3.280805,874.0,0.0,0.0,9.927351,23615.0,3.4115846,2647.0,0.0,0.0,0.0,0.0,349.83093,1175.0,74.79912,36393.0,0.0,0.0,6.646531,2916905.0,12213.0,92.69832,40681699.0,96993.0,0.0,0.0,0.0,43886125.0,4.702194,240.0,5104.0,1276.0,0.78369904,1180.0,150568.0,37642.0,0.0,0.0,0.0,0.0,dataset_2025.csv,202502,True,False
2025,2,Tacna,Candarave,Camilaca,MOVISTAR,0.0,0.0,0.0,0.0,9.437019,1581.0,0.0,0.0,0.0,0.0,0.0,0.0,0.0,0.0,93.75888,2245.0,0.0,0.0,6.2010055,99591.0,665.0,89.60914,1439164.0,2574.0,0.0,0.0,0.0,1606046.0,2.8169014,0.0,0.0,0.0,7.0158105,781.0,11132.0,2783.0,0.0,0.0,0.0,0.0,dataset_2025.csv,202502,False,True
2025,2,Tumbes,Contralmirante Villar,Canoas De Punta Sal,MOVISTAR,4.183998,900.0,0.0,0.0,11.050888,9528.0,4.311404,630.0,0.0,0.0,0.0,0.0,194.57385,1086.0,58.88203,11809.0,0.0,0.0,6.6102576,631106.0,8841.0,91.95027,8778836.0,28095.0,0.0,0.0,0.0,9547374.0,6.005338,270.0,4496.0,1124.0,0.5396892,257.0,47620.0,11905.0,0.0,0.0,0.0,0.0,dataset_2025.csv,202502,True,False
2025,2,Tumbes,Tumbes,Tumbes,MOVISTAR,4.3958693,1253.0,0.6572546,515.0,10.960329,46349.0,3.004085,3752.0,0.0,0.0,0.0,0.0,156.89397,1484.0,63.46443,65054.0,0.0,0.0,2.0234687,1062869.0,15432.0,97.36068,51140723.0,162232.0,0.0,0.0,0.0,52527079.0,3.5573123,216.0,6072.0,1518.0,0.4389226,1157.0,263600.0,65900.0,0.0,0.0,0.0,0.0,dataset_2025.csv,202502,True,False
2025,3,Arequipa,Arequipa,Alto Selva Alegre,MOVISTAR,0.0,0.0,0.0,0.0,11.466757,42676.0,2.912346,1950.0,0.0,0.0,0.0,0.0,0.0,0.0,59.314217,47798.0,0.0,0.0,0.0060523697,3033.0,0.0,97.34498,48782102.0,162893.0,0.0,0.0,0.0,50112603.0,0.0,0.0,0.0,0.0,0.669362,1298.0,193916.0,48479.0,0.0,0.0,0.0,0.0,dataset_2025.csv,202503,False,True
2025,3,Arequipa,Arequipa,Cayma,MOVISTAR,0.0,0.0,0.0,0.0,11.650059,49190.0,3.5693343,4595.0,0.0,0.0,0.0,0.0,0.0,0.0,60.133167,65133.0,0.0,0.0,0.020633752,13074.0,0.0,97.634026,61863069.0,241907.0,0.0,0.0,0.0,63362204.0,0.0,0.0,0.0,0.0,0.53671247,1421.0,264760.0,66190.0,0.0,0.0,0.0,0.0,dataset_2025.csv,202503,False,True
2025,3,Arequipa,Arequipa,Jacobo Hunter,MOVISTAR,0.0,0.0,0.0,0.0,9.5924835,35144.0,2.326678,1554.0,0.0,0.0,0.0,0.0,0.0,0.0,60.31112,47027.0,0.0,0.0,0.037079636,16981.0,0.0,97.930504,44848281.0,160388.0,0.0,0.0,0.0,45796028.0,0.0,0.0,0.0,0.0,0.64349127,1238.0,192388.0,48097.0,0.0,0.0,0.0,0.0,dataset_2025.csv,202503,False,True
2025,3,Arequipa,Arequipa,Jose Luis Bustamante Y Rivero,MOVISTAR,0.0,0.0,0.0,0.0,10.679527,86463.0,3.1086838,6036.0,0.0,0.0,0.0,0.0,0.0,0.0,59.313347,120003.0,0.0,0.0,0.02004836,21341.0,0.0,97.79193,104097171.0,407045.0,0.0,0.0,0.0,106447609.0,0.0,0.0,0.0,0.0,0.5292856,2587.0,488772.0,122193.0,0.0,0.0,0.0,0.0,dataset_2025.csv,202503,False,True
2025,3,Arequipa,Arequipa,Mariano Melgar,MOVISTAR,0.0,0.0,0.0,0.0,10.59612,23475.0,2.3426838,1620.0,0.0,0.0,0.0,0.0,0.0,0.0,60.579353,34396.0,0.0,0.0,0.0015682621,772.0,0.0,98.557365,48516308.0,138082.0,0.0,180.0,0.0,49226465.0,0.0,0.0,0.0,0.0,0.52352285,734.0,140204.0,35051.0,0.0,0.0,0.0,0.0,dataset_2025.csv,202503,False,True
2025,3,Arequipa,Arequipa,Miraflores,MOVISTAR,0.0,0.0,0.0,0.0,10.735552,35847.0,4.997479,4377.0,0.0,0.0,0.0,0.0,0.0,0.0,58.50193,40476.0,0.0,0.0,0.008633605,3559.0,0.0,97.253624,40090509.0,146028.0,0.0,0.0,0.0,41222639.0,0.0,0.0,0.0,0.0,0.39093947,641.0,163964.0,40991.0,0.0,0.0,0.0,0.0,dataset_2025.csv,202503,False,True
2025,3,Arequipa,Arequipa,Paucarpata,MOVISTAR,0.0,0.0,0.0,0.0,9.815378,73250.0,4.1567903,8083.0,0.0,0.0,0.0,0.0,0.0,0.0,59.478096,96697.0,0.0,0.0,0.0055651665,4266.0,0.0,94.501465,72440468.0,271974.0,0.0,0.0,0.0,76655390.0,0.0,0.0,0.0,0.0,0.6126446,2421.0,395172.0,98793.0,0.0,0.0,0.0,0.0,dataset_2025.csv,202503,False,True
2025,3,Arequipa,Arequipa,Sachaca,MOVISTAR,0.0,0.0,0.0,0.0,10.779563,15255.0,2.3242033,689.0,0.0,0.0,0.0,0.0,0.0,0.0,57.876198,19576.0,0.0,0.0,0.0007864504,108.0,0.0,98.38752,13511154.0,58508.0,0.0,0.0,0.0,13732589.0,0.0,0.0,0.0,0.0,0.41096923,327.0,79568.0,19892.0,0.0,0.0,0.0,0.0,dataset_2025.csv,202503,False,True
2025,3,Arequipa,Arequipa,Socabaya,MOVISTAR,0.0,0.0,0.0,0.0,10.037416,43924.0,2.945159,3045.0,0.0,0.0,0.0,0.0,0.0,0.0,58.160465,44235.0,0.0,0.0,0.0075560017,3273.0,0.0,97.10088,42060761.0,132398.0,0.0,0.0,0.0,43316560.0,0.0,0.0,0.0,0.0,0.4394249,791.0,180008.0,45002.0,0.0,0.0,0.0,0.0,dataset_2025.csv,202503,False,True
2025,3,Arequipa,Arequipa,Tiabaya,MOVISTAR,0.0,0.0,0.0,0.0,12.02738,12271.0,1.7465618,598.0,0.0,0.0,0.0,0.0,0.0,0.0,57.922974,16107.0,0.0,0.0,0.14335924,25500.0,748.0,90.1643,16037959.0,54167.0,0.0,0.0,0.0,17787483.0,0.0,0.0,0.0,0.0,0.44451913,291.0,65464.0,16366.0,0.0,0.0,0.0,0.0,dataset_2025.csv,202503,False,True
2025,3,Arequipa,Arequipa,Yanahuara,MOVISTAR,0.0,0.0,0.0,0.0,13.062899,19456.0,2.9534538,1522.0,0.0,0.0,0.0,0.0,0.0,0.0,56.769073,30569.0,0.0,0.0,0.015491677,4528.0,0.0,92.689445,27091825.0,112527.0,0.0,0.0,0.0,29228597.0,0.0,0.0,0.0,0.0,0.34387338,425.0,123592.0,30898.0,0.0,0.0,0.0,0.0,dataset_2025.csv,202503,False,True
2025,3,Ayacucho,Huamanga,Carmen Alto,MOVISTAR,4.2382374,468.0,0.0,0.0,8.742088,12395.0,4.202724,1300.0,0.0,0.0,0.0,0.0,216.94131,467.0,61.759937,13721.0,0.0,0.0,2.3153222,316511.0,2848.0,97.30016,13301204.0,39775.0,0.0,0.0,0.0,13670279.0,2.6584866,52.0,1956.0,489.0,1.3594954,776.0,57080.0,14270.0,0.0,0.0,0.0,0.0,dataset_2025.csv,202503,True,False
2025,3,Cajamarca,Celendin,Celendin,MOVISTAR,0.0,0.0,0.0,0.0,9.124185,8304.0,3.7139776,536.0,0.0,0.0,0.0,0.0,165.67375,483.0,59.95789,16540.0,0.0,0.0,2.9509785,352856.0,5913.0,95.93245,11470887.0,35118.0,0.0,0.0,0.0,11957254.0,4.462475,88.0,1972.0,493.0,0.3639184,244.0,67048.0,16762.0,0.0,0.0,0.0,0.0,dataset_2025.csv,202503,False,True
2025,3,Cajamarca,Santa Cruz,Santa Cruz,MOVISTAR,3.3627212,854.0,0.0,0.0,8.752855,15509.0,3.7687452,2335.0,0.0,0.0,0.0,0.0,219.74228,660.0,64.206,17895.0,0.0,0.0,5.905594,671540.0,9372.0,93.258446,10604654.0,33430.0,0.0,0.0,0.0,11371253.0,8.886583,257.0,2892.0,723.0,0.6381934,468.0,73332.0,18333.0,0.0,0.0,0.0,0.0,dataset_2025.csv,202503,True,False
2025,3,Callao,Callao,Mi Peru,MOVISTAR,3.7493122,4062.0,2.4458866,3405.0,10.022449,17716.0,4.4445815,3557.0,0.0,0.0,0.0,0.0,259.62012,418.0,55.034565,21566.0,0.0,0.0,4.5864534,1236736.0,11658.0,95.15894,25659584.0,97263.0,0.0,0.0,0.0,26964974.0,5.662393,106.0,1872.0,468.0,0.528161,464.0,87852.0,21963.0,0.0,0.0,0.0,0.0,dataset_2025.csv,202503,True,False
2025,3,Cusco,Acomayo,Pomacanchi,MOVISTAR,4.499863,1652.0,0.0,0.0,8.9739485,1286.0,0.0,0.0,0.0,0.0,0.0,0.0,165.1992,1143.0,61.402065,4676.0,0.0,0.0,25.976032,791211.0,3924.0,66.811615,2035033.0,4015.0,0.0,0.0,0.0,3045927.0,3.9641943,186.0,4692.0,1173.0,0.3516624,66.0,18768.0,4692.0,0.0,0.0,0.0,0.0,dataset_2025.csv,202503,True,False
2025,3,Cusco,Cusco,Cusco,MOVISTAR,3.3612576,5872.0,0.6544365,2152.0,8.487446,71072.0,2.5673559,3559.0,0.0,0.0,0.0,0.0,241.94595,3980.0,68.21375,86931.0,0.0,0.0,5.217387,4925665.0,62605.0,90.09002,85052776.0,410210.0,0.0,78.0,0.0,94408655.0,7.105621,1254.0,17648.0,4412.0,1.3034806,4771.0,366020.0,91505.0,0.0,0.0,0.0,0.0,dataset_2025.csv,202503,True,False
2025,3,Cusco,Cusco,San Jeronimo,MOVISTAR,3.3688357,2265.0,0.76910853,663.0,8.514113,39788.0,2.6726305,2368.0,0.0,0.0,0.0,0.0,199.1359,1765.0,66.37313,43825.0,0.0,0.0,4.5253944,2014726.0,19934.0,92.41695,41144442.0,149913.0,0.0,0.0,0.0,44520453.0,6.8906,519.0,7532.0,1883.0,0.9069037,1651.0,182048.0,45512.0,0.0,0.0,0.0,0.0,dataset_2025.csv,202503,True,False
2025,3,Cusco,Cusco,San Sebastian,MOVISTAR,3.6654372,4756.0,0.5967286,1485.0,9.232636,38426.0,2.4682665,3227.0,0.0,0.0,0.0,0.0,206.47173,2868.0,69.02681,52117.0,0.0,0.0,8.280354,5229650.0,44422.0,87.97375,55561867.0,215586.0,0.0,10.0,0.0,63157328.0,5.930834,734.0,12376.0,3094.0,1.3214818,2908.0,220056.0,55014.0,0.0,0.0,0.0,0.0,dataset_2025.csv,202503,True,False
2025,3,Cusco,Cusco,Santiago,MOVISTAR,4.2390027,4680.0,0.68414795,1718.0,7.2087774,49951.0,2.3120184,3113.0,0.0,0.0,0.0,0.0,224.21443,2387.0,68.52479,62722.0,0.0,0.0,8.20875,5326212.0,37211.0,89.41433,58016103.0,227192.0,0.0,0.0,0.0,64884567.0,7.3194284,758.0,10356.0,2589.0,1.0547142,2772.0,262820.0,65705.0,0.0,0.0,0.0,0.0,dataset_2025.csv,202503,True,False
2025,3,Cusco,Cusco,Wanchaq,MOVISTAR,3.2706153,3702.0,0.7057938,1439.0,8.806412,56159.0,2.4733765,4251.0,0.0,0.0,0.0,0.0,211.16695,2965.0,67.39923,88163.0,0.0,0.0,3.3184876,2536472.0,39192.0,94.41798,72167983.0,343220.0,0.0,194.0,0.0,76434579.0,6.5387015,838.0,12816.0,3204.0,1.2332191,4549.0,368872.0,92218.0,0.0,0.0,0.0,0.0,dataset_2025.csv,202503,True,False
2025,3,Cusco,La Convencion,Echarate,MOVISTAR,6.085476,3064.0,0.6247781,1029.0,8.924098,10973.0,3.070479,1076.0,0.0,0.0,0.0,0.0,206.24388,1279.0,77.71504,13918.0,0.0,0.0,8.303199,1520810.0,7760.0,66.79051,12233319.0,28078.0,0.0,0.0,0.0,18315953.0,4.342984,234.0,5388.0,1347.0,1.8451055,1094.0,59292.0,14823.0,0.0,0.0,0.0,0.0,dataset_2025.csv,202503,True,False
2025,3,Huancavelica,Tayacaja,Pampas,MOVISTAR,3.9704478,913.0,0.0,0.0,8.609328,7559.0,4.5781555,1462.0,0.0,0.0,0.0,0.0,204.90053,638.0,67.40612,12559.0,0.0,0.0,4.271396,304474.0,4586.0,95.35917,6797400.0,19243.0,0.0,0.0,0.0,7128208.0,5.907012,155.0,2624.0,656.0,0.7846673,409.0,52124.0,13031.0,0.0,0.0,0.0,0.0,dataset_2025.csv,202503,True,False
2025,3,Ica,Chincha,Alto Laran,MOVISTAR,0.0,0.0,0.0,0.0,11.237184,17458.0,3.2337427,2343.0,0.0,0.0,0.0,0.0,0.0,0.0,57.58457,17489.0,0.0,0.0,0.12569235,14731.0,616.0,95.579346,11201789.0,44604.0,0.0,0.0,0.0,11719885.0,0.0,0.0,0.0,0.0,0.76731414,542.0,70636.0,17659.0,0.0,0.0,0.0,0.0,dataset_2025.csv,202503,False,True
2025,3,Ica,Chincha,Chincha Alta,MOVISTAR,0.0,0.0,0.0,0.0,11.324433,103268.0,2.9842381,8456.0,0.0,0.0,0.0,0.0,0.0,0.0,55.35903,125341.0,0.0,0.0,0.026261987,27043.0,0.0,97.873405,100784090.0,378658.0,0.0,19.0,0.0,102973930.0,0.0,0.0,0.0,0.0,0.45469895,2316.0,509348.0,127337.0,0.0,0.0,0.0,0.0,dataset_2025.csv,202503,False,True
2025,3,Ica,Chincha,Chincha Baja,MOVISTAR,0.0,0.0,0.0,0.0,10.912275,9766.0,2.8317375,959.0,0.0,0.0,0.0,0.0,0.0,0.0,63.621956,15785.0,0.0,0.0,0.120862305,16593.0,658.0,95.0744,13052618.0,55344.0,0.0,0.0,0.0,13728846.0,0.0,0.0,0.0,0.0,0.6920145,443.0,64016.0,16004.0,0.0,0.0,0.0,0.0,dataset_2025.csv,202503,False,True
2025,3,Ica,Chincha,El Carmen,MOVISTAR,0.0,0.0,0.0,0.0,12.794856,7345.0,2.2390137,422.0,0.0,0.0,0.0,0.0,0.0,0.0,57.595844,9750.0,0.0,0.0,1.6394787,175818.0,2230.0,92.05205,9871679.0,36921.0,0.0,0.0,0.0,10724019.0,8.256881,0.0,0.0,0.0,0.7677205,305.0,39728.0,9932.0,0.0,0.0,0.0,0.0,dataset_2025.csv,202503,False,True
2025,3,Ica,Chincha,Pueblo Nuevo,MOVISTAR,0.0,0.0,0.0,0.0,10.334697,42372.0,3.2198582,2501.0,0.0,0.0,0.0,0.0,0.0,0.0,58.011127,61062.0,0.0,0.0,0.12632197,58644.0,0.0,98.66941,45806512.0,162450.0,0.0,0.0,0.0,46424227.0,0.0,0.0,0.0,0.0,0.4542726,1120.0,246548.0,61637.0,0.0,0.0,0.0,0.0,dataset_2025.csv,202503,False,True
2025,3,Ica,Chincha,Sunampe,MOVISTAR,0.0,0.0,0.0,0.0,11.340706,30823.0,2.4539955,1807.0,0.0,0.0,0.0,0.0,0.0,0.0,55.08143,41900.0,0.0,0.0,0.075780444,26700.0,706.0,98.86169,34832299.0,113534.0,0.0,0.0,0.0,35233366.0,0.0,0.0,0.0,0.0,0.26087987,440.0,168660.0,42165.0,0.0,0.0,0.0,0.0,dataset_2025.csv,202503,False,True
2025,3,Ica,Ica,Ica,MOVISTAR,4.4758873,5411.0,0.8176861,2378.0,10.4949665,181089.0,2.793489,11331.0,0.0,0.0,0.0,0.0,171.75409,5118.0,55.34439,266284.0,0.0,0.0,4.281396,9841089.0,79045.0,95.427505,219346816.0,740791.0,0.0,399.0,0.0,229857022.0,4.1841006,880.0,21032.0,5258.0,0.48734435,5281.0,1083628.0,270907.0,0.0,0.0,0.0,0.0,dataset_2025.csv,202503,True,False
2025,3,Ica,Ica,La Tinguiña,MOVISTAR,5.23417,1121.0,0.61292434,434.0,8.156985,18733.0,3.6177168,1535.0,0.0,0.0,0.0,0.0,141.78912,912.0,56.806065,28006.0,0.0,0.0,2.5041444,625893.0,7637.0,97.06052,24259583.0,73851.0,0.0,0.0,0.0,24994286.0,3.7862513,141.0,3724.0,931.0,0.74563384,859.0,115204.0,28801.0,0.0,0.0,0.0,0.0,dataset_2025.csv,202503,True,False
2025,3,Ica,Ica,Parcona,MOVISTAR,4.0866838,1110.0,0.55534315,413.0,8.4374275,32543.0,2.4312813,2100.0,0.0,0.0,0.0,0.0,219.24367,881.0,59.442604,41674.0,0.0,0.0,5.7023597,2348622.0,14790.0,94.089645,38752557.0,108543.0,0.0,0.0,0.0,41186844.0,4.525627,166.0,3668.0,917.0,0.4796727,816.0,170116.0,42529.0,0.0,0.0,0.0,0.0,dataset_2025.csv,202503,True,False
2025,3,Ica,Ica,Subtanjalla,MOVISTAR,3.6366603,746.0,0.0,0.0,8.799234,17650.0,3.5487585,1276.0,0.0,0.0,0.0,0.0,209.83572,808.0,56.4006,21778.0,0.0,0.0,9.218388,2039696.0,11937.0,90.002945,19914399.0,66221.0,0.0,0.0,0.0,22126386.0,5.1062574,173.0,3388.0,847.0,0.76816887,690.0,89824.0,22456.0,0.0,0.0,0.0,0.0,dataset_2025.csv,202503,True,False
2025,3,Junin,Chanchamayo,Chanchamayo,MOVISTAR,4.9290395,2353.0,0.6134588,774.0,8.292267,27145.0,3.858862,3574.0,0.0,0.0,0.0,0.0,147.18501,2885.0,58.61711,31904.0,0.0,0.0,5.5664105,1488449.0,14065.0,92.718,24792639.0,74107.0,0.0,0.0,0.0,26739834.0,3.6742551,439.0,11948.0,2987.0,0.9924674,1365.0,137536.0,34384.0,0.0,0.0,0.0,0.0,dataset_2025.csv,202503,True,False
2025,3,Junin,Huancayo,Chilca,MOVISTAR,0.0,0.0,0.0,0.0,8.772371,68325.0,3.3051558,5886.0,0.0,0.0,0.0,0.0,0.0,0.0,57.687943,82016.0,0.0,0.0,0.007592967,6462.0,0.0,93.072205,79209171.0,270650.0,0.0,0.0,0.0,85105076.0,0.0,0.0,0.0,0.0,0.68619937,2328.0,339260.0,84815.0,0.0,0.0,0.0,0.0,dataset_2025.csv,202503,False,True
2025,3,Junin,Huancayo,El Tambo,MOVISTAR,0.0,0.0,0.0,0.0,10.634776,219263.0,2.9016223,16631.0,0.0,0.0,0.0,0.0,0.0,0.0,54.50686,267927.0,0.0,0.0,0.034413185,90370.0,1102.0,96.07753,252302338.0,877006.0,0.0,0.0,0.0,262602849.0,0.0,0.0,0.0,0.0,0.38892975,4230.0,1087600.0,271900.0,0.0,0.0,0.0,0.0,dataset_2025.csv,202503,False,True
2025,3,Junin,Huancayo,Huancayo,MOVISTAR,0.0,0.0,0.0,0.0,10.42119,176212.0,2.9422734,14320.0,0.0,0.0,0.0,0.0,0.0,0.0,54.836807,245512.0,0.0,0.0,0.018303659,36777.0,0.0,96.69812,194292666.0,784979.0,0.0,0.0,0.0,200927031.0,0.0,0.0,0.0,0.0,0.51160514,5114.0,999599.0,249900.0,0.0,0.0,0.0,0.0,dataset_2025.csv,202503,False,True
2025,3,Junin,Huancayo,Pilcomayo,MOVISTAR,0.0,0.0,0.0,0.0,9.439853,18347.0,2.6372242,1563.0,0.0,0.0,0.0,0.0,0.0,0.0,56.465855,26259.0,0.0,0.0,0.030826034,5550.0,0.0,94.20401,16960737.0,71695.0,0.0,0.0,0.0,18004262.0,0.0,0.0,0.0,0.0,0.7497683,809.0,107900.0,26975.0,0.0,0.0,0.0,0.0,dataset_2025.csv,202503,False,True
2025,3,Junin,Huancayo,San Agustin,MOVISTAR,0.0,0.0,0.0,0.0,8.376029,25193.0,3.755418,3375.0,0.0,0.0,0.0,0.0,0.0,0.0,54.64817,28946.0,0.0,0.0,0.10692622,34124.0,0.0,96.7212,30867213.0,87722.0,0.0,0.0,0.0,31913596.0,0.0,0.0,0.0,0.0,0.48834702,580.0,118768.0,29692.0,0.0,0.0,0.0,0.0,dataset_2025.csv,202503,False,True
2025,3,Junin,Junin,Carhuamayo,MOVISTAR,5.2398043,2710.0,0.72522396,1165.0,12.658332,10475.0,4.1838894,2676.0,0.0,0.0,0.0,0.0,170.53853,1740.0,49.198124,7504.0,0.0,0.0,19.476187,1264044.0,6159.0,79.31692,5147829.0,14856.0,0.0,0.0,0.0,6490203.0,2.039361,143.0,7012.0,1753.0,0.29738304,90.0,30264.0,7566.0,0.0,0.0,0.0,0.0,dataset_2025.csv,202503,True,False
2025,3,La Libertad,Trujillo,El Porvenir,MOVISTAR,0.0,0.0,0.0,0.0,8.967711,39441.0,2.8656003,2839.0,0.0,0.0,0.0,0.0,0.0,0.0,57.97974,52513.0,0.0,0.0,0.017378112,12736.0,0.0,91.72395,67222277.0,239606.0,0.0,0.0,0.0,73287591.0,0.0,0.0,0.0,0.0,0.7013285,1514.0,215876.0,53969.0,0.0,0.0,0.0,0.0,dataset_2025.csv,202503,False,True
2025,3,La Libertad,Trujillo,La Esperanza,MOVISTAR,0.0,0.0,0.0,0.0,10.301855,74020.0,2.7057927,3846.0,0.0,0.0,0.0,0.0,0.0,0.0,54.23238,104488.0,0.0,0.0,0.013658569,12435.0,0.0,95.07323,86556332.0,306826.0,0.0,0.0,0.0,91041749.0,0.0,0.0,0.0,0.0,0.43846843,1862.0,424660.0,106165.0,0.0,0.0,0.0,0.0,dataset_2025.csv,202503,False,True
2025,3,La Libertad,Trujillo,Moche,MOVISTAR,0.0,0.0,0.0,0.0,11.739127,26717.0,2.645912,1201.0,0.0,0.0,0.0,0.0,0.0,0.0,55.210125,30278.0,0.0,0.0,0.16468245,43617.0,0.0,95.24205,25225351.0,84575.0,0.0,0.0,0.0,26485519.0,0.0,0.0,0.0,0.0,0.38660634,475.0,122864.0,30716.0,0.0,0.0,0.0,0.0,dataset_2025.csv,202503,False,True
2025,3,La Libertad,Trujillo,Trujillo,MOVISTAR,0.0,0.0,0.0,0.0,12.77017,301330.0,2.7547612,21875.0,0.0,0.0,0.0,0.0,0.0,0.0,53.251186,395005.0,0.0,0.0,0.015138645,49237.0,904.0,97.30055,316460776.0,1302684.0,0.0,229.0,0.0,325240481.0,0.0,0.0,0.0,0.0,0.28640646,4561.0,1592492.0,398123.0,0.0,0.0,0.0,0.0,dataset_2025.csv,202503,False,True
2025,3,La Libertad,Trujillo,Victor Larco Herrera,MOVISTAR,0.0,0.0,0.0,0.0,11.3150625,38167.0,2.5524879,2726.0,0.0,0.0,0.0,0.0,0.0,0.0,53.902843,53545.0,0.0,0.0,0.01800594,9004.0,0.0,98.06564,49038431.0,167899.0,0.0,191.0,0.0,50005720.0,0.0,0.0,0.0,0.0,0.37159908,802.0,215824.0,53956.0,0.0,0.0,0.0,0.0,dataset_2025.csv,202503,False,True
2025,3,Lambayeque,Chiclayo,Chiclayo,MOVISTAR,0.0,0.0,0.0,0.0,9.760014,194826.0,3.1000273,20249.0,0.0,0.0,0.0,0.0,0.0,0.0,56.982197,249732.0,0.0,0.0,0.056931853,120019.0,853.0,96.44104,203308987.0,783076.0,0.0,277.0,0.0,210811691.0,0.0,0.0,0.0,0.0,0.41668472,4234.0,1016116.0,254029.0,0.0,0.0,0.0,0.0,dataset_2025.csv,202503,False,True
2025,3,Lambayeque,Chiclayo,Jose Leonardo Ortiz,MOVISTAR,0.0,0.0,0.0,0.0,11.199071,76835.0,3.077753,4566.0,0.0,0.0,0.0,0.0,0.0,0.0,56.75365,79341.0,0.0,0.0,0.023414759,17149.0,0.0,95.91464,70248009.0,221573.0,0.0,3818.0,0.0,73240128.0,0.0,0.0,0.0,0.0,0.3645276,1172.0,321512.0,80378.0,0.0,0.0,0.0,0.0,dataset_2025.csv,202503,False,True
2025,3,Lambayeque,Chiclayo,La Victoria,MOVISTAR,0.0,0.0,0.0,0.0,9.536309,43638.0,2.5635097,3402.0,0.0,0.0,0.0,0.0,0.0,0.0,57.13324,56699.0,0.0,0.0,0.06378613,34658.0,0.0,97.78166,53129374.0,179881.0,0.0,0.0,0.0,54334700.0,0.0,0.0,0.0,0.0,0.40368086,930.0,230380.0,57595.0,0.0,0.0,0.0,0.0,dataset_2025.csv,202503,False,True
2025,3,Lambayeque,Chiclayo,Pimentel,MOVISTAR,0.0,0.0,0.0,0.0,9.409244,49145.0,2.323589,3570.0,0.0,0.0,0.0,0.0,0.0,0.0,59.17597,54071.0,0.0,0.0,0.22657919,133548.0,488.0,96.30935,56765677.0,195177.0,0.0,0.0,0.0,58940981.0,0.0,0.0,0.0,0.0,0.49951822,1099.0,220012.0,55003.0,0.0,0.0,0.0,0.0,dataset_2025.csv,202503,False,True
2025,3,Lima,Cañete,Asia,MOVISTAR,4.3967204,1774.0,0.8252363,571.0,12.663193,30593.0,2.5300353,2925.0,0.0,0.0,0.0,0.0,175.24338,1038.0,48.871376,40776.0,0.0,0.0,3.3801262,1015067.0,15537.0,94.99311,28526855.0,114561.0,0.0,474.0,0.0,30030446.0,4.8187447,218.0,4524.0,1131.0,0.75500715,1247.0,165164.0,41291.0,0.0,0.0,0.0,0.0,dataset_2025.csv,202503,True,False
2025,3,Lima,Cañete,Cerro Azul,MOVISTAR,4.3262115,987.0,0.0,0.0,12.222898,26710.0,3.5835202,2938.0,0.0,0.0,0.0,0.0,245.22768,869.0,57.049065,32794.0,0.0,0.0,2.6302962,542986.0,9311.0,97.10593,20046092.0,77059.0,0.0,0.0,0.0,20643531.0,3.501094,128.0,3656.0,914.0,0.4111669,547.0,133036.0,33259.0,0.0,0.0,0.0,0.0,dataset_2025.csv,202503,True,False
2025,3,Lima,Cañete,Chilca,MOVISTAR,3.5927966,1089.0,0.0,0.0,10.551513,15009.0,3.2007604,1068.0,0.0,0.0,0.0,0.0,235.53621,1009.0,61.544395,19565.0,0.0,0.0,6.742722,1191927.0,18501.0,92.04778,16271506.0,84109.0,0.0,1107.0,0.0,17677238.0,5.0587173,224.0,4428.0,1107.0,1.1203238,908.0,81048.0,20262.0,0.0,0.0,0.0,0.0,dataset_2025.csv,202503,True,False
2025,3,Lima,Cañete,Mala,MOVISTAR,4.8545794,911.0,0.0,0.0,11.399779,49264.0,4.427218,4511.0,0.0,0.0,0.0,0.0,197.55533,884.0,52.55312,61509.0,0.0,0.0,2.3705933,1603068.0,17826.0,95.53124,64601160.0,198116.0,0.0,835.0,0.0,67623072.0,4.659686,178.0,3820.0,955.0,0.47911647,1193.0,249000.0,62250.0,0.0,0.0,0.0,0.0,dataset_2025.csv,202503,True,False
2025,3,Lima,Huaura,Huaura,MOVISTAR,3.8496442,770.0,0.0,0.0,8.573948,10017.0,1.8312724,674.0,0.0,0.0,0.0,0.0,238.84055,649.0,56.59421,12213.0,0.0,0.0,6.993797,861950.0,8036.0,91.49462,11276248.0,34555.0,0.0,0.0,0.0,12324493.0,2.9347825,81.0,2760.0,690.0,0.476516,237.0,49736.0,12434.0,0.0,0.0,0.0,0.0,dataset_2025.csv,202503,True,False
2025,3,Lima,Lima,Barranco,MOVISTAR,5.0114646,1586.0,0.7487783,552.0,12.1503,43132.0,2.798551,2496.0,0.0,0.0,0.0,0.0,248.24892,1442.0,54.51529,61385.0,0.0,0.0,4.9411287,2246806.0,14142.0,94.69715,43060227.0,219704.0,0.0,897.0,0.0,45471514.0,3.757515,225.0,5988.0,1497.0,0.2707552,670.0,247456.0,61864.0,0.0,0.0,0.0,0.0,dataset_2025.csv,202503,True,False
2025,3,Lima,Lima,Breña,MOVISTAR,4.7424955,2850.0,1.0398211,1022.0,11.696852,60955.0,3.7227914,4400.0,0.0,0.0,0.0,0.0,215.99954,1819.0,54.009205,94870.0,0.0,0.0,3.1838243,2541059.0,38442.0,96.39079,76930965.0,323860.0,0.0,2552.0,0.0,79811531.0,4.8241205,384.0,7960.0,1990.0,0.42108935,1617.0,384004.0,96001.0,0.0,0.0,0.0,0.0,dataset_2025.csv,202503,True,False
2025,3,Lima,Lima,Carabayllo,MOVISTAR,5.799779,5797.0,0.64475065,1393.0,13.055373,169434.0,3.8448102,11255.0,0.0,0.0,0.0,0.0,202.789,4276.0,49.797676,202071.0,0.0,0.0,5.197965,9368620.0,81098.0,94.199066,169780920.0,556323.0,0.0,0.0,0.0,180236307.0,3.86143,700.0,18128.0,4532.0,0.47031784,3851.0,818808.0,204702.0,0.0,0.0,0.0,0.0,dataset_2025.csv,202503,True,False
2025,3,Lima,Lima,Comas,MOVISTAR,3.7452676,8116.0,0.5978502,2587.0,12.460276,243068.0,3.6712127,19968.0,0.0,0.0,0.0,0.0,200.17036,6746.0,50.894722,306181.0,0.0,0.0,6.63785,20441867.0,167599.0,92.69487,285462365.0,1068769.0,0.0,19.0,0.0,307959172.0,4.729362,1391.0,29412.0,7353.0,0.49762675,6173.0,1240488.0,310122.0,0.0,0.0,0.0,0.0,dataset_2025.csv,202503,True,False
2025,3,Lima,Lima,El Agustino,MOVISTAR,3.648099,1407.0,0.59278464,670.0,11.64183,61313.0,3.1253867,4580.0,0.0,0.0,0.0,0.0,195.67221,2009.0,53.38774,84042.0,0.0,0.0,8.044275,7583472.0,66246.0,91.19744,85973337.0,412736.0,0.0,586.0,0.0,94271658.0,5.7280035,513.0,8956.0,2239.0,1.1029925,3792.0,343792.0,85948.0,0.0,0.0,0.0,0.0,dataset_2025.csv,202503,True,False
2025,3,Lima,Lima,Independencia,MOVISTAR,4.7803893,4734.0,0.7083307,1081.0,11.408864,110428.0,3.1989346,7296.0,0.0,0.0,0.0,0.0,220.29962,2888.0,52.7613,159319.0,0.0,0.0,4.490661,5634570.0,71694.0,94.84783,119008478.0,570859.0,0.0,334.0,0.0,125473057.0,6.4234486,824.0,12828.0,3207.0,0.8282753,5393.0,651112.0,162778.0,0.0,0.0,0.0,0.0,dataset_2025.csv,202503,True,False
2025,3,Lima,Lima,Los Olivos,MOVISTAR,5.337224,9571.0,1.2328923,4819.0,12.50764,196544.0,3.469821,14176.0,0.0,0.0,0.0,0.0,186.6405,4426.0,51.063065,269738.0,0.0,0.0,5.399125,15412409.0,142957.0,94.17829,268842527.0,1081122.0,0.0,1072.0,0.0,285461241.0,5.5925093,1093.0,19544.0,4886.0,0.52087724,5687.0,1091812.0,272953.0,0.0,0.0,0.0,0.0,dataset_2025.csv,202503,True,False
2025,3,Lima,Lima,Puente Piedra,MOVISTAR,3.738574,4096.0,0.64076394,1300.0,11.618174,142389.0,3.0443225,8904.0,0.0,0.0,0.0,0.0,211.17569,4136.0,52.81547,162588.0,0.0,0.0,5.761364,8768692.0,88458.0,93.78581,142740324.0,562900.0,0.0,961.0,0.0,152198200.0,4.9268017,875.0,17760.0,4440.0,0.7229021,4787.0,662192.0,165548.0,0.0,0.0,0.0,0.0,dataset_2025.csv,202503,True,False
2025,3,Lima,Lima,Punta Negra,MOVISTAR,4.655847,710.0,0.0,0.0,12.23936,12495.0,4.546571,1560.0,0.0,0.0,0.0,0.0,161.48354,643.0,49.379257,15235.0,0.0,0.0,8.182654,862055.0,6810.0,91.46665,9636150.0,41916.0,0.0,656.0,0.0,10535151.0,3.5714285,100.0,2800.0,700.0,0.43513426,269.0,61820.0,15455.0,0.0,0.0,0.0,0.0,dataset_2025.csv,202503,True,False
2025,3,Lima,Lima,San Juan De Lurigancho,MOVISTAR,5.1071467,17206.0,0.6191522,4019.0,12.233986,378950.0,3.143218,22080.0,0.0,0.0,0.0,0.0,197.55272,12362.0,50.426468,469855.0,0.0,0.0,7.364763,37890128.0,307148.0,91.89037,472756320.0,1675332.0,0.0,3653.0,0.0,514478607.0,5.3063097,2893.0,54520.0,13630.0,0.5962961,11380.0,1908448.0,477112.0,0.0,0.0,0.0,0.0,dataset_2025.csv,202503,True,False
2025,3,Lima,Lima,San Luis,MOVISTAR,4.9188294,4834.0,0.67596745,994.0,10.551599,60787.0,3.4074988,4085.0,0.0,0.0,0.0,0.0,319.73584,2042.0,54.185287,87845.0,0.0,0.0,3.1809382,2094662.0,25810.0,96.513725,63554719.0,256517.0,0.0,802.0,0.0,65850446.0,4.440938,394.0,8872.0,2218.0,0.4262971,1522.0,357028.0,89257.0,0.0,0.0,0.0,0.0,dataset_2025.csv,202503,True,False
2025,3,Lima,Lima,San Martin De Porres,MOVISTAR,5.1215234,21128.0,0.7590162,5963.0,11.721023,302173.0,3.6580887,24859.0,0.0,0.0,0.0,0.0,212.27274,12329.0,53.16603,401232.0,0.0,0.0,7.952489,34512923.0,273153.0,91.24608,395997913.0,1623958.0,0.0,60.0,0.0,433988962.0,4.712484,2511.0,53284.0,13321.0,0.5308982,8644.0,1628184.0,407046.0,0.0,0.0,0.0,0.0,dataset_2025.csv,202503,True,False
2025,3,Piura,Piura,Castilla,MOVISTAR,0.0,0.0,0.0,0.0,10.233342,73017.0,2.7255008,5331.0,0.0,0.0,0.0,0.0,0.0,0.0,59.533585,110026.0,0.0,0.0,0.08331208,84834.0,1639.0,96.1165,97872332.0,325300.0,0.0,0.0,0.0,101826775.0,10.496183,0.0,0.0,0.0,0.35633656,1591.0,446488.0,111622.0,0.0,0.0,0.0,0.0,dataset_2025.csv,202503,False,True
2025,3,Piura,Piura,Catacaos,MOVISTAR,0.0,0.0,0.0,0.0,8.27981,19402.0,3.0597193,1377.0,0.0,0.0,0.0,0.0,0.0,0.0,60.136078,33688.0,0.0,0.0,0.08071943,21133.0,427.0,98.38103,25756946.0,85421.0,0.0,0.0,0.0,26180807.0,0.0,0.0,0.0,0.0,0.4464805,614.0,137520.0,34380.0,0.0,0.0,0.0,0.0,dataset_2025.csv,202503,False,True
2025,3,Piura,Piura,Piura,MOVISTAR,0.0,0.0,0.0,0.0,10.771857,124543.0,2.821099,9413.0,0.0,0.0,0.0,0.0,0.0,0.0,59.12824,185879.0,0.0,0.0,0.1111447,178569.0,2940.0,94.99004,152614350.0,588154.0,0.0,0.0,0.0,160663528.0,4.953917,0.0,0.0,0.0,0.34942636,2629.0,752376.0,188094.0,0.0,0.0,0.0,0.0,dataset_2025.csv,202503,False,True
2025,3,Piura,Piura,Veintiseis De Octubre,MOVISTAR,0.0,0.0,0.0,0.0,10.794272,92714.0,3.109144,7638.0,0.0,0.0,0.0,0.0,0.0,0.0,58.392254,120608.0,0.0,0.0,0.01858294,18540.0,458.0,96.62338,96400114.0,326287.0,0.0,0.0,0.0,99768931.0,0.0,0.0,0.0,0.0,0.37237382,1827.0,490636.0,122659.0,0.0,0.0,0.0,0.0,dataset_2025.csv,202503,False,True
2025,3,Puno,Puno,Puno,MOVISTAR,4.2812448,13434.0,1.163239,4693.0,9.11899,191412.0,2.5519779,13123.0,0.0,0.0,0.0,0.0,194.58836,7241.0,65.77701,278854.0,0.0,0.0,4.3127966,8045353.0,90591.0,95.256805,177697829.0,619016.0,0.0,0.0,0.0,186546074.0,5.5482254,1682.0,30316.0,7579.0,0.5213525,5941.0,1139536.0,284884.0,0.0,0.0,0.0,0.0,dataset_2025.csv,202503,True,False
2025,3,Puno,San Roman,Caracoto,MOVISTAR,3.62353,915.0,0.0,0.0,7.1241207,8045.0,3.3139825,400.0,0.0,0.0,0.0,0.0,278.5038,446.0,66.93136,9221.0,0.0,0.0,6.272909,407832.0,8533.0,92.79481,6033037.0,31015.0,0.0,0.0,0.0,6501481.0,8.349706,170.0,2036.0,509.0,1.0205144,392.0,38412.0,9603.0,0.0,0.0,0.0,0.0,dataset_2025.csv,202503,True,False
2025,3,Puno,San Roman,Juliaca,MOVISTAR,4.513691,17197.0,0.65228814,4647.0,8.84276,255403.0,2.751994,15081.0,0.0,0.0,0.0,0.0,224.42543,9080.0,66.2688,278480.0,0.0,0.0,5.449433,13052964.0,120451.0,93.80481,224689584.0,798164.0,0.0,0.0,0.0,239528859.0,5.6096287,2144.0,38220.0,9555.0,0.98444617,11456.0,1163700.0,290925.0,0.0,0.0,0.0,0.0,dataset_2025.csv,202503,True,False
2025,3,Puno,San Roman,San Miguel,MOVISTAR,3.3986926,1988.0,0.7348334,860.0,7.399318,33891.0,2.8629982,2364.0,0.0,0.0,0.0,0.0,243.95758,1265.0,67.76403,33143.0,0.0,0.0,3.5907772,1165253.0,16310.0,96.02277,31160616.0,101328.0,0.0,0.0,0.0,32451276.0,7.5534267,410.0,5428.0,1357.0,1.054571,1471.0,139488.0,34872.0,0.0,0.0,0.0,0.0,dataset_2025.csv,202503,True,False
2025,3,San Martin,Moyobamba,Moyobamba,MOVISTAR,3.1871967,1283.0,0.6506311,400.0,10.382222,25523.0,1.8300583,2480.0,0.0,0.0,0.0,0.0,236.40936,1578.0,75.447784,39672.0,0.0,0.0,11.895603,5290308.0,15118.0,87.19903,38779849.0,100984.0,0.0,0.0,0.0,44472800.0,3.2661784,214.0,6552.0,1638.0,0.7646886,1251.0,163596.0,40899.0,0.0,0.0,0.0,0.0,dataset_2025.csv,202503,True,False
2025,3,Tacna,Candarave,Camilaca,MOVISTAR,0.0,0.0,0.0,0.0,13.584754,6420.0,3.5020134,427.0,0.0,0.0,0.0,0.0,155.29677,486.0,94.180695,10154.0,0.0,0.0,2.9361796,144467.0,1167.0,95.93958,4720455.0,6481.0,0.0,0.0,0.0,4920237.0,3.1187122,62.0,1988.0,497.0,1.7545063,767.0,43716.0,10929.0,0.0,0.0,0.0,0.0,dataset_2025.csv,202503,False,True
2025,3,Tumbes,Contralmirante Villar,Canoas De Punta Sal,MOVISTAR,5.0637236,654.0,0.0,0.0,12.675835,6814.0,3.5217927,745.0,0.0,0.0,0.0,0.0,156.80724,493.0,58.509357,10045.0,0.0,0.0,5.9508224,422259.0,6997.0,92.498604,6563524.0,23650.0,0.0,0.0,0.0,7095809.0,6.25,130.0,2080.0,520.0,0.52098763,211.0,40500.0,10125.0,0.0,0.0,0.0,0.0,dataset_2025.csv,202503,True,False
2025,3,Tumbes,Tumbes,Tumbes,MOVISTAR,5.0177712,2505.0,0.67564553,623.0,10.002752,48311.0,2.5978577,3641.0,0.0,0.0,0.0,0.0,192.84346,1618.0,61.365936,62493.0,0.0,0.0,3.1428776,1685535.0,18413.0,96.556366,51783479.0,173110.0,0.0,0.0,0.0,53630311.0,3.9194915,259.0,6608.0,1652.0,0.32910314,834.0,253416.0,63354.0,0.0,0.0,0.0,0.0,dataset_2025.csv,202503,True,False
2025,4,Arequipa,Arequipa,Alto Selva Alegre,MOVISTAR,0.0,0.0,0.0,0.0,10.890972,45972.0,2.807485,2759.0,0.0,0.0,0.0,0.0,0.0,0.0,64.76643,51008.0,0.0,0.0,0.009972069,4723.0,0.0,97.75882,46300811.0,160307.0,0.0,0.0,0.0,47362284.0,0.0,0.0,0.0,0.0,0.50918263,1058.0,207784.0,51946.0,0.0,0.0,0.0,0.0,dataset_2025.csv,202504,False,True
2025,4,Arequipa,Arequipa,Cayma,MOVISTAR,0.0,0.0,0.0,0.0,11.708547,53335.0,3.418331,3773.0,0.0,0.0,0.0,0.0,0.0,0.0,64.362175,77435.0,0.0,0.0,0.035606313,21582.0,0.0,97.58059,59146374.0,258727.0,0.0,0.0,0.0,60612849.0,0.0,0.0,0.0,0.0,0.51791644,1635.0,315688.0,78922.0,0.0,0.0,0.0,0.0,dataset_2025.csv,202504,False,True
2025,4,Arequipa,Arequipa,Jacobo Hunter,MOVISTAR,0.0,0.0,0.0,0.0,9.667902,26213.0,2.3330674,1487.0,0.0,0.0,0.0,0.0,0.0,0.0,65.137405,43944.0,0.0,0.0,0.07844396,34142.0,0.0,97.89429,42607575.0,157484.0,0.0,0.0,0.0,43524066.0,0.0,0.0,0.0,0.0,0.59918183,1078.0,179912.0,44978.0,0.0,0.0,0.0,0.0,dataset_2025.csv,202504,False,True
2025,4,Arequipa,Arequipa,Jose Luis Bustamante Y Rivero,MOVISTAR,0.0,0.0,0.0,0.0,11.140377,82621.0,2.7195497,4596.0,0.0,0.0,0.0,0.0,0.0,0.0,63.80304,123516.0,0.0,0.0,0.051382106,54267.0,0.0,97.56553,103043438.0,409271.0,0.0,0.0,0.0,105614593.0,0.0,0.0,0.0,0.0,0.52415735,2638.0,503284.0,125821.0,0.0,0.0,0.0,0.0,dataset_2025.csv,202504,False,True
2025,4,Arequipa,Arequipa,Mariano Melgar,MOVISTAR,0.0,0.0,0.0,0.0,11.506934,23992.0,2.3314042,1680.0,0.0,0.0,0.0,0.0,0.0,0.0,64.96204,32623.0,0.0,0.0,0.002391696,990.0,0.0,97.1578,40216744.0,123782.0,0.0,0.0,0.0,41393222.0,0.0,0.0,0.0,0.0,0.43538523,578.0,132756.0,33189.0,0.0,0.0,0.0,0.0,dataset_2025.csv,202504,False,True
2025,4,Arequipa,Arequipa,Miraflores,MOVISTAR,0.0,0.0,0.0,0.0,10.853097,46101.0,3.9420877,3906.0,0.0,0.0,0.0,0.0,0.0,0.0,63.714092,50973.0,0.0,0.0,0.017220268,8388.0,0.0,98.28717,47875720.0,161444.0,0.0,36.0,0.0,48710041.0,0.0,0.0,0.0,0.0,0.42254338,876.0,207316.0,51829.0,0.0,0.0,0.0,0.0,dataset_2025.csv,202504,False,True
2025,4,Arequipa,Arequipa,Paucarpata,MOVISTAR,0.0,0.0,0.0,0.0,10.0318985,64836.0,3.9688299,8047.0,0.0,0.0,0.0,0.0,0.0,0.0,64.93829,76313.0,0.0,0.0,0.03778644,26037.0,0.0,93.76812,64611554.0,246504.0,0.0,0.0,0.0,68905671.0,0.0,0.0,0.0,0.0,0.6360591,1990.0,312864.0,78216.0,0.0,0.0,0.0,0.0,dataset_2025.csv,202504,False,True
2025,4,Arequipa,Arequipa,Sachaca,MOVISTAR,0.0,0.0,0.0,0.0,11.204188,13344.0,2.1148462,657.0,0.0,0.0,0.0,0.0,0.0,0.0,63.44238,20168.0,0.0,0.0,0.039307233,5333.0,0.0,97.92291,13285669.0,60940.0,0.0,0.0,0.0,13567477.0,0.0,0.0,0.0,0.0,0.4612456,378.0,81952.0,20488.0,0.0,0.0,0.0,0.0,dataset_2025.csv,202504,False,True
2025,4,Arequipa,Arequipa,Socabaya,MOVISTAR,0.0,0.0,0.0,0.0,9.745872,40434.0,2.0805018,2804.0,0.0,0.0,0.0,0.0,0.0,0.0,63.824738,48115.0,0.0,0.0,0.0059280596,2650.0,0.0,97.29002,43491221.0,146686.0,0.0,0.0,0.0,44702653.0,0.0,0.0,0.0,0.0,0.55474126,1090.0,196488.0,49122.0,0.0,0.0,0.0,0.0,dataset_2025.csv,202504,False,True
2025,4,Arequipa,Arequipa,Tiabaya,MOVISTAR,0.0,0.0,0.0,0.0,11.338155,13262.0,2.551504,657.0,0.0,0.0,0.0,0.0,0.0,0.0,62.68093,16431.0,0.0,0.0,0.17668784,27381.0,714.0,90.37715,14005586.0,47334.0,0.0,0.0,0.0,15496822.0,0.0,0.0,0.0,0.0,0.30348557,202.0,66560.0,16640.0,0.0,0.0,0.0,0.0,dataset_2025.csv,202504,False,True
2025,4,Arequipa,Arequipa,Yanahuara,MOVISTAR,0.0,0.0,0.0,0.0,12.37199,17285.0,2.0300872,1366.0,0.0,0.0,0.0,0.0,0.0,0.0,63.047577,23433.0,0.0,0.0,0.012117222,2832.0,0.0,94.88962,22177312.0,99639.0,0.0,19.0,0.0,23371694.0,0.0,0.0,0.0,0.0,0.5200017,495.0,95192.0,23798.0,0.0,0.0,0.0,0.0,dataset_2025.csv,202504,False,True
2025,4,Ayacucho,Huamanga,Carmen Alto,MOVISTAR,6.7359424,445.0,0.0,0.0,8.994813,6702.0,4.937335,814.0,0.0,0.0,0.0,0.0,239.48361,519.0,68.7968,10059.0,0.0,0.0,3.6949656,437597.0,2850.0,95.34592,11291874.0,35515.0,0.0,0.0,0.0,11843060.0,2.9307282,66.0,2252.0,563.0,1.556906,661.0,42456.0,10614.0,0.0,0.0,0.0,0.0,dataset_2025.csv,202504,True,False
2025,4,Cajamarca,Celendin,Celendin,MOVISTAR,0.0,0.0,0.0,0.0,10.606169,11077.0,4.6602383,842.0,0.0,0.0,0.0,0.0,0.0,0.0,63.34625,15996.0,0.0,0.0,1.8359703,188726.0,4414.0,98.05177,10079095.0,34421.0,0.0,0.0,0.0,10279360.0,6.230032,0.0,0.0,0.0,0.33848533,219.0,64700.0,16175.0,0.0,0.0,0.0,0.0,dataset_2025.csv,202504,False,True
2025,4,Cajamarca,Santa Cruz,Santa Cruz,MOVISTAR,4.108717,701.0,0.0,0.0,9.196,12730.0,2.855347,1254.0,0.0,0.0,0.0,0.0,206.27364,681.0,70.148315,15758.0,0.0,0.0,9.347251,943737.0,10638.0,89.604805,9046870.0,30523.0,0.0,0.0,0.0,10096412.0,6.4120054,188.0,2932.0,733.0,0.5703658,368.0,64520.0,16130.0,0.0,0.0,0.0,0.0,dataset_2025.csv,202504,True,False
2025,4,Callao,Callao,Mi Peru,MOVISTAR,3.0842195,1656.0,0.68733996,423.0,10.595224,14259.0,3.4482646,1286.0,0.0,0.0,0.0,0.0,290.8801,603.0,60.365025,20482.0,0.0,0.0,5.4485774,1301344.0,11494.0,93.80373,22404181.0,81263.0,0.0,0.0,0.0,23884105.0,5.314371,142.0,2672.0,668.0,0.527815,441.0,83552.0,20888.0,0.0,0.0,0.0,0.0,dataset_2025.csv,202504,True,False
2025,4,Cusco,Acomayo,Pomacanchi,MOVISTAR,5.5118504,1570.0,0.0,0.0,10.062667,1953.0,0.0,0.0,0.0,0.0,0.0,0.0,100.338776,480.0,62.467976,5638.0,0.0,0.0,17.999023,451789.0,1202.0,81.074905,2035041.0,3256.0,0.0,0.0,0.0,2510075.0,3.2541323,63.0,1936.0,484.0,0.09736236,22.0,22596.0,5649.0,0.0,0.0,0.0,0.0,dataset_2025.csv,202504,True,False
2025,4,Cusco,Cusco,Cusco,MOVISTAR,3.09623,5988.0,0.6516243,2200.0,8.6622095,71197.0,2.349788,4378.0,0.0,0.0,0.0,0.0,233.93036,3657.0,73.5501,98564.0,0.0,0.0,5.374614,4594994.0,62946.0,91.09407,77880336.0,393939.0,0.0,0.0,0.0,85494406.0,6.9485474,1129.0,16248.0,4062.0,1.4060282,5861.0,416848.0,104212.0,0.0,0.0,0.0,0.0,dataset_2025.csv,202504,True,False
2025,4,Cusco,Cusco,San Jeronimo,MOVISTAR,3.2988586,3434.0,0.7168355,944.0,7.8616686,41054.0,3.0668736,3171.0,0.0,0.0,0.0,0.0,205.47743,2788.0,70.92331,52651.0,0.0,0.0,4.2993073,1942537.0,21107.0,93.11769,42072954.0,159791.0,0.0,0.0,0.0,45182559.0,5.42517,638.0,11760.0,2940.0,0.8862085,1947.0,219700.0,54925.0,0.0,0.0,0.0,0.0,dataset_2025.csv,202504,True,False
2025,4,Cusco,Cusco,San Sebastian,MOVISTAR,5.211986,5995.0,0.63662493,1604.0,9.268161,40125.0,2.6732278,2826.0,0.0,0.0,0.0,0.0,224.85115,3126.0,74.98878,49860.0,0.0,0.0,7.711623,4241473.0,36621.0,88.283226,48556693.0,186299.0,0.0,0.0,0.0,55001039.0,5.351196,707.0,13212.0,3303.0,1.4021279,2989.0,213176.0,53294.0,0.0,0.0,0.0,0.0,dataset_2025.csv,202504,True,False
2025,4,Cusco,Cusco,Santiago,MOVISTAR,3.8937206,5588.0,0.61602795,1860.0,7.616478,58175.0,2.7065308,5459.0,0.0,0.0,0.0,0.0,201.34924,2364.0,72.69493,64194.0,0.0,0.0,6.821405,3837998.0,35706.0,90.79667,51085872.0,210860.0,0.0,1933.0,0.0,56264039.0,6.4503365,652.0,10108.0,2527.0,0.94812006,2560.0,270008.0,67502.0,0.0,0.0,0.0,0.0,dataset_2025.csv,202504,True,False
2025,4,Cusco,Cusco,Wanchaq,MOVISTAR,3.4336133,2981.0,0.7742353,1319.0,9.122438,45343.0,2.8096187,4543.0,0.0,0.0,0.0,0.0,217.06117,1985.0,73.48827,73274.0,0.0,0.0,4.2206526,2826442.0,36078.0,93.75899,62787533.0,304828.0,0.0,60.0,0.0,66966946.0,6.0476413,523.0,8648.0,2162.0,1.3284664,4098.0,308476.0,77119.0,0.0,0.0,0.0,0.0,dataset_2025.csv,202504,True,False
2025,4,Cusco,La Convencion,Echarate,MOVISTAR,5.717776,1772.0,0.66584516,483.0,8.666848,9032.0,2.977916,795.0,0.0,0.0,0.0,0.0,261.7929,1514.0,85.543526,12413.0,0.0,0.0,5.756687,814067.0,4304.0,65.98695,9331374.0,23682.0,0.0,0.0,0.0,14141241.0,6.198738,393.0,6340.0,1585.0,1.5329663,824.0,53752.0,13438.0,0.0,0.0,0.0,0.0,dataset_2025.csv,202504,True,False
2025,4,Huancavelica,Tayacaja,Pampas,MOVISTAR,4.434495,1096.0,0.81157017,444.0,9.011733,13401.0,3.3768747,1145.0,0.0,0.0,0.0,0.0,188.65767,910.0,69.75311,12622.0,0.0,0.0,5.410686,482998.0,7036.0,93.25959,8325043.0,28810.0,0.0,0.0,0.0,8926742.0,5.4947915,211.0,3840.0,960.0,0.98627466,526.0,53332.0,13333.0,0.0,0.0,0.0,0.0,dataset_2025.csv,202504,True,False
2025,4,Ica,Chincha,Alto Laran,MOVISTAR,0.0,0.0,0.0,0.0,10.817869,12689.0,4.0602846,1541.0,0.0,0.0,0.0,0.0,0.0,0.0,66.04615,14988.0,0.0,0.0,0.14591283,12888.0,494.0,96.36469,8511576.0,35819.0,0.0,0.0,0.0,8832671.0,0.0,0.0,0.0,0.0,0.44855666,271.0,60416.0,15104.0,0.0,0.0,0.0,0.0,dataset_2025.csv,202504,False,True
2025,4,Ica,Chincha,Chincha Alta,MOVISTAR,0.0,0.0,0.0,0.0,12.034646,106964.0,2.977639,8224.0,0.0,0.0,0.0,0.0,0.0,0.0,59.758045,121045.0,0.0,0.0,0.011726928,10735.0,0.0,96.92871,88729951.0,335782.0,0.0,1750.0,0.0,91541452.0,0.0,0.0,0.0,0.0,0.28026676,1375.0,490604.0,122651.0,0.0,0.0,0.0,0.0,dataset_2025.csv,202504,False,True
2025,4,Ica,Chincha,Chincha Baja,MOVISTAR,0.0,0.0,0.0,0.0,12.097334,8070.0,0.0,0.0,0.0,0.0,0.0,0.0,0.0,0.0,65.42295,12571.0,0.0,0.0,0.18720378,26639.0,863.0,87.19544,12407866.0,45677.0,0.0,0.0,0.0,14229948.0,0.0,0.0,0.0,0.0,0.4743238,242.0,51020.0,12755.0,0.0,0.0,0.0,0.0,dataset_2025.csv,202504,False,True
2025,4,Ica,Chincha,El Carmen,MOVISTAR,0.0,0.0,0.0,0.0,12.873132,7352.0,2.8287768,651.0,0.0,0.0,0.0,0.0,0.0,0.0,64.100914,8542.0,0.0,0.0,1.6109884,134899.0,1657.0,95.863144,8027272.0,31604.0,0.0,0.0,0.0,8373679.0,5.882353,0.0,0.0,0.0,0.6444037,225.0,34916.0,8729.0,0.0,0.0,0.0,0.0,dataset_2025.csv,202504,False,True
2025,4,Ica,Chincha,Pueblo Nuevo,MOVISTAR,0.0,0.0,0.0,0.0,8.464224,34520.0,2.5734835,2079.0,0.0,0.0,0.0,0.0,0.0,0.0,65.32284,51191.0,0.0,0.0,0.4091764,166504.0,0.0,96.87431,39420553.0,142902.0,0.0,0.0,0.0,40692473.0,0.0,0.0,0.0,0.0,0.3773458,785.0,208032.0,52008.0,0.0,0.0,0.0,0.0,dataset_2025.csv,202504,False,True
2025,4,Ica,Chincha,Sunampe,MOVISTAR,0.0,0.0,0.0,0.0,10.575775,29354.0,3.2121089,1619.0,0.0,0.0,0.0,0.0,0.0,0.0,58.57482,34754.0,0.0,0.0,0.06572668,16387.0,0.0,95.68933,23857299.0,86167.0,0.0,0.0,0.0,24932037.0,0.0,0.0,0.0,0.0,0.17633285,247.0,140076.0,35019.0,0.0,0.0,0.0,0.0,dataset_2025.csv,202504,False,True
2025,4,Ica,Ica,Ica,MOVISTAR,4.5591526,5510.0,0.7408596,2384.0,10.782593,189540.0,2.9308336,12599.0,0.0,0.0,0.0,0.0,176.61826,5516.0,59.638603,254768.0,0.0,0.0,4.5389194,9320181.0,74274.0,95.17468,195430934.0,694566.0,0.0,56.0,0.0,205339201.0,4.333039,981.0,22640.0,5660.0,0.42300302,4386.0,1036872.0,259218.0,0.0,0.0,0.0,0.0,dataset_2025.csv,202504,True,False
2025,4,Ica,Ica,La Tinguiña,MOVISTAR,4.325194,532.0,0.0,0.0,9.140835,19126.0,3.994912,1554.0,0.0,0.0,0.0,0.0,192.33038,509.0,58.747704,27601.0,0.0,0.0,6.358013,1514337.0,6774.0,93.55606,22282968.0,60973.0,0.0,0.0,0.0,23817771.0,4.442344,94.0,2116.0,529.0,0.47923887,542.0,113096.0,28274.0,0.0,0.0,0.0,0.0,dataset_2025.csv,202504,True,False
2025,4,Ica,Ica,Parcona,MOVISTAR,4.837887,1088.0,0.68096256,466.0,8.925073,29339.0,4.968379,3734.0,0.0,0.0,0.0,0.0,194.98093,773.0,66.273415,35482.0,0.0,0.0,5.8200645,2113302.0,13762.0,93.99293,34129421.0,96861.0,0.0,0.0,0.0,36310627.0,4.9190536,158.0,3212.0,803.0,0.40820527,595.0,145760.0,36440.0,0.0,0.0,0.0,0.0,dataset_2025.csv,202504,True,False
2025,4,Ica,Ica,Subtanjalla,MOVISTAR,3.587103,919.0,0.0,0.0,7.2857714,10807.0,3.6607635,1388.0,0.0,0.0,0.0,0.0,210.42796,706.0,61.467037,17706.0,0.0,0.0,11.037556,1947426.0,11169.0,88.60851,15633762.0,58528.0,0.0,6.0,0.0,17643635.0,5.3810163,161.0,2992.0,748.0,0.6865491,500.0,72828.0,18207.0,0.0,0.0,0.0,0.0,dataset_2025.csv,202504,True,False
2025,4,Junin,Chanchamayo,Chanchamayo,MOVISTAR,4.8861203,1674.0,0.63761437,646.0,8.254617,31793.0,3.8912241,3171.0,0.0,0.0,0.0,0.0,195.00473,2060.0,62.128494,36981.0,0.0,0.0,3.9133863,1239621.0,14688.0,94.34569,29885343.0,86718.0,0.0,0.0,0.0,31676427.0,4.0976057,356.0,8688.0,2172.0,1.0409377,1785.0,171480.0,42870.0,0.0,0.0,0.0,0.0,dataset_2025.csv,202504,True,False
2025,4,Junin,Huancayo,Chilca,MOVISTAR,0.0,0.0,0.0,0.0,8.788669,63187.0,2.7487698,4935.0,0.0,0.0,0.0,0.0,0.0,0.0,61.19455,77059.0,0.0,0.0,0.0056718015,3961.0,0.0,96.19574,67179952.0,236245.0,0.0,0.0,0.0,69836720.0,0.0,0.0,0.0,0.0,0.630112,2003.0,317880.0,79470.0,0.0,0.0,0.0,0.0,dataset_2025.csv,202504,False,True
2025,4,Junin,Huancayo,El Tambo,MOVISTAR,0.0,0.0,0.0,0.0,10.942519,220053.0,3.125578,17550.0,0.0,0.0,0.0,0.0,0.0,0.0,59.589855,276595.0,0.0,0.0,0.029939698,74615.0,929.0,95.931,239076956.0,866383.0,0.0,0.0,0.0,249217613.0,0.0,0.0,0.0,0.0,0.35023996,3938.0,1124372.0,281093.0,0.0,0.0,0.0,0.0,dataset_2025.csv,202504,False,True
2025,4,Junin,Huancayo,Huancayo,MOVISTAR,0.0,0.0,0.0,0.0,10.337937,171556.0,2.947065,16050.0,0.0,0.0,0.0,0.0,0.0,0.0,59.21197,246270.0,0.0,0.0,0.0147182755,28190.0,404.0,97.37403,186501066.0,809028.0,0.0,0.0,0.0,191530596.0,0.0,0.0,0.0,0.0,0.39694256,3980.0,1002664.0,250666.0,0.0,0.0,0.0,0.0,dataset_2025.csv,202504,False,True
2025,4,Junin,Huancayo,Pilcomayo,MOVISTAR,0.0,0.0,0.0,0.0,8.642329,13277.0,2.393324,997.0,0.0,0.0,0.0,0.0,0.0,0.0,61.899452,20156.0,0.0,0.0,0.16951157,27405.0,0.0,95.77236,15483554.0,69312.0,0.0,0.0,0.0,16167038.0,0.0,0.0,0.0,0.0,0.977039,817.0,83620.0,20905.0,0.0,0.0,0.0,0.0,dataset_2025.csv,202504,False,True
2025,4,Junin,Huancayo,San Agustin,MOVISTAR,0.0,0.0,0.0,0.0,8.748566,20040.0,3.6461277,2131.0,0.0,0.0,0.0,0.0,0.0,0.0,59.222282,24360.0,0.0,0.0,0.1591498,42160.0,672.0,96.75799,25631933.0,74414.0,0.0,0.0,0.0,26490766.0,0.0,0.0,0.0,0.0,0.39396986,392.0,99500.0,24875.0,0.0,0.0,0.0,0.0,dataset_2025.csv,202504,False,True
2025,4,Junin,Junin,Carhuamayo,MOVISTAR,6.585027,1129.0,1.2585905,406.0,12.694512,8632.0,4.180547,2186.0,0.0,0.0,0.0,0.0,128.35544,642.0,53.8456,6310.0,0.0,0.0,12.359266,557615.0,4577.0,86.01025,3880538.0,12691.0,0.0,0.0,0.0,4511716.0,1.8875192,49.0,2596.0,649.0,0.56702644,145.0,25572.0,6393.0,0.0,0.0,0.0,0.0,dataset_2025.csv,202504,True,False
2025,4,La Libertad,Trujillo,El Porvenir,MOVISTAR,0.0,0.0,0.0,0.0,8.558382,44674.0,3.4068425,4000.0,0.0,0.0,0.0,0.0,0.0,0.0,64.623276,50654.0,0.0,0.0,0.012839082,9044.0,0.0,90.29027,63601527.0,238624.0,0.0,0.0,0.0,70441177.0,0.0,0.0,0.0,0.0,0.84626436,1767.0,208800.0,52200.0,0.0,0.0,0.0,0.0,dataset_2025.csv,202504,False,True
2025,4,La Libertad,Trujillo,La Esperanza,MOVISTAR,0.0,0.0,0.0,0.0,11.1008415,79940.0,2.7467656,4574.0,0.0,0.0,0.0,0.0,0.0,0.0,57.8111,100763.0,0.0,0.0,0.024687136,21167.0,0.0,94.911674,81378229.0,286600.0,0.0,0.0,0.0,85741010.0,0.0,0.0,0.0,0.0,0.5254508,2155.0,410124.0,102531.0,0.0,0.0,0.0,0.0,dataset_2025.csv,202504,False,True
2025,4,La Libertad,Trujillo,Moche,MOVISTAR,0.0,0.0,0.0,0.0,11.692551,32155.0,2.8829877,1902.0,0.0,0.0,0.0,0.0,0.0,0.0,59.846855,35487.0,0.0,0.0,0.034798816,9136.0,0.0,96.99415,25464618.0,88194.0,0.0,0.0,0.0,26253768.0,0.0,0.0,0.0,0.0,0.25163108,361.0,143464.0,35866.0,0.0,0.0,0.0,0.0,dataset_2025.csv,202504,False,True
2025,4,La Libertad,Trujillo,Trujillo,MOVISTAR,0.0,0.0,0.0,0.0,12.862441,306632.0,2.5909398,22174.0,0.0,0.0,0.0,0.0,0.0,0.0,59.452137,407862.0,0.0,0.0,0.019849097,63185.0,924.0,96.80375,308152279.0,1281447.0,0.0,190.0,0.0,318326812.0,0.0,0.0,0.0,0.0,0.36647016,6040.0,1648156.0,412039.0,0.0,0.0,0.0,0.0,dataset_2025.csv,202504,False,True
2025,4,La Libertad,Trujillo,Victor Larco Herrera,MOVISTAR,0.0,0.0,0.0,0.0,14.227905,41565.0,2.8329692,3381.0,0.0,0.0,0.0,0.0,0.0,0.0,59.21888,61718.0,0.0,0.0,0.009223362,4940.0,0.0,96.7255,51805836.0,187942.0,0.0,0.0,0.0,53559645.0,0.0,0.0,0.0,0.0,0.34685937,863.0,248804.0,62201.0,0.0,0.0,0.0,0.0,dataset_2025.csv,202504,False,True
2025,4,Lambayeque,Chiclayo,Chiclayo,MOVISTAR,0.0,0.0,0.0,0.0,10.00334,165090.0,2.9164555,18513.0,0.0,0.0,0.0,0.0,0.0,0.0,63.303326,218168.0,0.0,0.0,0.104846574,193328.0,1062.0,96.97542,178814274.0,698992.0,0.0,33.0,0.0,184391343.0,0.0,0.0,0.0,0.0,0.42770284,3807.0,890104.0,222526.0,0.0,0.0,0.0,0.0,dataset_2025.csv,202504,False,True
2025,4,Lambayeque,Chiclayo,Jose Leonardo Ortiz,MOVISTAR,0.0,0.0,0.0,0.0,10.893092,65525.0,3.1073697,5245.0,0.0,0.0,0.0,0.0,0.0,0.0,62.5329,74097.0,0.0,0.0,0.016688626,11241.0,0.0,95.642136,64421911.0,211039.0,0.0,410.0,0.0,67357248.0,0.0,0.0,0.0,0.0,0.6376022,1915.0,300344.0,75086.0,0.0,0.0,0.0,0.0,dataset_2025.csv,202504,False,True
2025,4,Lambayeque,Chiclayo,La Victoria,MOVISTAR,0.0,0.0,0.0,0.0,9.943248,45685.0,2.6218352,3209.0,0.0,0.0,0.0,0.0,0.0,0.0,61.90704,55053.0,0.0,0.0,0.13341388,63332.0,504.0,95.73598,45446178.0,155207.0,0.0,0.0,0.0,47470323.0,0.0,0.0,0.0,0.0,0.4583638,1028.0,224276.0,56069.0,0.0,0.0,0.0,0.0,dataset_2025.csv,202504,False,True
2025,4,Lambayeque,Chiclayo,Pimentel,MOVISTAR,0.0,0.0,0.0,0.0,10.029208,51535.0,2.2182102,4135.0,0.0,0.0,0.0,0.0,0.0,0.0,63.82154,54589.0,0.0,0.0,0.13058767,63051.0,512.0,97.16954,46915889.0,159257.0,0.0,0.0,0.0,48282505.0,0.0,0.0,0.0,0.0,0.4604225,1027.0,223056.0,55764.0,0.0,0.0,0.0,0.0,dataset_2025.csv,202504,False,True
2025,4,Lima,Cañete,Asia,MOVISTAR,4.317124,1725.0,0.6621022,480.0,12.19376,29873.0,2.2850633,2277.0,0.0,0.0,0.0,0.0,196.73897,977.0,54.00458,34678.0,0.0,0.0,3.2202854,889336.0,14217.0,94.90995,26210981.0,105679.0,0.0,0.0,0.0,27616683.0,3.979981,167.0,4196.0,1049.0,0.5197179,728.0,140076.0,35019.0,0.0,0.0,0.0,0.0,dataset_2025.csv,202504,True,False
2025,4,Lima,Cañete,Cerro Azul,MOVISTAR,5.0930862,1375.0,0.0,0.0,12.008636,26331.0,3.9064221,1958.0,0.0,0.0,0.0,0.0,153.2765,727.0,60.854618,27238.0,0.0,0.0,2.712617,367631.0,6940.0,96.833275,13123457.0,54398.0,0.0,0.0,0.0,13552632.0,3.6513157,111.0,3040.0,760.0,0.4522893,503.0,111212.0,27803.0,0.0,0.0,0.0,0.0,dataset_2025.csv,202504,True,False
2025,4,Lima,Cañete,Chilca,MOVISTAR,3.3991277,1019.0,0.0,0.0,10.418931,13544.0,3.1478508,890.0,0.0,0.0,0.0,0.0,243.99681,774.0,68.02851,18227.0,0.0,0.0,8.0372305,1526732.0,18540.0,90.78641,17245557.0,82859.0,0.0,5.0,0.0,18995748.0,5.9594755,200.0,3356.0,839.0,1.1075618,846.0,76384.0,19096.0,0.0,0.0,0.0,0.0,dataset_2025.csv,202504,True,False
2025,4,Lima,Cañete,Mala,MOVISTAR,4.433294,884.0,0.0,0.0,12.105468,56207.0,4.464298,6304.0,0.0,0.0,0.0,0.0,192.30067,747.0,56.88968,60322.0,0.0,0.0,3.6096091,2047056.0,19709.0,95.21688,53998725.0,166762.0,0.0,0.0,0.0,56711292.0,4.1666665,137.0,3288.0,822.0,0.48344913,1183.0,244700.0,61175.0,0.0,0.0,0.0,0.0,dataset_2025.csv,202504,True,False
2025,4,Lima,Huaura,Huaura,MOVISTAR,5.113546,1350.0,0.0,0.0,9.181675,11198.0,2.2800338,1294.0,0.0,0.0,0.0,0.0,253.57051,635.0,62.93207,10382.0,0.0,0.0,9.498397,941350.0,9931.0,88.846146,8805204.0,36485.0,0.0,0.0,0.0,9910620.0,2.3367953,63.0,2696.0,674.0,0.5671166,242.0,42672.0,10668.0,0.0,0.0,0.0,0.0,dataset_2025.csv,202504,True,False
2025,4,Lima,Lima,Barranco,MOVISTAR,5.80695,1382.0,0.92663705,443.0,12.166245,42803.0,3.6142552,2761.0,0.0,0.0,0.0,0.0,224.3559,913.0,59.405487,57606.0,0.0,0.0,3.4538429,1534285.0,13684.0,96.12391,42700689.0,217129.0,0.0,10.0,0.0,44422547.0,3.7344398,144.0,3856.0,964.0,0.2940822,683.0,232248.0,58062.0,0.0,0.0,0.0,0.0,dataset_2025.csv,202504,True,False
2025,4,Lima,Lima,Breña,MOVISTAR,4.8363147,2407.0,0.80841035,740.0,12.154782,65890.0,3.4427426,5788.0,0.0,0.0,0.0,0.0,176.53432,1988.0,57.16007,88916.0,0.0,0.0,3.2643843,2475263.0,34033.0,96.36506,73070090.0,300303.0,0.0,1473.0,0.0,75826335.0,5.2911277,458.0,8656.0,2164.0,0.46247914,1664.0,359800.0,89950.0,0.0,0.0,0.0,0.0,dataset_2025.csv,202504,True,False
2025,4,Lima,Lima,Carabayllo,MOVISTAR,4.1676397,3247.0,0.6513982,1241.0,12.568585,178972.0,3.4839587,11504.0,0.0,0.0,0.0,0.0,173.72125,3396.0,53.915768,209895.0,0.0,0.0,3.9027586,6803460.0,59507.0,95.30703,166143394.0,515719.0,0.0,12.0,0.0,174324388.0,3.9019337,565.0,14480.0,3620.0,0.46013498,3911.0,849968.0,212492.0,0.0,0.0,0.0,0.0,dataset_2025.csv,202504,True,False
2025,4,Lima,Lima,Comas,MOVISTAR,4.120542,5121.0,0.59710246,1610.0,12.256554,228790.0,3.2217038,14488.0,0.0,0.0,0.0,0.0,213.25117,4827.0,55.767628,291635.0,0.0,0.0,5.426516,15796304.0,122517.0,94.09771,273913524.0,994817.0,0.0,121.0,0.0,291094774.0,4.792697,1008.0,21032.0,5258.0,0.4975158,5888.0,1183480.0,295870.0,0.0,0.0,0.0,0.0,dataset_2025.csv,202504,True,False
2025,4,Lima,Lima,El Agustino,MOVISTAR,3.8696353,1542.0,0.63486713,636.0,11.281615,72650.0,3.409004,5234.0,0.0,0.0,0.0,0.0,231.22313,2332.0,58.755806,91501.0,0.0,0.0,7.0760827,6700053.0,72239.0,91.58284,86716038.0,421755.0,0.0,1200.0,0.0,94685903.0,6.116616,642.0,10496.0,2624.0,1.4781334,5566.0,376556.0,94139.0,0.0,0.0,0.0,0.0,dataset_2025.csv,202504,True,False
2025,4,Lima,Lima,Independencia,MOVISTAR,4.3481994,2626.0,0.58788514,1016.0,11.73603,107465.0,3.933684,7979.0,0.0,0.0,0.0,0.0,234.48802,2631.0,58.149586,141492.0,0.0,0.0,4.76525,5138124.0,61670.0,94.78412,102200835.0,494517.0,0.0,488.0,0.0,107824853.0,7.894737,948.0,12008.0,3002.0,0.8664,5008.0,578024.0,144506.0,0.0,0.0,0.0,0.0,dataset_2025.csv,202504,True,False
2025,4,Lima,Lima,Los Olivos,MOVISTAR,4.353135,3356.0,0.7119942,1182.0,11.766205,197577.0,3.2713814,14267.0,0.0,0.0,0.0,0.0,199.20058,3342.0,56.111565,265181.0,0.0,0.0,4.1231947,10973171.0,107596.0,95.602615,254429847.0,1013495.0,0.0,189.0,0.0,266132726.0,5.3453946,780.0,14592.0,3648.0,0.5247071,5641.0,1075076.0,268769.0,0.0,0.0,0.0,0.0,dataset_2025.csv,202504,True,False
2025,4,Lima,Lima,Puente Piedra,MOVISTAR,4.0675187,4774.0,0.56902766,1485.0,12.964711,145706.0,3.1932635,9580.0,0.0,0.0,0.0,0.0,187.16824,3268.0,57.733566,154811.0,0.0,0.0,6.1123047,8841478.0,74840.0,93.29482,134951414.0,551313.0,0.0,58.0,0.0,144650482.0,4.9277825,696.0,14124.0,3531.0,0.7082732,4473.0,631536.0,157884.0,0.0,0.0,0.0,0.0,dataset_2025.csv,202504,True,False
2025,4,Lima,Lima,Punta Negra,MOVISTAR,0.0,0.0,0.0,0.0,11.016806,13116.0,4.06876,2542.0,0.0,0.0,0.0,0.0,0.0,0.0,54.456112,14477.0,0.0,0.0,3.3030775,268831.0,3813.0,96.11951,7822978.0,34428.0,0.0,0.0,0.0,8138804.0,6.120944,0.0,0.0,0.0,0.4770342,280.0,58696.0,14674.0,0.0,0.0,0.0,0.0,dataset_2025.csv,202504,False,True
2025,4,Lima,Lima,San Juan De Lurigancho,MOVISTAR,4.6164646,14485.0,0.62886405,3399.0,12.25904,380570.0,3.3138466,27189.0,0.0,0.0,0.0,0.0,207.78229,10164.0,55.309483,463492.0,0.0,0.0,7.081847,34263082.0,256774.0,92.08656,445529169.0,1579589.0,0.0,1777.0,0.0,483815611.0,5.716882,2579.0,45112.0,11278.0,0.6359147,11986.0,1884844.0,471211.0,0.0,0.0,0.0,0.0,dataset_2025.csv,202504,True,False
2025,4,Lima,Lima,San Luis,MOVISTAR,5.5468197,6893.0,0.7201112,1540.0,9.835608,56760.0,2.821186,3347.0,0.0,0.0,0.0,0.0,289.51694,2850.0,59.48564,82245.0,0.0,0.0,4.2615557,2624371.0,30740.0,95.40672,58753815.0,252490.0,0.0,3903.0,0.0,61582467.0,3.7573674,459.0,12216.0,3054.0,0.39261535,1313.0,334424.0,83606.0,0.0,0.0,0.0,0.0,dataset_2025.csv,202504,True,False
2025,4,Lima,Lima,San Martin De Porres,MOVISTAR,4.2388573,8381.0,0.6735905,2681.0,12.106983,304633.0,3.2976885,23124.0,0.0,0.0,0.0,0.0,251.10483,8831.0,57.626137,405242.0,0.0,0.0,7.622157,31419711.0,230916.0,91.69368,377975532.0,1549738.0,0.0,154.0,0.0,412215477.0,5.8785796,2291.0,38972.0,9743.0,0.56696415,9323.0,1644372.0,411093.0,0.0,0.0,0.0,0.0,dataset_2025.csv,202504,True,False
2025,4,Piura,Piura,Castilla,MOVISTAR,0.0,0.0,0.0,0.0,10.881612,81039.0,2.5211806,5411.0,0.0,0.0,0.0,0.0,0.0,0.0,64.54752,129467.0,0.0,0.0,0.14623705,144908.0,1340.0,96.19025,95316046.0,317331.0,0.0,31.0,0.0,99091174.0,5.3317537,0.0,0.0,0.0,0.4533429,2399.0,529180.0,132295.0,0.0,0.0,0.0,0.0,dataset_2025.csv,202504,False,True
2025,4,Piura,Piura,Catacaos,MOVISTAR,0.0,0.0,0.0,0.0,9.032509,20579.0,2.6662495,1661.0,0.0,0.0,0.0,0.0,0.0,0.0,64.565475,34768.0,0.0,0.0,0.049669325,15742.0,442.0,98.203964,31124377.0,97995.0,0.0,0.0,0.0,31693605.0,0.0,0.0,0.0,0.0,0.46500453,658.0,141504.0,35376.0,0.0,0.0,0.0,0.0,dataset_2025.csv,202504,False,True
2025,4,Piura,Piura,Piura,MOVISTAR,0.0,0.0,0.0,0.0,10.639119,131065.0,2.6473618,8797.0,0.0,0.0,0.0,0.0,0.0,0.0,63.975834,190704.0,0.0,0.0,0.053136453,81460.0,1939.0,94.63608,145080339.0,566913.0,0.0,47.0,0.0,153303420.0,5.5309734,0.0,0.0,0.0,0.40993997,3169.0,773040.0,193260.0,0.0,0.0,0.0,0.0,dataset_2025.csv,202504,False,True
2025,4,Piura,Piura,Veintiseis De Octubre,MOVISTAR,0.0,0.0,0.0,0.0,9.739422,91844.0,2.757856,8717.0,0.0,0.0,0.0,0.0,0.0,0.0,64.04497,124987.0,0.0,0.0,0.011110479,10552.0,0.0,98.744225,93780746.0,317008.0,0.0,0.0,0.0,94973402.0,0.0,0.0,0.0,0.0,0.48048297,2453.0,510528.0,127632.0,0.0,0.0,0.0,0.0,dataset_2025.csv,202504,False,True
2025,4,Puno,Puno,Puno,MOVISTAR,4.799196,11494.0,0.71350265,4177.0,8.982856,205377.0,2.4154522,13891.0,0.0,0.0,0.0,0.0,195.14224,6745.0,72.5531,220001.0,0.0,0.0,4.575801,7867794.0,90690.0,94.84245,163075467.0,617917.0,0.0,0.0,0.0,171943542.0,6.0710273,1730.0,28496.0,7124.0,0.64311016,5846.0,909020.0,227255.0,0.0,0.0,0.0,0.0,dataset_2025.csv,202504,True,False
2025,4,Puno,San Roman,Caracoto,MOVISTAR,4.6028285,1302.0,0.0,0.0,8.077366,12916.0,3.5799916,1251.0,0.0,0.0,0.0,0.0,203.34508,680.0,70.78734,14189.0,0.0,0.0,8.876442,811550.0,10749.0,90.58714,8282147.0,35619.0,0.0,0.0,0.0,9142740.0,4.9113235,144.0,2932.0,733.0,0.7631112,447.0,58576.0,14644.0,0.0,0.0,0.0,0.0,dataset_2025.csv,202504,True,False
2025,4,Puno,San Roman,Juliaca,MOVISTAR,4.5007086,13525.0,0.7021731,4607.0,9.306541,279456.0,3.0607677,21187.0,0.0,0.0,0.0,0.0,231.65634,9292.0,70.80694,302279.0,0.0,0.0,5.5240064,12818796.0,114133.0,93.76947,217597825.0,772214.0,0.0,0.0,0.0,232056145.0,5.323697,2092.0,39296.0,9824.0,0.9104915,11512.0,1264372.0,316093.0,0.0,0.0,0.0,0.0,dataset_2025.csv,202504,True,False
2025,4,Puno,San Roman,San Miguel,MOVISTAR,4.7016964,6345.0,0.69768566,2425.0,8.854111,40057.0,4.49782,3616.0,0.0,0.0,0.0,0.0,268.16962,3304.0,74.004585,37572.0,0.0,0.0,7.54893,2585643.0,23615.0,91.93847,31490564.0,108138.0,0.0,0.0,0.0,34251781.0,4.3844366,604.0,13776.0,3444.0,0.83634835,1313.0,156992.0,39248.0,0.0,0.0,0.0,0.0,dataset_2025.csv,202504,True,False
2025,4,San Martin,Moyobamba,Moyobamba,MOVISTAR,4.236556,963.0,0.0,0.0,11.308178,20936.0,2.308774,1772.0,0.0,0.0,0.0,0.0,173.0947,1849.0,78.966446,31949.0,0.0,0.0,7.917724,3064748.0,12646.0,89.53464,34656561.0,93443.0,0.0,0.0,0.0,38707435.0,1.9381875,148.0,7636.0,1909.0,0.77175003,1018.0,131908.0,32977.0,0.0,0.0,0.0,0.0,dataset_2025.csv,202504,True,False
2025,4,Tacna,Candarave,Camilaca,MOVISTAR,0.0,0.0,0.0,0.0,7.314291,2584.0,0.0,0.0,0.0,0.0,0.0,0.0,0.0,0.0,111.151276,7816.0,0.0,0.0,1.7185843,57740.0,584.0,96.17223,3231139.0,4375.0,0.0,0.0,0.0,3359742.0,4.642857,0.0,0.0,0.0,0.9017846,285.0,31604.0,7901.0,0.0,0.0,0.0,0.0,dataset_2025.csv,202504,False,True
2025,4,Tumbes,Contralmirante Villar,Canoas De Punta Sal,MOVISTAR,4.4282594,909.0,0.0,0.0,14.939695,7402.0,3.0795863,724.0,0.0,0.0,0.0,0.0,140.22318,759.0,64.882706,8735.0,0.0,0.0,6.5286365,401783.0,6548.0,92.698425,5704813.0,22190.0,0.0,0.0,0.0,6154164.0,4.449424,139.0,3124.0,781.0,0.7096811,251.0,35368.0,8842.0,0.0,0.0,0.0,0.0,dataset_2025.csv,202504,True,False
2025,4,Tumbes,Tumbes,Tumbes,MOVISTAR,5.126181,1786.0,0.88098395,764.0,10.170967,43019.0,2.399421,3373.0,0.0,0.0,0.0,0.0,166.44438,1820.0,67.65563,59273.0,0.0,0.0,3.7424872,2055875.0,17701.0,96.088356,52784586.0,182150.0,0.0,0.0,0.0,54933386.0,3.4603004,258.0,7456.0,1864.0,0.37725523,910.0,241216.0,60304.0,0.0,0.0,0.0,0.0,dataset_2025.csv,202504,True,False
2025,5,Arequipa,Arequipa,Alto Selva Alegre,MOVISTAR,0.0,0.0,0.0,0.0,10.906003,43838.0,2.699009,2957.0,0.0,0.0,0.0,0.0,0.0,0.0,65.41373,49786.0,0.0,0.0,0.012780523,5802.0,0.0,96.944855,44010250.0,153117.0,0.0,0.0,0.0,45397202.0,0.0,0.0,0.0,0.0,0.4953035,1004.0,202704.0,50676.0,0.0,0.0,0.0,0.0,dataset_2025.csv,202505,False,True
2025,5,Arequipa,Arequipa,Cayma,MOVISTAR,0.0,0.0,0.0,0.0,12.052155,60056.0,3.388685,3741.0,0.0,0.0,0.0,0.0,0.0,0.0,66.70668,72379.0,0.0,0.0,0.024925629,16390.0,0.0,96.28482,63312675.0,256833.0,0.0,0.0,0.0,65755615.0,0.0,0.0,0.0,0.0,0.5771625,1706.0,295584.0,73896.0,0.0,0.0,0.0,0.0,dataset_2025.csv,202505,False,True
2025,5,Arequipa,Arequipa,Jacobo Hunter,MOVISTAR,0.0,0.0,0.0,0.0,9.642931,31486.0,2.2560565,2014.0,0.0,0.0,0.0,0.0,0.0,0.0,65.76059,51259.0,0.0,0.0,0.03360942,16283.0,0.0,97.516335,47244448.0,175685.0,0.0,0.0,0.0,48447726.0,0.0,0.0,0.0,0.0,0.60977936,1278.0,209584.0,52396.0,0.0,0.0,0.0,0.0,dataset_2025.csv,202505,False,True
2025,5,Arequipa,Arequipa,Jose Luis Bustamante Y Rivero,MOVISTAR,0.0,0.0,0.0,0.0,11.394828,87902.0,2.6974463,5290.0,0.0,0.0,0.0,0.0,0.0,0.0,64.789505,127879.0,0.0,0.0,0.008202216,7940.0,0.0,98.066864,94931777.0,391060.0,0.0,0.0,0.0,96803115.0,0.0,0.0,0.0,0.0,0.38144544,1979.0,518816.0,129704.0,0.0,0.0,0.0,0.0,dataset_2025.csv,202505,False,True
2025,5,Arequipa,Arequipa,Mariano Melgar,MOVISTAR,0.0,0.0,0.0,0.0,11.604374,33471.0,2.4852326,2128.0,0.0,0.0,0.0,0.0,0.0,0.0,65.08123,38054.0,0.0,0.0,0.026218466,11052.0,0.0,98.456955,41503049.0,137059.0,0.0,0.0,0.0,42153496.0,0.0,0.0,0.0,0.0,0.48576128,756.0,155632.0,38908.0,0.0,0.0,0.0,0.0,dataset_2025.csv,202505,False,True
2025,5,Arequipa,Arequipa,Miraflores,MOVISTAR,0.0,0.0,0.0,0.0,11.023167,48331.0,2.7875755,2982.0,0.0,0.0,0.0,0.0,0.0,0.0,66.14741,50785.0,0.0,0.0,0.008438974,3509.0,0.0,97.74853,40644704.0,158480.0,0.0,0.0,0.0,41580887.0,0.0,0.0,0.0,0.0,0.5810943,1212.0,208572.0,52143.0,0.0,0.0,0.0,0.0,dataset_2025.csv,202505,False,True
2025,5,Arequipa,Arequipa,Paucarpata,MOVISTAR,0.0,0.0,0.0,0.0,10.129614,65770.0,2.9214966,5943.0,0.0,0.0,0.0,0.0,0.0,0.0,66.508064,77468.0,0.0,0.0,0.0054891813,3973.0,0.0,94.68951,68535071.0,262848.0,0.0,0.0,0.0,72378737.0,0.0,0.0,0.0,0.0,0.56666416,1799.0,317472.0,79368.0,0.0,0.0,0.0,0.0,dataset_2025.csv,202505,False,True
2025,5,Arequipa,Arequipa,Sachaca,MOVISTAR,0.0,0.0,0.0,0.0,10.344257,12237.0,1.8908353,936.0,0.0,0.0,0.0,0.0,0.0,0.0,64.27465,19465.0,0.0,0.0,0.016032808,2526.0,0.0,98.42306,15506744.0,61682.0,0.0,0.0,0.0,15755194.0,0.0,0.0,0.0,0.0,0.43203637,342.0,79160.0,19790.0,0.0,0.0,0.0,0.0,dataset_2025.csv,202505,False,True
2025,5,Arequipa,Arequipa,Socabaya,MOVISTAR,0.0,0.0,0.0,0.0,10.173679,36579.0,2.6540158,2416.0,0.0,0.0,0.0,0.0,0.0,0.0,65.3855,46349.0,0.0,0.0,0.005983955,2665.0,0.0,97.17927,43279526.0,143139.0,0.0,0.0,0.0,44535762.0,0.0,0.0,0.0,0.0,0.52075607,983.0,188764.0,47191.0,0.0,0.0,0.0,0.0,dataset_2025.csv,202505,False,True
2025,5,Arequipa,Arequipa,Tiabaya,MOVISTAR,0.0,0.0,0.0,0.0,13.14253,9115.0,1.9917767,466.0,0.0,0.0,0.0,0.0,0.0,0.0,64.45697,11683.0,0.0,0.0,0.16527788,27476.0,714.0,89.86605,14939444.0,45022.0,0.0,0.0,0.0,16624124.0,0.0,0.0,0.0,0.0,0.42648426,202.0,47364.0,11841.0,0.0,0.0,0.0,0.0,dataset_2025.csv,202505,False,True
2025,5,Arequipa,Arequipa,Yanahuara,MOVISTAR,0.0,0.0,0.0,0.0,14.214778,19736.0,2.9144232,1696.0,0.0,0.0,0.0,0.0,0.0,0.0,63.296368,26439.0,0.0,0.0,0.0059265136,1587.0,0.0,96.73226,25902935.0,117247.0,0.0,19.0,0.0,26777970.0,0.0,0.0,0.0,0.0,0.5264137,566.0,107520.0,26880.0,0.0,0.0,0.0,0.0,dataset_2025.csv,202505,False,True
2025,5,Ayacucho,Huamanga,Carmen Alto,MOVISTAR,0.0,0.0,0.0,0.0,8.107704,7632.0,4.217909,583.0,0.0,0.0,0.0,0.0,0.0,0.0,64.35791,12147.0,0.0,0.0,2.9470096,396339.0,3393.0,95.60457,12857718.0,35792.0,0.0,0.0,0.0,13448853.0,2.910959,0.0,0.0,0.0,0.97859085,490.0,50072.0,12518.0,0.0,0.0,0.0,0.0,dataset_2025.csv,202505,False,True
2025,5,Cajamarca,Celendin,Celendin,MOVISTAR,0.0,0.0,0.0,0.0,10.694289,7799.0,3.9610615,574.0,0.0,0.0,0.0,0.0,0.0,0.0,62.354168,13861.0,0.0,0.0,1.6951551,149238.0,3708.0,97.98106,8626052.0,29614.0,0.0,0.0,0.0,8803796.0,5.4347825,0.0,0.0,0.0,0.29810783,167.0,56020.0,14005.0,0.0,0.0,0.0,0.0,dataset_2025.csv,202505,False,True
2025,5,Cajamarca,Santa Cruz,Santa Cruz,MOVISTAR,0.0,0.0,0.0,0.0,10.949376,8012.0,3.240451,792.0,0.0,0.0,0.0,0.0,209.98949,464.0,70.36674,9991.0,0.0,0.0,8.221356,629059.0,9017.0,90.839745,6950624.0,27700.0,0.0,0.0,0.0,7651523.0,5.978261,121.0,2024.0,506.0,0.4913945,201.0,40904.0,10226.0,0.0,0.0,0.0,0.0,dataset_2025.csv,202505,False,True
2025,5,Callao,Callao,Mi Peru,MOVISTAR,2.5770655,983.0,0.0,0.0,8.72852,10143.0,3.718631,863.0,0.0,0.0,0.0,0.0,265.48953,447.0,62.68045,17635.0,0.0,0.0,6.1006565,1365010.0,11946.0,93.10914,20832988.0,82129.0,0.0,0.0,0.0,22374805.0,4.3814435,85.0,1940.0,485.0,0.74227375,538.0,72480.0,18120.0,0.0,0.0,0.0,0.0,dataset_2025.csv,202505,True,False
2025,5,Cusco,Acomayo,Pomacanchi,MOVISTAR,5.4717827,1022.0,0.0,0.0,9.533653,2727.0,0.0,0.0,0.0,0.0,0.0,0.0,102.054924,736.0,62.680027,5682.0,0.0,0.0,22.762327,590450.0,2299.0,76.46357,1983449.0,3157.0,0.0,0.0,0.0,2593979.0,2.422611,72.0,2972.0,743.0,0.09664382,22.0,22764.0,5691.0,0.0,0.0,0.0,0.0,dataset_2025.csv,202505,True,False
2025,5,Cusco,Cusco,Cusco,MOVISTAR,3.015765,5635.0,0.62583023,2110.0,8.438125,60260.0,2.3370934,4923.0,0.0,0.0,0.0,0.0,244.84253,3479.0,74.764465,94690.0,0.0,0.0,7.1040163,6483331.0,72009.0,88.31544,80599224.0,408392.0,0.0,180.0,0.0,91262898.0,7.7451997,1194.0,15416.0,3854.0,1.2877318,5150.0,399928.0,99982.0,0.0,0.0,0.0,0.0,dataset_2025.csv,202505,True,False
2025,5,Cusco,Cusco,San Jeronimo,MOVISTAR,3.3942282,1924.0,0.71589565,699.0,9.379876,39716.0,2.9911296,2974.0,0.0,0.0,0.0,0.0,231.01643,1537.0,72.212845,45798.0,0.0,0.0,3.7567866,1577486.0,20625.0,93.77744,39377431.0,153761.0,0.0,0.0,0.0,41990301.0,6.1363635,405.0,6600.0,1650.0,0.84857905,1616.0,190436.0,47609.0,0.0,0.0,0.0,0.0,dataset_2025.csv,202505,True,False
2025,5,Cusco,Cusco,San Sebastian,MOVISTAR,3.6958044,2690.0,0.7024438,979.0,8.843009,37526.0,2.5959375,4363.0,0.0,0.0,0.0,0.0,233.94101,2328.0,76.30212,47245.0,0.0,0.0,6.4415894,3387397.0,35369.0,89.97008,47311987.0,184091.0,0.0,0.0,0.0,52586356.0,6.9373775,709.0,10220.0,2555.0,1.4180475,2872.0,202532.0,50633.0,0.0,0.0,0.0,0.0,dataset_2025.csv,202505,True,False
2025,5,Cusco,Cusco,Santiago,MOVISTAR,3.6340077,3828.0,0.69265866,1501.0,7.8616176,49512.0,2.5315073,3100.0,0.0,0.0,0.0,0.0,207.00308,1974.0,73.10621,62565.0,0.0,0.0,6.3612375,3041491.0,30463.0,90.277695,43164366.0,176465.0,0.0,0.0,0.0,47812881.0,6.870938,592.0,8616.0,2154.0,1.0000305,2620.0,261992.0,65498.0,0.0,0.0,0.0,0.0,dataset_2025.csv,202505,True,False
2025,5,Cusco,Cusco,Wanchaq,MOVISTAR,3.8033154,3214.0,0.63519627,1274.0,9.423478,46816.0,2.3561468,3360.0,0.0,0.0,0.0,0.0,219.40663,1856.0,73.95967,69712.0,0.0,0.0,4.331922,2910113.0,34834.0,93.59422,62875039.0,306322.0,0.0,33.0,0.0,67178332.0,6.5743513,527.0,8016.0,2004.0,1.3081633,3846.0,294000.0,73500.0,0.0,0.0,0.0,0.0,dataset_2025.csv,202505,True,False
2025,5,Cusco,La Convencion,Echarate,MOVISTAR,5.5257707,2280.0,0.6430417,692.0,9.702526,11109.0,3.5743904,998.0,0.0,0.0,0.0,0.0,243.64204,2937.0,83.649796,13266.0,0.0,0.0,9.78036,1511538.0,7225.0,70.12507,10837710.0,32930.0,0.0,0.0,0.0,15454830.0,5.9015326,724.0,12268.0,3067.0,1.4997678,904.0,60276.0,15069.0,0.0,0.0,0.0,0.0,dataset_2025.csv,202505,True,False
2025,5,Huancavelica,Tayacaja,Pampas,MOVISTAR,4.6704226,775.0,0.0,0.0,9.418483,9193.0,3.837752,1286.0,0.0,0.0,0.0,0.0,205.87259,630.0,72.14537,11939.0,0.0,0.0,5.137623,446315.0,7060.0,92.915855,8071776.0,29002.0,0.0,0.0,0.0,8687189.0,5.5007586,145.0,2636.0,659.0,0.94939226,478.0,50348.0,12587.0,0.0,0.0,0.0,0.0,dataset_2025.csv,202505,True,False
2025,5,Ica,Chincha,Alto Laran,MOVISTAR,0.0,0.0,0.0,0.0,10.626912,11603.0,4.166796,1548.0,0.0,0.0,0.0,0.0,0.0,0.0,66.557976,15841.0,0.0,0.0,0.089682974,9810.0,0.0,96.40868,10545694.0,41795.0,0.0,0.0,0.0,10938531.0,0.0,0.0,0.0,0.0,0.45858636,293.0,63892.0,15973.0,0.0,0.0,0.0,0.0,dataset_2025.csv,202505,False,True
2025,5,Ica,Chincha,Chincha Alta,MOVISTAR,0.0,0.0,0.0,0.0,12.444202,107272.0,2.9748154,6886.0,0.0,0.0,0.0,0.0,0.0,0.0,60.81089,118452.0,0.0,0.0,0.032672536,30616.0,0.0,95.45575,89447396.0,349259.0,0.0,0.0,0.0,93705616.0,0.0,0.0,0.0,0.0,0.2790601,1342.0,480900.0,120225.0,0.0,0.0,0.0,0.0,dataset_2025.csv,202505,False,True
2025,5,Ica,Chincha,Chincha Baja,MOVISTAR,0.0,0.0,0.0,0.0,11.436821,9343.0,3.0397298,650.0,0.0,0.0,0.0,0.0,0.0,0.0,66.83917,14011.0,0.0,0.0,0.28350142,38073.0,819.0,89.39238,12005005.0,45438.0,0.0,0.0,0.0,13429562.0,0.0,0.0,0.0,0.0,0.78300166,447.0,57088.0,14272.0,0.0,0.0,0.0,0.0,dataset_2025.csv,202505,False,True
2025,5,Ica,Chincha,El Carmen,MOVISTAR,0.0,0.0,0.0,0.0,11.24905,6490.0,2.8453066,452.0,0.0,0.0,0.0,0.0,0.0,0.0,66.65646,10503.0,0.0,0.0,1.8832955,161314.0,1557.0,95.74522,8201073.0,33052.0,0.0,0.0,0.0,8565517.0,6.026786,0.0,0.0,0.0,0.5298786,227.0,42840.0,10710.0,0.0,0.0,0.0,0.0,dataset_2025.csv,202505,False,True
2025,5,Ica,Chincha,Pueblo Nuevo,MOVISTAR,0.0,0.0,0.0,0.0,8.887979,42038.0,2.4917252,2979.0,0.0,0.0,0.0,0.0,0.0,0.0,61.76519,52833.0,0.0,0.0,0.0029813596,1310.0,0.0,95.53409,41977377.0,152105.0,0.0,0.0,0.0,43939683.0,0.0,0.0,0.0,0.0,0.3320913,713.0,214700.0,53675.0,0.0,0.0,0.0,0.0,dataset_2025.csv,202505,False,True
2025,5,Ica,Chincha,Sunampe,MOVISTAR,0.0,0.0,0.0,0.0,11.207232,27777.0,3.9455767,1570.0,0.0,0.0,0.0,0.0,0.0,0.0,60.121185,33105.0,0.0,0.0,0.09488871,26767.0,538.0,97.5764,27525166.0,107207.0,0.0,0.0,0.0,28208835.0,0.0,0.0,0.0,0.0,0.1741951,232.0,133184.0,33296.0,0.0,0.0,0.0,0.0,dataset_2025.csv,202505,False,True
2025,5,Ica,Ica,Ica,MOVISTAR,5.4949684,8790.0,0.99830025,2847.0,10.416319,159678.0,2.8355625,11819.0,0.0,0.0,0.0,0.0,172.46237,6111.0,60.76132,227667.0,0.0,0.0,4.8937273,9790744.0,74018.0,94.93705,189937913.0,671209.0,0.0,689.0,0.0,200067212.0,3.5925512,899.0,25024.0,6256.0,0.44593677,4145.0,929504.0,232376.0,0.0,0.0,0.0,0.0,dataset_2025.csv,202505,True,False
2025,5,Ica,Ica,La Tinguiña,MOVISTAR,3.3772767,897.0,0.0,0.0,9.006671,18265.0,3.3456862,1267.0,0.0,0.0,0.0,0.0,185.79416,1096.0,61.586998,25444.0,0.0,0.0,3.3032186,703459.0,9013.0,96.123405,20470603.0,61990.0,0.0,0.0,0.0,21296169.0,3.6979628,167.0,4516.0,1129.0,0.65060014,683.0,104980.0,26245.0,0.0,0.0,0.0,0.0,dataset_2025.csv,202505,True,False
2025,5,Ica,Ica,Parcona,MOVISTAR,3.9246373,1167.0,0.8128422,468.0,8.695896,35291.0,4.1229234,3700.0,0.0,0.0,0.0,0.0,200.5608,846.0,66.22254,41036.0,0.0,0.0,4.58474,1720195.0,11148.0,95.33384,35769265.0,102319.0,0.0,0.0,0.0,37520009.0,4.2800455,151.0,3528.0,882.0,0.3758862,632.0,168136.0,42034.0,0.0,0.0,0.0,0.0,dataset_2025.csv,202505,True,False
2025,5,Ica,Ica,Subtanjalla,MOVISTAR,4.1196303,553.0,0.0,0.0,7.863396,8589.0,2.8225267,900.0,0.0,0.0,0.0,0.0,180.27603,570.0,63.41708,13819.0,0.0,0.0,16.715302,2457212.0,10916.0,82.768364,12167260.0,47100.0,0.0,0.0,0.0,14700375.0,3.711604,87.0,2344.0,586.0,0.6922482,394.0,56916.0,14229.0,0.0,0.0,0.0,0.0,dataset_2025.csv,202505,True,False
2025,5,Junin,Chanchamayo,Chanchamayo,MOVISTAR,5.8149343,1072.0,0.0,0.0,9.072853,24864.0,2.7529194,1799.0,0.0,0.0,0.0,0.0,158.06479,1303.0,62.570293,34822.0,0.0,0.0,2.7440453,619385.0,8759.0,94.98555,21440107.0,60744.0,0.0,0.0,0.0,22571967.0,3.2777777,177.0,5400.0,1350.0,0.54731244,782.0,142880.0,35720.0,0.0,0.0,0.0,0.0,dataset_2025.csv,202505,True,False
2025,5,Junin,Huancayo,Chilca,MOVISTAR,0.0,0.0,0.0,0.0,9.019004,64267.0,2.8736835,5439.0,0.0,0.0,0.0,0.0,0.0,0.0,62.399166,71863.0,0.0,0.0,0.030848905,20928.0,0.0,97.48799,66136178.0,228605.0,0.0,12.0,0.0,67840331.0,0.0,0.0,0.0,0.0,0.7055092,2113.0,299500.0,74875.0,0.0,0.0,0.0,0.0,dataset_2025.csv,202505,False,True
2025,5,Junin,Huancayo,El Tambo,MOVISTAR,0.0,0.0,0.0,0.0,11.053322,273564.0,2.8471034,18531.0,0.0,0.0,0.0,0.0,0.0,0.0,60.01938,301943.0,0.0,0.0,0.03147086,82600.0,822.0,97.1185,254902070.0,933587.0,0.0,0.0,0.0,262465009.0,0.0,0.0,0.0,0.0,0.32869655,4035.0,1227576.0,306894.0,0.0,0.0,0.0,0.0,dataset_2025.csv,202505,False,True
2025,5,Junin,Huancayo,Huancayo,MOVISTAR,0.0,0.0,0.0,0.0,9.957248,176480.0,3.240958,15436.0,0.0,0.0,0.0,0.0,0.0,0.0,59.720257,249455.0,0.0,0.0,0.010769275,20628.0,458.0,96.16451,184198246.0,810977.0,0.0,0.0,0.0,191544931.0,0.0,0.0,0.0,0.0,0.3928695,3993.0,1016368.0,254092.0,0.0,0.0,0.0,0.0,dataset_2025.csv,202505,False,True
2025,5,Junin,Huancayo,Pilcomayo,MOVISTAR,0.0,0.0,0.0,0.0,8.922225,17378.0,2.375022,1749.0,0.0,0.0,0.0,0.0,0.0,0.0,61.67055,23554.0,0.0,0.0,0.013841392,2297.0,0.0,96.47216,16009702.0,61968.0,0.0,0.0,0.0,16595152.0,0.0,0.0,0.0,0.0,0.5779039,562.0,97248.0,24312.0,0.0,0.0,0.0,0.0,dataset_2025.csv,202505,False,True
2025,5,Junin,Huancayo,San Agustin,MOVISTAR,0.0,0.0,0.0,0.0,9.667667,14406.0,2.799607,885.0,0.0,0.0,0.0,0.0,0.0,0.0,59.659264,21227.0,0.0,0.0,0.67144835,168550.0,988.0,96.65483,24262731.0,69936.0,0.0,0.0,0.0,25102451.0,2.559055,0.0,0.0,0.0,0.3991141,346.0,86692.0,21673.0,0.0,0.0,0.0,0.0,dataset_2025.csv,202505,False,True
2025,5,Junin,Junin,Carhuamayo,MOVISTAR,6.6174197,2021.0,0.8673257,887.0,12.678568,10112.0,4.2997093,3060.0,0.0,0.0,0.0,0.0,128.94897,891.0,49.93627,7335.0,0.0,0.0,12.589546,721102.0,5090.0,86.01491,4926748.0,14540.0,0.0,0.0,0.0,5727784.0,2.505568,90.0,3592.0,898.0,0.2760571,82.0,29704.0,7426.0,0.0,0.0,0.0,0.0,dataset_2025.csv,202505,True,False
2025,5,La Libertad,Trujillo,El Porvenir,MOVISTAR,0.0,0.0,0.0,0.0,10.287609,54128.0,2.8906522,3364.0,0.0,0.0,0.0,0.0,0.0,0.0,65.499275,64713.0,0.0,0.0,0.0045900717,3628.0,0.0,96.16363,76007880.0,263989.0,0.0,0.0,0.0,79040155.0,0.0,0.0,0.0,0.0,0.9325865,2484.0,266356.0,66589.0,0.0,0.0,0.0,0.0,dataset_2025.csv,202505,False,True
2025,5,La Libertad,Trujillo,La Esperanza,MOVISTAR,0.0,0.0,0.0,0.0,11.85221,79543.0,2.749321,4581.0,0.0,0.0,0.0,0.0,0.0,0.0,58.078186,96410.0,0.0,0.0,0.023201894,19271.0,0.0,96.668526,80290827.0,275971.0,0.0,0.0,0.0,83057876.0,0.0,0.0,0.0,0.0,0.49623737,1944.0,391748.0,97937.0,0.0,0.0,0.0,0.0,dataset_2025.csv,202505,False,True
2025,5,La Libertad,Trujillo,Moche,MOVISTAR,0.0,0.0,0.0,0.0,12.245418,18677.0,2.8135936,1169.0,0.0,0.0,0.0,0.0,0.0,0.0,61.28812,24416.0,0.0,0.0,0.017226264,3134.0,0.0,97.73219,17780565.0,67691.0,0.0,0.0,0.0,18193150.0,0.0,0.0,0.0,0.0,0.3587163,355.0,98964.0,24741.0,0.0,0.0,0.0,0.0,dataset_2025.csv,202505,False,True
2025,5,La Libertad,Trujillo,Trujillo,MOVISTAR,0.0,0.0,0.0,0.0,13.484856,332361.0,2.8134317,28535.0,0.0,0.0,0.0,0.0,0.0,0.0,61.161148,421474.0,0.0,0.0,0.02539266,81193.0,688.0,97.53925,311881646.0,1281226.0,0.0,73.0,0.0,319749871.0,0.0,0.0,0.0,0.0,0.3015519,5129.0,1700868.0,425217.0,0.0,0.0,0.0,0.0,dataset_2025.csv,202505,False,True
2025,5,La Libertad,Trujillo,Victor Larco Herrera,MOVISTAR,0.0,0.0,0.0,0.0,14.445375,47417.0,2.733282,3566.0,0.0,0.0,0.0,0.0,0.0,0.0,61.40035,60612.0,0.0,0.0,0.054657098,29757.0,0.0,97.095795,52861927.0,189423.0,0.0,69.0,0.0,54443066.0,0.0,0.0,0.0,0.0,0.25226465,616.0,244188.0,61047.0,0.0,0.0,0.0,0.0,dataset_2025.csv,202505,False,True
2025,5,Lambayeque,Chiclayo,Chiclayo,MOVISTAR,0.0,0.0,0.0,0.0,10.649043,183983.0,3.0958488,20991.0,0.0,0.0,0.0,0.0,0.0,0.0,64.047165,219735.0,0.0,0.0,0.062310673,116205.0,770.0,96.59077,180134951.0,690906.0,0.0,161.0,0.0,186492927.0,0.0,0.0,0.0,0.0,0.4580652,4103.0,895724.0,223931.0,0.0,0.0,0.0,0.0,dataset_2025.csv,202505,False,True
2025,5,Lambayeque,Chiclayo,Jose Leonardo Ortiz,MOVISTAR,0.0,0.0,0.0,0.0,10.18853,55905.0,2.7775297,3222.0,0.0,0.0,0.0,0.0,0.0,0.0,62.68149,68094.0,0.0,0.0,0.029829754,19828.0,414.0,95.2977,63344901.0,203550.0,0.0,0.0,0.0,66470547.0,0.0,0.0,0.0,0.0,0.47126037,1300.0,275856.0,68964.0,0.0,0.0,0.0,0.0,dataset_2025.csv,202505,False,True
2025,5,Lambayeque,Chiclayo,La Victoria,MOVISTAR,0.0,0.0,0.0,0.0,9.867271,39175.0,2.4841733,2689.0,0.0,0.0,0.0,0.0,0.0,0.0,62.447735,50182.0,0.0,0.0,0.2545868,111649.0,735.0,96.80371,42453254.0,145908.0,0.0,0.0,0.0,43854987.0,1.6094421,0.0,0.0,0.0,0.39603478,811.0,204780.0,51195.0,0.0,0.0,0.0,0.0,dataset_2025.csv,202505,False,True
2025,5,Lambayeque,Chiclayo,Pimentel,MOVISTAR,0.0,0.0,0.0,0.0,10.436329,57026.0,2.84093,5831.0,0.0,0.0,0.0,0.0,0.0,0.0,65.81888,56476.0,0.0,0.0,0.13646759,64068.0,440.0,96.5694,45336829.0,157964.0,0.0,0.0,0.0,46947408.0,0.0,0.0,0.0,0.0,0.43529963,1003.0,230416.0,57604.0,0.0,0.0,0.0,0.0,dataset_2025.csv,202505,False,True
2025,5,Lima,Cañete,Asia,MOVISTAR,4.700862,1868.0,0.6837759,589.0,11.359073,23300.0,2.4994352,1381.0,0.0,0.0,0.0,0.0,157.33035,1092.0,53.18754,22549.0,0.0,0.0,4.7841706,1038467.0,12637.0,92.941246,20174118.0,78131.0,0.0,0.0,0.0,21706313.0,3.814655,177.0,4640.0,1160.0,0.3454705,315.0,91180.0,22795.0,0.0,0.0,0.0,0.0,dataset_2025.csv,202505,True,False
2025,5,Lima,Cañete,Cerro Azul,MOVISTAR,5.015151,523.0,0.0,0.0,12.754171,16173.0,2.8129292,921.0,0.0,0.0,0.0,0.0,0.0,0.0,60.384132,20029.0,0.0,0.0,1.7721263,183175.0,6038.0,97.24875,10052071.0,45152.0,0.0,0.0,0.0,10336453.0,4.017857,0.0,0.0,0.0,0.36639944,298.0,81332.0,20333.0,0.0,0.0,0.0,0.0,dataset_2025.csv,202505,True,False
2025,5,Lima,Cañete,Chilca,MOVISTAR,3.5600567,638.0,0.0,0.0,10.813011,12620.0,3.3367074,870.0,0.0,0.0,0.0,0.0,250.19774,618.0,67.26164,13403.0,0.0,0.0,7.358983,1193673.0,15974.0,91.25549,14802211.0,76081.0,0.0,0.0,0.0,16220624.0,4.643388,125.0,2692.0,673.0,1.1176004,620.0,55476.0,13869.0,0.0,0.0,0.0,0.0,dataset_2025.csv,202505,True,False
2025,5,Lima,Cañete,Mala,MOVISTAR,4.1867085,1390.0,0.0,0.0,11.349758,52099.0,5.1092277,4306.0,0.0,0.0,0.0,0.0,176.55481,1301.0,57.43254,62298.0,0.0,0.0,3.0387573,1559190.0,18891.0,96.515205,49522070.0,153743.0,0.0,0.0,0.0,51310121.0,3.7296898,202.0,5416.0,1354.0,0.36470625,921.0,252532.0,63133.0,0.0,0.0,0.0,0.0,dataset_2025.csv,202505,True,False
2025,5,Lima,Huaura,Huaura,MOVISTAR,4.6391144,2074.0,0.0,0.0,8.31518,10610.0,1.6678303,1162.0,0.0,0.0,0.0,0.0,306.09436,1015.0,68.54097,12884.0,0.0,0.0,10.835941,1177083.0,11581.0,87.2396,9476634.0,43088.0,0.0,0.0,0.0,10862766.0,3.2497678,140.0,4308.0,1077.0,0.69470453,371.0,53404.0,13351.0,0.0,0.0,0.0,0.0,dataset_2025.csv,202505,True,False
2025,5,Lima,Lima,Barranco,MOVISTAR,6.3561087,1147.0,0.0,0.0,12.171392,48510.0,3.3166184,3845.0,0.0,0.0,0.0,0.0,257.61984,691.0,60.726936,57854.0,0.0,0.0,2.4016182,1089457.0,14110.0,97.17977,44084101.0,225176.0,0.0,0.0,0.0,45363455.0,5.498634,161.0,2928.0,732.0,0.21661176,505.0,233136.0,58284.0,0.0,0.0,0.0,0.0,dataset_2025.csv,202505,True,False
2025,5,Lima,Lima,Breña,MOVISTAR,4.280544,1275.0,0.0,0.0,13.108296,77948.0,3.6889794,6826.0,0.0,0.0,0.0,0.0,185.9843,1178.0,58.526356,98569.0,0.0,0.0,1.5596554,1322548.0,19269.0,98.1644,83240906.0,302667.0,0.0,369.0,0.0,84797450.0,5.1060486,260.0,5092.0,1273.0,0.6043846,2415.0,399580.0,99895.0,0.0,0.0,0.0,0.0,dataset_2025.csv,202505,True,False
2025,5,Lima,Lima,Carabayllo,MOVISTAR,4.0901723,2926.0,0.67459786,1106.0,13.030358,166555.0,3.7213957,11625.0,0.0,0.0,0.0,0.0,166.46356,3873.0,54.535088,198862.0,0.0,0.0,3.5638182,6042346.0,56058.0,95.80183,162429098.0,511590.0,0.0,0.0,0.0,169546971.0,4.092353,670.0,16372.0,4093.0,0.5083454,4097.0,805948.0,201487.0,0.0,0.0,0.0,0.0,dataset_2025.csv,202505,True,False
2025,5,Lima,Lima,Comas,MOVISTAR,4.0247345,4315.0,0.5860381,1456.0,12.176157,249847.0,2.9079378,16155.0,0.0,0.0,0.0,0.0,225.47545,3678.0,57.038124,311189.0,0.0,0.0,4.4768877,13287732.0,103555.0,95.208275,282585161.0,1006831.0,0.0,4.0,0.0,296807365.0,5.6611876,923.0,16304.0,4076.0,0.5287301,6683.0,1263972.0,315993.0,0.0,0.0,0.0,0.0,dataset_2025.csv,202505,True,False
2025,5,Lima,Lima,El Agustino,MOVISTAR,4.0268455,1458.0,0.6031472,534.0,11.485967,79357.0,3.4225857,5505.0,0.0,0.0,0.0,0.0,236.76791,1629.0,61.453323,88632.0,0.0,0.0,6.416492,5978629.0,61142.0,92.12687,85840106.0,397611.0,0.0,263.0,0.0,93175976.0,7.4958816,546.0,7284.0,1821.0,0.8926509,3246.0,363636.0,90909.0,0.0,0.0,0.0,0.0,dataset_2025.csv,202505,True,False
2025,5,Lima,Lima,Independencia,MOVISTAR,3.871603,2186.0,0.5905277,860.0,11.9741125,106863.0,4.3266864,9044.0,0.0,0.0,0.0,0.0,255.85715,2596.0,59.351254,138979.0,0.0,0.0,4.8694463,5224377.0,61548.0,94.70625,101609327.0,494296.0,0.0,716.0,0.0,107288929.0,8.641766,1018.0,11780.0,2945.0,0.84404606,4793.0,567860.0,141965.0,0.0,0.0,0.0,0.0,dataset_2025.csv,202505,True,False
2025,5,Lima,Lima,Los Olivos,MOVISTAR,3.9415078,2603.0,0.6663344,1052.0,12.008074,197902.0,3.4250126,14247.0,0.0,0.0,0.0,0.0,213.59369,2841.0,56.848507,257661.0,0.0,0.0,3.9227993,9924323.0,93952.0,95.515625,241645782.0,957909.0,0.0,222.0,0.0,252990833.0,6.572287,831.0,12644.0,3161.0,0.5381601,5625.0,1045228.0,261307.0,0.0,0.0,0.0,0.0,dataset_2025.csv,202505,True,False
2025,5,Lima,Lima,Puente Piedra,MOVISTAR,3.719331,3343.0,0.6064005,1113.0,13.085265,138963.0,2.9481308,8571.0,0.0,0.0,0.0,0.0,209.34776,2699.0,58.210995,149099.0,0.0,0.0,5.561581,7679568.0,68468.0,94.11417,129955165.0,523425.0,0.0,2.0,0.0,138082464.0,6.247912,748.0,11972.0,2993.0,0.7808549,4755.0,608948.0,152237.0,0.0,0.0,0.0,0.0,dataset_2025.csv,202505,True,False
2025,5,Lima,Lima,Punta Negra,MOVISTAR,0.0,0.0,0.0,0.0,11.744999,11913.0,4.4600053,1783.0,0.0,0.0,0.0,0.0,0.0,0.0,55.458252,11311.0,0.0,0.0,2.5757422,231618.0,3044.0,96.99751,8722290.0,33725.0,0.0,0.0,0.0,8992282.0,3.233831,0.0,0.0,0.0,0.3628574,166.0,45748.0,11437.0,0.0,0.0,0.0,0.0,dataset_2025.csv,202505,False,True
2025,5,Lima,Lima,San Juan De Lurigancho,MOVISTAR,4.293765,11897.0,0.580052,2996.0,12.345034,412689.0,3.4376435,30710.0,0.0,0.0,0.0,0.0,232.60054,7920.0,56.347523,460295.0,0.0,0.0,6.142097,28727089.0,220070.0,93.120125,435530425.0,1510169.0,0.0,890.0,0.0,467708166.0,6.4824233,2294.0,35388.0,8847.0,0.56310594,10534.0,1870696.0,467674.0,0.0,0.0,0.0,0.0,dataset_2025.csv,202505,True,False
2025,5,Lima,Lima,San Luis,MOVISTAR,5.9368,7698.0,0.6550592,1516.0,10.636903,54253.0,3.1434288,4076.0,0.0,0.0,0.0,0.0,309.70575,3003.0,61.172737,80215.0,0.0,0.0,4.589817,2762459.0,30376.0,95.08884,57230824.0,247930.0,0.0,1055.0,0.0,60186692.0,3.3504353,431.0,12864.0,3216.0,0.40729082,1330.0,326548.0,81637.0,0.0,0.0,0.0,0.0,dataset_2025.csv,202505,True,False
2025,5,Lima,Lima,San Martin De Porres,MOVISTAR,4.5390434,4699.0,0.59376925,1871.0,12.671806,314475.0,3.2367551,21416.0,0.0,0.0,0.0,0.0,241.85837,6658.0,57.910286,408776.0,0.0,0.0,6.319235,25161625.0,182065.0,93.10811,370733397.0,1459623.0,0.0,764.0,0.0,398175191.0,6.590879,1977.0,29996.0,7499.0,0.57294995,9501.0,1658260.0,414565.0,0.0,0.0,0.0,0.0,dataset_2025.csv,202505,True,False
2025,5,Piura,Piura,Castilla,MOVISTAR,0.0,0.0,0.0,0.0,10.977864,82839.0,2.6502154,6019.0,0.0,0.0,0.0,0.0,0.0,0.0,65.461205,115456.0,0.0,0.0,0.09972744,111087.0,1580.0,97.66896,108794043.0,370954.0,0.0,0.0,0.0,111390606.0,5.0,0.0,0.0,0.0,0.40194297,1885.0,468972.0,117243.0,0.0,0.0,0.0,0.0,dataset_2025.csv,202505,False,True
2025,5,Piura,Piura,Catacaos,MOVISTAR,0.0,0.0,0.0,0.0,9.11861,29454.0,3.0764675,1635.0,0.0,0.0,0.0,0.0,0.0,0.0,65.5218,43627.0,0.0,0.0,0.09101773,30856.0,593.0,99.10301,33596998.0,102694.0,0.0,0.0,0.0,33901086.0,0.0,0.0,0.0,0.0,0.32205302,571.0,177300.0,44325.0,0.0,0.0,0.0,0.0,dataset_2025.csv,202505,False,True
2025,5,Piura,Piura,Piura,MOVISTAR,0.0,0.0,0.0,0.0,10.987905,117973.0,2.92796,7663.0,0.0,0.0,0.0,0.0,0.0,0.0,65.365715,184779.0,0.0,0.0,0.05765895,81477.0,1798.0,94.570885,133636694.0,520428.0,0.0,47.0,0.0,141308496.0,5.4054055,0.0,0.0,0.0,0.35876748,2691.0,750068.0,187517.0,0.0,0.0,0.0,0.0,dataset_2025.csv,202505,False,True
2025,5,Piura,Piura,Veintiseis De Octubre,MOVISTAR,0.0,0.0,0.0,0.0,9.963385,90350.0,3.433178,10668.0,0.0,0.0,0.0,0.0,0.0,0.0,65.2685,121625.0,0.0,0.0,0.014823982,13591.0,0.0,98.801926,90584091.0,301450.0,0.0,0.0,0.0,91682519.0,0.0,0.0,0.0,0.0,0.5195107,2594.0,499316.0,124829.0,0.0,0.0,0.0,0.0,dataset_2025.csv,202505,False,True
2025,5,Puno,Puno,Puno,MOVISTAR,4.4010835,10024.0,0.7326814,3769.0,8.56108,186408.0,2.773626,14257.0,0.0,0.0,0.0,0.0,197.87021,6040.0,74.435074,211488.0,0.0,0.0,4.7764206,7833266.0,86017.0,94.330246,154700345.0,571245.0,0.0,0.0,0.0,163998664.0,5.7288404,1462.0,25520.0,6380.0,0.69935507,6116.0,874520.0,218630.0,0.0,0.0,0.0,0.0,dataset_2025.csv,202505,True,False
2025,5,Puno,San Roman,Caracoto,MOVISTAR,3.451166,1004.0,0.0,0.0,7.8236103,14420.0,3.5879567,1190.0,0.0,0.0,0.0,0.0,213.70908,773.0,73.15868,12991.0,0.0,0.0,9.087462,727512.0,10522.0,89.802536,7189292.0,33815.0,0.0,0.0,0.0,8005667.0,6.8509617,228.0,3328.0,832.0,1.1820632,649.0,54904.0,13726.0,0.0,0.0,0.0,0.0,dataset_2025.csv,202505,True,False
2025,5,Puno,San Roman,Juliaca,MOVISTAR,4.4954324,14133.0,0.7590741,4479.0,8.784193,258011.0,3.3652468,24686.0,0.0,0.0,0.0,0.0,224.75868,9097.0,72.51045,278887.0,0.0,0.0,5.481889,11971097.0,113273.0,93.83458,204911655.0,730604.0,0.0,0.0,0.0,218375418.0,5.492776,2129.0,38760.0,9690.0,0.98560154,11541.0,1170960.0,292740.0,0.0,0.0,0.0,0.0,dataset_2025.csv,202505,True,False
2025,5,Puno,San Roman,San Miguel,MOVISTAR,5.8112955,5905.0,1.0221783,2799.0,9.718281,31831.0,3.8918417,3652.0,0.0,0.0,0.0,0.0,256.51636,3173.0,73.91547,34120.0,0.0,0.0,7.508328,2085594.0,18603.0,91.49176,25413736.0,85251.0,0.0,0.0,0.0,27777077.0,3.9019964,516.0,13224.0,3306.0,1.0625803,1520.0,143048.0,35762.0,0.0,0.0,0.0,0.0,dataset_2025.csv,202505,True,False
2025,5,San Martin,Moyobamba,Moyobamba,MOVISTAR,4.0030313,1313.0,0.0,0.0,11.238433,21154.0,2.4675004,1408.0,0.0,0.0,0.0,0.0,202.74702,1539.0,80.992325,25741.0,0.0,0.0,8.303804,2791208.0,12680.0,89.5861,30113118.0,85548.0,0.0,0.0,0.0,33613605.0,2.3490977,151.0,6428.0,1607.0,0.72772056,780.0,107184.0,26796.0,0.0,0.0,0.0,0.0,dataset_2025.csv,202505,True,False
2025,5,Tacna,Candarave,Camilaca,MOVISTAR,0.0,0.0,0.0,0.0,12.380665,2891.0,0.0,0.0,0.0,0.0,0.0,0.0,0.0,0.0,113.77583,6955.0,0.0,0.0,2.9784207,95884.0,528.0,94.12184,3030055.0,4080.0,0.0,0.0,0.0,3219290.0,3.397436,0.0,0.0,0.0,0.60481,170.0,28108.0,7027.0,0.0,0.0,0.0,0.0,dataset_2025.csv,202505,False,True
2025,5,Tumbes,Contralmirante Villar,Canoas De Punta Sal,MOVISTAR,4.401067,826.0,0.0,0.0,13.053861,7007.0,3.9254756,488.0,0.0,0.0,0.0,0.0,172.4771,623.0,66.47849,8256.0,0.0,0.0,10.219834,580709.0,6885.0,88.107376,5006416.0,18046.0,0.0,0.0,0.0,5682176.0,4.380665,116.0,2648.0,662.0,0.39128342,130.0,33224.0,8306.0,0.0,0.0,0.0,0.0,dataset_2025.csv,202505,True,False
2025,5,Tumbes,Tumbes,Tumbes,MOVISTAR,4.2803516,842.0,0.0,0.0,10.828128,37829.0,2.6824365,2576.0,0.0,0.0,0.0,0.0,176.35152,738.0,69.208046,56453.0,0.0,0.0,3.5451992,1592067.0,13095.0,96.12505,43167542.0,144818.0,0.0,0.0,0.0,44907690.0,3.7483702,115.0,3068.0,767.0,0.306201,700.0,228608.0,57152.0,0.0,0.0,0.0,0.0,dataset_2025.csv,202505,True,False
2025,6,Arequipa,Arequipa,Alto Selva Alegre,MOVISTAR,0.0,0.0,0.0,0.0,11.2485075,36364.0,2.3948324,3059.0,0.0,0.0,0.0,0.0,0.0,0.0,64.11777,36688.0,0.0,0.0,0.0007939967,304.0,0.0,97.171776,37204465.0,119399.0,0.0,0.0,0.0,38287315.0,0.0,0.0,0.0,0.0,0.47323892,707.0,149396.0,37349.0,0.0,0.0,0.0,0.0,dataset_2025.csv,202506,False,True
2025,6,Arequipa,Arequipa,Cayma,MOVISTAR,0.0,0.0,0.0,0.0,10.841907,41582.0,3.128108,3983.0,0.0,0.0,0.0,0.0,0.0,0.0,65.24561,58224.0,0.0,0.0,0.021094631,11174.0,0.0,96.63054,51185994.0,218822.0,0.0,4.0,0.0,52970825.0,0.0,0.0,0.0,0.0,0.6671201,1589.0,238188.0,59547.0,0.0,0.0,0.0,0.0,dataset_2025.csv,202506,False,True
2025,6,Arequipa,Arequipa,Jacobo Hunter,MOVISTAR,0.0,0.0,0.0,0.0,9.085503,25707.0,2.3968215,1502.0,0.0,0.0,0.0,0.0,0.0,0.0,65.767784,38065.0,0.0,0.0,0.0026089868,1009.0,0.0,97.985245,37894829.0,141264.0,0.0,0.0,0.0,38674016.0,0.0,0.0,0.0,0.0,0.6910912,1082.0,156564.0,39141.0,0.0,0.0,0.0,0.0,dataset_2025.csv,202506,False,True
2025,6,Arequipa,Arequipa,Jose Luis Bustamante Y Rivero,MOVISTAR,0.0,0.0,0.0,0.0,10.892321,81011.0,2.548964,5755.0,0.0,0.0,0.0,0.0,0.0,0.0,62.76878,118412.0,0.0,0.0,0.012825813,11765.0,0.0,98.084694,89972186.0,353112.0,0.0,0.0,0.0,91729076.0,0.0,0.0,0.0,0.0,0.39188278,1884.0,480756.0,120189.0,0.0,0.0,0.0,0.0,dataset_2025.csv,202506,False,True
2025,6,Arequipa,Arequipa,Mariano Melgar,MOVISTAR,0.0,0.0,0.0,0.0,14.472125,23291.0,3.482445,2049.0,0.0,0.0,0.0,0.0,0.0,0.0,63.34877,29629.0,0.0,0.0,0.014149599,4511.0,0.0,97.348785,31035536.0,104588.0,0.0,0.0,0.0,31880763.0,0.0,0.0,0.0,0.0,0.47473606,572.0,120488.0,30122.0,0.0,0.0,0.0,0.0,dataset_2025.csv,202506,False,True
2025,6,Arequipa,Arequipa,Miraflores,MOVISTAR,0.0,0.0,0.0,0.0,10.548677,43408.0,3.400397,3271.0,0.0,0.0,0.0,0.0,0.0,0.0,64.89774,42472.0,0.0,0.0,0.009740336,3456.0,0.0,96.526924,34249029.0,133317.0,0.0,0.0,0.0,35481321.0,0.0,0.0,0.0,0.0,0.65689915,1146.0,174456.0,43614.0,0.0,0.0,0.0,0.0,dataset_2025.csv,202506,False,True
2025,6,Arequipa,Arequipa,Paucarpata,MOVISTAR,0.0,0.0,0.0,0.0,10.114936,54880.0,3.0593045,5090.0,0.0,0.0,0.0,0.0,0.0,0.0,66.46164,66414.0,0.0,0.0,0.025339024,15386.0,0.0,95.89509,58228046.0,227102.0,0.0,0.0,0.0,60720570.0,0.0,0.0,0.0,0.0,0.5937285,1620.0,272852.0,68213.0,0.0,0.0,0.0,0.0,dataset_2025.csv,202506,False,True
2025,6,Arequipa,Arequipa,Sachaca,MOVISTAR,0.0,0.0,0.0,0.0,13.327507,9946.0,3.0602503,737.0,0.0,0.0,0.0,0.0,0.0,0.0,63.588417,15571.0,0.0,0.0,0.031965733,3441.0,0.0,98.89223,10645404.0,49261.0,0.0,0.0,0.0,10764652.0,0.0,0.0,0.0,0.0,0.34709015,219.0,63096.0,15774.0,0.0,0.0,0.0,0.0,dataset_2025.csv,202506,False,True
2025,6,Arequipa,Arequipa,Socabaya,MOVISTAR,0.0,0.0,0.0,0.0,9.689719,33752.0,2.7577198,2460.0,0.0,0.0,0.0,0.0,0.0,0.0,63.29731,45143.0,0.0,0.0,0.008455738,3336.0,0.0,96.97083,38257416.0,133631.0,0.0,0.0,0.0,39452498.0,0.0,0.0,0.0,0.0,0.61066717,1128.0,184716.0,46179.0,0.0,0.0,0.0,0.0,dataset_2025.csv,202506,False,True
2025,6,Arequipa,Arequipa,Tiabaya,MOVISTAR,0.0,0.0,0.0,0.0,11.593809,7895.0,2.1324208,636.0,0.0,0.0,0.0,0.0,0.0,0.0,61.60888,11634.0,0.0,0.0,0.118950695,16621.0,467.0,87.85035,12275343.0,40056.0,0.0,0.0,0.0,13973016.0,0.0,0.0,0.0,0.0,0.4295751,203.0,47256.0,11814.0,0.0,0.0,0.0,0.0,dataset_2025.csv,202506,False,True
2025,6,Arequipa,Arequipa,Yanahuara,MOVISTAR,0.0,0.0,0.0,0.0,13.041825,21301.0,2.7146251,1382.0,0.0,0.0,0.0,0.0,0.0,0.0,61.13142,22693.0,0.0,0.0,0.017312255,3411.0,0.0,96.803986,19073103.0,91534.0,0.0,0.0,0.0,19702807.0,0.0,0.0,0.0,0.0,0.47812134,441.0,92236.0,23059.0,0.0,0.0,0.0,0.0,dataset_2025.csv,202506,False,True
2025,6,Ayacucho,Huamanga,Carmen Alto,MOVISTAR,0.0,0.0,0.0,0.0,9.655705,10867.0,4.0257497,1038.0,0.0,0.0,0.0,0.0,0.0,0.0,64.9708,10875.0,0.0,0.0,1.6809704,195455.0,2637.0,98.10319,11406958.0,34587.0,0.0,0.0,0.0,11627510.0,3.6290324,0.0,0.0,0.0,1.0395334,467.0,44924.0,11231.0,0.0,0.0,0.0,0.0,dataset_2025.csv,202506,False,True
2025,6,Cajamarca,Celendin,Celendin,MOVISTAR,0.0,0.0,0.0,0.0,9.392746,6627.0,3.8045156,712.0,0.0,0.0,0.0,0.0,0.0,0.0,63.69904,13878.0,0.0,0.0,2.2218707,173170.0,2965.0,97.62338,7608652.0,27683.0,0.0,0.0,0.0,7793883.0,6.7264576,0.0,0.0,0.0,0.3029223,170.0,56120.0,14030.0,0.0,0.0,0.0,0.0,dataset_2025.csv,202506,False,True
2025,6,Cajamarca,Santa Cruz,Santa Cruz,MOVISTAR,0.0,0.0,0.0,0.0,12.556089,8364.0,3.0662558,893.0,0.0,0.0,0.0,0.0,235.15706,416.0,69.35186,9822.0,0.0,0.0,8.504199,587119.0,8275.0,90.68727,6260933.0,25254.0,0.0,0.0,0.0,6903872.0,6.002331,103.0,1716.0,429.0,0.6888491,277.0,40212.0,10053.0,0.0,0.0,0.0,0.0,dataset_2025.csv,202506,False,True
2025,6,Callao,Callao,Mi Peru,MOVISTAR,3.7459633,1189.0,0.0,0.0,8.478609,9813.0,3.1388576,586.0,0.0,0.0,0.0,0.0,293.2411,509.0,61.89104,15672.0,0.0,0.0,5.285627,1132904.0,13916.0,93.18251,19972434.0,83496.0,0.0,0.0,0.0,21433673.0,5.4406476,121.0,2224.0,556.0,0.73602027,477.0,64808.0,16202.0,0.0,0.0,0.0,0.0,dataset_2025.csv,202506,True,False
2025,6,Cusco,Acomayo,Pomacanchi,MOVISTAR,5.319847,1460.0,0.0,0.0,7.3261704,556.0,0.0,0.0,0.0,0.0,0.0,0.0,101.14337,746.0,63.46016,3962.0,0.0,0.0,28.537857,629881.0,1858.0,70.08477,1546895.0,2262.0,0.0,0.0,0.0,2207177.0,2.5232403,76.0,3012.0,753.0,0.03781195,6.0,15868.0,3967.0,0.0,0.0,0.0,0.0,dataset_2025.csv,202506,True,False
2025,6,Cusco,Cusco,Cusco,MOVISTAR,3.483087,6025.0,0.56679124,2003.0,7.530394,43637.0,2.2202096,4062.0,0.0,0.0,0.0,0.0,244.50943,3609.0,74.48996,71055.0,0.0,0.0,5.854964,4103124.0,55542.0,89.07479,62423088.0,314678.0,0.0,1.0,0.0,70079411.0,6.907059,1088.0,15752.0,3938.0,1.4988706,4539.0,302828.0,75707.0,0.0,0.0,0.0,0.0,dataset_2025.csv,202506,True,False
2025,6,Cusco,Cusco,San Jeronimo,MOVISTAR,4.3935914,1527.0,0.6325147,553.0,8.957711,28818.0,2.7606585,1846.0,0.0,0.0,0.0,0.0,142.28616,2410.0,70.74125,37902.0,0.0,0.0,2.7111123,822342.0,11948.0,95.58711,28993744.0,107596.0,0.0,9.0,0.0,30332273.0,2.1523848,213.0,9896.0,2474.0,0.53589743,836.0,156000.0,39000.0,0.0,0.0,0.0,0.0,dataset_2025.csv,202506,True,False
2025,6,Cusco,Cusco,San Sebastian,MOVISTAR,3.749577,2782.0,0.6101366,885.0,8.517965,27478.0,2.844427,2435.0,0.0,0.0,0.0,0.0,245.52782,2226.0,74.38328,38587.0,0.0,0.0,6.169136,2641783.0,28285.0,89.89956,38497308.0,148724.0,0.0,1.0,0.0,42822576.0,6.733554,651.0,9668.0,2417.0,1.3497483,2230.0,165216.0,41304.0,0.0,0.0,0.0,0.0,dataset_2025.csv,202506,True,False
2025,6,Cusco,Cusco,Santiago,MOVISTAR,3.770972,3643.0,0.6111623,1219.0,7.2660475,38645.0,2.6326609,2525.0,0.0,0.0,0.0,0.0,213.91359,2258.0,74.31286,49467.0,0.0,0.0,6.2105656,2463189.0,26439.0,90.776886,36003264.0,145492.0,0.0,0.0,0.0,39661267.0,4.502716,431.0,9572.0,2393.0,1.0237224,2137.0,208748.0,52187.0,0.0,0.0,0.0,0.0,dataset_2025.csv,202506,True,False
2025,6,Cusco,Cusco,Wanchaq,MOVISTAR,4.0099077,2211.0,0.78771514,929.0,9.606815,37080.0,2.4567258,3290.0,0.0,0.0,0.0,0.0,237.68571,1826.0,72.42737,55685.0,0.0,0.0,4.7132688,2279677.0,26093.0,92.90608,44936089.0,209362.0,0.0,72.0,0.0,48367218.0,6.073083,472.0,7772.0,1943.0,1.1783233,2761.0,234316.0,58579.0,0.0,0.0,0.0,0.0,dataset_2025.csv,202506,True,False
2025,6,Cusco,La Convencion,Echarate,MOVISTAR,6.0079722,1952.0,0.6748824,540.0,9.063437,7899.0,1.8997095,646.0,0.0,0.0,0.0,0.0,251.33638,1147.0,82.951935,9982.0,0.0,0.0,10.203608,1348130.0,7042.0,59.059643,7803130.0,26375.0,0.0,0.0,0.0,13212288.0,5.894649,282.0,4784.0,1196.0,1.4516854,646.0,44500.0,11125.0,0.0,0.0,0.0,0.0,dataset_2025.csv,202506,True,False
2025,6,Huancavelica,Tayacaja,Pampas,MOVISTAR,3.8747609,470.0,0.0,0.0,12.027746,12972.0,3.868751,2422.0,0.0,0.0,0.0,0.0,174.05176,451.0,68.04751,14866.0,0.0,0.0,4.596398,363633.0,5647.0,93.6017,7405074.0,24147.0,0.0,0.0,0.0,7911260.0,5.8668075,111.0,1892.0,473.0,0.9424285,588.0,62392.0,15598.0,0.0,0.0,0.0,0.0,dataset_2025.csv,202506,True,False
2025,6,Ica,Chincha,Alto Laran,MOVISTAR,0.0,0.0,0.0,0.0,10.5788145,11650.0,4.5204644,1734.0,0.0,0.0,0.0,0.0,0.0,0.0,59.6521,13502.0,0.0,0.0,0.09595637,7415.0,0.0,96.334496,7444219.0,27977.0,0.0,0.0,0.0,7727470.0,0.0,0.0,0.0,0.0,0.4366011,238.0,54512.0,13628.0,0.0,0.0,0.0,0.0,dataset_2025.csv,202506,False,True
2025,6,Ica,Chincha,Chincha Alta,MOVISTAR,0.0,0.0,0.0,0.0,12.715448,110594.0,2.8504167,6438.0,0.0,0.0,0.0,0.0,0.0,0.0,58.834686,127771.0,0.0,0.0,0.006246413,5579.0,0.0,96.3274,86035063.0,328194.0,0.0,321.0,0.0,89315256.0,0.0,0.0,0.0,0.0,0.269154,1392.0,517176.0,129294.0,0.0,0.0,0.0,0.0,dataset_2025.csv,202506,False,True
2025,6,Ica,Chincha,Chincha Baja,MOVISTAR,0.0,0.0,0.0,0.0,10.617754,8431.0,2.336025,496.0,0.0,0.0,0.0,0.0,0.0,0.0,64.29682,12871.0,0.0,0.0,0.3517313,36549.0,852.0,91.41972,9499580.0,38619.0,0.0,0.0,0.0,10391171.0,0.0,0.0,0.0,0.0,0.9112792,477.0,52344.0,13086.0,0.0,0.0,0.0,0.0,dataset_2025.csv,202506,False,True
2025,6,Ica,Chincha,El Carmen,MOVISTAR,0.0,0.0,0.0,0.0,9.905537,3361.0,0.0,0.0,0.0,0.0,0.0,0.0,0.0,0.0,61.14931,8247.0,0.0,0.0,2.7969794,181427.0,1430.0,93.38322,6057333.0,25673.0,0.0,0.0,0.0,6486533.0,0.0,0.0,0.0,0.0,0.5173445,173.0,33440.0,8360.0,0.0,0.0,0.0,0.0,dataset_2025.csv,202506,False,True
2025,6,Ica,Chincha,Pueblo Nuevo,MOVISTAR,0.0,0.0,0.0,0.0,9.439685,34329.0,2.390567,2821.0,0.0,0.0,0.0,0.0,0.0,0.0,59.974834,49417.0,0.0,0.0,0.0055539375,2364.0,0.0,98.08366,41748716.0,145272.0,0.0,0.0,0.0,42564395.0,0.0,0.0,0.0,0.0,0.37753516,758.0,200776.0,50194.0,0.0,0.0,0.0,0.0,dataset_2025.csv,202506,False,True
2025,6,Ica,Chincha,Sunampe,MOVISTAR,0.0,0.0,0.0,0.0,11.342917,29554.0,3.0929062,1832.0,0.0,0.0,0.0,0.0,0.0,0.0,58.18221,34637.0,0.0,0.0,0.083517715,21990.0,459.0,98.26437,25872758.0,95838.0,0.0,0.0,0.0,26329743.0,0.0,0.0,0.0,0.0,0.21482585,300.0,139648.0,34912.0,0.0,0.0,0.0,0.0,dataset_2025.csv,202506,False,True
2025,6,Ica,Ica,Ica,MOVISTAR,4.9409537,5459.0,0.7865076,2129.0,10.985179,173248.0,2.7828207,13287.0,0.0,0.0,0.0,0.0,165.4988,5457.0,59.2147,245108.0,0.0,0.0,3.4229336,6890223.0,68505.0,96.28562,193818949.0,689679.0,0.0,0.0,0.0,201295838.0,3.3527305,749.0,22340.0,5585.0,0.41255414,4118.0,998172.0,249543.0,0.0,0.0,0.0,0.0,dataset_2025.csv,202506,True,False
2025,6,Ica,Ica,La Tinguiña,MOVISTAR,3.1440375,855.0,0.0,0.0,8.538438,14081.0,3.2234294,821.0,0.0,0.0,0.0,0.0,192.23279,912.0,60.588417,15592.0,0.0,0.0,3.589604,437866.0,6018.0,95.49614,11648781.0,38499.0,0.0,0.0,0.0,12198170.0,4.285714,162.0,3780.0,945.0,0.79184127,514.0,64912.0,16228.0,0.0,0.0,0.0,0.0,dataset_2025.csv,202506,True,False
2025,6,Ica,Ica,Parcona,MOVISTAR,3.9316308,1329.0,0.0,0.0,10.054624,35420.0,3.5740478,2561.0,0.0,0.0,0.0,0.0,172.26741,992.0,64.92671,36932.0,0.0,0.0,2.5743606,734521.0,8054.0,97.33557,27771951.0,77267.0,0.0,0.0,0.0,28532171.0,2.5647411,103.0,4016.0,1004.0,0.4718347,717.0,151960.0,37990.0,0.0,0.0,0.0,0.0,dataset_2025.csv,202506,True,False
2025,6,Ica,Ica,Subtanjalla,MOVISTAR,3.4556122,423.0,0.0,0.0,7.480756,9659.0,3.1064327,728.0,0.0,0.0,0.0,0.0,171.03452,532.0,59.441216,17191.0,0.0,0.0,8.106248,1170324.0,8697.0,90.87377,13119727.0,51029.0,0.0,0.0,0.0,14437309.0,4.7016273,104.0,2212.0,553.0,0.74419,529.0,71084.0,17771.0,0.0,0.0,0.0,0.0,dataset_2025.csv,202506,True,False
2025,6,Junin,Chanchamayo,Chanchamayo,MOVISTAR,4.909488,554.0,0.0,0.0,10.366621,24894.0,2.982656,2057.0,0.0,0.0,0.0,0.0,171.21283,631.0,62.509308,25887.0,0.0,0.0,1.6561388,312253.0,5828.0,96.6695,18226337.0,51401.0,0.0,0.0,0.0,18854278.0,5.014749,136.0,2712.0,678.0,0.52002865,552.0,106148.0,26537.0,0.0,0.0,0.0,0.0,dataset_2025.csv,202506,True,False
2025,6,Junin,Huancayo,Chilca,MOVISTAR,0.0,0.0,0.0,0.0,8.206965,62054.0,2.8517368,4522.0,0.0,0.0,0.0,0.0,0.0,0.0,61.0258,69099.0,0.0,0.0,0.030079084,20361.0,0.0,96.89295,65588351.0,232934.0,0.0,0.0,0.0,67691558.0,0.0,0.0,0.0,0.0,0.75816756,2174.0,286744.0,71686.0,0.0,0.0,0.0,0.0,dataset_2025.csv,202506,False,True
2025,6,Junin,Huancayo,El Tambo,MOVISTAR,0.0,0.0,0.0,0.0,11.027875,239304.0,2.8326926,16472.0,0.0,0.0,0.0,0.0,0.0,0.0,58.58154,286674.0,0.0,0.0,0.023524838,56990.0,972.0,96.80996,234526571.0,861503.0,0.0,0.0,0.0,242254596.0,0.0,0.0,0.0,0.0,0.3237164,3766.0,1163364.0,290841.0,0.0,0.0,0.0,0.0,dataset_2025.csv,202506,False,True
2025,6,Junin,Huancayo,Huancayo,MOVISTAR,0.0,0.0,0.0,0.0,10.213061,160592.0,3.0238636,12468.0,0.0,0.0,0.0,0.0,0.0,0.0,58.444607,230844.0,0.0,0.0,0.005582022,9013.0,0.0,95.908,154857652.0,692321.0,0.0,0.0,0.0,161464793.0,0.0,0.0,0.0,0.0,0.4441708,4184.0,941980.0,235495.0,0.0,0.0,0.0,0.0,dataset_2025.csv,202506,False,True
2025,6,Junin,Huancayo,Pilcomayo,MOVISTAR,0.0,0.0,0.0,0.0,8.635998,13247.0,2.2753334,728.0,0.0,0.0,0.0,0.0,0.0,0.0,59.497444,19272.0,0.0,0.0,0.00843918,1112.0,0.0,96.842125,12760533.0,48751.0,0.0,0.0,0.0,13176635.0,0.0,0.0,0.0,0.0,0.54166245,428.0,79016.0,19754.0,0.0,0.0,0.0,0.0,dataset_2025.csv,202506,False,True
2025,6,Junin,Huancayo,San Agustin,MOVISTAR,0.0,0.0,0.0,0.0,9.003099,15812.0,2.8232086,1800.0,0.0,0.0,0.0,0.0,0.0,0.0,58.174522,21865.0,0.0,0.0,0.15500155,35049.0,498.0,97.3881,22021427.0,66123.0,0.0,0.0,0.0,22612031.0,0.0,0.0,0.0,0.0,0.44433528,398.0,89572.0,22393.0,0.0,0.0,0.0,0.0,dataset_2025.csv,202506,False,True
2025,6,Junin,Junin,Carhuamayo,MOVISTAR,6.1077323,1584.0,0.9990248,753.0,12.377604,8208.0,4.1276336,2006.0,0.0,0.0,0.0,0.0,199.91734,1104.0,51.425663,6819.0,0.0,0.0,13.969989,883006.0,6118.0,84.96577,5370461.0,13600.0,0.0,0.0,0.0,6320735.0,1.748879,78.0,4460.0,1115.0,0.3276063,90.0,27472.0,6868.0,0.0,0.0,0.0,0.0,dataset_2025.csv,202506,True,False
2025,6,La Libertad,Trujillo,El Porvenir,MOVISTAR,0.0,0.0,0.0,0.0,10.977471,38961.0,2.8912616,3211.0,0.0,0.0,0.0,0.0,0.0,0.0,63.481766,45587.0,0.0,0.0,0.0077303844,4376.0,0.0,92.349045,52276758.0,187808.0,0.0,0.0,0.0,56607794.0,0.0,0.0,0.0,0.0,0.9433259,1771.0,187740.0,46935.0,0.0,0.0,0.0,0.0,dataset_2025.csv,202506,False,True
2025,6,La Libertad,Trujillo,La Esperanza,MOVISTAR,0.0,0.0,0.0,0.0,12.065455,77428.0,2.9016962,6276.0,0.0,0.0,0.0,0.0,0.0,0.0,57.497356,93898.0,0.0,0.0,0.03952385,32630.0,462.0,96.09272,79331986.0,263016.0,0.0,0.0,0.0,82557747.0,0.0,0.0,0.0,0.0,0.43980584,1678.0,381532.0,95383.0,0.0,0.0,0.0,0.0,dataset_2025.csv,202506,False,True
2025,6,La Libertad,Trujillo,Moche,MOVISTAR,0.0,0.0,0.0,0.0,12.35149,25294.0,2.311321,1363.0,0.0,0.0,0.0,0.0,0.0,0.0,58.521404,29584.0,0.0,0.0,0.016780842,3370.0,0.0,97.5921,19598860.0,78863.0,0.0,0.0,0.0,20082424.0,0.0,0.0,0.0,0.0,0.18690492,223.0,119312.0,29828.0,0.0,0.0,0.0,0.0,dataset_2025.csv,202506,False,True
2025,6,La Libertad,Trujillo,Trujillo,MOVISTAR,0.0,0.0,0.0,0.0,13.81009,296060.0,2.747856,24732.0,0.0,0.0,0.0,0.0,0.0,0.0,61.498547,396578.0,0.0,0.0,0.024800565,72630.0,660.0,97.4336,285340390.0,1152619.0,0.0,0.0,0.0,292856238.0,0.0,0.0,0.0,0.0,0.2769265,4435.0,1601508.0,400377.0,0.0,0.0,0.0,0.0,dataset_2025.csv,202506,False,True
2025,6,La Libertad,Trujillo,Victor Larco Herrera,MOVISTAR,0.0,0.0,0.0,0.0,14.494122,54592.0,2.3586984,4055.0,0.0,0.0,0.0,0.0,0.0,0.0,60.924435,64078.0,0.0,0.0,0.0069468343,3771.0,0.0,98.83298,53650215.0,187501.0,0.0,10.0,0.0,54283718.0,0.0,0.0,0.0,0.0,0.27202052,704.0,258804.0,64701.0,0.0,0.0,0.0,0.0,dataset_2025.csv,202506,False,True
2025,6,Lambayeque,Chiclayo,Chiclayo,MOVISTAR,0.0,0.0,0.0,0.0,12.071632,165455.0,2.9492278,18735.0,0.0,0.0,0.0,0.0,0.0,0.0,65.68728,192774.0,0.0,0.0,0.032125592,52540.0,592.0,97.69703,159779223.0,591582.0,0.0,324.0,0.0,163545626.0,0.0,0.0,0.0,0.0,0.5616607,4420.0,786952.0,196738.0,0.0,0.0,0.0,0.0,dataset_2025.csv,202506,False,True
2025,6,Lambayeque,Chiclayo,Jose Leonardo Ortiz,MOVISTAR,0.0,0.0,0.0,0.0,11.095047,51334.0,2.2973135,5334.0,0.0,0.0,0.0,0.0,0.0,0.0,62.42669,61584.0,0.0,0.0,0.02271437,13244.0,0.0,94.73702,55238032.0,167660.0,0.0,0.0,0.0,58306701.0,0.0,0.0,0.0,0.0,0.5562244,1386.0,249180.0,62295.0,0.0,0.0,0.0,0.0,dataset_2025.csv,202506,False,True
2025,6,Lambayeque,Chiclayo,La Victoria,MOVISTAR,0.0,0.0,0.0,0.0,11.46783,37061.0,1.9908652,3073.0,0.0,0.0,0.0,0.0,0.0,0.0,62.73243,46853.0,0.0,0.0,0.090464406,37364.0,523.0,97.38397,40221950.0,132848.0,0.0,0.0,0.0,41302434.0,0.0,0.0,0.0,0.0,0.43445826,827.0,190352.0,47588.0,0.0,0.0,0.0,0.0,dataset_2025.csv,202506,False,True
2025,6,Lambayeque,Chiclayo,Pimentel,MOVISTAR,0.0,0.0,0.0,0.0,11.260665,53378.0,2.2202153,5198.0,0.0,0.0,0.0,0.0,0.0,0.0,63.13209,50712.0,0.0,0.0,0.027340377,11131.0,0.0,97.22654,39583529.0,131792.0,0.0,0.0,0.0,40712680.0,0.0,0.0,0.0,0.0,0.48577443,1006.0,207092.0,51773.0,0.0,0.0,0.0,0.0,dataset_2025.csv,202506,False,True
2025,6,Lima,Cañete,Asia,MOVISTAR,4.400765,1539.0,0.69856113,612.0,12.285156,22595.0,2.2997916,1506.0,0.0,0.0,0.0,0.0,150.34647,940.0,51.176884,23177.0,0.0,0.0,5.044038,1049036.0,10685.0,93.04769,19351635.0,73381.0,0.0,0.0,0.0,20797544.0,2.9187818,115.0,3940.0,985.0,0.25010687,234.0,93560.0,23390.0,0.0,0.0,0.0,0.0,dataset_2025.csv,202506,True,False
2025,6,Lima,Cañete,Cerro Azul,MOVISTAR,4.568039,485.0,0.0,0.0,15.094461,16651.0,3.380081,1232.0,0.0,0.0,0.0,0.0,0.0,0.0,59.406372,18139.0,0.0,0.0,2.2465258,220060.0,5811.0,97.54943,9555523.0,45175.0,0.0,0.0,0.0,9795570.0,4.361979,0.0,0.0,0.0,0.32778892,242.0,73828.0,18457.0,0.0,0.0,0.0,0.0,dataset_2025.csv,202506,True,False
2025,6,Lima,Cañete,Chilca,MOVISTAR,4.4677243,676.0,0.0,0.0,13.975267,21493.0,3.1672902,1569.0,0.0,0.0,0.0,0.0,211.65915,519.0,63.320538,20186.0,0.0,0.0,3.6499038,602316.0,10141.0,95.8218,15812746.0,68270.0,0.0,0.0,0.0,16502243.0,4.9648504,113.0,2276.0,569.0,0.62506056,516.0,82552.0,20638.0,0.0,0.0,0.0,0.0,dataset_2025.csv,202506,True,False
2025,6,Lima,Cañete,Mala,MOVISTAR,5.0544114,827.0,0.0,0.0,11.353024,52074.0,4.9723077,4471.0,0.0,0.0,0.0,0.0,175.22015,1517.0,56.697517,60193.0,0.0,0.0,3.3821077,1624244.0,17522.0,96.34424,46268945.0,143059.0,0.0,0.0,0.0,48024609.0,3.5600255,223.0,6264.0,1566.0,0.3968969,969.0,244144.0,61036.0,0.0,0.0,0.0,0.0,dataset_2025.csv,202506,True,False
2025,6,Lima,Huaura,Huaura,MOVISTAR,4.0235415,1323.0,0.0,0.0,8.542172,8912.0,1.7843382,1207.0,0.0,0.0,0.0,0.0,318.62897,1085.0,71.656105,14203.0,0.0,0.0,11.237181,1480781.0,13009.0,86.16388,11354257.0,52547.0,0.0,0.0,0.0,13177514.0,3.4460616,161.0,4672.0,1168.0,0.77955896,461.0,59136.0,14784.0,0.0,0.0,0.0,0.0,dataset_2025.csv,202506,True,False
2025,6,Lima,Lima,Barranco,MOVISTAR,6.3002214,3762.0,0.74665534,755.0,12.731564,42742.0,4.271068,4558.0,0.0,0.0,0.0,0.0,244.05095,1740.0,59.14541,49876.0,0.0,0.0,4.5428076,1710054.0,17256.0,94.99557,35759283.0,194033.0,0.0,0.0,0.0,37643108.0,4.779412,351.0,7344.0,1836.0,0.36819142,746.0,202612.0,50653.0,0.0,0.0,0.0,0.0,dataset_2025.csv,202506,True,False
2025,6,Lima,Lima,Breña,MOVISTAR,3.7500322,817.0,0.65078485,406.0,13.503706,67358.0,3.1149256,4581.0,0.0,0.0,0.0,0.0,174.52104,1075.0,57.400166,93480.0,0.0,0.0,3.2724876,2637729.0,20057.0,96.461914,77751363.0,290011.0,0.0,437.0,0.0,80603175.0,5.9102674,274.0,4636.0,1159.0,0.5994559,2274.0,379344.0,94836.0,0.0,0.0,0.0,0.0,dataset_2025.csv,202506,True,False
2025,6,Lima,Lima,Carabayllo,MOVISTAR,4.516275,2373.0,0.7769075,838.0,13.87983,164213.0,3.8344235,10628.0,0.0,0.0,0.0,0.0,155.75235,3573.0,53.030556,181126.0,0.0,0.0,3.017397,4563262.0,49907.0,96.48353,145913716.0,457374.0,0.0,1230.0,0.0,151231743.0,3.6158118,547.0,15128.0,3782.0,0.48956093,3597.0,734740.0,183685.0,0.0,0.0,0.0,0.0,dataset_2025.csv,202506,True,False
2025,6,Lima,Lima,Comas,MOVISTAR,4.6756763,3891.0,0.69258213,1351.0,12.51963,214893.0,3.5604866,17537.0,0.0,0.0,0.0,0.0,208.42792,3236.0,55.434067,270627.0,0.0,0.0,4.990141,12525741.0,88308.0,94.49278,237186118.0,853981.0,0.0,0.0,0.0,251009763.0,6.2412343,890.0,14260.0,3565.0,0.5550483,6103.0,1099544.0,274886.0,0.0,0.0,0.0,0.0,dataset_2025.csv,202506,True,False
2025,6,Lima,Lima,El Agustino,MOVISTAR,4.008465,1427.0,0.5814818,468.0,11.543989,68085.0,3.4759507,3895.0,0.0,0.0,0.0,0.0,205.0109,1695.0,60.09971,76870.0,0.0,0.0,8.628916,6924037.0,57899.0,90.12492,72318276.0,345612.0,0.0,227.0,0.0,80242259.0,5.425532,408.0,7520.0,1880.0,0.8577934,2705.0,315344.0,78836.0,0.0,0.0,0.0,0.0,dataset_2025.csv,202506,True,False
2025,6,Lima,Lima,Independencia,MOVISTAR,4.4252076,1851.0,0.5966563,836.0,11.708428,102951.0,3.8681219,8050.0,0.0,0.0,0.0,0.0,232.42648,2310.0,56.866146,127674.0,0.0,0.0,4.828723,4238762.0,45560.0,94.45729,82916740.0,397842.0,0.0,0.0,0.0,87782254.0,6.714836,697.0,10380.0,2595.0,0.8154282,4246.0,520708.0,130177.0,0.0,0.0,0.0,0.0,dataset_2025.csv,202506,True,False
2025,6,Lima,Lima,Los Olivos,MOVISTAR,4.6882267,3857.0,0.71107996,1074.0,12.973744,197208.0,3.3366704,15419.0,0.0,0.0,0.0,0.0,188.76817,3138.0,55.293575,245309.0,0.0,0.0,4.3656216,10471950.0,84609.0,95.16931,228285543.0,874011.0,0.0,333.0,0.0,239873060.0,5.2492666,716.0,13640.0,3410.0,0.54138273,5386.0,994860.0,248715.0,0.0,0.0,0.0,0.0,dataset_2025.csv,202506,True,False
2025,6,Lima,Lima,Puente Piedra,MOVISTAR,3.9171345,2914.0,0.63577,923.0,12.449143,149881.0,2.8463154,10767.0,0.0,0.0,0.0,0.0,194.81938,2984.0,57.372913,158892.0,0.0,0.0,4.5690036,6481302.0,71425.0,94.87167,134579009.0,534102.0,0.0,5.0,0.0,141853726.0,5.2789764,685.0,12976.0,3244.0,0.8056914,5231.0,649256.0,162314.0,0.0,0.0,0.0,0.0,dataset_2025.csv,202506,True,False
2025,6,Lima,Lima,Punta Negra,MOVISTAR,0.0,0.0,0.0,0.0,13.318779,10014.0,4.9381967,1881.0,0.0,0.0,0.0,0.0,0.0,0.0,51.3328,10077.0,0.0,0.0,3.059634,239100.0,2599.0,96.51908,7542638.0,28514.0,0.0,0.0,0.0,7814660.0,0.0,0.0,0.0,0.0,0.43966782,180.0,40940.0,10235.0,0.0,0.0,0.0,0.0,dataset_2025.csv,202506,False,True
2025,6,Lima,Lima,San Juan De Lurigancho,MOVISTAR,4.632861,10731.0,0.58953387,2737.0,12.445245,393408.0,3.541901,28964.0,0.0,0.0,0.0,0.0,198.01465,8283.0,54.335316,437952.0,0.0,0.0,5.663059,24659932.0,169097.0,92.62704,403346749.0,1414637.0,0.0,17162.0,0.0,435452486.0,5.4010987,1966.0,36400.0,9100.0,0.54606426,9718.0,1779644.0,444911.0,0.0,0.0,0.0,0.0,dataset_2025.csv,202506,True,False
2025,6,Lima,Lima,San Luis,MOVISTAR,4.8232455,2693.0,0.7476764,687.0,10.526627,44987.0,3.2902517,3139.0,0.0,0.0,0.0,0.0,202.42462,1112.0,59.74856,62939.0,0.0,0.0,2.8967428,1530884.0,25545.0,96.72215,51116170.0,222798.0,0.0,789.0,0.0,52848461.0,4.1141896,196.0,4764.0,1191.0,0.40911222,1047.0,255920.0,63980.0,0.0,0.0,0.0,0.0,dataset_2025.csv,202506,True,False
2025,6,Lima,Lima,San Martin De Porres,MOVISTAR,4.8647375,8201.0,0.5908764,2102.0,12.750406,281355.0,3.122949,18738.0,0.0,0.0,0.0,0.0,213.57983,8278.0,56.742504,354413.0,0.0,0.0,6.0868,21888590.0,160621.0,93.44868,336048447.0,1294901.0,0.0,1689.0,0.0,359607505.0,5.657705,2037.0,36004.0,9001.0,0.58931786,8473.0,1437764.0,359441.0,0.0,0.0,0.0,0.0,dataset_2025.csv,202506,True,False
2025,6,Piura,Piura,Castilla,MOVISTAR,0.0,0.0,0.0,0.0,11.466229,75825.0,2.7968705,6584.0,0.0,0.0,0.0,0.0,0.0,0.0,64.98146,116940.0,0.0,0.0,0.22151536,196716.0,2339.0,97.35632,86456970.0,295516.0,0.0,53.0,0.0,88804679.0,4.8076925,0.0,0.0,0.0,0.4550485,2171.0,477092.0,119273.0,0.0,0.0,0.0,0.0,dataset_2025.csv,202506,False,True
2025,6,Piura,Piura,Catacaos,MOVISTAR,0.0,0.0,0.0,0.0,9.249372,30899.0,2.6218834,1954.0,0.0,0.0,0.0,0.0,0.0,0.0,63.72943,42575.0,0.0,0.0,0.07255672,24427.0,642.0,98.34931,33110354.0,105493.0,0.0,0.0,0.0,33666075.0,0.0,0.0,0.0,0.0,0.38326082,666.0,173772.0,43443.0,0.0,0.0,0.0,0.0,dataset_2025.csv,202506,False,True
2025,6,Piura,Piura,Piura,MOVISTAR,0.0,0.0,0.0,0.0,11.03025,104978.0,2.8011003,8259.0,0.0,0.0,0.0,0.0,0.0,0.0,64.37625,163360.0,0.0,0.0,0.081299044,95107.0,1986.0,94.831825,110938210.0,437803.0,0.0,0.0,0.0,116984153.0,4.511278,0.0,0.0,0.0,0.37153837,2467.0,663996.0,165999.0,0.0,0.0,0.0,0.0,dataset_2025.csv,202506,False,True
2025,6,Piura,Piura,Veintiseis De Octubre,MOVISTAR,0.0,0.0,0.0,0.0,9.812769,68153.0,3.7665548,8178.0,0.0,0.0,0.0,0.0,0.0,0.0,63.2133,95144.0,0.0,0.0,0.015807124,12078.0,0.0,98.10313,74959219.0,259761.0,0.0,0.0,0.0,76408591.0,0.0,0.0,0.0,0.0,0.43044856,1672.0,388432.0,97108.0,0.0,0.0,0.0,0.0,dataset_2025.csv,202506,False,True
2025,6,Puno,Puno,Puno,MOVISTAR,4.5868587,9844.0,0.75663733,3877.0,8.98999,196022.0,2.6453924,16772.0,0.0,0.0,0.0,0.0,260.21927,7009.0,73.96305,218940.0,0.0,0.0,4.079641,6320709.0,73134.0,95.00671,147196727.0,516942.0,0.0,0.0,0.0,154932981.0,6.4513946,1906.0,29544.0,7386.0,0.84973264,7831.0,921584.0,230396.0,0.0,0.0,0.0,0.0,dataset_2025.csv,202506,True,False
2025,6,Puno,San Roman,Caracoto,MOVISTAR,4.1348658,861.0,0.0,0.0,8.129844,13101.0,2.46796,957.0,0.0,0.0,0.0,0.0,254.40118,454.0,68.77828,10891.0,0.0,0.0,7.9144883,554038.0,7294.0,90.96379,6367739.0,26473.0,0.0,0.0,0.0,7000301.0,8.989899,178.0,1980.0,495.0,0.67639494,305.0,45092.0,11273.0,0.0,0.0,0.0,0.0,dataset_2025.csv,202506,True,False
2025,6,Puno,San Roman,Juliaca,MOVISTAR,4.6274347,13409.0,0.7487058,4113.0,8.945222,243908.0,2.5412104,16783.0,0.0,0.0,0.0,0.0,249.53821,8437.0,69.98684,266130.0,0.0,0.0,4.924181,10069426.0,95099.0,94.690155,193631304.0,662163.0,0.0,0.0,0.0,204489365.0,4.6158614,1639.0,35508.0,8877.0,0.86301875,9588.0,1110984.0,277746.0,0.0,0.0,0.0,0.0,dataset_2025.csv,202506,True,False
2025,6,Puno,San Roman,San Miguel,MOVISTAR,5.410719,3300.0,0.71111727,1097.0,11.426391,31418.0,3.6864798,2863.0,0.0,0.0,0.0,0.0,256.07178,1758.0,71.83449,32704.0,0.0,0.0,4.753029,1197127.0,11643.0,94.64037,23836705.0,75379.0,0.0,0.0,0.0,25186614.0,4.462336,327.0,7328.0,1832.0,0.77768016,1062.0,136560.0,34140.0,0.0,0.0,0.0,0.0,dataset_2025.csv,202506,True,False
2025,6,San Martin,Moyobamba,Moyobamba,MOVISTAR,3.408122,983.0,0.0,0.0,12.049516,23384.0,2.2203398,2015.0,0.0,0.0,0.0,0.0,237.3891,1205.0,82.37032,27326.0,0.0,0.0,6.5002804,1944837.0,9562.0,92.045135,27539241.0,78206.0,0.0,0.0,0.0,29919278.0,3.400309,176.0,5176.0,1294.0,0.5270655,592.0,112320.0,28080.0,0.0,0.0,0.0,0.0,dataset_2025.csv,202506,True,False
2025,6,Tacna,Candarave,Camilaca,MOVISTAR,0.0,0.0,0.0,0.0,14.526245,2160.0,0.0,0.0,0.0,0.0,0.0,0.0,0.0,0.0,69.27642,4094.0,0.0,0.0,2.4014478,36967.0,0.0,93.57968,1440531.0,2540.0,0.0,0.0,0.0,1539363.0,2.5700934,0.0,0.0,0.0,0.3285471,54.0,16436.0,4109.0,0.0,0.0,0.0,0.0,dataset_2025.csv,202506,False,True
2025,6,Tumbes,Contralmirante Villar,Canoas De Punta Sal,MOVISTAR,5.086558,723.0,0.0,0.0,13.396625,5481.0,1.9977547,479.0,0.0,0.0,0.0,0.0,145.19533,478.0,70.2246,6737.0,0.0,0.0,7.5416036,271600.0,4340.0,90.60098,3262864.0,12566.0,0.0,0.0,0.0,3601356.0,3.0870445,61.0,1976.0,494.0,0.21051854,57.0,27076.0,6769.0,0.0,0.0,0.0,0.0,dataset_2025.csv,202506,True,False
2025,6,Tumbes,Tumbes,Tumbes,MOVISTAR,4.7785306,711.0,0.0,0.0,9.772077,33904.0,3.2417026,2787.0,0.0,0.0,0.0,0.0,188.93254,613.0,69.98438,53752.0,0.0,0.0,1.8077238,756829.0,7976.0,97.89906,40986821.0,130970.0,0.0,0.0,0.0,41866409.0,4.095164,105.0,2564.0,641.0,0.3486795,761.0,218252.0,54563.0,0.0,0.0,0.0,0.0,dataset_2025.csv,202506,True,False
2025,7,Arequipa,Arequipa,Alto Selva Alegre,MOVISTAR,0.0,0.0,0.0,0.0,11.3498745,36154.0,2.9330347,2952.0,0.0,0.0,0.0,0.0,0.0,0.0,59.33982,35902.0,0.0,0.0,0.00140813,585.0,0.0,97.62804,40559038.0,134876.0,0.0,0.0,0.0,41544457.0,0.0,0.0,0.0,0.0,0.6716764,985.0,146648.0,36662.0,0.0,0.0,0.0,0.0,dataset_2025.csv,202507,False,True
2025,7,Arequipa,Arequipa,Cayma,MOVISTAR,0.0,0.0,0.0,0.0,12.717266,45186.0,3.556635,3508.0,0.0,0.0,0.0,0.0,0.0,0.0,58.7754,54101.0,0.0,0.0,0.014892601,6974.0,0.0,98.1553,45964774.0,202210.0,0.0,469.0,0.0,46828622.0,0.0,0.0,0.0,0.0,0.51168793,1126.0,220056.0,55014.0,0.0,0.0,0.0,0.0,dataset_2025.csv,202507,False,True
2025,7,Arequipa,Arequipa,Jacobo Hunter,MOVISTAR,0.0,0.0,0.0,0.0,9.449358,24625.0,2.700525,1589.0,0.0,0.0,0.0,0.0,0.0,0.0,59.980553,33306.0,0.0,0.0,0.00808291,3480.0,0.0,98.001625,42193423.0,155448.0,0.0,0.0,0.0,43053798.0,0.0,0.0,0.0,0.0,0.70326877,963.0,136932.0,34233.0,0.0,0.0,0.0,0.0,dataset_2025.csv,202507,False,True
2025,7,Arequipa,Arequipa,Jose Luis Bustamante Y Rivero,MOVISTAR,0.0,0.0,0.0,0.0,11.327875,78308.0,2.5188377,5917.0,0.0,0.0,0.0,0.0,0.0,0.0,56.08538,108374.0,0.0,0.0,0.0046424535,4113.0,0.0,98.665474,87413066.0,345235.0,0.0,0.0,0.0,88595394.0,0.0,0.0,0.0,0.0,0.34139636,1500.0,439372.0,109843.0,0.0,0.0,0.0,0.0,dataset_2025.csv,202507,False,True
2025,7,Arequipa,Arequipa,Mariano Melgar,MOVISTAR,0.0,0.0,0.0,0.0,11.802116,21872.0,2.730313,1773.0,0.0,0.0,0.0,0.0,0.0,0.0,56.761833,25283.0,0.0,0.0,0.0006595135,195.0,0.0,98.37098,29085591.0,99086.0,0.0,0.0,0.0,29567247.0,0.0,0.0,0.0,0.0,0.50772756,523.0,103008.0,25752.0,0.0,0.0,0.0,0.0,dataset_2025.csv,202507,False,True
2025,7,Arequipa,Arequipa,Miraflores,MOVISTAR,0.0,0.0,0.0,0.0,11.252514,38683.0,2.7395513,1885.0,0.0,0.0,0.0,0.0,0.0,0.0,57.299747,39845.0,0.0,0.0,0.0144142425,5124.0,0.0,95.89172,34087759.0,135293.0,0.0,0.0,0.0,35548175.0,0.0,0.0,0.0,0.0,0.5097758,826.0,162032.0,40508.0,0.0,0.0,0.0,0.0,dataset_2025.csv,202507,False,True
2025,7,Arequipa,Arequipa,Paucarpata,MOVISTAR,0.0,0.0,0.0,0.0,9.999841,49753.0,3.8359432,3991.0,0.0,0.0,0.0,0.0,0.0,0.0,59.084,56233.0,0.0,0.0,0.057441097,33572.0,0.0,96.036514,56129461.0,212639.0,0.0,0.0,0.0,58445958.0,0.0,0.0,0.0,0.0,0.85494465,1978.0,231360.0,57840.0,0.0,0.0,0.0,0.0,dataset_2025.csv,202507,False,True
2025,7,Arequipa,Arequipa,Sachaca,MOVISTAR,0.0,0.0,0.0,0.0,11.1220455,9674.0,2.250291,585.0,0.0,0.0,0.0,0.0,0.0,0.0,55.17893,15626.0,0.0,0.0,0.010071415,1210.0,0.0,96.695366,11617175.0,53556.0,0.0,0.0,0.0,12014200.0,0.0,0.0,0.0,0.0,0.40613148,257.0,63280.0,15820.0,0.0,0.0,0.0,0.0,dataset_2025.csv,202507,False,True
2025,7,Arequipa,Arequipa,Socabaya,MOVISTAR,0.0,0.0,0.0,0.0,9.310895,31640.0,2.5523412,2943.0,0.0,0.0,0.0,0.0,0.0,0.0,59.89954,31231.0,0.0,0.0,0.004054925,1438.0,0.0,97.520836,34583863.0,126628.0,0.0,0.0,0.0,35463050.0,0.0,0.0,0.0,0.0,0.778026,1003.0,128916.0,32229.0,0.0,0.0,0.0,0.0,dataset_2025.csv,202507,False,True
2025,7,Arequipa,Arequipa,Tiabaya,MOVISTAR,0.0,0.0,0.0,0.0,9.861486,9974.0,2.0398557,595.0,0.0,0.0,0.0,0.0,0.0,0.0,55.768555,11951.0,0.0,0.0,0.14371613,20226.0,696.0,89.86424,12647113.0,41974.0,0.0,0.0,0.0,14073577.0,0.0,0.0,0.0,0.0,0.31588075,153.0,48436.0,12109.0,0.0,0.0,0.0,0.0,dataset_2025.csv,202507,False,True
2025,7,Arequipa,Arequipa,Yanahuara,MOVISTAR,0.0,0.0,0.0,0.0,12.487658,15347.0,2.6346564,1141.0,0.0,0.0,0.0,0.0,0.0,0.0,54.655437,22681.0,0.0,0.0,0.0010981811,227.0,0.0,97.0011,20050655.0,97970.0,0.0,0.0,0.0,20670544.0,0.0,0.0,0.0,0.0,0.5825053,537.0,92188.0,23047.0,0.0,0.0,0.0,0.0,dataset_2025.csv,202507,False,True
2025,7,Ayacucho,Huamanga,Carmen Alto,MOVISTAR,0.0,0.0,0.0,0.0,10.018561,7558.0,4.8535223,692.0,0.0,0.0,0.0,0.0,0.0,0.0,59.252666,8057.0,0.0,0.0,1.5965388,176688.0,2568.0,97.39434,10778574.0,32448.0,0.0,0.0,0.0,11066941.0,7.1823206,0.0,0.0,0.0,1.0840762,360.0,33208.0,8302.0,0.0,0.0,0.0,0.0,dataset_2025.csv,202507,False,True
2025,7,Cajamarca,Celendin,Celendin,MOVISTAR,0.0,0.0,0.0,0.0,8.269746,5833.0,3.1399226,474.0,0.0,0.0,0.0,0.0,0.0,0.0,60.55282,14060.0,0.0,0.0,2.077366,191707.0,4959.0,97.67298,9013623.0,34678.0,0.0,0.0,0.0,9228369.0,6.25,0.0,0.0,0.0,0.7223835,418.0,57864.0,14466.0,0.0,0.0,0.0,0.0,dataset_2025.csv,202507,False,True
2025,7,Cajamarca,Santa Cruz,Santa Cruz,MOVISTAR,0.0,0.0,0.0,0.0,13.041314,8793.0,2.1707637,1536.0,0.0,0.0,0.0,0.0,0.0,0.0,60.529926,10340.0,0.0,0.0,7.3912635,596612.0,8149.0,91.4895,7384899.0,27474.0,0.0,0.0,0.0,8071854.0,7.594937,0.0,0.0,0.0,0.5877892,248.0,42192.0,10548.0,0.0,0.0,0.0,0.0,dataset_2025.csv,202507,False,True
2025,7,Callao,Callao,Mi Peru,MOVISTAR,4.1463976,1154.0,0.0,0.0,8.723672,14200.0,3.1840713,1119.0,0.0,0.0,0.0,0.0,287.51797,478.0,54.77704,16909.0,0.0,0.0,5.3036304,1326417.0,15355.0,93.386765,23355661.0,95394.0,0.0,0.0,0.0,25009606.0,4.952381,104.0,2100.0,525.0,0.83472216,581.0,69604.0,17401.0,0.0,0.0,0.0,0.0,dataset_2025.csv,202507,True,False
2025,7,Cusco,Acomayo,Pomacanchi,MOVISTAR,6.1341333,1800.0,0.88693225,423.0,7.1835237,630.0,0.0,0.0,0.0,0.0,0.0,0.0,102.829796,620.0,60.372147,2593.0,0.0,0.0,33.069244,604100.0,1626.0,65.50239,1196580.0,1719.0,0.0,0.0,0.0,1826773.0,3.1499202,79.0,2508.0,627.0,0.14439738,15.0,10388.0,2597.0,0.0,0.0,0.0,0.0,dataset_2025.csv,202507,True,False
2025,7,Cusco,Cusco,Cusco,MOVISTAR,3.4759548,4303.0,0.62205076,1535.0,8.581091,50704.0,2.0379937,4108.0,0.0,0.0,0.0,0.0,226.05406,2475.0,66.44399,65397.0,0.0,0.0,5.3957853,3836068.0,50394.0,90.70618,64486450.0,303190.0,0.0,91.0,0.0,71093782.0,7.2322416,786.0,10868.0,2717.0,1.3196173,3647.0,276368.0,69092.0,0.0,0.0,0.0,0.0,dataset_2025.csv,202507,True,False
2025,7,Cusco,Cusco,San Jeronimo,MOVISTAR,3.827029,1802.0,0.6924801,637.0,8.458097,31276.0,2.4673164,1840.0,0.0,0.0,0.0,0.0,198.12877,1456.0,63.84417,33900.0,0.0,0.0,3.488886,1044610.0,15061.0,95.54963,28608586.0,101525.0,0.0,5.0,0.0,29941074.0,5.8862,360.0,6116.0,1529.0,0.8844975,1247.0,140984.0,35246.0,0.0,0.0,0.0,0.0,dataset_2025.csv,202507,True,False
2025,7,Cusco,Cusco,San Sebastian,MOVISTAR,6.084764,3653.0,0.76363164,1147.0,9.097605,27771.0,2.6262515,2062.0,0.0,0.0,0.0,0.0,218.01294,2088.0,67.06872,31763.0,0.0,0.0,7.409649,2951434.0,26646.0,89.012695,35455810.0,139701.0,0.0,0.0,0.0,39832306.0,5.5279784,490.0,8864.0,2216.0,1.1214827,1497.0,133484.0,33371.0,0.0,0.0,0.0,0.0,dataset_2025.csv,202507,True,False
2025,7,Cusco,Cusco,Santiago,MOVISTAR,3.554506,2691.0,0.65750724,1189.0,7.5894914,36937.0,2.6136758,2638.0,0.0,0.0,0.0,0.0,216.04666,1486.0,65.10439,44141.0,0.0,0.0,6.476142,2519088.0,26955.0,91.01423,35402691.0,143540.0,0.0,0.0,0.0,38897973.0,6.3164477,404.0,6396.0,1599.0,0.853693,1571.0,184024.0,46006.0,0.0,0.0,0.0,0.0,dataset_2025.csv,202507,True,False
2025,7,Cusco,Cusco,Wanchaq,MOVISTAR,4.9781346,2642.0,0.7865776,1106.0,10.301829,39033.0,2.2141411,3089.0,0.0,0.0,0.0,0.0,232.86041,1550.0,64.59467,51474.0,0.0,0.0,6.171461,3059744.0,27665.0,91.36321,45296895.0,210155.0,0.0,5.0,0.0,49578922.0,5.7117224,382.0,6688.0,1672.0,1.0725045,2307.0,215104.0,53776.0,0.0,0.0,0.0,0.0,dataset_2025.csv,202507,True,False
2025,7,Cusco,La Convencion,Echarate,MOVISTAR,5.418162,1272.0,0.0,0.0,8.323192,6455.0,2.1174598,565.0,0.0,0.0,0.0,0.0,255.10056,813.0,76.83289,8991.0,0.0,0.0,6.549439,805947.0,5876.0,67.02804,8248194.0,26204.0,0.0,0.0,0.0,12305588.0,6.2427745,216.0,3460.0,865.0,1.939158,807.0,41616.0,10404.0,0.0,0.0,0.0,0.0,dataset_2025.csv,202507,True,False
2025,7,Huancavelica,Tayacaja,Pampas,MOVISTAR,4.692775,651.0,0.0,0.0,12.918332,16622.0,3.905954,2587.0,0.0,0.0,0.0,0.0,148.40642,424.0,59.39583,14680.0,0.0,0.0,3.8489625,359828.0,5781.0,94.73338,8856341.0,27188.0,0.0,0.0,0.0,9348701.0,3.642384,66.0,1812.0,453.0,0.6549931,398.0,60764.0,15191.0,0.0,0.0,0.0,0.0,dataset_2025.csv,202507,True,False
2025,7,Ica,Chincha,Alto Laran,MOVISTAR,0.0,0.0,0.0,0.0,12.63902,7250.0,3.1690898,871.0,0.0,0.0,0.0,0.0,0.0,0.0,48.753143,7865.0,0.0,0.0,0.08576165,4754.0,0.0,94.99731,5265957.0,20935.0,0.0,0.0,0.0,5543270.0,0.0,0.0,0.0,0.0,0.25584334,81.0,31660.0,7915.0,0.0,0.0,0.0,0.0,dataset_2025.csv,202507,False,True
2025,7,Ica,Chincha,Chincha Alta,MOVISTAR,0.0,0.0,0.0,0.0,11.901276,105421.0,2.6277184,6421.0,0.0,0.0,0.0,0.0,0.0,0.0,51.722706,142888.0,0.0,0.0,0.0043662963,4032.0,0.0,97.17283,89732993.0,352535.0,0.0,410.0,0.0,92343711.0,0.0,0.0,0.0,0.0,0.27549452,1590.0,577144.0,144286.0,0.0,0.0,0.0,0.0,dataset_2025.csv,202507,False,True
2025,7,Ica,Chincha,Chincha Baja,MOVISTAR,0.0,0.0,0.0,0.0,10.734395,11008.0,2.3688235,602.0,0.0,0.0,0.0,0.0,0.0,0.0,59.957108,16089.0,0.0,0.0,0.2337913,25557.0,746.0,92.926636,10158316.0,45137.0,0.0,0.0,0.0,10931544.0,0.0,0.0,0.0,0.0,0.7237728,473.0,65352.0,16338.0,0.0,0.0,0.0,0.0,dataset_2025.csv,202507,False,True
2025,7,Ica,Chincha,El Carmen,MOVISTAR,0.0,0.0,0.0,0.0,16.441368,3986.0,4.856235,757.0,0.0,0.0,0.0,0.0,0.0,0.0,55.011875,6073.0,0.0,0.0,2.9393957,212728.0,2262.0,90.983444,6584594.0,28149.0,0.0,0.0,0.0,7237134.0,6.818182,0.0,0.0,0.0,0.91635716,227.0,24772.0,6193.0,0.0,0.0,0.0,0.0,dataset_2025.csv,202507,False,True
2025,7,Ica,Chincha,Pueblo Nuevo,MOVISTAR,0.0,0.0,0.0,0.0,10.352112,34236.0,2.6083748,2924.0,0.0,0.0,0.0,0.0,0.0,0.0,52.9151,50677.0,0.0,0.0,0.0037626962,1669.0,0.0,96.87458,42970166.0,146988.0,0.0,0.0,0.0,44356491.0,0.0,0.0,0.0,0.0,0.33420503,685.0,204964.0,51241.0,0.0,0.0,0.0,0.0,dataset_2025.csv,202507,False,True
2025,7,Ica,Chincha,Sunampe,MOVISTAR,0.0,0.0,0.0,0.0,12.582429,37375.0,3.2113187,1953.0,0.0,0.0,0.0,0.0,0.0,0.0,52.509335,39935.0,0.0,0.0,0.07272886,22480.0,505.0,97.771126,30220396.0,103508.0,0.0,0.0,0.0,30909325.0,0.0,0.0,0.0,0.0,0.2264921,364.0,160712.0,40178.0,0.0,0.0,0.0,0.0,dataset_2025.csv,202507,False,True
2025,7,Ica,Ica,Ica,MOVISTAR,4.410085,4939.0,0.67273617,2255.0,10.346629,163795.0,2.5434241,11831.0,0.0,0.0,0.0,0.0,179.0546,5217.0,52.119728,227396.0,0.0,0.0,3.8752186,7776519.0,66864.0,96.00006,192646242.0,686870.0,0.0,6.0,0.0,200673037.0,3.484565,745.0,21380.0,5345.0,0.42413756,3922.0,924700.0,231175.0,0.0,0.0,0.0,0.0,dataset_2025.csv,202507,True,False
2025,7,Ica,Ica,La Tinguiña,MOVISTAR,3.8543644,964.0,0.0,0.0,8.525358,16201.0,3.4199958,1057.0,0.0,0.0,0.0,0.0,185.63972,894.0,52.771683,22334.0,0.0,0.0,3.165534,607718.0,7996.0,95.812546,18394055.0,51048.0,0.0,0.0,0.0,19197961.0,4.5232935,167.0,3692.0,923.0,0.8947776,832.0,92984.0,23246.0,0.0,0.0,0.0,0.0,dataset_2025.csv,202507,True,False
2025,7,Ica,Ica,Parcona,MOVISTAR,3.955562,1388.0,0.66386485,437.0,9.057802,36184.0,2.4100544,3631.0,0.0,0.0,0.0,0.0,167.24959,1068.0,55.93381,39116.0,0.0,0.0,3.6627738,1165735.0,9832.0,96.21253,30621141.0,87567.0,0.0,0.0,0.0,31826563.0,2.5322285,110.0,4344.0,1086.0,0.59017,951.0,161140.0,40285.0,0.0,0.0,0.0,0.0,dataset_2025.csv,202507,True,False
2025,7,Ica,Ica,Subtanjalla,MOVISTAR,0.0,0.0,0.0,0.0,7.704569,6494.0,2.7158391,596.0,0.0,0.0,0.0,0.0,0.0,0.0,54.14784,12869.0,0.0,0.0,8.914519,1202039.0,8229.0,90.42308,12192701.0,49457.0,0.0,0.0,0.0,13484058.0,5.036408,83.0,1648.0,412.0,0.7764909,413.0,53188.0,13297.0,0.0,0.0,0.0,0.0,dataset_2025.csv,202507,False,True
2025,7,Junin,Chanchamayo,Chanchamayo,MOVISTAR,5.6248283,861.0,0.0,0.0,9.046218,18464.0,2.4556491,1023.0,0.0,0.0,0.0,0.0,193.35837,1009.0,57.82971,19369.0,0.0,0.0,2.2930849,456105.0,7236.0,95.16762,18929272.0,55062.0,0.0,0.0,0.0,19890455.0,4.3519397,184.0,4228.0,1057.0,0.85986465,686.0,79780.0,19945.0,0.0,0.0,0.0,0.0,dataset_2025.csv,202507,True,False
2025,7,Junin,Huancayo,Chilca,MOVISTAR,0.0,0.0,0.0,0.0,8.427336,46223.0,3.2755017,3786.0,0.0,0.0,0.0,0.0,0.0,0.0,55.56913,60156.0,0.0,0.0,0.00659752,4034.0,0.0,97.42474,59569570.0,216898.0,0.0,0.0,0.0,61144189.0,0.0,0.0,0.0,0.0,0.7347512,1831.0,249200.0,62300.0,0.0,0.0,0.0,0.0,dataset_2025.csv,202507,False,True
2025,7,Junin,Huancayo,El Tambo,MOVISTAR,0.0,0.0,0.0,0.0,10.952107,237159.0,2.5631075,18575.0,0.0,0.0,0.0,0.0,0.0,0.0,51.262524,263984.0,0.0,0.0,0.038610354,89526.0,1110.0,96.51738,223795289.0,805299.0,0.0,0.0,0.0,231870455.0,0.0,0.0,0.0,0.0,0.35050434,3757.0,1071884.0,267971.0,0.0,0.0,0.0,0.0,dataset_2025.csv,202507,False,True
2025,7,Junin,Huancayo,Huancayo,MOVISTAR,0.0,0.0,0.0,0.0,10.722441,167856.0,2.9170082,13147.0,0.0,0.0,0.0,0.0,0.0,0.0,51.14039,231190.0,0.0,0.0,0.019921567,31951.0,0.0,97.344894,156125608.0,683913.0,0.0,0.0,0.0,160383971.0,0.0,0.0,0.0,0.0,0.44444916,4186.0,941840.0,235460.0,0.0,0.0,0.0,0.0,dataset_2025.csv,202507,False,True
2025,7,Junin,Huancayo,Pilcomayo,MOVISTAR,0.0,0.0,0.0,0.0,9.3186865,12385.0,2.5488617,1093.0,0.0,0.0,0.0,0.0,0.0,0.0,52.71614,22363.0,0.0,0.0,0.02139762,2901.0,0.0,97.52466,13221985.0,52997.0,0.0,0.0,0.0,13557582.0,0.0,0.0,0.0,0.0,0.47771397,436.0,91268.0,22817.0,0.0,0.0,0.0,0.0,dataset_2025.csv,202507,False,True
2025,7,Junin,Huancayo,San Agustin,MOVISTAR,0.0,0.0,0.0,0.0,9.132474,17747.0,2.4412546,1751.0,0.0,0.0,0.0,0.0,0.0,0.0,52.19741,24159.0,0.0,0.0,0.22483,54438.0,555.0,96.377686,23335891.0,74851.0,0.0,0.0,0.0,24212961.0,0.0,0.0,0.0,0.0,0.4653986,460.0,98840.0,24710.0,0.0,0.0,0.0,0.0,dataset_2025.csv,202507,False,True
2025,7,Junin,Junin,Carhuamayo,MOVISTAR,7.2433405,673.0,0.0,0.0,13.362803,12224.0,4.2055864,4455.0,0.0,0.0,0.0,0.0,88.367645,473.0,39.659306,8182.0,0.0,0.0,7.942191,440305.0,4219.0,90.50204,5017318.0,13285.0,0.0,0.0,0.0,5543873.0,1.7782427,34.0,1912.0,478.0,0.2066618,68.0,32904.0,8226.0,0.0,0.0,0.0,0.0,dataset_2025.csv,202507,True,False
2025,7,La Libertad,Trujillo,El Porvenir,MOVISTAR,0.0,0.0,0.0,0.0,10.742544,37317.0,2.3503664,3632.0,0.0,0.0,0.0,0.0,0.0,0.0,56.467567,49199.0,0.0,0.0,0.016132925,8180.0,0.0,93.58592,47451583.0,180966.0,0.0,0.0,0.0,50703761.0,0.0,0.0,0.0,0.0,0.9054416,1827.0,201780.0,50445.0,0.0,0.0,0.0,0.0,dataset_2025.csv,202507,False,True
2025,7,La Libertad,Trujillo,La Esperanza,MOVISTAR,0.0,0.0,0.0,0.0,11.871802,87852.0,2.998673,6239.0,0.0,0.0,0.0,0.0,0.0,0.0,52.0939,104396.0,0.0,0.0,0.101175085,91294.0,0.0,96.352715,86942594.0,284103.0,0.0,0.0,0.0,90233675.0,0.0,0.0,0.0,0.0,0.46764052,1981.0,423616.0,105904.0,0.0,0.0,0.0,0.0,dataset_2025.csv,202507,False,True
2025,7,La Libertad,Trujillo,Moche,MOVISTAR,0.0,0.0,0.0,0.0,11.596136,26440.0,2.0660224,1473.0,0.0,0.0,0.0,0.0,0.0,0.0,52.407967,27037.0,0.0,0.0,0.009131806,1930.0,0.0,98.87005,20896108.0,87896.0,0.0,0.0,0.0,21134922.0,0.0,0.0,0.0,0.0,0.20064797,218.0,108648.0,27162.0,0.0,0.0,0.0,0.0,dataset_2025.csv,202507,False,True
2025,7,La Libertad,Trujillo,Trujillo,MOVISTAR,0.0,0.0,0.0,0.0,13.394761,308166.0,2.5770605,24577.0,0.0,0.0,0.0,0.0,0.0,0.0,54.401337,372749.0,0.0,0.0,0.01558155,43649.0,573.0,97.42605,272922102.0,1152031.0,0.0,341.0,0.0,280132589.0,0.0,0.0,0.0,0.0,0.30659676,4612.0,1504256.0,376064.0,0.0,0.0,0.0,0.0,dataset_2025.csv,202507,False,True
2025,7,La Libertad,Trujillo,Victor Larco Herrera,MOVISTAR,0.0,0.0,0.0,0.0,13.98459,46361.0,2.203948,3117.0,0.0,0.0,0.0,0.0,0.0,0.0,53.254482,54450.0,0.0,0.0,0.013626726,6487.0,0.0,97.95608,46631967.0,170070.0,0.0,0.0,0.0,47604976.0,0.0,0.0,0.0,0.0,0.24109894,529.0,219412.0,54853.0,0.0,0.0,0.0,0.0,dataset_2025.csv,202507,False,True
2025,7,Lambayeque,Chiclayo,Chiclayo,MOVISTAR,0.0,0.0,0.0,0.0,12.020131,148696.0,2.8746963,13476.0,0.0,0.0,0.0,0.0,0.0,0.0,58.22018,184333.0,0.0,0.0,0.061100896,99982.0,501.0,97.15886,158985186.0,563507.0,0.0,0.0,0.0,163634264.0,0.0,0.0,0.0,0.0,0.4683916,3504.0,748092.0,187023.0,0.0,0.0,0.0,0.0,dataset_2025.csv,202507,False,True
2025,7,Lambayeque,Chiclayo,Jose Leonardo Ortiz,MOVISTAR,0.0,0.0,0.0,0.0,11.001628,42519.0,2.126829,4948.0,0.0,0.0,0.0,0.0,0.0,0.0,56.10107,46068.0,0.0,0.0,0.038722772,18775.0,0.0,95.97005,46531732.0,152013.0,0.0,0.0,0.0,48485683.0,0.0,0.0,0.0,0.0,0.9133422,1707.0,186896.0,46724.0,0.0,0.0,0.0,0.0,dataset_2025.csv,202507,False,True
2025,7,Lambayeque,Chiclayo,La Victoria,MOVISTAR,0.0,0.0,0.0,0.0,12.689809,44171.0,2.6892188,3620.0,0.0,0.0,0.0,0.0,0.0,0.0,58.653305,44525.0,0.0,0.0,0.29777738,127228.0,633.0,98.119514,41922423.0,136039.0,0.0,0.0,0.0,42725877.0,1.9417475,0.0,0.0,0.0,0.3995611,721.0,180448.0,45112.0,0.0,0.0,0.0,0.0,dataset_2025.csv,202507,False,True
2025,7,Lambayeque,Chiclayo,Pimentel,MOVISTAR,0.0,0.0,0.0,0.0,11.898417,47239.0,2.4023037,4813.0,0.0,0.0,0.0,0.0,0.0,0.0,57.246162,42494.0,0.0,0.0,0.008520006,3212.0,0.0,96.99346,36566053.0,114746.0,0.0,0.0,0.0,37699504.0,0.0,0.0,0.0,0.0,0.48105937,829.0,172328.0,43082.0,0.0,0.0,0.0,0.0,dataset_2025.csv,202507,False,True
2025,7,Lima,Cañete,Asia,MOVISTAR,4.979106,1538.0,0.6375839,430.0,12.726664,23441.0,2.6222045,1605.0,0.0,0.0,0.0,0.0,146.83667,861.0,44.091583,25952.0,0.0,0.0,4.208572,942068.0,10232.0,94.01043,21043770.0,80204.0,0.0,25.0,0.0,22384506.0,3.3902977,123.0,3628.0,907.0,0.26701632,279.0,104488.0,26122.0,0.0,0.0,0.0,0.0,dataset_2025.csv,202507,True,False
2025,7,Lima,Cañete,Cerro Azul,MOVISTAR,3.9223275,970.0,0.0,0.0,12.404281,17783.0,2.3920915,803.0,0.0,0.0,0.0,0.0,287.79758,441.0,53.324604,16325.0,0.0,0.0,2.8690279,257050.0,6908.0,96.5082,8646634.0,44337.0,0.0,0.0,0.0,8959481.0,4.861111,91.0,1872.0,468.0,0.4048094,268.0,66204.0,16551.0,0.0,0.0,0.0,0.0,dataset_2025.csv,202507,True,False
2025,7,Lima,Cañete,Chilca,MOVISTAR,4.376723,699.0,0.0,0.0,12.518255,19653.0,2.5251405,1325.0,0.0,0.0,0.0,0.0,253.14694,699.0,54.519382,18325.0,0.0,0.0,4.940078,803756.0,11657.0,91.51708,14889928.0,67934.0,0.0,3.0,0.0,16270108.0,4.460719,134.0,3004.0,751.0,0.73851496,553.0,74880.0,18720.0,0.0,0.0,0.0,0.0,dataset_2025.csv,202507,True,False
2025,7,Lima,Cañete,Mala,MOVISTAR,5.895805,1086.0,0.0,0.0,12.028717,48500.0,4.869366,4865.0,0.0,0.0,0.0,0.0,147.40399,972.0,50.273346,49950.0,0.0,0.0,2.8913083,1455090.0,17992.0,96.0473,48337104.0,151345.0,0.0,0.0,0.0,50326353.0,3.903162,158.0,4048.0,1012.0,0.45567113,920.0,201900.0,50475.0,0.0,0.0,0.0,0.0,dataset_2025.csv,202507,True,False
2025,7,Lima,Huaura,Huaura,MOVISTAR,4.233235,1335.0,0.0,0.0,8.306689,11700.0,1.701422,1099.0,0.0,0.0,0.0,0.0,234.92947,735.0,58.41833,12076.0,0.0,0.0,7.0529246,875011.0,11616.0,91.22602,11317826.0,45223.0,0.0,0.0,0.0,12406357.0,2.7166882,84.0,3092.0,773.0,0.51036876,253.0,49572.0,12393.0,0.0,0.0,0.0,0.0,dataset_2025.csv,202507,True,False
2025,7,Lima,Lima,Barranco,MOVISTAR,6.3043046,1014.0,0.0,0.0,13.081769,28311.0,3.6280766,2135.0,0.0,0.0,0.0,0.0,217.21082,818.0,50.272045,43933.0,0.0,0.0,2.900889,914532.0,10744.0,96.420616,30397489.0,165889.0,0.0,111.0,0.0,31525924.0,5.017401,173.0,3448.0,862.0,0.2864554,508.0,177340.0,44335.0,0.0,0.0,0.0,0.0,dataset_2025.csv,202507,True,False
2025,7,Lima,Lima,Breña,MOVISTAR,4.924993,1336.0,0.7267695,499.0,12.092561,76810.0,3.1055443,6223.0,0.0,0.0,0.0,0.0,112.21385,1691.0,48.872135,98702.0,0.0,0.0,3.3256927,2452615.0,17335.0,96.359695,71062863.0,269599.0,0.0,296.0,0.0,73747494.0,3.9088864,278.0,7112.0,1778.0,0.49592534,1979.0,399052.0,99763.0,0.0,0.0,0.0,0.0,dataset_2025.csv,202507,True,False
2025,7,Lima,Lima,Carabayllo,MOVISTAR,4.4031143,2221.0,0.6595304,874.0,13.196912,158329.0,3.7299697,9640.0,0.0,0.0,0.0,0.0,191.41003,2033.0,46.15432,169024.0,0.0,0.0,3.3308425,5328615.0,60242.0,96.007484,153590849.0,494550.0,0.0,1029.0,0.0,159977990.0,5.100182,448.0,8784.0,2196.0,0.48915902,3348.0,684440.0,171110.0,0.0,0.0,0.0,0.0,dataset_2025.csv,202507,True,False
2025,7,Lima,Lima,Comas,MOVISTAR,3.9652379,2624.0,0.6410817,959.0,12.502069,219084.0,2.9600751,17667.0,0.0,0.0,0.0,0.0,209.94914,2721.0,48.207664,260934.0,0.0,0.0,5.308057,13386961.0,87746.0,94.15053,237448361.0,882616.0,0.0,3315.0,0.0,252200784.0,6.291281,762.0,12112.0,3028.0,0.60230386,6379.0,1059100.0,264775.0,0.0,0.0,0.0,0.0,dataset_2025.csv,202507,True,False
2025,7,Lima,Lima,El Agustino,MOVISTAR,4.865607,1717.0,0.7844086,742.0,12.004915,72101.0,3.0842671,4376.0,0.0,0.0,0.0,0.0,185.1683,1583.0,52.524178,73261.0,0.0,0.0,4.944708,3890433.0,41875.0,94.131996,74061854.0,335553.0,0.0,396.0,0.0,78678724.0,5.261645,366.0,6956.0,1739.0,0.90190715,2705.0,299920.0,74980.0,0.0,0.0,0.0,0.0,dataset_2025.csv,202507,True,False
2025,7,Lima,Lima,Independencia,MOVISTAR,3.6201844,1891.0,0.7888489,815.0,11.733929,97429.0,3.54922,7275.0,0.0,0.0,0.0,0.0,212.68001,2337.0,51.210182,120339.0,0.0,0.0,5.0270934,4474710.0,44031.0,93.36842,83108982.0,405107.0,0.0,569.0,0.0,89011869.0,6.59434,699.0,10600.0,2650.0,0.87721443,4300.0,490188.0,122547.0,0.0,0.0,0.0,0.0,dataset_2025.csv,202507,True,False
2025,7,Lima,Lima,Los Olivos,MOVISTAR,5.0674987,2380.0,0.858401,865.0,12.783185,171199.0,3.1500316,11131.0,0.0,0.0,0.0,0.0,191.1409,2624.0,48.06872,215992.0,0.0,0.0,3.7826147,8471545.0,71634.0,95.86669,214703063.0,847862.0,0.0,867.0,0.0,223960024.0,6.0981956,703.0,11528.0,2882.0,0.5691429,4980.0,875000.0,218750.0,0.0,0.0,0.0,0.0,dataset_2025.csv,202507,True,False
2025,7,Lima,Lima,Puente Piedra,MOVISTAR,4.0608964,3534.0,0.7055197,1200.0,11.789668,139653.0,2.866079,12638.0,0.0,0.0,0.0,0.0,195.5353,3415.0,51.581104,134983.0,0.0,0.0,4.413857,5772226.0,69996.0,95.18742,124481446.0,498413.0,0.0,837.0,0.0,130775102.0,4.8076925,710.0,14768.0,3692.0,0.96103793,5317.0,553256.0,138314.0,0.0,0.0,0.0,0.0,dataset_2025.csv,202507,True,False
2025,7,Lima,Lima,Punta Negra,MOVISTAR,0.0,0.0,0.0,0.0,13.191428,8819.0,4.017632,547.0,0.0,0.0,0.0,0.0,0.0,0.0,43.342216,8383.0,0.0,0.0,0.86845046,60273.0,1850.0,98.60885,6843742.0,28747.0,0.0,0.0,0.0,6940292.0,0.0,0.0,0.0,0.0,0.24579483,83.0,33768.0,8442.0,0.0,0.0,0.0,0.0,dataset_2025.csv,202507,False,True
2025,7,Lima,Lima,San Juan De Lurigancho,MOVISTAR,4.6113443,11122.0,0.63151985,2394.0,12.667829,414207.0,3.572238,32348.0,0.0,0.0,0.0,0.0,191.88013,5875.0,46.882668,429545.0,0.0,0.0,4.741109,20826123.0,152052.0,93.8054,412056078.0,1435330.0,0.0,1547.0,0.0,439266921.0,5.667487,1474.0,26008.0,6502.0,0.53424543,9311.0,1742832.0,435708.0,0.0,0.0,0.0,0.0,dataset_2025.csv,202507,True,False
2025,7,Lima,Lima,San Luis,MOVISTAR,4.4966187,2171.0,0.75830746,571.0,11.270374,40978.0,2.675111,3174.0,0.0,0.0,0.0,0.0,216.64223,971.0,50.772743,56499.0,0.0,0.0,2.410209,1182914.0,20784.0,97.24985,47729555.0,198744.0,0.0,2033.0,0.0,49079312.0,4.4901776,192.0,4276.0,1069.0,0.4229897,970.0,229320.0,57330.0,0.0,0.0,0.0,0.0,dataset_2025.csv,202507,True,False
2025,7,Lima,Lima,San Martin De Porres,MOVISTAR,4.444514,5720.0,0.67566437,2115.0,12.85539,284746.0,2.7571607,18751.0,0.0,0.0,0.0,0.0,182.58784,6407.0,50.446823,354977.0,0.0,0.0,6.0313225,22326859.0,145338.0,93.469986,346008890.0,1295556.0,0.0,198.0,0.0,370181807.0,5.730802,1606.0,28024.0,7006.0,0.60275304,8670.0,1438400.0,359600.0,0.0,0.0,0.0,0.0,dataset_2025.csv,202507,True,False
2025,7,Piura,Piura,Castilla,MOVISTAR,0.0,0.0,0.0,0.0,12.323877,65362.0,3.2465463,4911.0,0.0,0.0,0.0,0.0,0.0,0.0,57.64,98192.0,0.0,0.0,0.15362921,124731.0,1800.0,96.77451,78570877.0,262625.0,0.0,50.0,0.0,81189637.0,7.9545455,0.0,0.0,0.0,0.42770183,1706.0,398876.0,99719.0,0.0,0.0,0.0,0.0,dataset_2025.csv,202507,False,True
2025,7,Piura,Piura,Catacaos,MOVISTAR,0.0,0.0,0.0,0.0,8.944675,32763.0,2.654497,2130.0,0.0,0.0,0.0,0.0,0.0,0.0,56.103157,47530.0,0.0,0.0,0.063634574,21375.0,456.0,97.4605,32737206.0,106751.0,0.0,11.0,0.0,33590229.0,0.0,0.0,0.0,0.0,0.472537,914.0,193424.0,48356.0,0.0,0.0,0.0,0.0,dataset_2025.csv,202507,False,True
2025,7,Piura,Piura,Piura,MOVISTAR,0.0,0.0,0.0,0.0,11.316998,113584.0,2.7131658,7171.0,0.0,0.0,0.0,0.0,0.0,0.0,57.832844,159735.0,0.0,0.0,0.11101326,136701.0,2116.0,96.18993,118447658.0,456738.0,0.0,0.0,0.0,123139344.0,3.9923954,0.0,0.0,0.0,0.37506172,2431.0,648160.0,162040.0,0.0,0.0,0.0,0.0,dataset_2025.csv,202507,False,True
2025,7,Piura,Piura,Veintiseis De Octubre,MOVISTAR,0.0,0.0,0.0,0.0,11.15647,78059.0,3.2272098,6870.0,0.0,0.0,0.0,0.0,0.0,0.0,56.750668,98886.0,0.0,0.0,0.012435172,10453.0,0.0,97.66851,82100105.0,283499.0,0.0,0.0,0.0,84059955.0,0.0,0.0,0.0,0.0,0.38543567,1547.0,401364.0,100341.0,0.0,0.0,0.0,0.0,dataset_2025.csv,202507,False,True
2025,7,Puno,Puno,Puno,MOVISTAR,4.5725284,9124.0,0.7325459,3464.0,9.128603,171588.0,2.1867092,14079.0,0.0,0.0,0.0,0.0,229.5799,6483.0,66.11668,189901.0,0.0,0.0,4.0423055,5866155.0,67920.0,95.43504,138494421.0,488427.0,0.0,0.0,0.0,145119039.0,5.6325126,1537.0,27288.0,6822.0,0.664534,5239.0,788372.0,197093.0,0.0,0.0,0.0,0.0,dataset_2025.csv,202507,True,False
2025,7,Puno,San Roman,Caracoto,MOVISTAR,3.6262262,1068.0,0.0,0.0,8.367059,11142.0,2.2844687,1159.0,0.0,0.0,0.0,0.0,253.74237,528.0,62.38775,9820.0,0.0,0.0,6.7885246,589285.0,7511.0,92.683655,8045502.0,31473.0,0.0,0.0,0.0,8680605.0,4.173693,99.0,2372.0,593.0,0.85728204,352.0,41060.0,10265.0,0.0,0.0,0.0,0.0,dataset_2025.csv,202507,True,False
2025,7,Puno,San Roman,Juliaca,MOVISTAR,4.8612485,13204.0,0.91123873,4233.0,10.173592,206983.0,2.726852,14017.0,0.0,0.0,0.0,0.0,244.11336,8887.0,64.196655,212895.0,0.0,0.0,5.1897426,9210854.0,90578.0,94.416916,167572941.0,598986.0,0.0,61.0,0.0,177481907.0,4.5035386,1680.0,37304.0,9326.0,0.90968925,8099.0,890304.0,222576.0,0.0,0.0,0.0,0.0,dataset_2025.csv,202507,True,False
2025,7,Puno,San Roman,San Miguel,MOVISTAR,5.518916,5172.0,1.0222278,1804.0,9.838838,35940.0,2.8527122,3469.0,0.0,0.0,0.0,0.0,251.1087,2321.0,66.987305,31822.0,0.0,0.0,5.793814,1605123.0,16301.0,93.54723,25916402.0,94281.0,0.0,0.0,0.0,27704081.0,4.0822654,395.0,9676.0,2419.0,0.95830077,1275.0,133048.0,33262.0,0.0,0.0,0.0,0.0,dataset_2025.csv,202507,True,False
2025,7,San Martin,Moyobamba,Moyobamba,MOVISTAR,3.7887414,692.0,0.0,0.0,12.814689,22360.0,2.5445986,1233.0,0.0,0.0,0.0,0.0,177.18591,1027.0,72.01356,28329.0,0.0,0.0,7.15194,2043464.0,9834.0,92.364746,26390608.0,73363.0,0.0,0.0,0.0,28572165.0,2.1507864,93.0,4324.0,1081.0,0.43355602,501.0,115556.0,28889.0,0.0,0.0,0.0,0.0,dataset_2025.csv,202507,True,False
2025,7,Tacna,Candarave,Camilaca,MOVISTAR,0.0,0.0,0.0,0.0,12.168578,1157.0,0.0,0.0,0.0,0.0,0.0,0.0,0.0,0.0,65.390144,1427.0,0.0,0.0,5.497067,43719.0,0.0,84.36406,670960.0,1487.0,0.0,0.0,0.0,795315.0,0.0,0.0,0.0,0.0,0.23989034,14.0,5836.0,1459.0,0.0,0.0,0.0,0.0,dataset_2025.csv,202507,False,True
2025,7,Tumbes,Contralmirante Villar,Canoas De Punta Sal,MOVISTAR,4.895558,894.0,0.0,0.0,11.613835,6865.0,3.2722142,513.0,0.0,0.0,0.0,0.0,123.97784,854.0,55.954517,8609.0,0.0,0.0,8.4486065,371366.0,6990.0,90.1951,3964606.0,17247.0,0.0,0.0,0.0,4395589.0,3.4785068,123.0,3536.0,884.0,0.31769872,110.0,34624.0,8656.0,0.0,0.0,0.0,0.0,dataset_2025.csv,202507,True,False
2025,7,Tumbes,Tumbes,Tumbes,MOVISTAR,4.7543764,456.0,0.0,0.0,11.189587,36848.0,2.6875422,3096.0,0.0,0.0,0.0,0.0,128.7702,604.0,58.523922,51108.0,0.0,0.0,1.795997,788665.0,7443.0,98.0651,43062718.0,130060.0,0.0,0.0,0.0,43912379.0,2.016129,50.0,2480.0,620.0,0.33778566,700.0,207232.0,51808.0,0.0,0.0,0.0,0.0,dataset_2025.csv,202507,True,False
2025,8,Arequipa,Arequipa,Alto Selva Alegre,MOVISTAR,0.0,0.0,0.0,0.0,10.980413,41469.0,2.0910692,2113.0,0.0,0.0,0.0,0.0,0.0,0.0,59.581333,36368.0,0.0,0.0,8.667244e-05,37.0,0.0,98.80745,42180370.0,142646.0,0.0,0.0,0.0,42689464.0,0.0,0.0,0.0,0.0,1.3032455,1974.0,151468.0,37867.0,0.0,0.0,0.0,0.0,dataset_2025.csv,202508,False,True
2025,8,Arequipa,Arequipa,Cayma,MOVISTAR,0.0,0.0,0.0,0.0,12.644851,40747.0,2.4483056,3092.0,0.0,0.0,0.0,0.0,0.0,0.0,59.586918,53297.0,0.0,0.0,0.019631647,9069.0,0.0,98.167336,45349206.0,204465.0,0.0,180.0,0.0,46195821.0,0.0,0.0,0.0,0.0,0.78122133,1704.0,218120.0,54530.0,0.0,0.0,0.0,0.0,dataset_2025.csv,202508,False,True
2025,8,Arequipa,Arequipa,Jacobo Hunter,MOVISTAR,0.0,0.0,0.0,0.0,11.293337,31243.0,2.0002007,1574.0,0.0,0.0,0.0,0.0,0.0,0.0,59.591896,38972.0,0.0,0.0,0.02403525,10572.0,0.0,97.22015,42762667.0,160880.0,0.0,0.0,0.0,43985395.0,0.0,0.0,0.0,0.0,0.6489672,1033.0,159176.0,39794.0,0.0,0.0,0.0,0.0,dataset_2025.csv,202508,False,True
2025,8,Arequipa,Arequipa,Jose Luis Bustamante Y Rivero,MOVISTAR,0.0,0.0,0.0,0.0,12.38225,87529.0,2.201131,5635.0,0.0,0.0,0.0,0.0,0.0,0.0,56.798325,92553.0,0.0,0.0,0.052787147,46145.0,0.0,98.832664,86396663.0,351633.0,0.0,41.0,0.0,87417111.0,0.0,0.0,0.0,0.0,0.45871317,1727.0,376488.0,94122.0,0.0,0.0,0.0,0.0,dataset_2025.csv,202508,False,True
2025,8,Arequipa,Arequipa,Mariano Melgar,MOVISTAR,0.0,0.0,0.0,0.0,11.419739,25677.0,2.1216135,2120.0,0.0,0.0,0.0,0.0,0.0,0.0,57.521393,32299.0,0.0,0.0,0.00036991562,111.0,0.0,99.24819,29781250.0,99528.0,0.0,0.0,0.0,30006843.0,0.0,0.0,0.0,0.0,0.54988694,720.0,130936.0,32734.0,0.0,0.0,0.0,0.0,dataset_2025.csv,202508,False,True
2025,8,Arequipa,Arequipa,Miraflores,MOVISTAR,0.0,0.0,0.0,0.0,11.965151,42533.0,2.9120626,2406.0,0.0,0.0,0.0,0.0,0.0,0.0,57.176037,38606.0,0.0,0.0,0.021426702,7419.0,0.0,98.64494,34155831.0,126268.0,0.0,0.0,0.0,34625021.0,0.0,0.0,0.0,0.0,0.573117,900.0,157036.0,39259.0,0.0,0.0,0.0,0.0,dataset_2025.csv,202508,False,True
2025,8,Arequipa,Arequipa,Paucarpata,MOVISTAR,0.0,0.0,0.0,0.0,11.104775,46146.0,3.3651261,3814.0,0.0,0.0,0.0,0.0,0.0,0.0,57.468483,56908.0,0.0,0.0,0.0050108074,2823.0,0.0,96.72177,54491330.0,203929.0,0.0,0.0,0.0,56338225.0,0.0,0.0,0.0,0.0,0.664299,1545.0,232576.0,58144.0,0.0,0.0,0.0,0.0,dataset_2025.csv,202508,False,True
2025,8,Arequipa,Arequipa,Sachaca,MOVISTAR,0.0,0.0,0.0,0.0,11.091903,7857.0,1.8745096,511.0,0.0,0.0,0.0,0.0,0.0,0.0,58.210293,11727.0,0.0,0.0,0.020224826,2446.0,0.0,92.50466,11187557.0,53153.0,0.0,0.0,0.0,12094047.0,0.0,0.0,0.0,0.0,0.72703654,347.0,47728.0,11932.0,0.0,0.0,0.0,0.0,dataset_2025.csv,202508,False,True
2025,8,Arequipa,Arequipa,Socabaya,MOVISTAR,0.0,0.0,0.0,0.0,11.335909,26275.0,2.4327905,1398.0,0.0,0.0,0.0,0.0,0.0,0.0,57.96081,26952.0,0.0,0.0,0.00033908233,109.0,0.0,97.51068,31345379.0,121701.0,0.0,0.0,0.0,32145585.0,0.0,0.0,0.0,0.0,0.72407573,803.0,110900.0,27725.0,0.0,0.0,0.0,0.0,dataset_2025.csv,202508,False,True
2025,8,Arequipa,Arequipa,Tiabaya,MOVISTAR,0.0,0.0,0.0,0.0,9.082574,7547.0,1.6684072,609.0,0.0,0.0,0.0,0.0,0.0,0.0,58.05715,8370.0,0.0,0.0,0.12586719,17078.0,0.0,92.58258,12561854.0,39275.0,0.0,0.0,0.0,13568270.0,0.0,0.0,0.0,0.0,0.48796165,167.0,34224.0,8556.0,0.0,0.0,0.0,0.0,dataset_2025.csv,202508,False,True
2025,8,Arequipa,Arequipa,Yanahuara,MOVISTAR,0.0,0.0,0.0,0.0,13.119809,18931.0,2.3655581,928.0,0.0,0.0,0.0,0.0,0.0,0.0,53.958576,23951.0,0.0,0.0,0.0015591275,346.0,0.0,98.364456,21828942.0,99740.0,0.0,0.0,0.0,22191900.0,0.0,0.0,0.0,0.0,0.46309665,449.0,96956.0,24239.0,0.0,0.0,0.0,0.0,dataset_2025.csv,202508,False,True
2025,8,Ayacucho,Huamanga,Carmen Alto,MOVISTAR,0.0,0.0,0.0,0.0,11.3821535,7317.0,4.2170877,584.0,0.0,0.0,0.0,0.0,0.0,0.0,58.872673,7591.0,0.0,0.0,0.9093881,93758.0,2014.0,98.85603,10192066.0,30455.0,0.0,0.0,0.0,10310009.0,8.870968,0.0,0.0,0.0,1.1365087,356.0,31324.0,7831.0,0.0,0.0,0.0,0.0,dataset_2025.csv,202508,False,True
2025,8,Cajamarca,Celendin,Celendin,MOVISTAR,0.0,0.0,0.0,0.0,9.846715,9247.0,2.1742873,575.0,0.0,0.0,0.0,0.0,0.0,0.0,59.515484,14942.0,0.0,0.0,1.7086974,158153.0,3572.0,97.82155,9054132.0,32981.0,0.0,0.0,0.0,9255764.0,8.252427,0.0,0.0,0.0,0.5337669,325.0,60888.0,15222.0,0.0,0.0,0.0,0.0,dataset_2025.csv,202508,False,True
2025,8,Cajamarca,Santa Cruz,Santa Cruz,MOVISTAR,0.0,0.0,0.0,0.0,11.704403,10088.0,2.5767057,1179.0,0.0,0.0,0.0,0.0,0.0,0.0,59.94692,8426.0,0.0,0.0,4.7173977,325442.0,4615.0,94.10142,6491832.0,19619.0,0.0,0.0,0.0,6898761.0,6.5920396,0.0,0.0,0.0,0.54140127,187.0,34540.0,8635.0,0.0,0.0,0.0,0.0,dataset_2025.csv,202508,False,True
2025,8,Callao,Callao,Mi Peru,MOVISTAR,3.8953214,905.0,0.0,0.0,9.6052065,15752.0,3.9096134,2171.0,0.0,0.0,0.0,0.0,0.0,0.0,57.80179,19121.0,0.0,0.0,4.164249,873468.0,12534.0,94.2909,19777897.0,80641.0,0.0,0.0,0.0,20975404.0,5.426357,0.0,0.0,0.0,0.6184513,484.0,78260.0,19565.0,0.0,0.0,0.0,0.0,dataset_2025.csv,202508,True,False
2025,8,Cusco,Acomayo,Pomacanchi,MOVISTAR,6.2840295,2672.0,0.9068034,642.0,5.1787615,818.0,0.0,0.0,0.0,0.0,0.0,0.0,90.46467,561.0,60.31976,2597.0,0.0,0.0,27.49918,522169.0,1410.0,72.25146,1371949.0,1687.0,0.0,0.0,0.0,1898853.0,2.592267,59.0,2276.0,569.0,0.09596929,10.0,10420.0,2605.0,0.0,0.0,0.0,0.0,dataset_2025.csv,202508,True,False
2025,8,Cusco,Cusco,Cusco,MOVISTAR,3.9822006,3364.0,0.7768405,1492.0,8.254043,49174.0,2.2609205,4397.0,0.0,0.0,0.0,0.0,234.10559,2397.0,66.57225,71796.0,0.0,0.0,5.3175645,3739405.0,46821.0,89.586494,62998800.0,318243.0,0.0,1.0,0.0,70321760.0,7.261768,759.0,10452.0,2613.0,1.483588,4471.0,301364.0,75341.0,0.0,0.0,0.0,0.0,dataset_2025.csv,202508,True,False
2025,8,Cusco,Cusco,San Jeronimo,MOVISTAR,4.5858417,1828.0,0.6881403,659.0,9.406281,38293.0,2.507255,2259.0,0.0,0.0,0.0,0.0,219.34128,1293.0,64.30907,41311.0,0.0,0.0,2.787778,977879.0,12422.0,95.24059,33407889.0,118381.0,0.0,0.0,0.0,35077363.0,4.0680475,220.0,5408.0,1352.0,0.794525,1356.0,170668.0,42667.0,0.0,0.0,0.0,0.0,dataset_2025.csv,202508,True,False
2025,8,Cusco,Cusco,San Sebastian,MOVISTAR,4.5303984,2508.0,0.77745783,988.0,9.245584,26233.0,2.8117967,1622.0,0.0,0.0,0.0,0.0,255.41891,2072.0,67.20143,31622.0,0.0,0.0,6.7905226,2735330.0,26117.0,88.891785,35807018.0,143844.0,0.0,0.0,0.0,40281584.0,5.6807933,504.0,8872.0,2218.0,1.4177765,1895.0,133660.0,33415.0,0.0,0.0,0.0,0.0,dataset_2025.csv,202508,True,False
2025,8,Cusco,Cusco,Santiago,MOVISTAR,4.2344823,2514.0,0.7485668,1087.0,8.674397,41668.0,2.4547555,2398.0,0.0,0.0,0.0,0.0,197.1356,1247.0,65.05637,43680.0,0.0,0.0,6.1657143,2752950.0,26677.0,91.02023,40639923.0,174040.0,0.0,0.0,0.0,44649328.0,5.7965593,310.0,5348.0,1337.0,0.89930433,1634.0,181696.0,45424.0,0.0,0.0,0.0,0.0,dataset_2025.csv,202508,True,False
2025,8,Cusco,Cusco,Wanchaq,MOVISTAR,4.2359138,2433.0,0.8634877,989.0,9.709489,40925.0,2.8008423,3506.0,0.0,0.0,0.0,0.0,224.10475,1781.0,65.411575,61986.0,0.0,0.0,5.259061,2896767.0,26091.0,92.11575,50738691.0,232679.0,0.0,26.0,0.0,55081449.0,5.393434,414.0,7676.0,1919.0,1.1020513,2841.0,257792.0,64448.0,0.0,0.0,0.0,0.0,dataset_2025.csv,202508,True,False
2025,8,Cusco,La Convencion,Echarate,MOVISTAR,5.8629775,1321.0,0.0,0.0,9.924397,6278.0,1.8968924,421.0,0.0,0.0,0.0,0.0,208.60852,801.0,71.92067,7751.0,0.0,0.0,4.8174796,533297.0,4203.0,58.422913,6467441.0,19462.0,0.0,0.0,0.0,11070042.0,5.203349,174.0,3344.0,836.0,1.678866,578.0,34428.0,8607.0,0.0,0.0,0.0,0.0,dataset_2025.csv,202508,True,False
2025,8,Huancavelica,Tayacaja,Pampas,MOVISTAR,5.351273,934.0,0.0,0.0,12.592185,13270.0,4.725938,1540.0,0.0,0.0,0.0,0.0,165.17358,606.0,60.583855,11338.0,0.0,0.0,5.231875,346178.0,6580.0,93.06456,6157812.0,22519.0,0.0,0.0,0.0,6616710.0,5.0713153,128.0,2524.0,631.0,0.73129255,344.0,47040.0,11760.0,0.0,0.0,0.0,0.0,dataset_2025.csv,202508,True,False
2025,8,Ica,Chincha,Alto Laran,MOVISTAR,0.0,0.0,0.0,0.0,10.168,10959.0,4.928204,3639.0,0.0,0.0,0.0,0.0,0.0,0.0,51.872425,10149.0,0.0,0.0,0.053875547,3449.0,0.0,96.20225,6158667.0,21133.0,0.0,0.0,0.0,6401791.0,0.0,0.0,0.0,0.0,0.42910084,176.0,41016.0,10254.0,0.0,0.0,0.0,0.0,dataset_2025.csv,202508,False,True
2025,8,Ica,Chincha,Chincha Alta,MOVISTAR,0.0,0.0,0.0,0.0,12.128134,126550.0,2.6573935,8166.0,0.0,0.0,0.0,0.0,0.0,0.0,52.15035,128148.0,0.0,0.0,0.027755966,26146.0,485.0,97.59897,91937809.0,341426.0,0.0,60.0,0.0,94199569.0,0.0,0.0,0.0,0.0,0.26529303,1372.0,517164.0,129291.0,0.0,0.0,0.0,0.0,dataset_2025.csv,202508,False,True
2025,8,Ica,Chincha,Chincha Baja,MOVISTAR,0.0,0.0,0.0,0.0,11.986955,10931.0,2.7146025,669.0,0.0,0.0,0.0,0.0,0.0,0.0,59.699825,13726.0,0.0,0.0,0.20970646,23208.0,646.0,94.77042,10488145.0,42678.0,0.0,0.0,0.0,11066898.0,0.0,0.0,0.0,0.0,0.76989186,430.0,55852.0,13963.0,0.0,0.0,0.0,0.0,dataset_2025.csv,202508,False,True
2025,8,Ica,Chincha,El Carmen,MOVISTAR,0.0,0.0,0.0,0.0,21.396624,8619.0,5.1861253,3112.0,0.0,0.0,0.0,0.0,0.0,0.0,48.764023,6323.0,0.0,0.0,3.0605092,199764.0,1681.0,88.33869,5765998.0,27186.0,0.0,0.0,0.0,6527149.0,6.9711537,0.0,0.0,0.0,0.6999227,181.0,25860.0,6465.0,0.0,0.0,0.0,0.0,dataset_2025.csv,202508,False,True
2025,8,Ica,Chincha,Pueblo Nuevo,MOVISTAR,0.0,0.0,0.0,0.0,10.369222,42279.0,3.1576889,3277.0,0.0,0.0,0.0,0.0,0.0,0.0,55.379486,47577.0,0.0,0.0,0.00992843,4095.0,0.0,98.0059,40422719.0,135981.0,0.0,0.0,0.0,41245190.0,0.0,0.0,0.0,0.0,0.28677008,551.0,192140.0,48035.0,0.0,0.0,0.0,0.0,dataset_2025.csv,202508,False,True
2025,8,Ica,Chincha,Sunampe,MOVISTAR,0.0,0.0,0.0,0.0,12.35411,26011.0,2.6568427,1922.0,0.0,0.0,0.0,0.0,0.0,0.0,51.680233,26799.0,0.0,0.0,0.115916684,31629.0,634.0,98.57612,26897457.0,92474.0,0.0,0.0,0.0,27285978.0,0.0,0.0,0.0,0.0,0.29772913,322.0,108152.0,27038.0,0.0,0.0,0.0,0.0,dataset_2025.csv,202508,False,True
2025,8,Ica,Ica,Ica,MOVISTAR,5.039417,5234.0,0.8391652,2115.0,10.306702,168945.0,2.447761,12796.0,0.0,0.0,0.0,0.0,168.90704,4755.0,52.8855,220232.0,0.0,0.0,4.2318406,7815124.0,63807.0,95.55042,176457132.0,651252.0,0.0,0.0,0.0,184674354.0,3.6581602,711.0,19436.0,4859.0,0.4469143,4009.0,897040.0,224260.0,0.0,0.0,0.0,0.0,dataset_2025.csv,202508,True,False
2025,8,Ica,Ica,La Tinguiña,MOVISTAR,0.0,0.0,0.0,0.0,9.379902,19234.0,3.830171,1745.0,0.0,0.0,0.0,0.0,0.0,0.0,52.114574,25172.0,0.0,0.0,1.793224,362516.0,3973.0,97.62484,19735720.0,53137.0,0.0,0.0,0.0,20215879.0,3.544304,0.0,0.0,0.0,0.7263806,755.0,103940.0,25985.0,0.0,0.0,0.0,0.0,dataset_2025.csv,202508,False,True
2025,8,Ica,Ica,Parcona,MOVISTAR,4.171571,1199.0,0.63965845,408.0,9.411378,33141.0,2.735932,2280.0,0.0,0.0,0.0,0.0,204.1271,961.0,57.41094,33752.0,0.0,0.0,2.8236868,818637.0,9360.0,97.00115,28122359.0,83499.0,0.0,0.0,0.0,28991778.0,3.1979694,126.0,3940.0,985.0,0.49485695,687.0,138828.0,34707.0,0.0,0.0,0.0,0.0,dataset_2025.csv,202508,True,False
2025,8,Ica,Ica,Subtanjalla,MOVISTAR,0.0,0.0,0.0,0.0,9.443135,8237.0,3.491611,617.0,0.0,0.0,0.0,0.0,0.0,0.0,52.84778,13955.0,0.0,0.0,7.395104,1046101.0,6567.0,92.23791,13047844.0,48854.0,0.0,0.0,0.0,14145859.0,4.973475,0.0,0.0,0.0,0.6847167,393.0,57396.0,14349.0,0.0,0.0,0.0,0.0,dataset_2025.csv,202508,False,True
2025,8,Junin,Chanchamayo,Chanchamayo,MOVISTAR,5.494156,747.0,0.0,0.0,9.3566475,22721.0,2.0961306,1347.0,0.0,0.0,0.0,0.0,178.86336,870.0,59.231792,20968.0,0.0,0.0,3.1222408,506976.0,6145.0,94.69961,15376914.0,45349.0,0.0,0.0,0.0,16237569.0,4.4133773,161.0,3648.0,912.0,0.75221646,655.0,87076.0,21769.0,0.0,0.0,0.0,0.0,dataset_2025.csv,202508,True,False
2025,8,Junin,Huancayo,Chilca,MOVISTAR,0.0,0.0,0.0,0.0,9.446004,55900.0,3.1583374,4555.0,0.0,0.0,0.0,0.0,0.0,0.0,57.083374,58039.0,0.0,0.0,0.01817746,11391.0,0.0,96.768036,60640191.0,221572.0,0.0,0.0,0.0,62665516.0,0.0,0.0,0.0,0.0,0.8604286,2080.0,241740.0,60435.0,0.0,0.0,0.0,0.0,dataset_2025.csv,202508,False,True
2025,8,Junin,Huancayo,El Tambo,MOVISTAR,0.0,0.0,0.0,0.0,10.970504,235232.0,2.3866506,18898.0,0.0,0.0,0.0,0.0,0.0,0.0,52.504517,252506.0,0.0,0.0,0.036714938,83912.0,1231.0,96.822754,221288439.0,774709.0,0.0,0.0,0.0,228550031.0,0.0,0.0,0.0,0.0,0.36234426,3719.0,1026372.0,256593.0,0.0,0.0,0.0,0.0,dataset_2025.csv,202508,False,True
2025,8,Junin,Huancayo,Huancayo,MOVISTAR,0.0,0.0,0.0,0.0,11.310932,171378.0,2.9919748,12081.0,0.0,0.0,0.0,0.0,0.0,0.0,51.450954,198256.0,0.0,0.0,0.012087724,17554.0,0.0,97.502266,141594459.0,606180.0,0.0,0.0,0.0,145221715.0,0.0,0.0,0.0,0.0,0.4195234,3385.0,806868.0,201717.0,0.0,0.0,0.0,0.0,dataset_2025.csv,202508,False,True
2025,8,Junin,Huancayo,Pilcomayo,MOVISTAR,0.0,0.0,0.0,0.0,10.691876,14759.0,2.72939,918.0,0.0,0.0,0.0,0.0,0.0,0.0,56.400417,18369.0,0.0,0.0,0.01998926,2319.0,0.0,98.31144,11405336.0,43094.0,0.0,0.0,0.0,11601230.0,0.0,0.0,0.0,0.0,0.47478455,357.0,75192.0,18798.0,0.0,0.0,0.0,0.0,dataset_2025.csv,202508,False,True
2025,8,Junin,Huancayo,San Agustin,MOVISTAR,0.0,0.0,0.0,0.0,8.510493,16421.0,2.3730886,1598.0,0.0,0.0,0.0,0.0,0.0,0.0,52.701305,23301.0,0.0,0.0,0.19809794,43309.0,655.0,95.82216,20949041.0,67331.0,0.0,0.0,0.0,21862418.0,0.0,0.0,0.0,0.0,0.46395433,442.0,95268.0,23817.0,0.0,0.0,0.0,0.0,dataset_2025.csv,202508,False,True
2025,8,Junin,Junin,Carhuamayo,MOVISTAR,6.887073,1334.0,1.3397852,547.0,11.793037,12114.0,4.031356,3939.0,0.0,0.0,0.0,0.0,211.01477,849.0,43.284744,8368.0,0.0,0.0,15.271882,915529.0,5639.0,81.99044,4915218.0,14426.0,0.0,0.0,0.0,5994867.0,1.3529412,46.0,3400.0,850.0,0.2669356,90.0,33716.0,8429.0,0.0,0.0,0.0,0.0,dataset_2025.csv,202508,True,False
2025,8,La Libertad,Trujillo,El Porvenir,MOVISTAR,0.0,0.0,0.0,0.0,12.078623,42733.0,3.5027356,3632.0,0.0,0.0,0.0,0.0,0.0,0.0,54.437336,49893.0,0.0,0.0,0.0026223802,1351.0,0.0,93.12882,47978184.0,185340.0,0.0,0.0,0.0,51518082.0,0.0,0.0,0.0,0.0,0.65311545,1327.0,203180.0,50795.0,0.0,0.0,0.0,0.0,dataset_2025.csv,202508,False,True
2025,8,La Libertad,Trujillo,La Esperanza,MOVISTAR,0.0,0.0,0.0,0.0,11.921025,84619.0,3.0051713,5404.0,0.0,0.0,0.0,0.0,0.0,0.0,52.03289,101178.0,0.0,0.0,0.015434356,13159.0,0.0,96.55647,82321968.0,270958.0,0.0,0.0,0.0,85257847.0,0.0,0.0,0.0,0.0,0.46855813,1923.0,410408.0,102602.0,0.0,0.0,0.0,0.0,dataset_2025.csv,202508,False,True
2025,8,La Libertad,Trujillo,Moche,MOVISTAR,0.0,0.0,0.0,0.0,11.506661,32953.0,3.3518507,3533.0,0.0,0.0,0.0,0.0,0.0,0.0,52.78447,30541.0,0.0,0.0,0.010226321,2347.0,0.0,98.54139,22615819.0,85092.0,0.0,0.0,0.0,22950579.0,0.0,0.0,0.0,0.0,0.30130267,371.0,123132.0,30783.0,0.0,0.0,0.0,0.0,dataset_2025.csv,202508,False,True
2025,8,La Libertad,Trujillo,Trujillo,MOVISTAR,0.0,0.0,0.0,0.0,13.4441,338604.0,2.6150687,24194.0,0.0,0.0,0.0,0.0,0.0,0.0,54.111294,381656.0,0.0,0.0,0.023667816,68374.0,536.0,97.3678,281286021.0,1146150.0,0.0,0.0,0.0,288890193.0,0.0,0.0,0.0,0.0,0.31630865,4874.0,1540900.0,385225.0,0.0,0.0,0.0,0.0,dataset_2025.csv,202508,False,True
2025,8,La Libertad,Trujillo,Victor Larco Herrera,MOVISTAR,0.0,0.0,0.0,0.0,13.934635,52585.0,2.07538,3745.0,0.0,0.0,0.0,0.0,0.0,0.0,52.174026,53591.0,0.0,0.0,0.007126677,3195.0,0.0,97.75101,43823294.0,149289.0,0.0,0.0,0.0,44831553.0,0.0,0.0,0.0,0.0,0.23295528,502.0,215492.0,53873.0,0.0,0.0,0.0,0.0,dataset_2025.csv,202508,False,True
2025,8,Lambayeque,Chiclayo,Chiclayo,MOVISTAR,0.0,0.0,0.0,0.0,12.461978,174614.0,2.7459455,16106.0,0.0,0.0,0.0,0.0,0.0,0.0,58.56837,198135.0,0.0,0.0,0.03515854,57487.0,569.0,97.821785,159946371.0,607749.0,0.0,1.0,0.0,163507927.0,0.0,0.0,0.0,0.0,0.48384693,3894.0,804800.0,201200.0,0.0,0.0,0.0,0.0,dataset_2025.csv,202508,False,True
2025,8,Lambayeque,Chiclayo,Jose Leonardo Ortiz,MOVISTAR,0.0,0.0,0.0,0.0,10.708441,47882.0,1.8870817,5037.0,0.0,0.0,0.0,0.0,0.0,0.0,57.56018,52864.0,0.0,0.0,0.18452016,95618.0,0.0,96.804955,50164147.0,160757.0,0.0,0.0,0.0,51819814.0,0.0,0.0,0.0,0.0,0.81010777,1744.0,215280.0,53820.0,0.0,0.0,0.0,0.0,dataset_2025.csv,202508,False,True
2025,8,Lambayeque,Chiclayo,La Victoria,MOVISTAR,0.0,0.0,0.0,0.0,12.434798,49571.0,2.6003504,3823.0,0.0,0.0,0.0,0.0,0.0,0.0,59.14761,55548.0,0.0,0.0,1.5588865,697874.0,2369.0,96.516785,43208121.0,145227.0,0.0,0.0,0.0,44767467.0,2.586207,0.0,0.0,0.0,0.43607754,981.0,224960.0,56240.0,0.0,0.0,0.0,0.0,dataset_2025.csv,202508,False,True
2025,8,Lambayeque,Chiclayo,Pimentel,MOVISTAR,0.0,0.0,0.0,0.0,11.842864,58360.0,2.3750286,5792.0,0.0,0.0,0.0,0.0,0.0,0.0,56.511246,59704.0,0.0,0.0,0.11387195,49334.0,0.0,98.986664,42885084.0,126149.0,0.0,0.0,0.0,43324102.0,0.0,0.0,0.0,0.0,0.35497963,858.0,241704.0,60426.0,0.0,0.0,0.0,0.0,dataset_2025.csv,202508,False,True
2025,8,Lima,Cañete,Asia,MOVISTAR,4.668077,1868.0,0.67403257,519.0,11.574969,25106.0,2.8834753,1883.0,0.0,0.0,0.0,0.0,157.46968,2070.0,41.670372,29433.0,0.0,0.0,6.0716205,1446513.0,13557.0,92.57715,22055734.0,84195.0,0.0,0.0,0.0,23824167.0,2.8564794,246.0,8612.0,2153.0,0.3164557,376.0,118816.0,29704.0,0.0,0.0,0.0,0.0,dataset_2025.csv,202508,True,False
2025,8,Lima,Cañete,Cerro Azul,MOVISTAR,5.015126,524.0,0.0,0.0,12.983001,17912.0,2.6422377,678.0,0.0,0.0,0.0,0.0,0.0,0.0,50.996437,20176.0,0.0,0.0,1.1832228,126820.0,5342.0,98.434746,10550418.0,48784.0,0.0,0.0,0.0,10718185.0,4.5627375,0.0,0.0,0.0,0.26423958,216.0,81744.0,20436.0,0.0,0.0,0.0,0.0,dataset_2025.csv,202508,True,False
2025,8,Lima,Cañete,Chilca,MOVISTAR,5.033478,516.0,0.0,0.0,11.828964,25130.0,2.013927,1780.0,0.0,0.0,0.0,0.0,225.55481,466.0,53.210735,20469.0,0.0,0.0,4.729671,764686.0,11460.0,92.48909,14953495.0,67915.0,0.0,10.0,0.0,16167848.0,7.0116053,145.0,2068.0,517.0,0.8670451,727.0,83848.0,20962.0,0.0,0.0,0.0,0.0,dataset_2025.csv,202508,True,False
2025,8,Lima,Cañete,Mala,MOVISTAR,5.0374126,1827.0,0.72399384,536.0,12.13714,56494.0,4.6002398,4803.0,0.0,0.0,0.0,0.0,133.068,1980.0,49.53622,57074.0,0.0,0.0,3.6636014,1899128.0,19684.0,96.077194,49804239.0,153680.0,0.0,56.0,0.0,51837734.0,3.1113272,256.0,8228.0,2057.0,0.50386995,1164.0,231012.0,57753.0,0.0,0.0,0.0,0.0,dataset_2025.csv,202508,True,False
2025,8,Lima,Huaura,Huaura,MOVISTAR,4.647279,1391.0,0.0,0.0,10.055332,12902.0,1.9173868,1557.0,0.0,0.0,0.0,0.0,234.85597,704.0,59.34043,11703.0,0.0,0.0,5.9218245,622838.0,7404.0,92.15047,9692083.0,36387.0,0.0,0.0,0.0,10517671.0,3.959424,121.0,3056.0,764.0,0.53752285,259.0,48184.0,12046.0,0.0,0.0,0.0,0.0,dataset_2025.csv,202508,True,False
2025,8,Lima,Lima,Barranco,MOVISTAR,6.8444185,730.0,0.0,0.0,13.29696,31232.0,3.1455774,2138.0,0.0,0.0,0.0,0.0,224.80249,578.0,50.809166,37706.0,0.0,0.0,2.2910216,708124.0,8344.0,97.39037,30102057.0,168119.0,0.0,91.0,0.0,30908657.0,4.6977124,115.0,2448.0,612.0,0.25658187,391.0,152388.0,38097.0,0.0,0.0,0.0,0.0,dataset_2025.csv,202508,True,False
2025,8,Lima,Lima,Breña,MOVISTAR,5.942862,975.0,0.0,0.0,11.794642,66230.0,2.9695356,4727.0,0.0,0.0,0.0,0.0,194.28902,837.0,50.841587,79197.0,0.0,0.0,2.071444,1199839.0,13487.0,97.60096,56533237.0,241040.0,0.0,225.0,0.0,57922830.0,6.2568307,229.0,3660.0,915.0,0.5447323,1747.0,320708.0,80177.0,0.0,0.0,0.0,0.0,dataset_2025.csv,202508,True,False
2025,8,Lima,Lima,Carabayllo,MOVISTAR,5.1842146,1629.0,0.94258267,532.0,12.97969,158243.0,3.6645033,10331.0,0.0,0.0,0.0,0.0,204.82005,1420.0,48.01327,158603.0,0.0,0.0,2.37261,3829571.0,47909.0,96.760735,156179103.0,474586.0,0.0,93.0,0.0,161407519.0,5.3617573,332.0,6192.0,1548.0,0.5292215,3403.0,643020.0,160755.0,0.0,0.0,0.0,0.0,dataset_2025.csv,202508,True,False
2025,8,Lima,Lima,Comas,MOVISTAR,5.182409,5560.0,0.6867449,1350.0,12.375077,216171.0,3.2188911,15997.0,0.0,0.0,0.0,0.0,184.56642,3167.0,48.894882,232625.0,0.0,0.0,6.4841647,15500271.0,93166.0,92.97395,222252445.0,822081.0,0.0,613.0,0.0,239048082.0,5.3041224,736.0,13876.0,3469.0,0.6010415,5674.0,944028.0,236007.0,0.0,0.0,0.0,0.0,dataset_2025.csv,202508,True,False
2025,8,Lima,Lima,El Agustino,MOVISTAR,5.1459093,1777.0,0.8840685,659.0,12.216727,83162.0,3.0850306,4716.0,0.0,0.0,0.0,0.0,200.04926,1483.0,51.83174,73393.0,0.0,0.0,4.540135,3552856.0,42073.0,94.764084,74157083.0,347871.0,0.0,268.0,0.0,78254418.0,6.9629855,459.0,6592.0,1648.0,0.8668151,2601.0,300064.0,75016.0,0.0,0.0,0.0,0.0,dataset_2025.csv,202508,True,False
2025,8,Lima,Lima,Independencia,MOVISTAR,4.805947,1781.0,0.72240883,720.0,12.044074,109232.0,3.28054,7454.0,0.0,0.0,0.0,0.0,210.41585,2003.0,50.9981,119302.0,0.0,0.0,5.1472297,5030242.0,44535.0,93.90667,91772328.0,417838.0,0.0,136.0,0.0,97727171.0,6.7385445,600.0,8904.0,2226.0,0.8035061,3907.0,486244.0,121561.0,0.0,0.0,0.0,0.0,dataset_2025.csv,202508,True,False
2025,8,Lima,Lima,Los Olivos,MOVISTAR,4.8092504,2227.0,0.727815,924.0,12.58411,170575.0,3.0583754,11577.0,0.0,0.0,0.0,0.0,211.1499,2732.0,48.274574,214017.0,0.0,0.0,3.4738255,7444237.0,72699.0,96.22417,206203665.0,807669.0,0.0,87.0,0.0,214295083.0,6.673274,808.0,12108.0,3027.0,0.5968396,5182.0,868240.0,217060.0,0.0,0.0,0.0,0.0,dataset_2025.csv,202508,True,False
2025,8,Lima,Lima,Puente Piedra,MOVISTAR,4.6901584,3401.0,0.6958082,1045.0,12.171505,134252.0,3.313476,9992.0,0.0,0.0,0.0,0.0,229.41559,2363.0,50.89362,124778.0,0.0,0.0,3.9720485,4529317.0,56252.0,95.655594,109075832.0,434506.0,0.0,452.0,0.0,114029750.0,4.005142,405.0,10112.0,2528.0,0.87640035,4481.0,511296.0,127824.0,0.0,0.0,0.0,0.0,dataset_2025.csv,202508,True,False
2025,8,Lima,Lima,Punta Negra,MOVISTAR,0.0,0.0,0.0,0.0,11.794946,8117.0,4.23,558.0,0.0,0.0,0.0,0.0,0.0,0.0,43.6585,8988.0,0.0,0.0,1.3426162,96991.0,1589.0,98.40253,7108628.0,28803.0,0.0,0.0,0.0,7224030.0,3.1746032,0.0,0.0,0.0,0.3849538,140.0,36368.0,9092.0,0.0,0.0,0.0,0.0,dataset_2025.csv,202508,False,True
2025,8,Lima,Lima,San Juan De Lurigancho,MOVISTAR,5.2833285,5003.0,0.70804304,1827.0,12.4999,394715.0,3.2517018,26275.0,0.0,0.0,0.0,0.0,169.41978,6413.0,47.92064,410219.0,0.0,0.0,4.1246467,17305260.0,130437.0,94.55042,396693326.0,1371034.0,0.0,1590.0,0.0,419557416.0,4.778194,1327.0,27772.0,6943.0,0.59211993,9870.0,1666892.0,416723.0,0.0,0.0,0.0,0.0,dataset_2025.csv,202508,True,False
2025,8,Lima,Lima,San Luis,MOVISTAR,4.7419567,1748.0,0.0,0.0,11.523232,52202.0,3.8259444,4348.0,0.0,0.0,0.0,0.0,149.37866,871.0,49.12153,63993.0,0.0,0.0,2.4489527,1215077.0,15159.0,97.334435,48293637.0,194638.0,0.0,590.0,0.0,49616190.0,4.7074466,177.0,3760.0,940.0,0.46715632,1211.0,259228.0,64807.0,0.0,0.0,0.0,0.0,dataset_2025.csv,202508,True,False
2025,8,Lima,Lima,San Martin De Porres,MOVISTAR,4.842664,3566.0,0.6487937,1454.0,12.529801,324432.0,2.970782,20171.0,0.0,0.0,0.0,0.0,216.43887,4710.0,50.487473,359813.0,0.0,0.0,5.1067443,18425707.0,128436.0,94.50055,340968585.0,1260621.0,0.0,306.0,0.0,360811229.0,6.5488467,1397.0,21332.0,5333.0,0.5877018,8580.0,1459924.0,364981.0,0.0,0.0,0.0,0.0,dataset_2025.csv,202508,True,False
2025,8,Piura,Piura,Castilla,MOVISTAR,0.0,0.0,0.0,0.0,12.457415,69458.0,2.9747643,5312.0,0.0,0.0,0.0,0.0,0.0,0.0,56.99448,117495.0,0.0,0.0,0.15612562,120708.0,1985.0,97.09607,75069496.0,251187.0,0.0,27.0,0.0,77314663.0,9.4827585,0.0,0.0,0.0,0.6218068,2955.0,475228.0,118807.0,0.0,0.0,0.0,0.0,dataset_2025.csv,202508,False,True
2025,8,Piura,Piura,Catacaos,MOVISTAR,0.0,0.0,0.0,0.0,9.276375,28137.0,3.0784407,2069.0,0.0,0.0,0.0,0.0,0.0,0.0,55.564518,41442.0,0.0,0.0,0.08754831,28580.0,602.0,99.12786,32360124.0,108518.0,0.0,0.0,0.0,32644833.0,0.0,0.0,0.0,0.0,0.6226339,1046.0,167996.0,41999.0,0.0,0.0,0.0,0.0,dataset_2025.csv,202508,False,True
2025,8,Piura,Piura,Piura,MOVISTAR,0.0,0.0,0.0,0.0,12.046536,117399.0,2.7138555,7672.0,0.0,0.0,0.0,0.0,0.0,0.0,60.060616,153352.0,0.0,0.0,0.05827424,71181.0,1501.0,97.15792,118676760.0,449163.0,0.0,14.0,0.0,122148310.0,5.0,0.0,0.0,0.0,0.6518689,4051.0,621444.0,155361.0,0.0,0.0,0.0,0.0,dataset_2025.csv,202508,False,True
2025,8,Piura,Piura,Veintiseis De Octubre,MOVISTAR,0.0,0.0,0.0,0.0,12.009455,87442.0,3.2310646,5847.0,0.0,0.0,0.0,0.0,0.0,0.0,57.844566,102141.0,0.0,0.0,0.01249352,10868.0,0.0,97.97379,85226514.0,269871.0,0.0,0.0,0.0,86989092.0,0.0,0.0,0.0,0.0,0.5561428,2294.0,412484.0,103121.0,0.0,0.0,0.0,0.0,dataset_2025.csv,202508,False,True
2025,8,Puno,Puno,Puno,MOVISTAR,4.5903087,7050.0,0.75047326,2777.0,10.280417,196689.0,2.385296,13382.0,0.0,0.0,0.0,0.0,184.12233,4618.0,64.3606,193947.0,0.0,0.0,4.2666903,6123184.0,61741.0,95.11973,136507594.0,488623.0,0.0,0.0,0.0,143511332.0,5.395277,1051.0,19480.0,4870.0,0.542755,4307.0,793544.0,198386.0,0.0,0.0,0.0,0.0,dataset_2025.csv,202508,True,False
2025,8,Puno,San Roman,Caracoto,MOVISTAR,4.19944,1176.0,0.7467406,539.0,8.385196,17803.0,1.7123897,3531.0,0.0,0.0,0.0,0.0,218.4751,636.0,63.79292,13322.0,0.0,0.0,5.388101,471146.0,7736.0,94.13902,8231699.0,34109.0,0.0,0.0,0.0,8744194.0,7.7908587,225.0,2888.0,722.0,0.8695966,482.0,55428.0,13857.0,0.0,0.0,0.0,0.0,dataset_2025.csv,202508,True,False
2025,8,Puno,San Roman,Juliaca,MOVISTAR,4.994051,14373.0,1.0034652,4073.0,9.81628,232341.0,2.9436374,17338.0,0.0,0.0,0.0,0.0,210.53865,6071.0,63.684322,219507.0,0.0,0.0,4.003092,6550990.0,80885.0,95.74011,156677011.0,564775.0,0.0,529.0,0.0,163648248.0,6.265451,1622.0,25888.0,6472.0,0.9126176,8356.0,915608.0,228902.0,0.0,0.0,0.0,0.0,dataset_2025.csv,202508,True,False
2025,8,Puno,San Roman,San Miguel,MOVISTAR,6.131124,3702.0,0.8508769,1222.0,10.9041815,34378.0,3.3539853,2777.0,0.0,0.0,0.0,0.0,249.22878,1784.0,68.414986,27962.0,0.0,0.0,5.1470222,1232219.0,16433.0,94.19273,22550141.0,83675.0,0.0,0.0,0.0,23940426.0,6.005291,454.0,7560.0,1890.0,1.0710279,1260.0,117644.0,29411.0,0.0,0.0,0.0,0.0,dataset_2025.csv,202508,True,False
2025,8,San Martin,Moyobamba,Moyobamba,MOVISTAR,3.8220558,888.0,0.0,0.0,11.478606,19142.0,2.4024048,1076.0,0.0,0.0,0.0,0.0,189.18602,1603.0,70.98712,24815.0,0.0,0.0,7.945965,2377532.0,9575.0,91.00112,27228673.0,71823.0,0.0,0.0,0.0,29921250.0,1.9509982,129.0,6612.0,1653.0,0.7066028,720.0,101896.0,25474.0,0.0,0.0,0.0,0.0,dataset_2025.csv,202508,True,False
2025,8,Tacna,Candarave,Camilaca,MOVISTAR,0.0,0.0,0.0,0.0,14.616642,1289.0,0.0,0.0,0.0,0.0,0.0,0.0,0.0,0.0,62.8447,2538.0,0.0,0.0,5.464355,33270.0,0.0,92.22278,561503.0,1011.0,0.0,0.0,0.0,608855.0,2.5584795,0.0,0.0,0.0,0.6029862,63.0,10448.0,2612.0,0.0,0.0,0.0,0.0,dataset_2025.csv,202508,False,True
2025,8,Tumbes,Contralmirante Villar,Canoas De Punta Sal,MOVISTAR,4.7044287,1028.0,0.0,0.0,12.977198,12240.0,4.8179955,1405.0,0.0,0.0,0.0,0.0,167.45276,648.0,55.429432,12908.0,0.0,0.0,4.707594,395312.0,6656.0,93.58648,7858762.0,26346.0,0.0,0.0,0.0,8397326.0,3.3408408,89.0,2664.0,666.0,0.42007092,218.0,51896.0,12974.0,0.0,0.0,0.0,0.0,dataset_2025.csv,202508,True,False
2025,8,Tumbes,Tumbes,Tumbes,MOVISTAR,6.183898,813.0,0.0,0.0,11.026241,36362.0,2.7569091,2618.0,0.0,0.0,0.0,0.0,163.48627,782.0,59.610416,45447.0,0.0,0.0,3.388185,1378228.0,14039.0,95.96698,39036943.0,132513.0,0.0,0.0,0.0,40677473.0,4.130703,134.0,3244.0,811.0,0.7571009,1401.0,185048.0,46262.0,0.0,0.0,0.0,0.0,dataset_2025.csv,202508,True,False
2025,9,Arequipa,Arequipa,Alto Selva Alegre,MOVISTAR,0.0,0.0,0.0,0.0,11.007853,36120.0,2.4955163,2291.0,0.0,0.0,0.0,0.0,0.0,0.0,56.501064,33396.0,0.0,0.0,0.00029307808,120.0,0.0,99.21574,40623608.0,173898.0,0.0,0.0,0.0,40944722.0,0.0,0.0,0.0,0.0,1.0277649,1417.0,137872.0,34468.0,0.0,0.0,0.0,0.0,dataset_2025.csv,202509,False,True
2025,9,Arequipa,Arequipa,Cayma,MOVISTAR,0.0,0.0,0.0,0.0,13.27423,53574.0,2.8000922,3448.0,0.0,0.0,0.0,0.0,0.0,0.0,58.167244,56003.0,0.0,0.0,0.0057338234,2778.0,0.0,98.34292,47646503.0,248355.0,0.0,0.0,0.0,48449347.0,0.0,0.0,0.0,0.0,0.7156447,1640.0,229164.0,57291.0,0.0,0.0,0.0,0.0,dataset_2025.csv,202509,False,True
2025,9,Arequipa,Arequipa,Jacobo Hunter,MOVISTAR,0.0,0.0,0.0,0.0,11.539967,30201.0,2.1775346,1672.0,0.0,0.0,0.0,0.0,0.0,0.0,59.10472,32096.0,0.0,0.0,0.009045189,3747.0,0.0,98.015785,40603367.0,186628.0,0.0,0.0,0.0,41425336.0,0.0,0.0,0.0,0.0,0.8131002,1077.0,132456.0,33114.0,0.0,0.0,0.0,0.0,dataset_2025.csv,202509,False,True
2025,9,Arequipa,Arequipa,Jose Luis Bustamante Y Rivero,MOVISTAR,0.0,0.0,0.0,0.0,12.176,88293.0,2.0832279,5842.0,0.0,0.0,0.0,0.0,0.0,0.0,57.90763,100806.0,0.0,0.0,0.0169315,14802.0,0.0,98.71456,86299086.0,418534.0,0.0,207.0,0.0,87422851.0,0.0,0.0,0.0,0.0,0.71845454,2979.0,414640.0,103660.0,0.0,0.0,0.0,0.0,dataset_2025.csv,202509,False,True
2025,9,Arequipa,Arequipa,Mariano Melgar,MOVISTAR,0.0,0.0,0.0,0.0,11.796549,31712.0,1.5957779,3174.0,0.0,0.0,0.0,0.0,0.0,0.0,56.294834,36166.0,0.0,0.0,0.0074520786,2332.0,0.0,99.21844,31048707.0,121047.0,0.0,0.0,0.0,31293283.0,0.0,0.0,0.0,0.0,0.5607515,825.0,147124.0,36781.0,0.0,0.0,0.0,0.0,dataset_2025.csv,202509,False,True
2025,9,Arequipa,Arequipa,Miraflores,MOVISTAR,0.0,0.0,0.0,0.0,11.954892,26734.0,2.3739533,1971.0,0.0,0.0,0.0,0.0,0.0,0.0,56.07862,38060.0,0.0,0.0,0.0056221685,1694.0,0.0,98.636505,29719891.0,131412.0,0.0,0.0,0.0,30130722.0,0.0,0.0,0.0,0.0,1.1205077,1741.0,155376.0,38844.0,0.0,0.0,0.0,0.0,dataset_2025.csv,202509,False,True
2025,9,Arequipa,Arequipa,Paucarpata,MOVISTAR,0.0,0.0,0.0,0.0,11.623601,45829.0,3.1261928,3859.0,0.0,0.0,0.0,0.0,0.0,0.0,56.710686,54542.0,0.0,0.0,0.008582093,4518.0,0.0,95.539444,50296262.0,230022.0,0.0,0.0,0.0,52644499.0,0.0,0.0,0.0,0.0,0.6524971,1457.0,223296.0,55824.0,0.0,0.0,0.0,0.0,dataset_2025.csv,202509,False,True
2025,9,Arequipa,Arequipa,Sachaca,MOVISTAR,0.0,0.0,0.0,0.0,13.116817,13685.0,1.9322646,1074.0,0.0,0.0,0.0,0.0,0.0,0.0,57.833847,17234.0,0.0,0.0,0.0038221255,502.0,0.0,92.138756,12101553.0,73687.0,0.0,0.0,0.0,13134053.0,0.0,0.0,0.0,0.0,1.0021865,715.0,71344.0,17836.0,0.0,0.0,0.0,0.0,dataset_2025.csv,202509,False,True
2025,9,Arequipa,Arequipa,Socabaya,MOVISTAR,0.0,0.0,0.0,0.0,10.301198,27688.0,1.9498467,2005.0,0.0,0.0,0.0,0.0,0.0,0.0,60.37874,30219.0,0.0,0.0,0.0032475737,1099.0,0.0,96.47898,32649113.0,154508.0,0.0,0.0,0.0,33840649.0,0.0,0.0,0.0,0.0,1.171371,1489.0,127116.0,31779.0,0.0,0.0,0.0,0.0,dataset_2025.csv,202509,False,True
2025,9,Arequipa,Arequipa,Tiabaya,MOVISTAR,0.0,0.0,0.0,0.0,9.621219,3391.0,0.0,0.0,0.0,0.0,0.0,0.0,0.0,0.0,55.838554,5483.0,0.0,0.0,0.23485075,25478.0,0.0,96.51979,10471038.0,36030.0,0.0,0.0,0.0,10848592.0,0.0,0.0,0.0,0.0,0.6106258,137.0,22436.0,5609.0,0.0,0.0,0.0,0.0,dataset_2025.csv,202509,False,True
2025,9,Arequipa,Arequipa,Yanahuara,MOVISTAR,0.0,0.0,0.0,0.0,12.703981,17247.0,2.4977703,1145.0,0.0,0.0,0.0,0.0,0.0,0.0,54.92406,21588.0,0.0,0.0,0.0012942712,240.0,0.0,98.883804,18336275.0,103589.0,0.0,0.0,0.0,18543254.0,0.0,0.0,0.0,0.0,0.7368231,652.0,88488.0,22122.0,0.0,0.0,0.0,0.0,dataset_2025.csv,202509,False,True
2025,9,Ayacucho,Huamanga,Carmen Alto,MOVISTAR,0.0,0.0,0.0,0.0,13.577424,9928.0,2.9784374,517.0,0.0,0.0,0.0,0.0,0.0,0.0,58.307453,9283.0,0.0,0.0,1.1582605,98710.0,1989.0,98.32522,8379534.0,32566.0,0.0,0.0,0.0,8522263.0,5.102041,0.0,0.0,0.0,1.1546445,445.0,38540.0,9635.0,0.0,0.0,0.0,0.0,dataset_2025.csv,202509,False,True
2025,9,Cajamarca,Celendin,Celendin,MOVISTAR,0.0,0.0,0.0,0.0,9.93695,9084.0,2.955268,473.0,0.0,0.0,0.0,0.0,0.0,0.0,58.721897,15146.0,0.0,0.0,1.3562566,127443.0,4494.0,98.55369,9260768.0,44757.0,0.0,0.0,0.0,9396673.0,12.777778,0.0,0.0,0.0,0.64557046,397.0,61496.0,15374.0,0.0,0.0,0.0,0.0,dataset_2025.csv,202509,False,True
2025,9,Cajamarca,Santa Cruz,Santa Cruz,MOVISTAR,0.0,0.0,0.0,0.0,11.696737,13578.0,3.9836693,2088.0,0.0,0.0,0.0,0.0,0.0,0.0,62.42996,12033.0,0.0,0.0,5.4175553,457471.0,7339.0,94.13761,7949199.0,35431.0,0.0,0.0,0.0,8444233.0,6.8421054,0.0,0.0,0.0,1.0439208,521.0,49908.0,12477.0,0.0,0.0,0.0,0.0,dataset_2025.csv,202509,False,True
2025,9,Callao,Callao,Mi Peru,MOVISTAR,3.9042876,961.0,0.0,0.0,9.783465,15321.0,2.2537622,1368.0,0.0,0.0,0.0,0.0,293.32202,531.0,56.454304,21737.0,0.0,0.0,5.166052,1140397.0,18946.0,93.25497,20585872.0,105438.0,0.0,0.0,0.0,22074827.0,6.7656765,164.0,2424.0,606.0,0.5268006,469.0,89028.0,22257.0,0.0,0.0,0.0,0.0,dataset_2025.csv,202509,True,False
2025,9,Cusco,Acomayo,Pomacanchi,MOVISTAR,6.0750093,2480.0,0.97475874,839.0,0.0,0.0,0.0,0.0,0.0,0.0,0.0,0.0,97.49478,705.0,60.396736,472.0,0.0,0.0,64.53995,801812.0,4455.0,29.603655,367781.0,1085.0,0.0,0.0,0.0,1242350.0,2.6445699,75.0,2836.0,709.0,0.47368422,9.0,1900.0,475.0,0.0,0.0,0.0,0.0,dataset_2025.csv,202509,True,False
2025,9,Cusco,Cusco,Cusco,MOVISTAR,0.0,0.0,0.0,0.0,10.073934,43139.0,2.8018348,3411.0,0.0,0.0,0.0,0.0,0.0,0.0,66.97771,58419.0,0.0,0.0,0.098722726,59723.0,914.0,90.76667,54909933.0,314941.0,0.0,4.0,0.0,60495698.0,0.0,0.0,0.0,0.0,1.4002215,3439.0,245604.0,61401.0,0.0,0.0,0.0,0.0,dataset_2025.csv,202509,False,True
2025,9,Cusco,Cusco,San Jeronimo,MOVISTAR,0.0,0.0,0.0,0.0,10.959391,28127.0,3.5307398,1926.0,0.0,0.0,0.0,0.0,0.0,0.0,62.848186,29171.0,0.0,0.0,0.015828084,3944.0,0.0,94.482155,23542812.0,108427.0,0.0,0.0,0.0,24917734.0,0.0,0.0,0.0,0.0,0.88683695,1068.0,120428.0,30107.0,0.0,0.0,0.0,0.0,dataset_2025.csv,202509,False,True
2025,9,Cusco,Cusco,San Sebastian,MOVISTAR,0.0,0.0,0.0,0.0,9.528024,23464.0,2.5000105,1653.0,0.0,0.0,0.0,0.0,0.0,0.0,69.56677,31465.0,0.0,0.0,0.17681098,64023.0,953.0,92.8319,33614297.0,162064.0,0.0,0.0,0.0,36209855.0,0.0,0.0,0.0,0.0,1.3354589,1776.0,132988.0,33247.0,0.0,0.0,0.0,0.0,dataset_2025.csv,202509,False,True
2025,9,Cusco,Cusco,Santiago,MOVISTAR,0.0,0.0,0.0,0.0,10.135578,34905.0,2.5888839,2436.0,0.0,0.0,0.0,0.0,0.0,0.0,65.88082,38731.0,0.0,0.0,0.047334593,17055.0,0.0,93.359924,33638263.0,182533.0,0.0,0.0,0.0,36030731.0,0.0,0.0,0.0,0.0,0.90346503,1457.0,161268.0,40317.0,0.0,0.0,0.0,0.0,dataset_2025.csv,202509,False,True
2025,9,Cusco,Cusco,Wanchaq,MOVISTAR,0.0,0.0,0.0,0.0,10.761202,36817.0,2.79629,3381.0,0.0,0.0,0.0,0.0,0.0,0.0,66.35145,57200.0,0.0,0.0,0.058869075,29348.0,1085.0,93.050934,46388683.0,245342.0,0.0,33.0,0.0,49853001.0,0.0,0.0,0.0,0.0,0.99857044,2375.0,237840.0,59460.0,0.0,0.0,0.0,0.0,dataset_2025.csv,202509,False,True
2025,9,Cusco,La Convencion,Echarate,MOVISTAR,6.1553173,488.0,0.0,0.0,10.639986,7072.0,3.771117,650.0,0.0,0.0,0.0,0.0,180.49542,446.0,72.18901,9668.0,0.0,0.0,3.1071765,355410.0,4398.0,69.61484,7962795.0,28364.0,0.0,0.0,0.0,11438359.0,8.279221,153.0,1848.0,462.0,1.1047304,454.0,41096.0,10274.0,0.0,0.0,0.0,0.0,dataset_2025.csv,202509,True,False
2025,9,Huancavelica,Tayacaja,Pampas,MOVISTAR,5.5010147,1024.0,0.9952415,513.0,14.122917,12752.0,3.9904,1247.0,0.0,0.0,0.0,0.0,208.95818,525.0,52.423847,10081.0,0.0,0.0,4.9165897,345062.0,8989.0,94.64338,6642375.0,34818.0,0.0,0.0,0.0,7018320.0,6.967213,153.0,2196.0,549.0,0.86742496,363.0,41848.0,10462.0,0.0,0.0,0.0,0.0,dataset_2025.csv,202509,True,False
2025,9,Ica,Chincha,Alto Laran,MOVISTAR,0.0,0.0,0.0,0.0,10.110423,12172.0,3.5520818,1587.0,0.0,0.0,0.0,0.0,0.0,0.0,53.235718,13565.0,0.0,0.0,0.19621167,14346.0,0.0,94.75214,6927795.0,33943.0,0.0,0.0,0.0,7311492.0,0.0,0.0,0.0,0.0,0.6554579,361.0,55076.0,13769.0,0.0,0.0,0.0,0.0,dataset_2025.csv,202509,False,True
2025,9,Ica,Chincha,Chincha Alta,MOVISTAR,0.0,0.0,0.0,0.0,12.315959,108010.0,3.053028,6850.0,0.0,0.0,0.0,0.0,0.0,0.0,51.99393,118490.0,0.0,0.0,0.005847891,5443.0,0.0,96.65872,89966355.0,427878.0,0.0,0.0,0.0,93076292.0,0.0,0.0,0.0,0.0,0.37085387,1784.0,481052.0,120263.0,0.0,0.0,0.0,0.0,dataset_2025.csv,202509,False,True
2025,9,Ica,Chincha,Chincha Baja,MOVISTAR,0.0,0.0,0.0,0.0,11.24439,8873.0,2.7228448,517.0,0.0,0.0,0.0,0.0,0.0,0.0,58.516026,13941.0,0.0,0.0,0.2900312,31849.0,552.0,95.42257,10478575.0,46838.0,0.0,0.0,0.0,10981233.0,0.0,0.0,0.0,0.0,0.7190071,409.0,56884.0,14221.0,0.0,0.0,0.0,0.0,dataset_2025.csv,202509,False,True
2025,9,Ica,Chincha,El Carmen,MOVISTAR,0.0,0.0,0.0,0.0,14.688907,2577.0,3.9957821,425.0,0.0,0.0,0.0,0.0,0.0,0.0,55.40574,4699.0,0.0,0.0,1.5508038,67165.0,860.0,88.77593,3844868.0,20902.0,0.0,0.0,0.0,4330980.0,0.0,0.0,0.0,0.0,0.7208048,139.0,19284.0,4821.0,0.0,0.0,0.0,0.0,dataset_2025.csv,202509,False,True
2025,9,Ica,Chincha,Pueblo Nuevo,MOVISTAR,0.0,0.0,0.0,0.0,10.243517,41864.0,2.7204685,3113.0,0.0,0.0,0.0,0.0,0.0,0.0,55.75141,49164.0,0.0,0.0,0.00060469797,244.0,0.0,98.25784,39647748.0,175089.0,0.0,0.0,0.0,40350721.0,0.0,0.0,0.0,0.0,0.34123528,680.0,199276.0,49819.0,0.0,0.0,0.0,0.0,dataset_2025.csv,202509,False,True
2025,9,Ica,Chincha,Sunampe,MOVISTAR,0.0,0.0,0.0,0.0,11.425232,23417.0,3.5453355,2136.0,0.0,0.0,0.0,0.0,0.0,0.0,52.15941,29162.0,0.0,0.0,0.07460422,19424.0,501.0,98.385414,25615686.0,109400.0,0.0,0.0,0.0,26036060.0,0.0,0.0,0.0,0.0,0.3487506,412.0,118136.0,29534.0,0.0,0.0,0.0,0.0,dataset_2025.csv,202509,False,True
2025,9,Ica,Ica,Ica,MOVISTAR,4.417913,2876.0,0.8024245,1007.0,10.891795,149267.0,2.6329343,11323.0,0.0,0.0,0.0,0.0,183.72655,3622.0,53.008877,205696.0,0.0,0.0,2.6308541,4732099.0,45801.0,95.956,172595395.0,839596.0,0.0,0.0,0.0,179869308.0,3.1452484,466.0,14816.0,3704.0,0.5100923,4285.0,840044.0,210011.0,0.0,0.0,0.0,0.0,dataset_2025.csv,202509,True,False
2025,9,Ica,Ica,La Tinguiña,MOVISTAR,0.0,0.0,0.0,0.0,10.43303,17621.0,2.7168827,746.0,0.0,0.0,0.0,0.0,0.0,0.0,51.428642,23759.0,0.0,0.0,1.1246268,216289.0,3222.0,97.92681,18833353.0,71042.0,0.0,0.0,0.0,19232070.0,2.0897832,0.0,0.0,0.0,0.6391286,622.0,97320.0,24330.0,0.0,0.0,0.0,0.0,dataset_2025.csv,202509,False,True
2025,9,Ica,Ica,Parcona,MOVISTAR,3.7919967,595.0,0.0,0.0,8.988439,26283.0,2.5312226,1367.0,0.0,0.0,0.0,0.0,213.98424,694.0,56.20547,29627.0,0.0,0.0,2.5179646,594237.0,5912.0,96.362686,22741492.0,89172.0,0.0,0.0,0.0,23599895.0,4.0540543,114.0,2812.0,703.0,0.4098766,497.0,121256.0,30314.0,0.0,0.0,0.0,0.0,dataset_2025.csv,202509,True,False
2025,9,Ica,Ica,Subtanjalla,MOVISTAR,0.0,0.0,0.0,0.0,11.330921,8255.0,2.8397813,891.0,0.0,0.0,0.0,0.0,0.0,0.0,53.110413,16093.0,0.0,0.0,6.657142,956082.0,6661.0,86.381325,12405868.0,60318.0,0.0,0.0,0.0,14361748.0,5.3617573,0.0,0.0,0.0,0.68065196,451.0,66260.0,16565.0,0.0,0.0,0.0,0.0,dataset_2025.csv,202509,False,True
2025,9,Junin,Chanchamayo,Chanchamayo,MOVISTAR,6.5102687,613.0,0.0,0.0,9.634158,16696.0,1.8853254,1379.0,0.0,0.0,0.0,0.0,182.59804,657.0,57.53766,23840.0,0.0,0.0,2.2236311,379601.0,5977.0,95.481,16299774.0,62110.0,0.0,0.0,0.0,17071222.0,4.148784,116.0,2796.0,699.0,0.74458665,740.0,99384.0,24846.0,0.0,0.0,0.0,0.0,dataset_2025.csv,202509,True,False
2025,9,Junin,Huancayo,Chilca,MOVISTAR,0.0,0.0,0.0,0.0,10.829027,34140.0,3.315544,2858.0,0.0,0.0,0.0,0.0,0.0,0.0,57.057682,43179.0,0.0,0.0,0.00654384,3437.0,0.0,96.67204,50774750.0,235593.0,0.0,0.0,0.0,52522681.0,0.0,0.0,0.0,0.0,0.73047775,1307.0,178924.0,44731.0,0.0,0.0,0.0,0.0,dataset_2025.csv,202509,False,True
2025,9,Junin,Huancayo,El Tambo,MOVISTAR,0.0,0.0,0.0,0.0,11.416909,196847.0,2.4599652,16748.0,0.0,0.0,0.0,0.0,0.0,0.0,52.82387,217759.0,0.0,0.0,0.022452766,45534.0,861.0,95.47542,193623258.0,865224.0,0.0,0.0,0.0,202799060.0,0.0,0.0,0.0,0.0,0.45782432,4067.0,888332.0,222083.0,0.0,0.0,0.0,0.0,dataset_2025.csv,202509,False,True
2025,9,Junin,Huancayo,Huancayo,MOVISTAR,0.0,0.0,0.0,0.0,11.294485,148055.0,2.9189618,11333.0,0.0,0.0,0.0,0.0,0.0,0.0,52.993027,187605.0,0.0,0.0,0.0058881175,8477.0,0.0,97.56791,140466487.0,740177.0,0.0,0.0,0.0,143967916.0,0.0,0.0,0.0,0.0,0.51094604,3921.0,767400.0,191850.0,0.0,0.0,0.0,0.0,dataset_2025.csv,202509,False,True
2025,9,Junin,Huancayo,Pilcomayo,MOVISTAR,0.0,0.0,0.0,0.0,9.876103,16982.0,2.2037911,804.0,0.0,0.0,0.0,0.0,0.0,0.0,55.95822,24276.0,0.0,0.0,0.016468747,2272.0,0.0,98.3802,13572364.0,54037.0,0.0,0.0,0.0,13795828.0,0.0,0.0,0.0,0.0,0.3988932,395.0,99024.0,24756.0,0.0,0.0,0.0,0.0,dataset_2025.csv,202509,False,True
2025,9,Junin,Huancayo,San Agustin,MOVISTAR,0.0,0.0,0.0,0.0,9.378714,21997.0,2.5084949,1779.0,0.0,0.0,0.0,0.0,0.0,0.0,53.664574,25693.0,0.0,0.0,0.05282085,12834.0,0.0,98.57864,23951872.0,95709.0,0.0,0.0,0.0,24297223.0,0.0,0.0,0.0,0.0,0.4593176,483.0,105156.0,26289.0,0.0,0.0,0.0,0.0,dataset_2025.csv,202509,False,True
2025,9,Junin,Junin,Carhuamayo,MOVISTAR,6.2624135,711.0,0.0,0.0,11.137526,9330.0,3.6667464,1546.0,0.0,0.0,0.0,0.0,178.17973,437.0,50.362995,9065.0,0.0,0.0,7.6352944,387104.0,3619.0,90.54932,4590786.0,15325.0,0.0,0.0,0.0,5069929.0,1.1877828,21.0,1768.0,442.0,0.26218048,96.0,36616.0,9154.0,0.0,0.0,0.0,0.0,dataset_2025.csv,202509,True,False
2025,9,La Libertad,Trujillo,El Porvenir,MOVISTAR,0.0,0.0,0.0,0.0,12.23545,41895.0,2.8821995,3945.0,0.0,0.0,0.0,0.0,0.0,0.0,54.752956,43919.0,0.0,0.0,0.008267755,3950.0,0.0,92.19582,44047451.0,194069.0,0.0,0.0,0.0,47775972.0,0.0,0.0,0.0,0.0,0.89053434,1602.0,179892.0,44973.0,0.0,0.0,0.0,0.0,dataset_2025.csv,202509,False,True
2025,9,La Libertad,Trujillo,La Esperanza,MOVISTAR,0.0,0.0,0.0,0.0,12.908797,79190.0,3.3507745,6015.0,0.0,0.0,0.0,0.0,0.0,0.0,52.758232,94577.0,0.0,0.0,0.027019925,20971.0,532.0,97.3043,75520880.0,305285.0,0.0,0.0,0.0,77613095.0,0.0,0.0,0.0,0.0,0.44706556,1717.0,384060.0,96015.0,0.0,0.0,0.0,0.0,dataset_2025.csv,202509,False,True
2025,9,La Libertad,Trujillo,Moche,MOVISTAR,0.0,0.0,0.0,0.0,12.0966015,30497.0,3.0875206,3465.0,0.0,0.0,0.0,0.0,0.0,0.0,50.794,31135.0,0.0,0.0,0.0085320035,1873.0,0.0,99.2763,21793769.0,82044.0,0.0,0.0,0.0,21952640.0,0.0,0.0,0.0,0.0,0.27461156,345.0,125632.0,31408.0,0.0,0.0,0.0,0.0,dataset_2025.csv,202509,False,True
2025,9,La Libertad,Trujillo,Trujillo,MOVISTAR,0.0,0.0,0.0,0.0,13.354839,308556.0,2.59898,22983.0,0.0,0.0,0.0,0.0,0.0,0.0,55.181957,360945.0,0.0,0.0,0.01829894,50494.0,485.0,98.214264,271011907.0,1340197.0,0.0,150.0,0.0,275939458.0,0.0,0.0,0.0,0.0,0.41019583,6000.0,1462716.0,365679.0,0.0,0.0,0.0,0.0,dataset_2025.csv,202509,False,True
2025,9,La Libertad,Trujillo,Victor Larco Herrera,MOVISTAR,0.0,0.0,0.0,0.0,14.21564,45057.0,2.2312086,2437.0,0.0,0.0,0.0,0.0,0.0,0.0,52.80137,48258.0,0.0,0.0,0.00192075,843.0,0.0,98.811676,43367559.0,183720.0,0.0,87.0,0.0,43889105.0,0.0,0.0,0.0,0.0,0.2914016,568.0,194920.0,48730.0,0.0,0.0,0.0,0.0,dataset_2025.csv,202509,False,True
2025,9,Lambayeque,Chiclayo,Chiclayo,MOVISTAR,0.0,0.0,0.0,0.0,12.705059,144774.0,3.1956775,13374.0,0.0,0.0,0.0,0.0,0.0,0.0,58.878677,186564.0,0.0,0.0,0.03831974,54725.0,511.0,98.011604,139971848.0,639050.0,0.0,0.0,0.0,142811506.0,0.0,0.0,0.0,0.0,0.50769633,3859.0,760100.0,190025.0,0.0,0.0,0.0,0.0,dataset_2025.csv,202509,False,True
2025,9,Lambayeque,Chiclayo,Jose Leonardo Ortiz,MOVISTAR,0.0,0.0,0.0,0.0,12.380753,58298.0,1.7996141,5476.0,0.0,0.0,0.0,0.0,0.0,0.0,55.31488,58134.0,0.0,0.0,0.021977076,10878.0,0.0,97.10774,48065448.0,186137.0,0.0,0.0,0.0,49497031.0,0.0,0.0,0.0,0.0,0.6668813,1574.0,236024.0,59006.0,0.0,0.0,0.0,0.0,dataset_2025.csv,202509,False,True
2025,9,Lambayeque,Chiclayo,La Victoria,MOVISTAR,0.0,0.0,0.0,0.0,12.486698,45290.0,2.3426054,3946.0,0.0,0.0,0.0,0.0,0.0,0.0,58.256348,52173.0,0.0,0.0,0.8178416,366118.0,2558.0,97.622826,43702196.0,171223.0,0.0,0.0,0.0,44766370.0,4.5275593,0.0,0.0,0.0,0.42877427,906.0,211300.0,52825.0,0.0,0.0,0.0,0.0,dataset_2025.csv,202509,False,True
2025,9,Lambayeque,Chiclayo,Pimentel,MOVISTAR,0.0,0.0,0.0,0.0,12.546593,50734.0,2.1391263,4155.0,0.0,0.0,0.0,0.0,0.0,0.0,57.120964,67786.0,0.0,0.0,0.0490299,19588.0,0.0,98.26081,39256306.0,155633.0,0.0,0.0,0.0,39951132.0,0.0,0.0,0.0,0.0,0.46919712,1292.0,275364.0,68841.0,0.0,0.0,0.0,0.0,dataset_2025.csv,202509,False,True
2025,9,Lima,Cañete,Asia,MOVISTAR,5.437387,1801.0,0.61688167,475.0,12.124602,22438.0,2.6462789,1664.0,0.0,0.0,0.0,0.0,149.02953,1471.0,41.911816,30652.0,0.0,0.0,6.016891,1401635.0,19728.0,90.892685,21173454.0,94507.0,0.57224715,133305.0,812.0,23295004.0,2.2501655,136.0,6044.0,1511.0,0.33057052,410.0,124028.0,31007.0,0.0,0.0,0.0,0.0,dataset_2025.csv,202509,True,False
2025,9,Lima,Cañete,Cerro Azul,MOVISTAR,5.0930586,973.0,0.0,0.0,13.701924,16614.0,3.1284108,792.0,0.0,0.0,0.0,0.0,226.47498,567.0,51.375828,15387.0,0.0,0.0,3.909102,323099.0,9553.0,95.54979,7897477.0,48897.0,0.0,0.0,0.0,8265300.0,4.1318865,99.0,2396.0,599.0,0.49517602,310.0,62604.0,15651.0,0.0,0.0,0.0,0.0,dataset_2025.csv,202509,True,False
2025,9,Lima,Cañete,Chilca,MOVISTAR,6.1858726,2911.0,0.63204217,747.0,11.124604,16886.0,2.4365165,1114.0,0.0,0.0,0.0,0.0,195.07196,2164.0,55.611927,23755.0,0.0,0.0,8.1895275,1253877.0,17093.0,90.22548,13814185.0,81331.0,0.0,0.0,0.0,15310736.0,3.9715536,363.0,9140.0,2285.0,0.8561503,833.0,97296.0,24324.0,0.0,0.0,0.0,0.0,dataset_2025.csv,202509,True,False
2025,9,Lima,Cañete,Mala,MOVISTAR,4.7219296,3002.0,0.6140382,659.0,12.281881,65046.0,3.8554091,4869.0,0.0,0.0,0.0,0.0,174.85773,1690.0,49.21958,68942.0,0.0,0.0,3.6961153,2114956.0,30671.0,95.98992,54926443.0,218026.0,0.0,181.0,0.0,57221051.0,3.184893,226.0,7096.0,1774.0,0.56497985,1580.0,279656.0,69914.0,0.0,0.0,0.0,0.0,dataset_2025.csv,202509,True,False
2025,9,Lima,Huaura,Huaura,MOVISTAR,6.6747413,1741.0,1.059041,416.0,13.731171,25750.0,5.3572774,3869.0,0.0,0.0,0.0,0.0,226.65085,760.0,55.81466,15984.0,0.0,0.0,4.500691,634291.0,9954.0,94.191696,13274617.0,55084.0,0.0,0.0,0.0,14093192.0,3.9325843,126.0,3204.0,801.0,0.46805665,308.0,65804.0,16451.0,0.0,0.0,0.0,0.0,dataset_2025.csv,202509,True,False
2025,9,Lima,Lima,Barranco,MOVISTAR,6.6744895,509.0,0.0,0.0,14.275623,34385.0,2.6895764,2270.0,0.0,0.0,0.0,0.0,228.7061,440.0,51.09449,41967.0,0.0,0.0,1.4429388,470347.0,8178.0,97.99878,31944133.0,201437.0,0.0,46.0,0.0,32596461.0,5.2016983,98.0,1884.0,471.0,0.24998231,424.0,169612.0,42403.0,0.0,0.0,0.0,0.0,dataset_2025.csv,202509,True,False
2025,9,Lima,Lima,Breña,MOVISTAR,5.484704,818.0,0.0,0.0,12.530323,74733.0,2.539119,5119.0,0.0,0.0,0.0,0.0,207.63222,979.0,51.464756,86597.0,0.0,0.0,1.533708,1024908.0,20434.0,98.07002,65535780.0,332862.0,0.0,181.0,0.0,66825498.0,7.3264203,325.0,4436.0,1109.0,0.613244,2157.0,351736.0,87934.0,0.0,0.0,0.0,0.0,dataset_2025.csv,202509,True,False
2025,9,Lima,Lima,Carabayllo,MOVISTAR,5.469695,1854.0,0.684967,683.0,12.659134,143001.0,3.5257335,10361.0,0.0,0.0,0.0,0.0,186.49765,1888.0,48.08565,156869.0,0.0,0.0,2.1645494,3062657.0,41623.0,97.57273,138057279.0,527198.0,0.0,12.0,0.0,141491666.0,4.1914682,338.0,8064.0,2016.0,0.5094315,3243.0,636592.0,159148.0,0.0,0.0,0.0,0.0,dataset_2025.csv,202509,True,False
2025,9,Lima,Lima,Comas,MOVISTAR,5.8404136,3529.0,0.749959,955.0,12.553106,196948.0,3.306902,18505.0,0.0,0.0,0.0,0.0,202.02148,3131.0,48.2956,219612.0,0.0,0.0,5.8121157,12685281.0,82774.0,93.69806,204501472.0,948873.0,0.0,1511.0,0.0,218255829.0,6.703629,931.0,13888.0,3472.0,0.62521535,5588.0,893772.0,223443.0,0.0,0.0,0.0,0.0,dataset_2025.csv,202509,True,False
2025,9,Lima,Lima,El Agustino,MOVISTAR,4.922826,1882.0,0.6927692,478.0,12.103713,51772.0,3.1285903,4223.0,0.0,0.0,0.0,0.0,181.26672,1345.0,51.93371,63324.0,0.0,0.0,6.317054,4490225.0,46192.0,92.96339,66079302.0,381418.0,0.0,344.0,0.0,71080998.0,4.6673455,275.0,5892.0,1473.0,0.80866694,2096.0,259192.0,64798.0,0.0,0.0,0.0,0.0,dataset_2025.csv,202509,True,False
2025,9,Lima,Lima,Independencia,MOVISTAR,4.753425,1376.0,0.7178536,512.0,13.013014,110286.0,2.763345,7250.0,0.0,0.0,0.0,0.0,237.81546,1564.0,50.76366,106442.0,0.0,0.0,5.045458,4542286.0,47956.0,94.4759,85054038.0,471831.0,0.0,418.0,0.0,90027230.0,6.779661,480.0,7080.0,1770.0,0.9007518,3920.0,435192.0,108798.0,0.0,0.0,0.0,0.0,dataset_2025.csv,202509,True,False
2025,9,Lima,Lima,Los Olivos,MOVISTAR,6.218361,3496.0,0.7214533,1122.0,13.237459,157679.0,2.8703215,9602.0,0.0,0.0,0.0,0.0,215.15793,1951.0,48.892067,193913.0,0.0,0.0,3.3996835,6914450.0,77557.0,96.296974,195853708.0,964931.0,0.0,313.0,0.0,203385107.0,7.3663774,645.0,8756.0,2189.0,0.66237754,5226.0,788976.0,197244.0,0.0,0.0,0.0,0.0,dataset_2025.csv,202509,True,False
2025,9,Lima,Lima,Puente Piedra,MOVISTAR,4.8611827,1904.0,0.666156,602.0,12.3390255,91853.0,2.883476,7379.0,0.0,0.0,0.0,0.0,236.29572,1474.0,51.01834,97865.0,0.0,0.0,3.1026032,3233518.0,46554.0,96.49811,100569866.0,479902.0,0.0,3522.0,0.0,104219518.0,6.1060605,403.0,6600.0,1650.0,0.8609073,3450.0,400740.0,100185.0,0.0,0.0,0.0,0.0,dataset_2025.csv,202509,True,False
2025,9,Lima,Lima,Punta Negra,MOVISTAR,0.0,0.0,0.0,0.0,13.077458,8118.0,0.0,0.0,0.0,0.0,0.0,0.0,0.0,0.0,41.915833,7000.0,0.0,0.0,2.268123,153691.0,3731.0,97.35392,6596830.0,40034.0,0.0,0.0,0.0,6776132.0,3.5211267,0.0,0.0,0.0,0.3753541,106.0,28240.0,7060.0,0.0,0.0,0.0,0.0,dataset_2025.csv,202509,False,True
2025,9,Lima,Lima,San Juan De Lurigancho,MOVISTAR,5.5946627,4428.0,0.66215813,1533.0,12.690415,352872.0,3.4203181,23120.0,0.0,0.0,0.0,0.0,202.19345,3854.0,48.645878,392050.0,0.0,0.0,3.0755448,11959255.0,117504.0,95.51906,371425801.0,1613158.0,0.0,2978.0,0.0,388849951.0,6.2588153,1065.0,17016.0,4254.0,0.6604095,10546.0,1596888.0,399222.0,0.0,0.0,0.0,0.0,dataset_2025.csv,202509,True,False
2025,9,Lima,Lima,San Luis,MOVISTAR,5.6429214,448.0,0.0,0.0,12.305484,51729.0,4.3922224,5292.0,0.0,0.0,0.0,0.0,242.44238,436.0,49.6058,59262.0,0.0,0.0,1.3665698,637479.0,13070.0,98.33031,45869230.0,214968.0,0.0,608.0,0.0,46648111.0,6.7171717,133.0,1980.0,495.0,0.41499642,998.0,240484.0,60121.0,0.0,0.0,0.0,0.0,dataset_2025.csv,202509,True,False
2025,9,Lima,Lima,San Martin De Porres,MOVISTAR,5.7800145,4581.0,0.69446564,1777.0,12.8697815,290135.0,2.6347282,23082.0,0.0,0.0,0.0,0.0,211.4434,5868.0,50.52604,344140.0,0.0,0.0,4.909394,16989806.0,152939.0,94.685745,327676396.0,1543720.0,0.0,113.0,0.0,346067285.0,6.066687,1572.0,25912.0,6478.0,0.6387711,8943.0,1400032.0,350008.0,0.0,0.0,0.0,0.0,dataset_2025.csv,202509,True,False
2025,9,Piura,Piura,Castilla,MOVISTAR,0.0,0.0,0.0,0.0,12.963272,71354.0,3.081949,4968.0,0.0,0.0,0.0,0.0,0.0,0.0,56.70828,125651.0,0.0,0.0,0.26929927,194705.0,2009.0,98.10372,70929587.0,304870.0,0.0,1.0,0.0,72300606.0,9.580838,0.0,0.0,0.0,0.44440183,2271.0,511024.0,127756.0,0.0,0.0,0.0,0.0,dataset_2025.csv,202509,False,True
2025,9,Piura,Piura,Catacaos,MOVISTAR,0.0,0.0,0.0,0.0,9.903406,27873.0,2.726642,1681.0,0.0,0.0,0.0,0.0,0.0,0.0,55.176834,40410.0,0.0,0.0,0.17678124,50767.0,891.0,99.150444,28473443.0,115093.0,0.0,0.0,0.0,28717413.0,0.0,0.0,0.0,0.0,0.4246181,696.0,163912.0,40978.0,0.0,0.0,0.0,0.0,dataset_2025.csv,202509,False,True
2025,9,Piura,Piura,Piura,MOVISTAR,0.0,0.0,0.0,0.0,12.743649,112505.0,2.774636,6464.0,0.0,0.0,0.0,0.0,0.0,0.0,59.6006,153298.0,0.0,0.0,0.17461528,206931.0,2314.0,97.89009,116006424.0,518804.0,0.0,138.0,0.0,118506809.0,5.994898,0.0,0.0,0.0,0.4801487,2991.0,622932.0,155733.0,0.0,0.0,0.0,0.0,dataset_2025.csv,202509,False,True
2025,9,Piura,Piura,Veintiseis De Octubre,MOVISTAR,0.0,0.0,0.0,0.0,11.751988,85462.0,3.864947,10276.0,0.0,0.0,0.0,0.0,0.0,0.0,57.803135,100448.0,0.0,0.0,0.011816872,9370.0,0.0,98.250916,77906491.0,301510.0,0.0,0.0,0.0,79293402.0,0.0,0.0,0.0,0.0,0.36561635,1488.0,406984.0,101746.0,0.0,0.0,0.0,0.0,dataset_2025.csv,202509,False,True
2025,9,Puno,Puno,Puno,MOVISTAR,4.4564266,6589.0,0.7350307,3038.0,10.07437,176688.0,2.8418005,11893.0,0.0,0.0,0.0,0.0,193.82404,5075.0,64.29469,196479.0,0.0,0.0,4.3188276,6023311.0,69302.0,95.155594,132710032.0,581389.0,0.0,0.0,0.0,139466344.0,4.9468484,1061.0,21448.0,5362.0,0.5953614,4827.0,810768.0,202692.0,0.0,0.0,0.0,0.0,dataset_2025.csv,202509,True,False
2025,9,Puno,San Roman,Caracoto,MOVISTAR,4.1490717,1008.0,0.75223684,403.0,9.312525,8067.0,2.6161375,631.0,0.0,0.0,0.0,0.0,270.37128,421.0,63.45662,8710.0,0.0,0.0,6.8526306,354713.0,7100.0,92.64533,4795604.0,30799.0,0.0,0.0,0.0,5176304.0,7.819149,147.0,1880.0,470.0,0.73537576,265.0,36036.0,9009.0,0.0,0.0,0.0,0.0,dataset_2025.csv,202509,True,False
2025,9,Puno,San Roman,Juliaca,MOVISTAR,4.9923162,12804.0,0.91533947,4084.0,10.136424,195321.0,3.3049753,19474.0,0.0,0.0,0.0,0.0,215.90196,6014.0,64.7819,188256.0,0.0,0.0,3.903748,5944459.0,84105.0,95.6215,145608289.0,648840.0,0.0,0.0,0.0,152275683.0,6.0589604,1562.0,25780.0,6445.0,1.0766987,8534.0,792608.0,198152.0,0.0,0.0,0.0,0.0,dataset_2025.csv,202509,True,False
2025,9,Puno,San Roman,San Miguel,MOVISTAR,5.602356,2517.0,0.78643316,1020.0,11.541203,40076.0,3.489398,2747.0,0.0,0.0,0.0,0.0,244.36052,1382.0,67.95919,30008.0,0.0,0.0,7.31599,1771391.0,19306.0,91.808266,22229162.0,91843.0,0.0,0.0,0.0,24212594.0,6.541582,387.0,5916.0,1479.0,0.9579299,1215.0,126836.0,31709.0,0.0,0.0,0.0,0.0,dataset_2025.csv,202509,True,False
2025,9,San Martin,Moyobamba,Moyobamba,MOVISTAR,3.770572,633.0,0.0,0.0,12.089545,21349.0,2.9495225,1383.0,0.0,0.0,0.0,0.0,163.94937,1213.0,73.50406,28888.0,0.0,0.0,5.67844,2031602.0,10013.0,93.21914,33351445.0,118464.0,0.0,0.0,0.0,35777465.0,1.8297534,92.0,5028.0,1257.0,0.6450693,769.0,119212.0,29803.0,0.0,0.0,0.0,0.0,dataset_2025.csv,202509,True,False
2025,9,Tacna,Candarave,Camilaca,MOVISTAR,0.0,0.0,0.0,0.0,11.743232,4626.0,6.501224,484.0,0.0,0.0,0.0,0.0,0.0,0.0,59.398827,4137.0,0.0,0.0,5.048713,90324.0,591.0,89.938515,1609045.0,3054.0,0.0,0.0,0.0,1789050.0,2.016129,0.0,0.0,0.0,0.29069766,49.0,16856.0,4214.0,0.0,0.0,0.0,0.0,dataset_2025.csv,202509,False,True
2025,9,Tumbes,Contralmirante Villar,Canoas De Punta Sal,MOVISTAR,4.92561,616.0,0.0,0.0,13.381868,11399.0,3.027739,708.0,0.0,0.0,0.0,0.0,163.75873,926.0,56.527508,15739.0,0.0,0.0,5.0772123,470207.0,5702.0,93.92535,8698544.0,34399.0,0.0,0.0,0.0,9261125.0,3.7395399,143.0,3824.0,956.0,0.27146465,172.0,63360.0,15840.0,0.0,0.0,0.0,0.0,dataset_2025.csv,202509,True,False
2025,9,Tumbes,Tumbes,Tumbes,MOVISTAR,6.565942,958.0,0.86823297,474.0,12.040929,41652.0,2.6943996,3135.0,0.0,0.0,0.0,0.0,244.3195,962.0,58.135277,53853.0,0.0,0.0,3.3584564,1391150.0,12113.0,96.41151,39935865.0,162503.0,0.0,0.0,0.0,41422303.0,4.204204,168.0,3996.0,999.0,0.35664642,780.0,218704.0,54676.0,0.0,0.0,0.0,0.0,dataset_2025.csv,202509,True,False
2025,10,Arequipa,Arequipa,Alto Selva Alegre,MOVISTAR,0.0,0.0,0.0,0.0,11.370555,33285.0,2.4213305,1617.0,0.0,0.0,0.0,0.0,0.0,0.0,57.271248,36032.0,0.0,0.0,0.0013992693,603.0,0.0,98.57954,42481787.0,190458.0,0.0,0.0,0.0,43093919.0,0.0,0.0,0.0,0.0,0.7919468,1173.0,148116.0,37029.0,0.0,0.0,0.0,0.0,dataset_2025.csv,202510,False,True
2025,10,Arequipa,Arequipa,Cayma,MOVISTAR,0.0,0.0,0.0,0.0,13.437499,58707.0,3.0407622,3164.0,0.0,0.0,0.0,0.0,0.0,0.0,58.657505,62813.0,0.0,0.0,0.009673916,5070.0,0.0,98.403694,51572366.0,276865.0,0.0,0.0,0.0,52408974.0,0.0,0.0,0.0,0.0,0.6399151,1640.0,256284.0,64071.0,0.0,0.0,0.0,0.0,dataset_2025.csv,202510,False,True
2025,10,Arequipa,Arequipa,Jacobo Hunter,MOVISTAR,0.0,0.0,0.0,0.0,11.939854,28723.0,2.6303954,1915.0,0.0,0.0,0.0,0.0,0.0,0.0,58.42041,35051.0,0.0,0.0,0.025267826,10385.0,0.0,98.969345,40676102.0,214508.0,0.0,0.0,0.0,41099698.0,0.0,0.0,0.0,0.0,0.630667,907.0,143816.0,35954.0,0.0,0.0,0.0,0.0,dataset_2025.csv,202510,False,True
2025,10,Arequipa,Arequipa,Jose Luis Bustamante Y Rivero,MOVISTAR,0.0,0.0,0.0,0.0,12.28109,72187.0,2.32158,4702.0,0.0,0.0,0.0,0.0,0.0,0.0,58.40028,95829.0,0.0,0.0,0.018271357,15665.0,0.0,98.21844,84207861.0,433080.0,0.0,0.0,0.0,85735287.0,0.0,0.0,0.0,0.0,0.5210678,2037.0,390928.0,97732.0,0.0,0.0,0.0,0.0,dataset_2025.csv,202510,False,True
2025,10,Arequipa,Arequipa,Mariano Melgar,MOVISTAR,0.0,0.0,0.0,0.0,12.923697,23748.0,2.573981,1205.0,0.0,0.0,0.0,0.0,0.0,0.0,57.80551,26456.0,0.0,0.0,0.0065889205,1823.0,0.0,99.48871,27526197.0,128590.0,0.0,0.0,0.0,27667659.0,0.0,0.0,0.0,0.0,0.5120247,551.0,107612.0,26903.0,0.0,0.0,0.0,0.0,dataset_2025.csv,202510,False,True
2025,10,Arequipa,Arequipa,Miraflores,MOVISTAR,0.0,0.0,0.0,0.0,12.215689,27422.0,2.4215415,2139.0,0.0,0.0,0.0,0.0,0.0,0.0,57.368156,35167.0,0.0,0.0,0.00310122,1039.0,0.0,98.40113,32967277.0,164932.0,0.0,0.0,0.0,33502945.0,0.0,0.0,0.0,0.0,0.57258826,821.0,143384.0,35846.0,0.0,0.0,0.0,0.0,dataset_2025.csv,202510,False,True
2025,10,Arequipa,Arequipa,Paucarpata,MOVISTAR,0.0,0.0,0.0,0.0,11.921609,41332.0,2.219985,5872.0,0.0,0.0,0.0,0.0,0.0,0.0,56.232323,59255.0,0.0,0.0,0.0020796668,1054.0,0.0,94.99021,48142174.0,227344.0,0.0,6.0,0.0,50681195.0,0.0,0.0,0.0,0.0,0.7105602,1722.0,242344.0,60586.0,0.0,0.0,0.0,0.0,dataset_2025.csv,202510,False,True
2025,10,Arequipa,Arequipa,Sachaca,MOVISTAR,0.0,0.0,0.0,0.0,12.608547,14291.0,2.2119327,796.0,0.0,0.0,0.0,0.0,0.0,0.0,55.4267,18474.0,0.0,0.0,0.010394276,1593.0,0.0,95.55359,14644296.0,78046.0,0.0,5.0,0.0,15325742.0,0.0,0.0,0.0,0.0,0.6080437,459.0,75488.0,18872.0,0.0,0.0,0.0,0.0,dataset_2025.csv,202510,False,True
2025,10,Arequipa,Arequipa,Socabaya,MOVISTAR,0.0,0.0,0.0,0.0,10.997642,33043.0,2.3427916,3124.0,0.0,0.0,0.0,0.0,0.0,0.0,59.734745,34708.0,0.0,0.0,0.0026812393,933.0,0.0,97.47762,33919623.0,186657.0,0.0,0.0,0.0,34797342.0,0.0,0.0,0.0,0.0,0.8304976,1191.0,143408.0,35852.0,0.0,0.0,0.0,0.0,dataset_2025.csv,202510,False,True
2025,10,Arequipa,Arequipa,Tiabaya,MOVISTAR,0.0,0.0,0.0,0.0,10.5324,8646.0,2.3416352,785.0,0.0,0.0,0.0,0.0,0.0,0.0,58.293934,7842.0,0.0,0.0,0.20716174,23371.0,528.0,93.74561,10575933.0,45586.0,0.0,0.0,0.0,11281523.0,0.0,0.0,0.0,0.0,0.61567163,198.0,32160.0,8040.0,0.0,0.0,0.0,0.0,dataset_2025.csv,202510,False,True
2025,10,Arequipa,Arequipa,Yanahuara,MOVISTAR,0.0,0.0,0.0,0.0,12.914847,14763.0,2.6682088,723.0,0.0,0.0,0.0,0.0,0.0,0.0,56.406883,19065.0,0.0,0.0,0.0033640298,589.0,0.0,98.75999,17291652.0,103626.0,0.0,0.0,0.0,17508763.0,0.0,0.0,0.0,0.0,0.7260295,567.0,78096.0,19524.0,0.0,0.0,0.0,0.0,dataset_2025.csv,202510,False,True
2025,10,Ayacucho,Huamanga,Carmen Alto,MOVISTAR,0.0,0.0,0.0,0.0,14.60883,10396.0,2.801494,767.0,0.0,0.0,0.0,0.0,0.0,0.0,57.44168,8960.0,0.0,0.0,1.3426837,102278.0,2250.0,98.0907,7471991.0,34479.0,0.0,0.0,0.0,7617431.0,4.4871793,0.0,0.0,0.0,1.3179348,485.0,36800.0,9200.0,0.0,0.0,0.0,0.0,dataset_2025.csv,202510,False,True
2025,10,Cajamarca,Celendin,Celendin,MOVISTAR,0.0,0.0,0.0,0.0,10.172937,9942.0,2.9961607,408.0,0.0,0.0,0.0,0.0,0.0,0.0,59.95579,18986.0,0.0,0.0,2.0643709,241666.0,6126.0,97.68582,11435610.0,60182.0,0.0,0.0,0.0,11706520.0,7.0652175,0.0,0.0,0.0,0.36894616,284.0,76976.0,19244.0,0.0,0.0,0.0,0.0,dataset_2025.csv,202510,False,True
2025,10,Cajamarca,Santa Cruz,Santa Cruz,MOVISTAR,0.0,0.0,0.0,0.0,12.274778,11818.0,2.7930622,1120.0,0.0,0.0,0.0,0.0,204.9466,449.0,64.812645,11563.0,0.0,0.0,6.431956,525237.0,9367.0,93.1468,7606418.0,41477.0,0.0,0.0,0.0,8166054.0,7.202505,138.0,1916.0,479.0,0.5825243,276.0,47380.0,11845.0,0.0,0.0,0.0,0.0,dataset_2025.csv,202510,False,True
2025,10,Callao,Callao,Mi Peru,MOVISTAR,7.137736,6529.0,0.82350487,2294.0,11.142958,15706.0,2.461627,1284.0,0.0,0.0,0.0,0.0,294.9881,4419.0,57.164955,19937.0,0.0,0.0,10.212132,2594750.0,22587.0,88.37497,22454757.0,113972.0,0.0,0.0,0.0,25408503.0,1.9200627,343.0,17864.0,4466.0,0.43531728,354.0,81320.0,20330.0,0.0,0.0,0.0,0.0,dataset_2025.csv,202510,True,False
2025,10,Cusco,Acomayo,Pomacanchi,MOVISTAR,6.861283,1562.0,1.0587404,473.0,11.990597,404.0,0.0,0.0,0.0,0.0,0.0,0.0,92.948685,562.0,62.801647,539.0,0.0,0.0,61.46755,604754.0,3733.0,36.267292,356819.0,784.0,0.0,0.0,0.0,983859.0,2.2887323,52.0,2272.0,568.0,0.8287293,18.0,2172.0,543.0,0.0,0.0,0.0,0.0,dataset_2025.csv,202510,True,False
2025,10,Cusco,Cusco,Cusco,MOVISTAR,0.0,0.0,0.0,0.0,10.869928,39871.0,2.4052048,3213.0,0.0,0.0,0.0,0.0,0.0,0.0,68.31932,54396.0,0.0,0.0,0.09797794,53781.0,876.0,92.386986,50712071.0,295533.0,0.0,2.0,0.0,54890927.0,0.0,0.0,0.0,0.0,1.7758777,4075.0,229464.0,57366.0,0.0,0.0,0.0,0.0,dataset_2025.csv,202510,False,True
2025,10,Cusco,Cusco,San Jeronimo,MOVISTAR,0.0,0.0,0.0,0.0,12.462194,32113.0,3.8545756,2613.0,0.0,0.0,0.0,0.0,0.0,0.0,63.94286,36159.0,0.0,0.0,0.011627937,3782.0,0.0,95.537704,31073749.0,175578.0,0.0,0.0,0.0,32525117.0,0.0,0.0,0.0,0.0,1.0160328,1526.0,150192.0,37548.0,0.0,0.0,0.0,0.0,dataset_2025.csv,202510,False,True
2025,10,Cusco,Cusco,San Sebastian,MOVISTAR,0.0,0.0,0.0,0.0,11.306966,17309.0,2.6379318,1137.0,0.0,0.0,0.0,0.0,0.0,0.0,68.04447,25890.0,0.0,0.0,0.1806329,72678.0,957.0,93.12602,37469436.0,190158.0,0.0,0.0,0.0,40235195.0,0.0,0.0,0.0,0.0,1.7119894,1866.0,108996.0,27249.0,0.0,0.0,0.0,0.0,dataset_2025.csv,202510,False,True
2025,10,Cusco,Cusco,Santiago,MOVISTAR,0.0,0.0,0.0,0.0,9.449486,29711.0,2.5480785,1923.0,0.0,0.0,0.0,0.0,0.0,0.0,68.44863,38495.0,0.0,0.0,0.025943402,9965.0,0.0,95.240166,36582259.0,202809.0,0.0,0.0,0.0,38410536.0,0.0,0.0,0.0,0.0,1.4500136,2334.0,160964.0,40241.0,0.0,0.0,0.0,0.0,dataset_2025.csv,202510,False,True
2025,10,Cusco,Cusco,Wanchaq,MOVISTAR,0.0,0.0,0.0,0.0,11.635831,36826.0,2.8265216,3564.0,0.0,0.0,0.0,0.0,0.0,0.0,67.30004,55765.0,0.0,0.0,0.097592235,48411.0,1336.0,93.91105,46584935.0,253744.0,0.0,0.0,0.0,49605381.0,5.4347825,0.0,0.0,0.0,1.2210697,2830.0,231764.0,57941.0,0.0,0.0,0.0,0.0,dataset_2025.csv,202510,False,True
2025,10,Cusco,La Convencion,Echarate,MOVISTAR,5.68392,975.0,0.0,0.0,10.924338,5528.0,0.0,0.0,0.0,0.0,0.0,0.0,261.92023,780.0,75.5961,7086.0,0.0,0.0,6.7755446,800600.0,5144.0,58.303234,6889124.0,29941.0,0.0,0.0,0.0,11816024.0,6.1205845,201.0,3284.0,821.0,2.2588894,742.0,32848.0,8212.0,0.0,0.0,0.0,0.0,dataset_2025.csv,202510,True,False
2025,10,Huancavelica,Tayacaja,Pampas,MOVISTAR,5.9434323,524.0,0.0,0.0,14.482446,9296.0,3.886858,663.0,0.0,0.0,0.0,0.0,0.0,0.0,53.06145,7693.0,0.0,0.0,2.9529502,158525.0,4505.0,96.20853,5164820.0,27470.0,0.0,0.0,0.0,5368360.0,6.634304,0.0,0.0,0.0,0.6652793,211.0,31716.0,7929.0,0.0,0.0,0.0,0.0,dataset_2025.csv,202510,True,False
2025,10,Ica,Chincha,Alto Laran,MOVISTAR,0.0,0.0,0.0,0.0,9.570687,13706.0,3.5783038,941.0,0.0,0.0,0.0,0.0,0.0,0.0,54.597237,11125.0,0.0,0.0,0.17533301,11405.0,0.0,94.23981,6130078.0,36223.0,0.0,0.0,0.0,6504765.0,0.0,0.0,0.0,0.0,0.48715678,220.0,45160.0,11290.0,0.0,0.0,0.0,0.0,dataset_2025.csv,202510,False,True
2025,10,Ica,Chincha,Chincha Alta,MOVISTAR,0.0,0.0,0.0,0.0,12.592005,117280.0,2.627842,7624.0,0.0,0.0,0.0,0.0,0.0,0.0,52.0861,134152.0,0.0,0.0,0.012284677,12299.0,0.0,97.91215,98026307.0,506927.0,0.0,0.0,0.0,100116593.0,0.0,0.0,0.0,0.0,0.32536048,1770.0,544012.0,136003.0,0.0,0.0,0.0,0.0,dataset_2025.csv,202510,False,True
2025,10,Ica,Chincha,Chincha Baja,MOVISTAR,0.0,0.0,0.0,0.0,12.062136,11362.0,3.339895,1158.0,0.0,0.0,0.0,0.0,0.0,0.0,56.01911,15652.0,0.0,0.0,0.2318425,24354.0,643.0,92.81998,9750316.0,49156.0,0.0,0.0,0.0,10504545.0,0.0,0.0,0.0,0.0,0.5176863,329.0,63552.0,15888.0,0.0,0.0,0.0,0.0,dataset_2025.csv,202510,False,True
2025,10,Ica,Chincha,El Carmen,MOVISTAR,0.0,0.0,0.0,0.0,11.524503,4114.0,0.0,0.0,0.0,0.0,0.0,0.0,0.0,0.0,59.703167,5496.0,0.0,0.0,0.8260376,40889.0,1145.0,93.45952,4626262.0,28923.0,0.0,0.0,0.0,4950017.0,0.0,0.0,0.0,0.0,0.52213496,117.0,22408.0,5602.0,0.0,0.0,0.0,0.0,dataset_2025.csv,202510,False,True
2025,10,Ica,Chincha,Pueblo Nuevo,MOVISTAR,0.0,0.0,0.0,0.0,10.676243,42412.0,2.6985312,2642.0,0.0,0.0,0.0,0.0,0.0,0.0,54.229557,49869.0,0.0,0.0,0.00053873076,219.0,0.0,98.37631,39991056.0,201752.0,0.0,0.0,0.0,40651102.0,0.0,0.0,0.0,0.0,0.35321897,715.0,202424.0,50606.0,0.0,0.0,0.0,0.0,dataset_2025.csv,202510,False,True
2025,10,Ica,Chincha,Sunampe,MOVISTAR,0.0,0.0,0.0,0.0,12.657267,28129.0,3.1624444,2513.0,0.0,0.0,0.0,0.0,0.0,0.0,50.21694,38191.0,0.0,0.0,0.059618592,17489.0,416.0,98.223175,28813580.0,139778.0,0.0,0.0,0.0,29334809.0,0.0,0.0,0.0,0.0,0.25771195,398.0,154436.0,38609.0,0.0,0.0,0.0,0.0,dataset_2025.csv,202510,False,True
2025,10,Ica,Ica,Ica,MOVISTAR,0.0,0.0,0.0,0.0,11.459638,162870.0,2.68116,12176.0,0.0,0.0,0.0,0.0,0.0,0.0,51.09696,220781.0,0.0,0.0,0.11608034,221062.0,3327.0,96.601814,183967324.0,987782.0,0.0,66.0,0.0,190438791.0,6.010929,0.0,0.0,0.0,0.4652895,4185.0,899440.0,224860.0,0.0,0.0,0.0,0.0,dataset_2025.csv,202510,False,True
2025,10,Ica,Ica,La Tinguiña,MOVISTAR,0.0,0.0,0.0,0.0,11.470205,22630.0,2.479388,1024.0,0.0,0.0,0.0,0.0,0.0,0.0,52.822952,30476.0,0.0,0.0,0.007175772,1735.0,0.0,97.315834,23529590.0,99313.0,0.0,0.0,0.0,24178583.0,0.0,0.0,0.0,0.0,0.43206295,536.0,124056.0,31014.0,0.0,0.0,0.0,0.0,dataset_2025.csv,202510,False,True
2025,10,Ica,Ica,Parcona,MOVISTAR,0.0,0.0,0.0,0.0,9.896399,29698.0,3.8355944,2705.0,0.0,0.0,0.0,0.0,0.0,0.0,55.545803,36178.0,0.0,0.0,0.02642567,7153.0,0.0,98.52398,26668843.0,129669.0,0.0,0.0,0.0,27068377.0,0.0,0.0,0.0,0.0,0.39158663,579.0,147860.0,36965.0,0.0,0.0,0.0,0.0,dataset_2025.csv,202510,False,True
2025,10,Ica,Ica,Subtanjalla,MOVISTAR,0.0,0.0,0.0,0.0,12.6808405,13107.0,2.4945116,841.0,0.0,0.0,0.0,0.0,0.0,0.0,54.422066,19074.0,0.0,0.0,0.031480037,5416.0,0.0,90.61103,15589224.0,82231.0,0.0,0.0,0.0,17204554.0,0.0,0.0,0.0,0.0,0.6229172,486.0,78020.0,19505.0,0.0,0.0,0.0,0.0,dataset_2025.csv,202510,False,True
2025,10,Junin,Chanchamayo,Chanchamayo,MOVISTAR,5.533888,623.0,0.0,0.0,11.012031,13986.0,2.273919,912.0,0.0,0.0,0.0,0.0,198.92688,743.0,57.407448,20437.0,0.0,0.0,2.174952,414681.0,7491.0,93.342735,17796926.0,69185.0,0.0,0.0,0.0,19066214.0,4.866412,153.0,3144.0,786.0,0.93128854,804.0,86332.0,21583.0,0.0,0.0,0.0,0.0,dataset_2025.csv,202510,True,False
2025,10,Junin,Huancayo,Chilca,MOVISTAR,0.0,0.0,0.0,0.0,10.217131,39998.0,2.5617352,2389.0,0.0,0.0,0.0,0.0,0.0,0.0,56.259804,50075.0,0.0,0.0,0.004608502,2697.0,0.0,96.67831,56578334.0,294000.0,0.0,0.0,0.0,58522266.0,0.0,0.0,0.0,0.0,0.8070896,1673.0,207288.0,51822.0,0.0,0.0,0.0,0.0,dataset_2025.csv,202510,False,True
2025,10,Junin,Huancayo,El Tambo,MOVISTAR,0.0,0.0,0.0,0.0,12.422327,201463.0,2.38497,14735.0,0.0,0.0,0.0,0.0,0.0,0.0,52.707203,208709.0,0.0,0.0,0.014844634,30112.0,689.0,96.33789,195419213.0,974459.0,0.0,0.0,0.0,202847718.0,0.0,0.0,0.0,0.0,0.4473402,3803.0,850136.0,212534.0,0.0,0.0,0.0,0.0,dataset_2025.csv,202510,False,True
2025,10,Junin,Huancayo,Huancayo,MOVISTAR,0.0,0.0,0.0,0.0,11.769971,159566.0,2.6978748,11570.0,0.0,0.0,0.0,0.0,0.0,0.0,53.5371,192115.0,0.0,0.0,0.015655203,24417.0,0.0,97.77363,152494909.0,894683.0,0.0,0.0,0.0,155967316.0,0.0,0.0,0.0,0.0,0.556387,4372.0,785784.0,196446.0,0.0,0.0,0.0,0.0,dataset_2025.csv,202510,False,True
2025,10,Junin,Huancayo,Pilcomayo,MOVISTAR,0.0,0.0,0.0,0.0,9.939408,14189.0,2.2295713,720.0,0.0,0.0,0.0,0.0,0.0,0.0,52.299526,23262.0,0.0,0.0,0.016832951,2573.0,0.0,97.301796,14873061.0,68998.0,0.0,0.0,0.0,15285495.0,0.0,0.0,0.0,0.0,0.51056933,485.0,94992.0,23748.0,0.0,0.0,0.0,0.0,dataset_2025.csv,202510,False,True
2025,10,Junin,Huancayo,San Agustin,MOVISTAR,0.0,0.0,0.0,0.0,8.994318,18841.0,2.8925056,1222.0,0.0,0.0,0.0,0.0,0.0,0.0,54.75781,24780.0,0.0,0.0,0.027666746,5845.0,0.0,99.33832,20986655.0,84965.0,0.0,0.0,0.0,21126445.0,0.0,0.0,0.0,0.0,0.62035954,635.0,102360.0,25590.0,0.0,0.0,0.0,0.0,dataset_2025.csv,202510,False,True
2025,10,Junin,Junin,Carhuamayo,MOVISTAR,0.0,0.0,0.0,0.0,12.017208,8210.0,0.0,0.0,0.0,0.0,0.0,0.0,0.0,0.0,52.913433,9020.0,0.0,0.0,3.5375853,185788.0,2135.0,95.30198,5005099.0,17759.0,0.0,0.0,0.0,5251831.0,3.2838984,0.0,0.0,0.0,0.2668354,97.0,36352.0,9088.0,0.0,0.0,0.0,0.0,dataset_2025.csv,202510,False,True
2025,10,La Libertad,Trujillo,El Porvenir,MOVISTAR,0.0,0.0,0.0,0.0,12.524332,47055.0,3.004315,3728.0,0.0,0.0,0.0,0.0,0.0,0.0,59.558723,45498.0,0.0,0.0,0.0014730872,754.0,0.0,94.1123,48171397.0,245556.0,0.0,0.0,0.0,51185019.0,0.0,0.0,0.0,0.0,0.7970968,1487.0,186552.0,46638.0,0.0,0.0,0.0,0.0,dataset_2025.csv,202510,False,True
2025,10,La Libertad,Trujillo,La Esperanza,MOVISTAR,0.0,0.0,0.0,0.0,12.856738,78319.0,2.801018,5938.0,0.0,0.0,0.0,0.0,0.0,0.0,58.450935,88052.0,0.0,0.0,0.014671046,12618.0,0.0,96.62189,83100748.0,385587.0,0.0,0.0,0.0,86006134.0,0.0,0.0,0.0,0.0,0.6091734,2193.0,359996.0,89999.0,0.0,0.0,0.0,0.0,dataset_2025.csv,202510,False,True
2025,10,La Libertad,Trujillo,Moche,MOVISTAR,0.0,0.0,0.0,0.0,11.447877,25693.0,3.6593943,2260.0,0.0,0.0,0.0,0.0,0.0,0.0,55.165634,22907.0,0.0,0.0,0.013216429,2357.0,0.0,98.58197,17580975.0,69179.0,0.0,0.0,0.0,17833864.0,0.0,0.0,0.0,0.0,0.27178603,252.0,92720.0,23180.0,0.0,0.0,0.0,0.0,dataset_2025.csv,202510,False,True
2025,10,La Libertad,Trujillo,Trujillo,MOVISTAR,0.0,0.0,0.0,0.0,13.949593,305768.0,2.8013558,22771.0,0.0,0.0,0.0,0.0,0.0,0.0,60.723385,365092.0,0.0,0.0,0.010723542,30077.0,478.0,98.235695,275527880.0,1490142.0,0.0,0.0,0.0,280476346.0,0.0,0.0,0.0,0.0,0.41645405,6170.0,1481556.0,370389.0,0.0,0.0,0.0,0.0,dataset_2025.csv,202510,False,True
2025,10,La Libertad,Trujillo,Victor Larco Herrera,MOVISTAR,0.0,0.0,0.0,0.0,14.989193,51480.0,2.1651816,3135.0,0.0,0.0,0.0,0.0,0.0,0.0,58.93463,54514.0,0.0,0.0,0.013920984,6444.0,0.0,98.45816,45576118.0,228334.0,0.0,197.0,0.0,46289832.0,0.0,0.0,0.0,0.0,0.34743586,768.0,221048.0,55262.0,0.0,0.0,0.0,0.0,dataset_2025.csv,202510,False,True
2025,10,Lambayeque,Chiclayo,Chiclayo,MOVISTAR,0.0,0.0,0.0,0.0,12.790522,137193.0,3.0474548,11575.0,0.0,0.0,0.0,0.0,0.0,0.0,65.37476,166681.0,0.0,0.0,0.017070979,22840.0,0.0,98.303024,131523870.0,687618.0,0.0,24.0,0.0,133794325.0,0.0,0.0,0.0,0.0,0.541591,3687.0,680772.0,170193.0,0.0,0.0,0.0,0.0,dataset_2025.csv,202510,False,True
2025,10,Lambayeque,Chiclayo,Jose Leonardo Ortiz,MOVISTAR,0.0,0.0,0.0,0.0,12.617953,58773.0,1.9308512,5232.0,0.0,0.0,0.0,0.0,0.0,0.0,61.226723,59620.0,0.0,0.0,0.034502883,17058.0,0.0,97.44084,48174115.0,213938.0,0.0,56.0,0.0,49439345.0,0.0,0.0,0.0,0.0,0.65004295,1573.0,241984.0,60496.0,0.0,0.0,0.0,0.0,dataset_2025.csv,202510,False,True
2025,10,Lambayeque,Chiclayo,La Victoria,MOVISTAR,0.0,0.0,0.0,0.0,13.236013,50374.0,2.776373,4206.0,0.0,0.0,0.0,0.0,0.0,0.0,64.63484,52018.0,0.0,0.0,1.5826895,701965.0,5064.0,97.1714,43098108.0,203260.0,0.0,0.0,0.0,44352666.0,5.9615383,0.0,0.0,0.0,0.44145203,933.0,211348.0,52837.0,0.0,0.0,0.0,0.0,dataset_2025.csv,202510,False,True
2025,10,Lambayeque,Chiclayo,Pimentel,MOVISTAR,0.0,0.0,0.0,0.0,12.817005,46453.0,2.7270334,3431.0,0.0,0.0,0.0,0.0,0.0,0.0,62.41719,53565.0,0.0,0.0,0.059426125,22276.0,0.0,97.155,36418741.0,171421.0,0.0,0.0,0.0,37485196.0,0.0,0.0,0.0,0.0,0.5062048,1103.0,217896.0,54474.0,0.0,0.0,0.0,0.0,dataset_2025.csv,202510,False,True
2025,10,Lima,Cañete,Asia,MOVISTAR,5.7516055,1714.0,0.8014827,563.0,12.5036745,31700.0,2.5065823,2612.0,16.294497,925.0,0.0,0.0,137.36821,1684.0,41.981285,35979.0,46.87942,678.0,5.671081,1504732.0,19217.0,90.96151,24135203.0,125794.0,1.3231462,351076.0,3158.0,26533424.0,3.016997,213.0,7060.0,1765.0,0.45949578,670.0,145812.0,36453.0,1.4662757,40.0,2728.0,682.0,dataset_2025.csv,202510,True,False
2025,10,Lima,Cañete,Cerro Azul,MOVISTAR,5.5474076,510.0,0.0,0.0,12.924757,9548.0,2.629188,430.0,0.0,0.0,0.0,0.0,209.72806,474.0,52.837814,14268.0,0.0,0.0,3.2356315,306886.0,8538.0,95.95414,9100845.0,54121.0,0.0,314.0,0.0,9484578.0,3.5148516,71.0,2020.0,505.0,0.43965518,255.0,58000.0,14500.0,0.0,0.0,0.0,0.0,dataset_2025.csv,202510,True,False
2025,10,Lima,Cañete,Chilca,MOVISTAR,0.0,0.0,0.0,0.0,13.448654,20667.0,2.8307955,1500.0,0.0,0.0,0.0,0.0,217.99907,470.0,55.03802,22309.0,0.0,0.0,5.108047,843374.0,12543.0,93.6538,15462893.0,91933.0,0.0,0.0,0.0,16510694.0,5.480769,114.0,2080.0,520.0,1.5189514,1393.0,91708.0,22927.0,0.0,0.0,0.0,0.0,dataset_2025.csv,202510,False,True
2025,10,Lima,Cañete,Mala,MOVISTAR,4.34972,13467.0,0.4883111,1966.0,11.929181,54155.0,4.7263927,5348.0,0.0,0.0,0.0,0.0,103.87716,6507.0,52.523655,62932.0,0.0,0.0,6.2173305,3459905.0,28191.0,93.4582,52008896.0,196472.0,0.0,948.0,0.0,55649367.0,0.8955677,236.0,26352.0,6588.0,0.56599796,1449.0,256008.0,64002.0,0.0,0.0,0.0,0.0,dataset_2025.csv,202510,True,False
2025,10,Lima,Huaura,Huaura,MOVISTAR,5.303004,1597.0,0.8209759,481.0,12.477427,13198.0,3.1744976,886.0,0.0,0.0,0.0,0.0,242.305,762.0,60.61482,11640.0,0.0,0.0,6.515986,791651.0,10568.0,92.35329,11220339.0,64416.0,0.0,0.0,0.0,12149366.0,4.10401,131.0,3192.0,798.0,0.54271275,262.0,48276.0,12069.0,0.0,0.0,0.0,0.0,dataset_2025.csv,202510,True,False
2025,10,Lima,Lima,Barranco,MOVISTAR,5.5484185,526.0,0.0,0.0,13.683488,27303.0,3.789613,1882.0,0.0,0.0,0.0,0.0,0.0,0.0,51.0237,38411.0,0.0,0.0,1.7324882,533068.0,9702.0,97.373535,29960792.0,200019.0,0.0,328.0,0.0,30768926.0,6.7602043,0.0,0.0,0.0,0.39441514,613.0,155420.0,38855.0,0.0,0.0,0.0,0.0,dataset_2025.csv,202510,True,False
2025,10,Lima,Lima,Breña,MOVISTAR,4.952196,686.0,0.0,0.0,12.822158,66175.0,2.4828064,4053.0,0.0,0.0,0.0,0.0,212.53067,1170.0,51.874683,79065.0,0.0,0.0,1.4412117,953031.0,17478.0,97.86095,64712573.0,360279.0,0.0,372.0,0.0,66127065.0,5.5642023,286.0,5140.0,1285.0,0.6553537,2104.0,321048.0,80262.0,0.0,0.0,0.0,0.0,dataset_2025.csv,202510,True,False
2025,10,Lima,Lima,Carabayllo,MOVISTAR,5.6899085,2343.0,0.694924,673.0,13.051315,138061.0,3.8106327,11287.0,0.0,0.0,0.0,0.0,181.3445,2050.0,47.927734,154713.0,0.0,0.0,2.815042,4139141.0,46039.0,96.85074,142405997.0,609302.0,0.0,57294.0,0.0,147036566.0,3.8162706,334.0,8752.0,2188.0,0.49574214,3111.0,627544.0,156886.0,0.0,0.0,0.0,0.0,dataset_2025.csv,202510,True,False
2025,10,Lima,Lima,Comas,MOVISTAR,5.257965,3562.0,0.69438916,916.0,12.777369,227831.0,3.7438552,20688.0,0.0,0.0,0.0,0.0,197.86148,2972.0,48.109993,240837.0,0.0,0.0,4.072095,8983636.0,78516.0,95.44668,210569301.0,1027954.0,0.0,3266.0,0.0,220614597.0,5.5832815,716.0,12824.0,3206.0,0.6266658,6151.0,981544.0,245386.0,0.0,0.0,0.0,0.0,dataset_2025.csv,202510,True,False
2025,10,Lima,Lima,El Agustino,MOVISTAR,4.864828,2237.0,0.0,0.0,12.776688,57803.0,3.0385318,3569.0,0.0,0.0,0.0,0.0,151.06317,2052.0,53.241398,68977.0,0.0,0.0,3.3939936,2710429.0,33513.0,96.00315,76667707.0,428424.0,0.0,950.0,0.0,79859576.0,3.9022696,337.0,8636.0,2159.0,0.7374172,2084.0,282608.0,70652.0,0.0,0.0,0.0,0.0,dataset_2025.csv,202510,True,False
2025,10,Lima,Lima,Independencia,MOVISTAR,5.3612566,1364.0,0.7170245,451.0,12.42973,89507.0,3.05718,6423.0,0.0,0.0,0.0,0.0,209.7982,1427.0,52.623425,97870.0,0.0,0.0,4.2089505,3674612.0,44560.0,95.42527,83310753.0,483766.0,0.0,1238.0,0.0,87304709.0,6.965409,443.0,6360.0,1590.0,0.9223039,3697.0,400844.0,100211.0,0.0,0.0,0.0,0.0,dataset_2025.csv,202510,True,False
2025,10,Lima,Lima,Los Olivos,MOVISTAR,6.585638,2735.0,0.6806902,825.0,13.720346,151313.0,3.1830404,10329.0,0.0,0.0,0.0,0.0,234.39555,1591.0,50.505196,189070.0,0.0,0.0,3.1348984,6401371.0,75519.0,96.47673,197002668.0,1023686.0,0.0,4498.0,0.0,204197078.0,7.036097,499.0,7092.0,1773.0,0.60355765,4643.0,769272.0,192318.0,0.0,0.0,0.0,0.0,dataset_2025.csv,202510,True,False
2025,10,Lima,Lima,Puente Piedra,MOVISTAR,5.8089542,1892.0,0.7140314,716.0,12.811709,104574.0,2.9190109,6513.0,0.0,0.0,0.0,0.0,184.09273,2350.0,53.775223,122008.0,0.0,0.0,2.4438224,2861291.0,40701.0,97.338005,113965878.0,581221.0,0.0,294.0,0.0,117082610.0,4.0309925,411.0,10196.0,2549.0,0.9711173,4878.0,502308.0,125577.0,0.0,0.0,0.0,0.0,dataset_2025.csv,202510,True,False
2025,10,Lima,Lima,Punta Negra,MOVISTAR,0.0,0.0,0.0,0.0,12.958804,6562.0,0.0,0.0,0.0,0.0,0.0,0.0,0.0,0.0,45.396683,8305.0,0.0,0.0,2.1529148,210656.0,4748.0,97.39336,9529636.0,58955.0,0.0,0.0,0.0,9784688.0,0.0,0.0,0.0,0.0,0.48682022,164.0,33688.0,8422.0,0.0,0.0,0.0,0.0,dataset_2025.csv,202510,False,True
2025,10,Lima,Lima,San Juan De Lurigancho,MOVISTAR,5.6508493,3495.0,1.0265983,1437.0,13.2051325,352109.0,3.4327145,23100.0,0.0,0.0,0.0,0.0,192.84369,3071.0,49.438656,368082.0,0.0,0.0,2.7066195,10114022.0,88976.0,95.894325,358335285.0,1645285.0,0.0,2483.0,0.0,373677270.0,5.6761146,769.0,13548.0,3387.0,0.6495411,9746.0,1500444.0,375111.0,0.0,0.0,0.0,0.0,dataset_2025.csv,202510,True,False
2025,10,Lima,Lima,San Luis,MOVISTAR,0.0,0.0,0.0,0.0,12.737623,47264.0,4.293642,4569.0,0.0,0.0,0.0,0.0,0.0,0.0,49.907597,59263.0,0.0,0.0,1.250589,598060.0,9713.0,98.520386,47114681.0,237763.0,0.0,1905.0,0.0,47822267.0,5.357143,0.0,0.0,0.0,0.43285894,1039.0,240032.0,60008.0,0.0,0.0,0.0,0.0,dataset_2025.csv,202510,False,True
2025,10,Lima,Lima,San Martin De Porres,MOVISTAR,6.1256537,4212.0,0.70285994,1361.0,13.037471,278864.0,2.9229522,23383.0,0.0,0.0,0.0,0.0,185.44151,4971.0,51.20552,329224.0,0.0,0.0,4.606345,15722669.0,149963.0,95.022964,324338394.0,1612754.0,0.0,371.0,0.0,341326327.0,5.41942,1181.0,21792.0,5448.0,0.61659914,8259.0,1339444.0,334861.0,0.0,0.0,0.0,0.0,dataset_2025.csv,202510,True,False
2025,10,Piura,Piura,Castilla,MOVISTAR,0.0,0.0,0.0,0.0,12.837972,62181.0,3.599716,5625.0,0.0,0.0,0.0,0.0,0.0,0.0,63.442127,114736.0,0.0,0.0,0.17833078,136726.0,2262.0,97.44427,74710406.0,358795.0,0.0,0.0,0.0,76669886.0,7.1100917,0.0,0.0,0.0,0.55606014,2596.0,466856.0,116714.0,0.0,0.0,0.0,0.0,dataset_2025.csv,202510,False,True
2025,10,Piura,Piura,Catacaos,MOVISTAR,0.0,0.0,0.0,0.0,10.141029,23732.0,2.9879537,1919.0,0.0,0.0,0.0,0.0,0.0,0.0,60.458744,32557.0,0.0,0.0,0.046075746,12988.0,481.0,98.31939,27714630.0,125529.0,0.0,0.0,0.0,28188366.0,0.0,0.0,0.0,0.0,0.9942967,1318.0,132556.0,33139.0,0.0,0.0,0.0,0.0,dataset_2025.csv,202510,False,True
2025,10,Piura,Piura,Piura,MOVISTAR,0.0,0.0,0.0,0.0,13.484923,117756.0,3.6315732,8831.0,0.0,0.0,0.0,0.0,0.0,0.0,66.215195,150489.0,0.0,0.0,0.06810554,82883.0,1864.0,98.629005,120029402.0,588061.0,0.0,11.0,0.0,121697876.0,6.638418,0.0,0.0,0.0,0.5381091,3303.0,613816.0,153454.0,0.0,0.0,0.0,0.0,dataset_2025.csv,202510,False,True
2025,10,Piura,Piura,Veintiseis De Octubre,MOVISTAR,0.0,0.0,0.0,0.0,12.136326,86409.0,3.462674,10463.0,0.0,0.0,0.0,0.0,0.0,0.0,62.95873,102637.0,0.0,0.0,0.009702184,8231.0,0.0,99.43541,84357585.0,352219.0,0.0,0.0,0.0,84836567.0,0.0,0.0,0.0,0.0,0.3492265,1452.0,415776.0,103944.0,0.0,0.0,0.0,0.0,dataset_2025.csv,202510,False,True
2025,10,Puno,Puno,Puno,MOVISTAR,4.946302,6064.0,0.81538326,2573.0,10.715448,189216.0,2.713349,13935.0,0.0,0.0,0.0,0.0,189.78802,4007.0,65.53342,204852.0,0.0,0.0,3.0267162,4521396.0,58983.0,94.88257,141738322.0,719549.0,0.0,0.0,0.0,149382885.0,5.2304964,885.0,16920.0,4230.0,0.54653645,4596.0,840932.0,210233.0,0.0,0.0,0.0,0.0,dataset_2025.csv,202510,True,False
2025,10,Puno,San Roman,Caracoto,MOVISTAR,4.469328,547.0,0.0,0.0,10.072853,9614.0,2.3426507,738.0,0.0,0.0,0.0,0.0,0.0,0.0,63.730057,8156.0,0.0,0.0,5.209076,335122.0,5922.0,92.53435,5953128.0,38661.0,0.0,0.0,0.0,6433425.0,5.6213017,0.0,0.0,0.0,0.6817643,230.0,33736.0,8434.0,0.0,0.0,0.0,0.0,dataset_2025.csv,202510,True,False
2025,10,Puno,San Roman,Juliaca,MOVISTAR,5.6056113,5761.0,0.88668376,2452.0,11.179741,222498.0,3.812837,22599.0,0.0,0.0,0.0,0.0,223.98886,3865.0,64.79187,195024.0,0.0,0.0,2.5867069,4067387.0,68320.0,95.575455,150284667.0,802320.0,0.0,0.0,0.0,157241905.0,5.9595475,990.0,16612.0,4153.0,0.8925454,7260.0,813404.0,203351.0,0.0,0.0,0.0,0.0,dataset_2025.csv,202510,True,False
2025,10,Puno,San Roman,San Miguel,MOVISTAR,6.7987366,3110.0,0.93175316,983.0,11.1730795,55195.0,2.8467093,4188.0,0.0,0.0,0.0,0.0,255.52792,1107.0,68.61419,40382.0,0.0,0.0,3.2122905,969016.0,16148.0,94.67206,28558668.0,141770.0,0.0,38.0,0.0,30165890.0,5.8100085,274.0,4716.0,1179.0,0.8372839,1420.0,169596.0,42399.0,0.0,0.0,0.0,0.0,dataset_2025.csv,202510,True,False
2025,10,San Martin,Moyobamba,Moyobamba,MOVISTAR,3.672526,816.0,0.0,0.0,12.713757,23635.0,2.8992229,1385.0,0.0,0.0,0.0,0.0,222.64572,1423.0,75.4471,29939.0,0.0,0.0,4.3061614,1598868.0,9585.0,95.34597,35401743.0,133999.0,0.0,0.0,0.0,37129774.0,3.219316,192.0,5964.0,1491.0,0.6368963,787.0,123568.0,30892.0,0.0,0.0,0.0,0.0,dataset_2025.csv,202510,True,False
2025,10,Tacna,Candarave,Camilaca,MOVISTAR,0.0,0.0,0.0,0.0,12.083783,5644.0,0.0,0.0,0.0,0.0,0.0,0.0,0.0,0.0,65.82482,3737.0,0.0,0.0,4.6549644,86000.0,913.0,89.26246,1649115.0,4518.0,0.0,0.0,0.0,1847490.0,4.255319,0.0,0.0,0.0,0.5621608,87.0,15476.0,3869.0,0.0,0.0,0.0,0.0,dataset_2025.csv,202510,False,True
2025,10,Tumbes,Contralmirante Villar,Canoas De Punta Sal,MOVISTAR,4.1096454,407.0,0.0,0.0,12.924895,10685.0,2.788899,695.0,0.0,0.0,0.0,0.0,174.03293,522.0,77.585815,13909.0,0.0,0.0,3.4886115,266060.0,5074.0,95.92794,7315973.0,30581.0,0.0,0.0,0.0,7626530.0,3.7934186,83.0,2188.0,547.0,0.2774636,157.0,56584.0,14146.0,0.0,0.0,0.0,0.0,dataset_2025.csv,202510,True,False
2025,10,Tumbes,Tumbes,Tumbes,MOVISTAR,6.099038,733.0,0.0,0.0,12.301141,51748.0,2.721536,2824.0,0.0,0.0,0.0,0.0,273.49484,686.0,62.55814,62223.0,0.0,0.0,2.6255696,1257814.0,12344.0,97.27606,46601390.0,203041.0,0.0,0.0,0.0,47906328.0,4.6527777,134.0,2880.0,720.0,0.31291538,791.0,252784.0,63196.0,0.0,0.0,0.0,0.0,dataset_2025.csv,202510,True,False
2025,11,Arequipa,Arequipa,Alto Selva Alegre,MOVISTAR,0.0,0.0,0.0,0.0,11.824281,27942.0,2.6944888,1301.0,0.0,0.0,0.0,0.0,0.0,0.0,53.573177,31222.0,0.0,0.0,0.0,0.0,0.0,98.68248,34611705.0,161607.0,0.0,0.0,0.0,35073809.0,0.0,0.0,0.0,0.0,0.8002751,1024.0,127956.0,31989.0,0.0,0.0,0.0,0.0,dataset_2025.csv,202511,False,True
2025,11,Arequipa,Arequipa,Cayma,MOVISTAR,0.0,0.0,0.0,0.0,12.9129505,55697.0,3.004259,4185.0,0.0,0.0,0.0,0.0,0.0,0.0,55.990192,64140.0,0.0,0.0,0.013384042,7223.0,0.0,98.354454,53079197.0,278202.0,0.0,0.0,0.0,53967254.0,0.0,0.0,0.0,0.0,0.8530434,2239.0,262472.0,65618.0,0.0,0.0,0.0,0.0,dataset_2025.csv,202511,False,True
2025,11,Arequipa,Arequipa,Jacobo Hunter,MOVISTAR,0.0,0.0,0.0,0.0,11.528824,22383.0,2.255149,1370.0,0.0,0.0,0.0,0.0,0.0,0.0,56.989956,27437.0,0.0,0.0,0.010225034,3667.0,0.0,99.11439,35545354.0,191858.0,0.0,0.0,0.0,35862961.0,0.0,0.0,0.0,0.0,0.821379,923.0,112372.0,28093.0,0.0,0.0,0.0,0.0,dataset_2025.csv,202511,False,True
2025,11,Arequipa,Arequipa,Jose Luis Bustamante Y Rivero,MOVISTAR,0.0,0.0,0.0,0.0,12.032421,55531.0,2.7900813,3492.0,0.0,0.0,0.0,0.0,0.0,0.0,56.88114,74387.0,0.0,0.0,0.018858908,14372.0,0.0,98.47902,75048910.0,398111.0,0.0,5.0,0.0,76208021.0,0.0,0.0,0.0,0.0,0.66606116,2024.0,303876.0,75969.0,0.0,0.0,0.0,0.0,dataset_2025.csv,202511,False,True
2025,11,Arequipa,Arequipa,Mariano Melgar,MOVISTAR,0.0,0.0,0.0,0.0,11.755802,32594.0,2.1264331,1188.0,0.0,0.0,0.0,0.0,0.0,0.0,55.137394,35480.0,0.0,0.0,0.013521373,4188.0,0.0,99.10948,30697364.0,139862.0,0.0,0.0,0.0,30973186.0,0.0,0.0,0.0,0.0,0.5950893,857.0,144012.0,36003.0,0.0,0.0,0.0,0.0,dataset_2025.csv,202511,False,True
2025,11,Arequipa,Arequipa,Miraflores,MOVISTAR,0.0,0.0,0.0,0.0,13.221714,29883.0,2.2175252,3044.0,0.0,0.0,0.0,0.0,0.0,0.0,54.11501,31414.0,0.0,0.0,0.0076059876,2278.0,0.0,98.75204,29576324.0,138986.0,0.0,0.0,0.0,29950089.0,0.0,0.0,0.0,0.0,0.63245565,808.0,127756.0,31939.0,0.0,0.0,0.0,0.0,dataset_2025.csv,202511,False,True
2025,11,Arequipa,Arequipa,Paucarpata,MOVISTAR,0.0,0.0,0.0,0.0,11.041008,41507.0,2.3921595,4734.0,0.0,0.0,0.0,0.0,0.0,0.0,53.489937,54252.0,0.0,0.0,0.006946898,3313.0,0.0,95.55356,45569827.0,217758.0,0.0,0.0,0.0,47690350.0,0.0,0.0,0.0,0.0,0.72141963,1592.0,220676.0,55169.0,0.0,0.0,0.0,0.0,dataset_2025.csv,202511,False,True
2025,11,Arequipa,Arequipa,Sachaca,MOVISTAR,0.0,0.0,0.0,0.0,11.866984,9727.0,2.605559,638.0,0.0,0.0,0.0,0.0,0.0,0.0,54.401688,15039.0,0.0,0.0,0.009632083,1064.0,0.0,97.77059,10800147.0,62382.0,0.0,0.0,0.0,11046417.0,0.0,0.0,0.0,0.0,0.5853882,358.0,61156.0,15289.0,0.0,0.0,0.0,0.0,dataset_2025.csv,202511,False,True
2025,11,Arequipa,Arequipa,Socabaya,MOVISTAR,0.0,0.0,0.0,0.0,12.705607,35062.0,2.697556,5758.0,0.0,0.0,0.0,0.0,0.0,0.0,56.671783,36890.0,0.0,0.0,0.0054426603,1679.0,0.0,96.93158,29902312.0,157890.0,0.0,183.0,0.0,30848885.0,0.0,0.0,0.0,0.0,0.8160944,1234.0,151208.0,37802.0,0.0,0.0,0.0,0.0,dataset_2025.csv,202511,False,True
2025,11,Arequipa,Arequipa,Tiabaya,MOVISTAR,0.0,0.0,0.0,0.0,11.581313,6963.0,2.150943,567.0,0.0,0.0,0.0,0.0,0.0,0.0,55.929684,7793.0,0.0,0.0,0.16832091,19805.0,542.0,93.037155,10946952.0,55875.0,0.0,0.0,0.0,11766215.0,0.0,0.0,0.0,0.0,0.57651335,184.0,31916.0,7979.0,0.0,0.0,0.0,0.0,dataset_2025.csv,202511,False,True
2025,11,Arequipa,Arequipa,Yanahuara,MOVISTAR,0.0,0.0,0.0,0.0,12.799306,13685.0,3.015478,1001.0,0.0,0.0,0.0,0.0,0.0,0.0,54.05034,19538.0,0.0,0.0,0.016076399,2784.0,0.0,98.75386,17101513.0,101058.0,0.0,0.0,0.0,17317311.0,0.0,0.0,0.0,0.0,0.90037066,719.0,79856.0,19964.0,0.0,0.0,0.0,0.0,dataset_2025.csv,202511,False,True
2025,11,Ayacucho,Huamanga,Carmen Alto,MOVISTAR,0.0,0.0,0.0,0.0,10.7320385,7796.0,3.6034715,1175.0,0.0,0.0,0.0,0.0,0.0,0.0,54.471626,8990.0,0.0,0.0,0.99291676,99459.0,1784.0,98.56471,9873081.0,44081.0,0.0,0.0,0.0,10016852.0,4.6153846,0.0,0.0,0.0,1.4298093,528.0,36928.0,9232.0,0.0,0.0,0.0,0.0,dataset_2025.csv,202511,False,True
2025,11,Cajamarca,Celendin,Celendin,MOVISTAR,0.0,0.0,0.0,0.0,10.222021,15453.0,3.4931548,742.0,0.0,0.0,0.0,0.0,0.0,0.0,61.338356,24278.0,0.0,0.0,1.8855551,228645.0,7264.0,98.00441,11884149.0,66846.0,0.0,0.0,0.0,12126137.0,6.5306125,0.0,0.0,0.0,0.18340398,180.0,98144.0,24536.0,0.0,0.0,0.0,0.0,dataset_2025.csv,202511,False,True
2025,11,Cajamarca,Santa Cruz,Santa Cruz,MOVISTAR,0.0,0.0,0.0,0.0,12.683838,12653.0,3.3547268,877.0,0.0,0.0,0.0,0.0,0.0,0.0,64.49732,13493.0,0.0,0.0,5.007402,428773.0,8655.0,94.3688,8080596.0,43113.0,0.0,0.0,0.0,8562784.0,6.830239,0.0,0.0,0.0,0.41959053,232.0,55292.0,13823.0,0.0,0.0,0.0,0.0,dataset_2025.csv,202511,False,True
2025,11,Callao,Callao,Mi Peru,MOVISTAR,7.0441017,7397.0,0.8152044,2532.0,9.396955,13712.0,3.527483,1109.0,0.0,0.0,0.0,0.0,305.82965,5453.0,60.881702,17316.0,0.0,0.0,13.618559,2937749.0,30644.0,84.49432,18226827.0,104209.0,0.0,0.0,0.0,21571659.0,1.988483,442.0,22228.0,5557.0,0.48620534,344.0,70752.0,17688.0,0.0,0.0,0.0,0.0,dataset_2025.csv,202511,True,False
2025,11,Cusco,Acomayo,Pomacanchi,MOVISTAR,7.2923174,831.0,0.0,0.0,0.0,0.0,0.0,0.0,0.0,0.0,0.0,0.0,0.0,0.0,0.0,0.0,0.0,0.0,61.380856,337688.0,1959.0,37.222805,204782.0,472.0,0.0,0.0,0.0,550152.0,2.7542372,0.0,0.0,0.0,0.08361204,0.0,0.0,0.0,0.0,0.0,0.0,0.0,dataset_2025.csv,202511,True,False
2025,11,Cusco,Cusco,Cusco,MOVISTAR,0.0,0.0,0.0,0.0,10.883861,38886.0,2.892624,2810.0,0.0,0.0,0.0,0.0,0.0,0.0,66.23262,48195.0,0.0,0.0,0.10039114,53328.0,938.0,93.801636,49827641.0,283850.0,0.0,28.0,0.0,53120224.0,0.0,0.0,0.0,0.0,1.7001363,3444.0,202572.0,50643.0,0.0,0.0,0.0,0.0,dataset_2025.csv,202511,False,True
2025,11,Cusco,Cusco,San Jeronimo,MOVISTAR,0.0,0.0,0.0,0.0,12.578215,32196.0,3.0505269,1699.0,0.0,0.0,0.0,0.0,0.0,0.0,60.76739,35065.0,0.0,0.0,0.012803982,4443.0,0.0,96.618385,33526717.0,176608.0,0.0,0.0,0.0,34700142.0,0.0,0.0,0.0,0.0,1.0300144,1488.0,144464.0,36116.0,0.0,0.0,0.0,0.0,dataset_2025.csv,202511,False,True
2025,11,Cusco,Cusco,San Sebastian,MOVISTAR,0.0,0.0,0.0,0.0,10.974449,21210.0,2.8019593,1536.0,0.0,0.0,0.0,0.0,0.0,0.0,62.974606,29580.0,0.0,0.0,0.14650944,55602.0,1081.0,92.24464,35007892.0,190510.0,0.0,0.0,0.0,37951140.0,0.0,0.0,0.0,0.0,1.4796317,1819.0,122936.0,30734.0,0.0,0.0,0.0,0.0,dataset_2025.csv,202511,False,True
2025,11,Cusco,Cusco,Santiago,MOVISTAR,0.0,0.0,0.0,0.0,10.248128,37057.0,2.0583713,2665.0,0.0,0.0,0.0,0.0,0.0,0.0,64.20731,39369.0,0.0,0.0,0.02217407,8455.0,0.0,94.571686,36060299.0,183379.0,0.0,0.0,0.0,38130122.0,0.0,0.0,0.0,0.0,1.1175385,1816.0,162500.0,40625.0,0.0,0.0,0.0,0.0,dataset_2025.csv,202511,False,True
2025,11,Cusco,Cusco,Wanchaq,MOVISTAR,0.0,0.0,0.0,0.0,11.917878,34768.0,2.7463524,2698.0,0.0,0.0,0.0,0.0,0.0,0.0,65.66054,47706.0,0.0,0.0,0.03527034,15819.0,629.0,94.53655,42400319.0,247095.0,0.0,0.0,0.0,44850716.0,0.0,0.0,0.0,0.0,1.1813576,2332.0,197400.0,49350.0,0.0,0.0,0.0,0.0,dataset_2025.csv,202511,False,True
2025,11,Cusco,La Convencion,Echarate,MOVISTAR,5.875827,455.0,0.0,0.0,12.009769,4345.0,0.0,0.0,0.0,0.0,0.0,0.0,0.0,0.0,79.46362,4856.0,0.0,0.0,4.83974,270842.0,3273.0,61.803272,3458641.0,16494.0,0.0,0.0,0.0,5596210.0,10.4651165,0.0,0.0,0.0,1.8544936,416.0,22432.0,5608.0,0.0,0.0,0.0,0.0,dataset_2025.csv,202511,True,False
2025,11,Huancavelica,Tayacaja,Pampas,MOVISTAR,5.181323,451.0,0.0,0.0,14.712632,6417.0,3.7423346,643.0,0.0,0.0,0.0,0.0,179.69388,442.0,49.953545,6720.0,0.0,0.0,8.021875,313239.0,4413.0,91.56507,3575442.0,18417.0,0.0,0.0,0.0,3904810.0,3.7828948,69.0,1824.0,456.0,0.82239217,228.0,27724.0,6931.0,0.0,0.0,0.0,0.0,dataset_2025.csv,202511,True,False
2025,11,Ica,Chincha,Alto Laran,MOVISTAR,0.0,0.0,0.0,0.0,11.050062,15673.0,3.6374903,1528.0,0.0,0.0,0.0,0.0,0.0,0.0,53.874275,13677.0,0.0,0.0,0.66295797,52592.0,1042.0,95.810135,7600552.0,38436.0,0.0,0.0,0.0,7932931.0,2.4038463,0.0,0.0,0.0,0.4344221,241.0,55476.0,13869.0,0.0,0.0,0.0,0.0,dataset_2025.csv,202511,False,True
2025,11,Ica,Chincha,Chincha Alta,MOVISTAR,0.0,0.0,0.0,0.0,12.470721,90274.0,2.2893355,5775.0,0.0,0.0,0.0,0.0,0.0,0.0,51.550686,113524.0,0.0,0.0,0.020544054,18574.0,0.0,97.131454,87817117.0,443683.0,0.0,0.0,0.0,90410587.0,0.0,0.0,0.0,0.0,0.36919922,1700.0,460456.0,115114.0,0.0,0.0,0.0,0.0,dataset_2025.csv,202511,False,True
2025,11,Ica,Chincha,Chincha Baja,MOVISTAR,0.0,0.0,0.0,0.0,12.017634,8996.0,2.1961436,593.0,0.0,0.0,0.0,0.0,0.0,0.0,57.945606,11355.0,0.0,0.0,0.19290124,16036.0,529.0,95.42112,7932417.0,41084.0,0.0,0.0,0.0,8313062.0,0.0,0.0,0.0,0.0,0.75737906,350.0,46212.0,11553.0,0.0,0.0,0.0,0.0,dataset_2025.csv,202511,False,True
2025,11,Ica,Chincha,El Carmen,MOVISTAR,0.0,0.0,0.0,0.0,11.516803,4532.0,0.0,0.0,0.0,0.0,0.0,0.0,0.0,0.0,59.783077,6044.0,0.0,0.0,1.7384455,92021.0,1226.0,88.44001,4681388.0,27158.0,0.0,0.0,0.0,5293292.0,0.0,0.0,0.0,0.0,0.53745925,132.0,24560.0,6140.0,0.0,0.0,0.0,0.0,dataset_2025.csv,202511,False,True
2025,11,Ica,Chincha,Pueblo Nuevo,MOVISTAR,0.0,0.0,0.0,0.0,10.158469,30870.0,2.1718755,1903.0,0.0,0.0,0.0,0.0,0.0,0.0,50.617226,40345.0,0.0,0.0,0.008128311,2598.0,0.0,98.06009,31342322.0,157383.0,0.0,0.0,0.0,31962363.0,0.0,0.0,0.0,0.0,0.39355642,644.0,163636.0,40909.0,0.0,0.0,0.0,0.0,dataset_2025.csv,202511,False,True
2025,11,Ica,Chincha,Sunampe,MOVISTAR,0.0,0.0,0.0,0.0,12.575248,22463.0,2.2622972,1758.0,0.0,0.0,0.0,0.0,0.0,0.0,51.14213,33220.0,0.0,0.0,0.08940588,24432.0,589.0,98.12466,26814587.0,132158.0,0.0,0.0,0.0,27327063.0,0.0,0.0,0.0,0.0,0.29342547,394.0,134276.0,33569.0,0.0,0.0,0.0,0.0,dataset_2025.csv,202511,False,True
2025,11,Ica,Ica,Ica,MOVISTAR,0.0,0.0,0.0,0.0,11.330895,161209.0,2.5437326,13257.0,0.0,0.0,0.0,0.0,0.0,0.0,50.339577,223979.0,0.0,0.0,0.10916731,195983.0,2458.0,96.72457,173645131.0,936388.0,0.0,374.0,0.0,179525354.0,7.6923075,0.0,0.0,0.0,0.46294266,4222.0,911992.0,227998.0,0.0,0.0,0.0,0.0,dataset_2025.csv,202511,False,True
2025,11,Ica,Ica,La Tinguiña,MOVISTAR,0.0,0.0,0.0,0.0,11.552966,24880.0,2.7414453,1112.0,0.0,0.0,0.0,0.0,0.0,0.0,49.612915,31343.0,0.0,0.0,0.0132195195,3113.0,0.0,98.35701,23161611.0,101306.0,0.0,0.0,0.0,23548511.0,0.0,0.0,0.0,0.0,0.45495835,581.0,127704.0,31926.0,0.0,0.0,0.0,0.0,dataset_2025.csv,202511,False,True
2025,11,Ica,Ica,Parcona,MOVISTAR,0.0,0.0,0.0,0.0,10.61738,31259.0,3.0606382,3805.0,0.0,0.0,0.0,0.0,0.0,0.0,53.414047,37168.0,0.0,0.0,0.02160593,5947.0,0.0,97.77465,26912326.0,116488.0,0.0,0.0,0.0,27524851.0,0.0,0.0,0.0,0.0,0.5306526,805.0,151700.0,37925.0,0.0,0.0,0.0,0.0,dataset_2025.csv,202511,False,True
2025,11,Ica,Ica,Subtanjalla,MOVISTAR,0.0,0.0,0.0,0.0,13.37549,14929.0,2.9690962,961.0,0.0,0.0,0.0,0.0,0.0,0.0,50.789883,18981.0,0.0,0.0,0.003044604,477.0,0.0,93.68592,14677831.0,76480.0,0.0,0.0,0.0,15667062.0,0.0,0.0,0.0,0.0,0.48767167,375.0,76896.0,19224.0,0.0,0.0,0.0,0.0,dataset_2025.csv,202511,False,True
2025,11,Junin,Chanchamayo,Chanchamayo,MOVISTAR,0.0,0.0,0.0,0.0,11.3803625,17557.0,1.762627,1460.0,0.0,0.0,0.0,0.0,160.85445,600.0,55.03563,20631.0,0.0,0.0,3.3131998,618675.0,7389.0,94.9663,17733092.0,68542.0,0.0,0.0,0.0,18673036.0,5.334891,137.0,2568.0,642.0,0.637985,538.0,84328.0,21082.0,0.0,0.0,0.0,0.0,dataset_2025.csv,202511,False,True
2025,11,Junin,Huancayo,Chilca,MOVISTAR,0.0,0.0,0.0,0.0,11.3523245,36888.0,3.0439928,2872.0,0.0,0.0,0.0,0.0,0.0,0.0,55.69261,44702.0,0.0,0.0,0.01773342,8807.0,0.0,95.715775,47535603.0,237731.0,0.0,0.0,0.0,49663292.0,0.0,0.0,0.0,0.0,0.90082306,1668.0,185164.0,46291.0,0.0,0.0,0.0,0.0,dataset_2025.csv,202511,False,True
2025,11,Junin,Huancayo,El Tambo,MOVISTAR,0.0,0.0,0.0,0.0,12.949238,187835.0,2.4908319,14678.0,0.0,0.0,0.0,0.0,0.0,0.0,51.452164,185894.0,0.0,0.0,0.012751326,23032.0,509.0,95.40556,172325689.0,824251.0,0.0,0.0,0.0,180624355.0,0.0,0.0,0.0,0.0,0.5152337,3899.0,756744.0,189186.0,0.0,0.0,0.0,0.0,dataset_2025.csv,202511,False,True
2025,11,Junin,Huancayo,Huancayo,MOVISTAR,0.0,0.0,0.0,0.0,11.592613,142595.0,2.7645586,11167.0,0.0,0.0,0.0,0.0,0.0,0.0,51.67559,184971.0,0.0,0.0,0.021605654,31902.0,0.0,97.5313,144010627.0,782570.0,0.0,0.0,0.0,147655800.0,0.0,0.0,0.0,0.0,0.65175754,4927.0,755956.0,188989.0,0.0,0.0,0.0,0.0,dataset_2025.csv,202511,False,True
2025,11,Junin,Huancayo,Pilcomayo,MOVISTAR,0.0,0.0,0.0,0.0,10.539756,8247.0,2.4345293,500.0,0.0,0.0,0.0,0.0,0.0,0.0,51.963573,18393.0,0.0,0.0,0.08377365,9747.0,0.0,97.80866,11379963.0,53843.0,0.0,0.0,0.0,11634923.0,0.0,0.0,0.0,0.0,0.6302521,474.0,75208.0,18802.0,0.0,0.0,0.0,0.0,dataset_2025.csv,202511,False,True
2025,11,Junin,Huancayo,San Agustin,MOVISTAR,0.0,0.0,0.0,0.0,8.431895,13090.0,2.5663497,849.0,0.0,0.0,0.0,0.0,0.0,0.0,52.68136,17230.0,0.0,0.0,0.111508355,19471.0,0.0,98.10458,17130504.0,70894.0,0.0,0.0,0.0,17461472.0,0.0,0.0,0.0,0.0,0.4880602,345.0,70688.0,17672.0,0.0,0.0,0.0,0.0,dataset_2025.csv,202511,False,True
2025,11,Junin,Junin,Carhuamayo,MOVISTAR,0.0,0.0,0.0,0.0,12.7692375,4627.0,0.0,0.0,0.0,0.0,0.0,0.0,0.0,0.0,52.666847,4763.0,0.0,0.0,5.240923,139017.0,1404.0,93.325615,2475489.0,9846.0,0.0,0.0,0.0,2652529.0,2.739726,0.0,0.0,0.0,0.3066528,59.0,19240.0,4810.0,0.0,0.0,0.0,0.0,dataset_2025.csv,202511,False,True
2025,11,La Libertad,Trujillo,El Porvenir,MOVISTAR,0.0,0.0,0.0,0.0,12.528993,56437.0,2.8202665,4279.0,0.0,0.0,0.0,0.0,0.0,0.0,62.625,52066.0,0.0,0.0,0.01694338,9609.0,0.0,95.343185,54071423.0,278606.0,0.0,0.0,0.0,56712416.0,0.0,0.0,0.0,0.0,0.81327045,1739.0,213828.0,53457.0,0.0,0.0,0.0,0.0,dataset_2025.csv,202511,False,True
2025,11,La Libertad,Trujillo,La Esperanza,MOVISTAR,0.0,0.0,0.0,0.0,12.313518,74751.0,2.3372827,5924.0,0.0,0.0,0.0,0.0,0.0,0.0,57.83424,84882.0,0.0,0.0,0.020374374,16807.0,0.0,96.82257,79869791.0,377810.0,0.0,0.0,0.0,82490878.0,0.0,0.0,0.0,0.0,0.6030638,2088.0,346232.0,86558.0,0.0,0.0,0.0,0.0,dataset_2025.csv,202511,False,True
2025,11,La Libertad,Trujillo,Moche,MOVISTAR,0.0,0.0,0.0,0.0,12.29022,17629.0,4.0724196,1765.0,0.0,0.0,0.0,0.0,0.0,0.0,55.674,18681.0,0.0,0.0,0.021077927,2976.0,0.0,97.107254,13710608.0,70017.0,0.0,0.0,0.0,14119036.0,0.0,0.0,0.0,0.0,0.49289498,376.0,76284.0,19071.0,0.0,0.0,0.0,0.0,dataset_2025.csv,202511,False,True
2025,11,La Libertad,Trujillo,Trujillo,MOVISTAR,0.0,0.0,0.0,0.0,14.085843,296160.0,2.8483605,22785.0,0.0,0.0,0.0,0.0,0.0,0.0,60.40435,379818.0,0.0,0.0,0.014005463,38719.0,511.0,98.14333,271323547.0,1483791.0,0.0,0.0,0.0,276456421.0,0.0,0.0,0.0,0.0,0.50209177,7729.0,1539360.0,384840.0,0.0,0.0,0.0,0.0,dataset_2025.csv,202511,False,True
2025,11,La Libertad,Trujillo,Victor Larco Herrera,MOVISTAR,0.0,0.0,0.0,0.0,15.116506,66324.0,2.33604,3655.0,0.0,0.0,0.0,0.0,0.0,0.0,56.06835,70817.0,0.0,0.0,0.004915493,2579.0,0.0,98.889656,51884199.0,250415.0,0.0,0.0,0.0,52466759.0,0.0,0.0,0.0,0.0,0.36765733,1052.0,286136.0,71534.0,0.0,0.0,0.0,0.0,dataset_2025.csv,202511,False,True
2025,11,Lambayeque,Chiclayo,Chiclayo,MOVISTAR,0.0,0.0,0.0,0.0,12.899739,137830.0,3.0193372,12663.0,0.0,0.0,0.0,0.0,0.0,0.0,67.14027,170090.0,0.0,0.0,0.081206076,114016.0,672.0,98.44772,138223835.0,753803.0,0.0,0.0,0.0,140403286.0,0.0,0.0,0.0,0.0,0.52737767,3670.0,695896.0,173974.0,0.0,0.0,0.0,0.0,dataset_2025.csv,202511,False,True
2025,11,Lambayeque,Chiclayo,Jose Leonardo Ortiz,MOVISTAR,0.0,0.0,0.0,0.0,11.935034,68385.0,1.9066362,6124.0,0.0,0.0,0.0,0.0,0.0,0.0,61.221935,63306.0,0.0,0.0,0.014094035,6543.0,0.0,99.3198,46108118.0,201083.0,0.0,0.0,0.0,46423894.0,0.0,0.0,0.0,0.0,0.6858001,1763.0,257072.0,64268.0,0.0,0.0,0.0,0.0,dataset_2025.csv,202511,False,True
2025,11,Lambayeque,Chiclayo,La Victoria,MOVISTAR,0.0,0.0,0.0,0.0,14.175513,45221.0,3.0335238,3896.0,0.0,0.0,0.0,0.0,0.0,0.0,66.4542,46511.0,0.0,0.0,1.092286,485729.0,3819.0,97.21293,43229648.0,199366.0,0.0,0.0,0.0,44469030.0,6.188119,0.0,0.0,0.0,0.47985455,908.0,189224.0,47306.0,0.0,0.0,0.0,0.0,dataset_2025.csv,202511,False,True
2025,11,Lambayeque,Chiclayo,Pimentel,MOVISTAR,0.0,0.0,0.0,0.0,12.660979,44933.0,3.292958,3542.0,0.0,0.0,0.0,0.0,0.0,0.0,63.913605,38003.0,0.0,0.0,0.1944971,65582.0,0.0,97.0818,32734776.0,162170.0,0.0,0.0,0.0,33718755.0,1.6544118,0.0,0.0,0.0,0.4297198,665.0,154752.0,38688.0,0.0,0.0,0.0,0.0,dataset_2025.csv,202511,False,True
2025,11,Lima,Cañete,Asia,MOVISTAR,6.4701715,2246.0,0.7668191,690.0,13.165506,28179.0,3.8470073,3252.0,0.0,0.0,0.0,0.0,156.97217,1145.0,38.956287,33824.0,0.0,0.0,6.6336913,1522494.0,18595.0,88.508644,20313559.0,109579.0,0.69418967,159323.0,2027.0,22950932.0,3.1559405,153.0,4848.0,1212.0,0.26981574,369.0,136760.0,34190.0,1.1146497,0.0,0.0,0.0,dataset_2025.csv,202511,True,False
2025,11,Lima,Cañete,Cerro Azul,MOVISTAR,5.381258,705.0,0.0,0.0,12.459721,8693.0,2.2680986,667.0,0.0,0.0,0.0,0.0,192.55524,527.0,50.26402,13023.0,0.0,0.0,3.109918,310522.0,10012.0,96.06859,9592346.0,53878.0,0.0,1032.0,0.0,9984893.0,3.342246,75.0,2244.0,561.0,0.50747055,269.0,53008.0,13252.0,0.0,0.0,0.0,0.0,dataset_2025.csv,202511,True,False
2025,11,Lima,Cañete,Chilca,MOVISTAR,0.0,0.0,0.0,0.0,12.884032,14333.0,2.4657037,1169.0,0.0,0.0,0.0,0.0,0.0,0.0,52.391445,15270.0,0.0,0.0,2.7747083,364023.0,7384.0,95.10241,12476794.0,79329.0,0.0,2674.0,0.0,13119325.0,9.196428,0.0,0.0,0.0,1.194783,753.0,63024.0,15756.0,0.0,0.0,0.0,0.0,dataset_2025.csv,202511,False,True
2025,11,Lima,Cañete,Mala,MOVISTAR,5.4258018,1333.0,0.0,0.0,12.531919,48163.0,4.355431,4608.0,0.0,0.0,0.0,0.0,131.4139,1040.0,48.974213,61243.0,0.0,0.0,3.6101983,2015286.0,15526.0,94.92164,52987186.0,201922.0,0.0,4676.0,0.0,55822030.0,2.688419,117.0,4352.0,1088.0,0.4770301,1185.0,248412.0,62103.0,0.0,0.0,0.0,0.0,dataset_2025.csv,202511,True,False
2025,11,Lima,Huaura,Huaura,MOVISTAR,5.598641,840.0,0.0,0.0,10.87317,6224.0,2.4768765,454.0,0.0,0.0,0.0,0.0,244.1373,414.0,56.866295,6880.0,0.0,0.0,6.9640613,527185.0,5643.0,91.445946,6922531.0,35413.0,0.0,0.0,0.0,7570080.0,3.1818182,56.0,1760.0,440.0,0.48184356,138.0,28640.0,7160.0,0.0,0.0,0.0,0.0,dataset_2025.csv,202511,True,False
2025,11,Lima,Lima,Barranco,MOVISTAR,0.0,0.0,0.0,0.0,14.619175,30966.0,3.4571192,1792.0,0.0,0.0,0.0,0.0,0.0,0.0,46.557278,39546.0,0.0,0.0,1.4145787,398621.0,7806.0,98.042465,27627863.0,181420.0,0.0,128.0,0.0,28179487.0,6.344411,0.0,0.0,0.0,0.2767597,441.0,159344.0,39836.0,0.0,0.0,0.0,0.0,dataset_2025.csv,202511,False,True
2025,11,Lima,Lima,Breña,MOVISTAR,5.1723595,455.0,0.0,0.0,13.363552,62545.0,2.5377169,4094.0,0.0,0.0,0.0,0.0,269.97385,809.0,47.69756,85476.0,0.0,0.0,1.175794,746742.0,14629.0,98.34331,62457434.0,338310.0,0.0,1991.0,0.0,63509593.0,6.98324,250.0,3580.0,895.0,0.54163826,1875.0,346172.0,86543.0,0.0,0.0,0.0,0.0,dataset_2025.csv,202511,True,False
2025,11,Lima,Lima,Carabayllo,MOVISTAR,5.370648,903.0,0.0,0.0,14.538212,157272.0,3.9825633,12065.0,19.580753,569.0,0.0,0.0,200.50772,1217.0,45.120052,165682.0,0.0,0.0,2.0754497,3031058.0,36083.0,97.580696,142510191.0,579255.0,0.03168167,46269.0,569.0,146043428.0,5.1743746,273.0,5276.0,1319.0,0.42110562,2827.0,671328.0,167832.0,0.51724136,0.0,0.0,0.0,dataset_2025.csv,202511,True,False
2025,11,Lima,Lima,Comas,MOVISTAR,5.5204597,3546.0,0.73405737,1147.0,12.748199,196692.0,3.2655914,15905.0,0.0,0.0,0.0,0.0,169.20763,2761.0,46.328594,220467.0,0.0,0.0,3.0872023,6213434.0,59604.0,96.579636,194380261.0,919823.0,0.0,1358.0,0.0,201264235.0,4.4742165,531.0,11868.0,2967.0,0.58308065,5230.0,896960.0,224240.0,0.0,0.0,0.0,0.0,dataset_2025.csv,202511,True,False
2025,11,Lima,Lima,El Agustino,MOVISTAR,4.093333,1327.0,0.0,0.0,12.183568,54356.0,3.1558156,4095.0,0.0,0.0,0.0,0.0,154.7117,1402.0,48.7795,65986.0,0.0,0.0,2.664034,1949016.0,24488.0,96.02468,70251977.0,381725.0,0.0,1759.0,0.0,73160332.0,4.043624,241.0,5960.0,1490.0,0.7455121,2015.0,270284.0,67571.0,0.0,0.0,0.0,0.0,dataset_2025.csv,202511,True,False
2025,11,Lima,Lima,Independencia,MOVISTAR,5.7343745,776.0,0.0,0.0,12.76088,79972.0,2.80689,6443.0,0.0,0.0,0.0,0.0,209.71422,779.0,48.922714,95382.0,0.0,0.0,1.9183824,1503194.0,20055.0,97.79539,76629896.0,426561.0,0.0,5133.0,0.0,78357372.0,5.647059,192.0,3400.0,850.0,0.8493951,3314.0,390160.0,97540.0,0.0,0.0,0.0,0.0,dataset_2025.csv,202511,True,False
2025,11,Lima,Lima,Los Olivos,MOVISTAR,5.678641,1141.0,0.996502,468.0,13.598413,142963.0,3.2878973,12492.0,0.0,0.0,0.0,0.0,211.77983,1174.0,48.173637,170871.0,0.0,0.0,2.3968966,4192905.0,49555.0,97.33869,170275143.0,892412.0,0.0,488.0,0.0,174930579.0,8.295107,434.0,5232.0,1308.0,0.5229715,3628.0,693728.0,173432.0,0.0,0.0,0.0,0.0,dataset_2025.csv,202511,True,False
2025,11,Lima,Lima,Puente Piedra,MOVISTAR,6.272359,1188.0,0.74538666,539.0,12.658836,96503.0,2.9338493,7634.0,0.0,0.0,0.0,0.0,160.385,1930.0,51.35569,111396.0,0.0,0.0,2.6217139,2778962.0,40378.0,97.00278,102820918.0,521411.0,0.0,288.0,0.0,105997913.0,2.6470587,216.0,8160.0,2040.0,0.85631293,3909.0,456492.0,114123.0,0.0,0.0,0.0,0.0,dataset_2025.csv,202511,True,False
2025,11,Lima,Lima,Punta Negra,MOVISTAR,0.0,0.0,0.0,0.0,13.48116,3818.0,2.5172157,485.0,0.0,0.0,0.0,0.0,0.0,0.0,45.418056,6561.0,0.0,0.0,1.5205542,122147.0,3020.0,96.939384,7787197.0,46593.0,0.0,1168.0,0.0,8033058.0,0.0,0.0,0.0,0.0,0.37087497,98.0,26424.0,6606.0,0.0,0.0,0.0,0.0,dataset_2025.csv,202511,False,True
2025,11,Lima,Lima,San Juan De Lurigancho,MOVISTAR,5.28244,2544.0,1.1631832,1103.0,12.751473,331382.0,2.7340832,22072.0,0.0,0.0,0.0,0.0,139.98059,2954.0,46.504635,350293.0,0.0,0.0,2.053122,7282394.0,56484.0,95.89712,340145705.0,1527377.0,0.0,4569.0,0.0,354698561.0,4.4761906,564.0,12600.0,3150.0,0.5918475,8441.0,1426212.0,356553.0,0.0,0.0,0.0,0.0,dataset_2025.csv,202511,True,False
2025,11,Lima,Lima,San Luis,MOVISTAR,0.0,0.0,0.0,0.0,13.0013075,42247.0,3.0946124,3570.0,0.0,0.0,0.0,0.0,0.0,0.0,47.991,53496.0,0.0,0.0,1.1246632,489524.0,9445.0,98.7317,42974227.0,234036.0,0.0,3502.0,0.0,43526272.0,7.3321557,0.0,0.0,0.0,0.4655519,1009.0,216732.0,54183.0,0.0,0.0,0.0,0.0,dataset_2025.csv,202511,False,True
2025,11,Lima,Lima,San Martin De Porres,MOVISTAR,5.615192,2817.0,0.69426423,1005.0,13.046813,285675.0,2.4298584,22843.0,0.0,0.0,0.0,0.0,204.26462,2961.0,48.464245,323405.0,0.0,0.0,3.80906,12198666.0,113824.0,95.825005,306883376.0,1535099.0,0.0,1651.0,0.0,320253975.0,5.922655,778.0,13136.0,3284.0,0.54273266,7121.0,1312064.0,328016.0,0.0,0.0,0.0,0.0,dataset_2025.csv,202511,True,False
2025,11,Piura,Piura,Castilla,MOVISTAR,0.0,0.0,0.0,0.0,13.451456,74113.0,2.9647434,4231.0,0.0,0.0,0.0,0.0,0.0,0.0,64.63101,115704.0,0.0,0.0,0.10970441,77897.0,1573.0,97.20718,69023180.0,338193.0,0.0,57.0,0.0,71006260.0,0.0,0.0,0.0,0.0,0.46971706,2210.0,470496.0,117624.0,0.0,0.0,0.0,0.0,dataset_2025.csv,202511,False,True
2025,11,Piura,Piura,Catacaos,MOVISTAR,0.0,0.0,0.0,0.0,10.07499,23344.0,2.9876015,1658.0,0.0,0.0,0.0,0.0,0.0,0.0,61.12592,38617.0,0.0,0.0,0.2357958,75270.0,851.0,98.150925,31331434.0,147592.0,0.0,0.0,0.0,31921689.0,0.0,0.0,0.0,0.0,0.4463717,701.0,157044.0,39261.0,0.0,0.0,0.0,0.0,dataset_2025.csv,202511,False,True
2025,11,Piura,Piura,Piura,MOVISTAR,0.0,0.0,0.0,0.0,13.862422,116036.0,2.9872677,7668.0,0.0,0.0,0.0,0.0,184.96982,512.0,65.918396,152605.0,0.0,0.0,0.2550935,311338.0,3695.0,96.96844,118348616.0,628754.0,0.0,47.0,0.0,122048596.0,2.5186567,54.0,2144.0,536.0,0.48292476,3003.0,621836.0,155459.0,0.0,0.0,0.0,0.0,dataset_2025.csv,202511,False,True
2025,11,Piura,Piura,Veintiseis De Octubre,MOVISTAR,0.0,0.0,0.0,0.0,11.94992,73656.0,4.087543,8378.0,0.0,0.0,0.0,0.0,0.0,0.0,64.33783,97985.0,0.0,0.0,0.029535174,22795.0,530.0,97.89547,75554904.0,327785.0,0.0,0.0,0.0,77179160.0,0.0,0.0,0.0,0.0,0.38096434,1517.0,398200.0,99550.0,0.0,0.0,0.0,0.0,dataset_2025.csv,202511,False,True
2025,11,Puno,Puno,Puno,MOVISTAR,0.0,0.0,0.0,0.0,11.277459,162447.0,2.8771687,12214.0,0.0,0.0,0.0,0.0,0.0,0.0,62.012257,170819.0,0.0,0.0,0.14791161,195218.0,2781.0,95.699974,126307582.0,633906.0,0.0,0.0,0.0,131982875.0,5.13245,0.0,0.0,0.0,0.49823964,3470.0,696452.0,174113.0,0.0,0.0,0.0,0.0,dataset_2025.csv,202511,False,True
2025,11,Puno,San Roman,Caracoto,MOVISTAR,0.0,0.0,0.0,0.0,10.1327505,8025.0,0.0,0.0,0.0,0.0,0.0,0.0,0.0,0.0,61.540546,5732.0,0.0,0.0,0.39243287,17715.0,0.0,90.90566,4103616.0,29636.0,0.0,0.0,0.0,4514148.0,0.0,0.0,0.0,0.0,0.93803054,221.0,23560.0,5890.0,0.0,0.0,0.0,0.0,dataset_2025.csv,202511,False,True
2025,11,Puno,San Roman,Juliaca,MOVISTAR,0.0,0.0,0.0,0.0,11.446403,218144.0,3.655733,19982.0,0.0,0.0,0.0,0.0,0.0,0.0,61.56489,205864.0,0.0,0.0,0.09541298,144346.0,2384.0,96.455315,145922911.0,752447.0,0.0,282.0,0.0,151285503.0,6.607143,0.0,0.0,0.0,0.69438875,5887.0,847796.0,211949.0,0.0,0.0,0.0,0.0,dataset_2025.csv,202511,False,True
2025,11,Puno,San Roman,San Miguel,MOVISTAR,0.0,0.0,0.0,0.0,10.329755,45917.0,3.6248877,2539.0,0.0,0.0,0.0,0.0,0.0,0.0,64.61355,40906.0,0.0,0.0,0.542598,163551.0,2808.0,96.854355,29194037.0,136094.0,0.0,0.0,0.0,30142204.0,0.0,0.0,0.0,0.0,0.8099314,1374.0,169644.0,42411.0,0.0,0.0,0.0,0.0,dataset_2025.csv,202511,False,True
2025,11,San Martin,Moyobamba,Moyobamba,MOVISTAR,0.0,0.0,0.0,0.0,12.601188,16506.0,2.4973905,1157.0,0.0,0.0,0.0,0.0,235.6167,452.0,77.20886,18690.0,0.0,0.0,2.4224825,646034.0,6209.0,96.79206,25812761.0,91995.0,0.0,0.0,0.0,26668263.0,4.586694,91.0,1984.0,496.0,0.60395885,465.0,76992.0,19248.0,0.0,0.0,0.0,0.0,dataset_2025.csv,202511,False,True
2025,11,Tacna,Candarave,Camilaca,MOVISTAR,0.0,0.0,0.0,0.0,10.576196,1868.0,0.0,0.0,0.0,0.0,0.0,0.0,0.0,0.0,63.153534,2913.0,0.0,0.0,4.9633446,77012.0,1161.0,90.4484,1403411.0,4727.0,0.0,0.0,0.0,1551615.0,1.1952192,0.0,0.0,0.0,0.36527354,43.0,11772.0,2943.0,0.0,0.0,0.0,0.0,dataset_2025.csv,202511,False,True
2025,11,Tumbes,Contralmirante Villar,Canoas De Punta Sal,MOVISTAR,5.079616,473.0,0.0,0.0,9.787128,4235.0,0.0,0.0,0.0,0.0,0.0,0.0,0.0,0.0,79.95988,7582.0,0.0,0.0,4.590797,176998.0,4148.0,94.87817,3658024.0,15455.0,0.0,0.0,0.0,3855496.0,2.7631578,0.0,0.0,0.0,0.32851937,101.0,30744.0,7686.0,0.0,0.0,0.0,0.0,dataset_2025.csv,202511,True,False
2025,11,Tumbes,Tumbes,Tumbes,MOVISTAR,0.0,0.0,0.0,0.0,11.871545,40492.0,2.478354,2757.0,0.0,0.0,0.0,0.0,0.0,0.0,62.34167,45599.0,0.0,0.0,1.0214142,394216.0,3873.0,96.939224,37413808.0,181360.0,0.0,0.0,0.0,38595119.0,2.6234567,0.0,0.0,0.0,0.29278696,541.0,184776.0,46194.0,0.0,0.0,0.0,0.0,dataset_2025.csv,202511,False,True
2025,12,Arequipa,Arequipa,Alto Selva Alegre,MOVISTAR,0.0,0.0,0.0,0.0,12.231913,35437.0,2.4372647,2698.0,0.0,0.0,0.0,0.0,0.0,0.0,51.892483,36741.0,0.0,0.0,0.0,0.0,0.0,99.27874,38847905.0,181796.0,0.0,0.0,0.0,39130134.0,0.0,0.0,0.0,0.0,0.8979608,1351.0,150452.0,37613.0,0.0,0.0,0.0,0.0,dataset_2025.csv,202512,False,True
2025,12,Arequipa,Arequipa,Cayma,MOVISTAR,0.0,0.0,0.0,0.0,13.127055,56732.0,4.000339,4117.0,0.0,0.0,0.0,0.0,0.0,0.0,56.269978,66096.0,0.0,0.0,0.008595723,4874.0,0.0,98.37059,55778701.0,286058.0,0.0,62.0,0.0,56702617.0,0.0,0.0,0.0,0.0,0.81353724,2200.0,270424.0,67606.0,0.0,0.0,0.0,0.0,dataset_2025.csv,202512,False,True
2025,12,Arequipa,Arequipa,Jacobo Hunter,MOVISTAR,0.0,0.0,0.0,0.0,11.928463,22451.0,2.843617,1240.0,0.0,0.0,0.0,0.0,0.0,0.0,57.21057,26272.0,0.0,0.0,0.00695314,2455.0,0.0,99.136765,35003000.0,180790.0,0.0,0.0,0.0,35307790.0,0.0,0.0,0.0,0.0,0.83721876,905.0,108096.0,27024.0,0.0,0.0,0.0,0.0,dataset_2025.csv,202512,False,True
2025,12,Arequipa,Arequipa,Jose Luis Bustamante Y Rivero,MOVISTAR,0.0,0.0,0.0,0.0,11.833756,53568.0,2.377286,4314.0,0.0,0.0,0.0,0.0,0.0,0.0,56.48855,72533.0,0.0,0.0,0.02780839,21663.0,439.0,98.983376,77108987.0,406335.0,0.0,5.0,0.0,77900950.0,0.0,0.0,0.0,0.0,0.71619505,2122.0,296288.0,74072.0,0.0,0.0,0.0,0.0,dataset_2025.csv,202512,False,True
2025,12,Arequipa,Arequipa,Mariano Melgar,MOVISTAR,0.0,0.0,0.0,0.0,13.089109,29300.0,2.5621712,1263.0,0.0,0.0,0.0,0.0,0.0,0.0,52.24752,29430.0,0.0,0.0,0.00045166715,133.0,0.0,99.13699,29192338.0,130218.0,0.0,0.0,0.0,29446464.0,0.0,0.0,0.0,0.0,0.59451836,708.0,119088.0,29772.0,0.0,0.0,0.0,0.0,dataset_2025.csv,202512,False,True
2025,12,Arequipa,Arequipa,Miraflores,MOVISTAR,0.0,0.0,0.0,0.0,12.841938,32780.0,2.9906235,2049.0,0.0,0.0,0.0,0.0,0.0,0.0,53.469826,37485.0,0.0,0.0,0.015283883,5045.0,0.0,99.16694,32733647.0,148135.0,0.0,0.0,0.0,33008629.0,0.0,0.0,0.0,0.0,0.64276314,977.0,152000.0,38000.0,0.0,0.0,0.0,0.0,dataset_2025.csv,202512,False,True
2025,12,Arequipa,Arequipa,Paucarpata,MOVISTAR,0.0,0.0,0.0,0.0,11.939711,51430.0,2.6961787,4213.0,0.0,0.0,0.0,0.0,0.0,0.0,52.235874,64191.0,0.0,0.0,0.019626437,10389.0,0.0,98.22373,51993460.0,227278.0,0.0,44.0,0.0,52933703.0,0.0,0.0,0.0,0.0,0.6944018,1809.0,260512.0,65128.0,0.0,0.0,0.0,0.0,dataset_2025.csv,202512,False,True
2025,12,Arequipa,Arequipa,Sachaca,MOVISTAR,0.0,0.0,0.0,0.0,12.783636,11228.0,2.3831613,680.0,0.0,0.0,0.0,0.0,0.0,0.0,52.768894,18351.0,0.0,0.0,0.009864676,1659.0,0.0,94.26427,15852971.0,79091.0,0.0,0.0,0.0,16817582.0,0.0,0.0,0.0,0.0,0.7113385,531.0,74648.0,18662.0,0.0,0.0,0.0,0.0,dataset_2025.csv,202512,False,True
2025,12,Arequipa,Arequipa,Socabaya,MOVISTAR,0.0,0.0,0.0,0.0,11.701259,30176.0,1.904983,2942.0,0.0,0.0,0.0,0.0,0.0,0.0,55.813183,34813.0,0.0,0.0,0.0029502744,943.0,0.0,96.82516,30948348.0,172304.0,0.0,0.0,0.0,31963128.0,0.0,0.0,0.0,0.0,0.91940534,1316.0,143136.0,35784.0,0.0,0.0,0.0,0.0,dataset_2025.csv,202512,False,True
2025,12,Arequipa,Arequipa,Tiabaya,MOVISTAR,0.0,0.0,0.0,0.0,11.183681,3700.0,0.0,0.0,0.0,0.0,0.0,0.0,0.0,0.0,55.26471,6586.0,0.0,0.0,0.16271059,18515.0,0.0,94.05018,10702063.0,51075.0,0.0,0.0,0.0,11379099.0,0.0,0.0,0.0,0.0,0.78276426,210.0,26828.0,6707.0,0.0,0.0,0.0,0.0,dataset_2025.csv,202512,False,True
2025,12,Arequipa,Arequipa,Yanahuara,MOVISTAR,0.0,0.0,0.0,0.0,14.069857,11574.0,2.5224032,759.0,0.0,0.0,0.0,0.0,0.0,0.0,52.66418,18481.0,0.0,0.0,0.0031639368,457.0,0.0,98.75622,14264379.0,96828.0,0.0,0.0,0.0,14444031.0,0.0,0.0,0.0,0.0,0.9676739,734.0,75852.0,18963.0,0.0,0.0,0.0,0.0,dataset_2025.csv,202512,False,True
2025,12,Ayacucho,Huamanga,Carmen Alto,MOVISTAR,0.0,0.0,0.0,0.0,10.259892,9472.0,3.1559925,453.0,0.0,0.0,0.0,0.0,0.0,0.0,55.732677,12539.0,0.0,0.0,1.0697734,125227.0,2942.0,98.06931,11479931.0,50880.0,0.0,0.0,0.0,11705936.0,6.398104,0.0,0.0,0.0,0.9686919,500.0,51616.0,12904.0,0.0,0.0,0.0,0.0,dataset_2025.csv,202512,False,True
2025,12,Cajamarca,Celendin,Celendin,MOVISTAR,0.0,0.0,0.0,0.0,11.071662,12217.0,2.890667,542.0,0.0,0.0,0.0,0.0,0.0,0.0,59.04556,21419.0,0.0,0.0,2.380151,249224.0,7089.0,97.49932,10209088.0,59660.0,0.0,0.0,0.0,10470932.0,5.378486,0.0,0.0,0.0,0.22768249,197.0,86524.0,21631.0,0.0,0.0,0.0,0.0,dataset_2025.csv,202512,False,True
2025,12,Cajamarca,Santa Cruz,Santa Cruz,MOVISTAR,0.0,0.0,0.0,0.0,12.6826935,10578.0,3.8116066,653.0,0.0,0.0,0.0,0.0,0.0,0.0,60.432285,13021.0,0.0,0.0,3.8657603,258372.0,6034.0,95.246666,6365907.0,32132.0,0.0,0.0,0.0,6683601.0,8.201581,0.0,0.0,0.0,0.38835683,206.0,53044.0,13261.0,0.0,0.0,0.0,0.0,dataset_2025.csv,202512,False,True
2025,12,Callao,Callao,Mi Peru,MOVISTAR,0.0,0.0,0.0,0.0,10.112039,11951.0,3.3781664,460.0,0.0,0.0,0.0,0.0,0.0,0.0,62.039745,18608.0,0.0,0.0,6.7946343,1297255.0,16943.0,92.2423,17611218.0,90978.0,0.0,0.0,0.0,19092345.0,4.453441,0.0,0.0,0.0,2.861944,2180.0,76172.0,19043.0,0.0,0.0,0.0,0.0,dataset_2025.csv,202512,False,True
2025,12,Cusco,Acomayo,Pomacanchi,MOVISTAR,0.0,0.0,0.0,0.0,0.0,0.0,0.0,0.0,0.0,0.0,0.0,0.0,0.0,0.0,0.0,0.0,0.0,0.0,1.335905,2168.0,0.0,96.29607,156276.0,402.0,0.0,0.0,0.0,162287.0,0.0,0.0,0.0,0.0,0.22727273,0.0,0.0,0.0,0.0,0.0,0.0,0.0,dataset_2025.csv,202512,False,True
2025,12,Cusco,Cusco,Cusco,MOVISTAR,0.0,0.0,0.0,0.0,12.620245,45064.0,2.792193,2520.0,0.0,0.0,0.0,0.0,0.0,0.0,64.67366,48184.0,0.0,0.0,0.074719526,36446.0,829.0,93.8714,45787726.0,262760.0,0.0,116.0,0.0,48777078.0,0.0,0.0,0.0,0.0,1.7004076,3437.0,202128.0,50532.0,0.0,0.0,0.0,0.0,dataset_2025.csv,202512,False,True
2025,12,Cusco,Cusco,San Jeronimo,MOVISTAR,0.0,0.0,0.0,0.0,12.377484,29615.0,3.2983067,1619.0,0.0,0.0,0.0,0.0,0.0,0.0,56.8859,34485.0,0.0,0.0,0.014835586,4517.0,0.0,97.17023,29585478.0,164112.0,0.0,67.0,0.0,30447061.0,0.0,0.0,0.0,0.0,0.87312394,1231.0,140988.0,35247.0,0.0,0.0,0.0,0.0,dataset_2025.csv,202512,False,True
2025,12,Cusco,Cusco,San Sebastian,MOVISTAR,0.0,0.0,0.0,0.0,11.667233,28098.0,3.5688138,2542.0,0.0,0.0,0.0,0.0,0.0,0.0,60.995842,33384.0,0.0,0.0,0.24519567,98864.0,1292.0,94.48289,38095927.0,199496.0,0.0,0.0,0.0,40320451.0,0.0,0.0,0.0,0.0,1.5919437,2210.0,138824.0,34706.0,0.0,0.0,0.0,0.0,dataset_2025.csv,202512,False,True
2025,12,Cusco,Cusco,Santiago,MOVISTAR,0.0,0.0,0.0,0.0,10.335024,35582.0,2.7251697,3050.0,0.0,0.0,0.0,0.0,0.0,0.0,64.31069,41227.0,0.0,0.0,0.016147781,6335.0,0.0,93.66163,36744766.0,204593.0,0.0,0.0,0.0,39231398.0,0.0,0.0,0.0,0.0,1.284423,2194.0,170816.0,42704.0,0.0,0.0,0.0,0.0,dataset_2025.csv,202512,False,True
2025,12,Cusco,Cusco,Wanchaq,MOVISTAR,0.0,0.0,0.0,0.0,13.09315,43229.0,3.7187197,3666.0,0.0,0.0,0.0,0.0,0.0,0.0,63.648453,51193.0,0.0,0.0,0.057126004,24667.0,449.0,96.652336,41734465.0,255395.0,0.0,0.0,0.0,43179986.0,0.0,0.0,0.0,0.0,1.1138263,2352.0,211164.0,52791.0,0.0,0.0,0.0,0.0,dataset_2025.csv,202512,False,True
2025,12,Cusco,La Convencion,Echarate,MOVISTAR,0.0,0.0,0.0,0.0,12.22434,4920.0,2.4436553,404.0,0.0,0.0,0.0,0.0,0.0,0.0,69.46358,4124.0,0.0,0.0,2.714459,140665.0,2484.0,74.72538,3872317.0,19390.0,0.0,0.0,0.0,5182064.0,6.377551,0.0,0.0,0.0,1.8170805,360.0,19812.0,4953.0,0.0,0.0,0.0,0.0,dataset_2025.csv,202512,False,True
2025,12,Huancavelica,Tayacaja,Pampas,MOVISTAR,0.0,0.0,0.0,0.0,12.633092,2602.0,0.0,0.0,0.0,0.0,0.0,0.0,0.0,0.0,51.686016,4025.0,0.0,0.0,7.412936,197883.0,3903.0,92.174355,2460528.0,12224.0,0.0,0.0,0.0,2669428.0,4.937304,0.0,0.0,0.0,0.7407407,124.0,16740.0,4185.0,0.0,0.0,0.0,0.0,dataset_2025.csv,202512,False,True
2025,12,Ica,Chincha,Alto Laran,MOVISTAR,0.0,0.0,0.0,0.0,11.751371,14955.0,2.1396468,1117.0,0.0,0.0,0.0,0.0,0.0,0.0,51.90424,13534.0,0.0,0.0,0.28833225,29165.0,697.0,94.42427,9551078.0,67198.0,0.0,0.0,0.0,10115067.0,0.0,0.0,0.0,0.0,0.55344486,303.0,54748.0,13687.0,0.0,0.0,0.0,0.0,dataset_2025.csv,202512,False,True
2025,12,Ica,Chincha,Chincha Alta,MOVISTAR,0.0,0.0,0.0,0.0,12.574446,92042.0,2.283864,6710.0,0.0,0.0,0.0,0.0,0.0,0.0,52.149097,109641.0,0.0,0.0,0.005798712,4872.0,0.0,97.8343,82199062.0,443666.0,0.0,277.0,0.0,84018657.0,0.0,0.0,0.0,0.0,0.35068068,1559.0,444564.0,111141.0,0.0,0.0,0.0,0.0,dataset_2025.csv,202512,False,True
2025,12,Ica,Chincha,Chincha Baja,MOVISTAR,0.0,0.0,0.0,0.0,13.021788,10480.0,2.5210924,738.0,0.0,0.0,0.0,0.0,0.0,0.0,54.503696,8520.0,0.0,0.0,0.20733328,15477.0,497.0,96.020195,7167709.0,39968.0,0.0,0.0,0.0,7464793.0,0.0,0.0,0.0,0.0,0.4971673,172.0,34596.0,8649.0,0.0,0.0,0.0,0.0,dataset_2025.csv,202512,False,True
2025,12,Ica,Chincha,El Carmen,MOVISTAR,0.0,0.0,0.0,0.0,13.322537,2204.0,0.0,0.0,0.0,0.0,0.0,0.0,0.0,0.0,55.382336,3588.0,0.0,0.0,1.6065933,57164.0,1006.0,93.65434,3332304.0,20510.0,0.0,0.0,0.0,3558088.0,0.0,0.0,0.0,0.0,0.545405,80.0,14668.0,3667.0,0.0,0.0,0.0,0.0,dataset_2025.csv,202512,False,True
2025,12,Ica,Chincha,Pueblo Nuevo,MOVISTAR,0.0,0.0,0.0,0.0,11.289237,39594.0,2.3528008,2698.0,0.0,0.0,0.0,0.0,0.0,0.0,50.722595,43847.0,0.0,0.0,0.010064293,3775.0,0.0,98.77947,37051038.0,181780.0,0.0,0.0,0.0,37508845.0,0.0,0.0,0.0,0.0,0.2954525,526.0,178032.0,44508.0,0.0,0.0,0.0,0.0,dataset_2025.csv,202512,False,True
2025,12,Ica,Chincha,Sunampe,MOVISTAR,0.0,0.0,0.0,0.0,13.585769,20467.0,2.7297082,1328.0,0.0,0.0,0.0,0.0,0.0,0.0,50.902935,27594.0,0.0,0.0,0.23935845,69495.0,1411.0,96.90157,28134268.0,153141.0,0.0,0.0,0.0,29033861.0,4.910714,0.0,0.0,0.0,0.29003987,323.0,111364.0,27841.0,0.0,0.0,0.0,0.0,dataset_2025.csv,202512,False,True
2025,12,Ica,Ica,Ica,MOVISTAR,0.0,0.0,0.0,0.0,11.8067465,150362.0,2.662308,11477.0,0.0,0.0,0.0,0.0,0.0,0.0,51.358845,234021.0,0.0,0.0,0.06007339,105880.0,1848.0,96.79,170593423.0,909056.0,0.0,0.0,0.0,176251078.0,0.0,0.0,0.0,0.0,0.41786852,3981.0,952692.0,238173.0,0.0,0.0,0.0,0.0,dataset_2025.csv,202512,False,True
2025,12,Ica,Ica,La Tinguiña,MOVISTAR,0.0,0.0,0.0,0.0,10.727754,22971.0,2.4656777,1654.0,0.0,0.0,0.0,0.0,0.0,0.0,52.885902,26367.0,0.0,0.0,0.038545843,8969.0,0.0,93.43458,21740730.0,97958.0,0.0,0.0,0.0,23268398.0,0.0,0.0,0.0,0.0,0.6211982,674.0,108500.0,27125.0,0.0,0.0,0.0,0.0,dataset_2025.csv,202512,False,True
2025,12,Ica,Ica,Parcona,MOVISTAR,0.0,0.0,0.0,0.0,10.722209,30214.0,2.7845984,1891.0,0.0,0.0,0.0,0.0,0.0,0.0,55.286114,34969.0,0.0,0.0,0.0023390276,631.0,0.0,96.81123,26116789.0,119896.0,0.0,0.0,0.0,26977023.0,0.0,0.0,0.0,0.0,0.42290995,604.0,142820.0,35705.0,0.0,0.0,0.0,0.0,dataset_2025.csv,202512,False,True
2025,12,Ica,Ica,Subtanjalla,MOVISTAR,0.0,0.0,0.0,0.0,14.370419,11334.0,2.7407582,1052.0,0.0,0.0,0.0,0.0,0.0,0.0,54.652878,14503.0,0.0,0.0,0.027321823,4678.0,0.0,95.47286,16346714.0,78566.0,0.0,0.0,0.0,17121844.0,0.0,0.0,0.0,0.0,0.5221401,308.0,58988.0,14747.0,0.0,0.0,0.0,0.0,dataset_2025.csv,202512,False,True
2025,12,Junin,Chanchamayo,Chanchamayo,MOVISTAR,0.0,0.0,0.0,0.0,10.646569,13770.0,2.4226985,946.0,0.0,0.0,0.0,0.0,159.48056,558.0,52.894318,20137.0,0.0,0.0,4.880642,960476.0,8705.0,93.3136,18363460.0,69179.0,0.0,0.0,0.0,19679296.0,4.650171,109.0,2344.0,586.0,0.5965319,494.0,82812.0,20703.0,0.0,0.0,0.0,0.0,dataset_2025.csv,202512,False,True
2025,12,Junin,Huancayo,Chilca,MOVISTAR,0.0,0.0,0.0,0.0,11.510009,39851.0,2.3408952,4103.0,0.0,0.0,0.0,0.0,0.0,0.0,52.25127,42721.0,0.0,0.0,0.009253618,4259.0,0.0,96.71886,44515085.0,246454.0,0.0,0.0,0.0,46025239.0,0.0,0.0,0.0,0.0,0.80171305,1419.0,176996.0,44249.0,0.0,0.0,0.0,0.0,dataset_2025.csv,202512,False,True
2025,12,Junin,Huancayo,El Tambo,MOVISTAR,0.0,0.0,0.0,0.0,12.48923,192097.0,2.5652509,14655.0,0.0,0.0,0.0,0.0,0.0,0.0,49.271767,213247.0,0.0,0.0,0.024095597,47781.0,807.0,96.13062,190624744.0,894689.0,0.0,0.0,0.0,198297634.0,0.0,0.0,0.0,0.0,0.39024594,3378.0,865608.0,216402.0,0.0,0.0,0.0,0.0,dataset_2025.csv,202512,False,True
2025,12,Junin,Huancayo,Huancayo,MOVISTAR,0.0,0.0,0.0,0.0,12.092616,147959.0,2.9552162,11616.0,0.0,0.0,0.0,0.0,0.0,0.0,50.514435,202854.0,0.0,0.0,0.006380071,9394.0,0.0,97.820435,144030551.0,818085.0,0.0,0.0,0.0,147239739.0,0.0,0.0,0.0,0.0,0.50662106,4187.0,826456.0,206614.0,0.0,0.0,0.0,0.0,dataset_2025.csv,202512,False,True
2025,12,Junin,Huancayo,Pilcomayo,MOVISTAR,0.0,0.0,0.0,0.0,12.037354,11112.0,3.3046577,766.0,0.0,0.0,0.0,0.0,0.0,0.0,52.86297,19337.0,0.0,0.0,0.06386958,8049.0,0.0,98.185646,12373595.0,63502.0,0.0,0.0,0.0,12602244.0,0.0,0.0,0.0,0.0,0.5259166,416.0,79100.0,19775.0,0.0,0.0,0.0,0.0,dataset_2025.csv,202512,False,True
2025,12,Junin,Huancayo,San Agustin,MOVISTAR,0.0,0.0,0.0,0.0,9.219667,17721.0,2.6004496,1173.0,0.0,0.0,0.0,0.0,0.0,0.0,52.802017,19327.0,0.0,0.0,0.2518789,56458.0,0.0,97.60403,21877689.0,91610.0,0.0,0.0,0.0,22414741.0,0.0,0.0,0.0,0.0,0.3113879,245.0,78680.0,19670.0,0.0,0.0,0.0,0.0,dataset_2025.csv,202512,False,True
2025,12,Junin,Junin,Carhuamayo,MOVISTAR,0.0,0.0,0.0,0.0,13.159317,3296.0,0.0,0.0,0.0,0.0,0.0,0.0,0.0,0.0,46.214138,2961.0,0.0,0.0,16.208103,322073.0,2034.0,82.16929,1632795.0,8779.0,0.0,0.0,0.0,1987111.0,3.5598705,0.0,0.0,0.0,0.20100503,24.0,11940.0,2985.0,0.0,0.0,0.0,0.0,dataset_2025.csv,202512,False,True
2025,12,La Libertad,Trujillo,El Porvenir,MOVISTAR,0.0,0.0,0.0,0.0,11.59947,55740.0,2.5383368,4546.0,0.0,0.0,0.0,0.0,0.0,0.0,59.529385,58013.0,0.0,0.0,0.004672994,2807.0,0.0,95.360794,57281853.0,318564.0,0.0,0.0,0.0,60068559.0,0.0,0.0,0.0,0.0,0.9710443,2322.0,239124.0,59781.0,0.0,0.0,0.0,0.0,dataset_2025.csv,202512,False,True
2025,12,La Libertad,Trujillo,La Esperanza,MOVISTAR,0.0,0.0,0.0,0.0,12.849925,80779.0,3.0260043,6292.0,0.0,0.0,0.0,0.0,0.0,0.0,55.39931,96775.0,0.0,0.0,0.024536734,20741.0,412.0,96.66058,81707580.0,356348.0,0.0,0.0,0.0,84530400.0,0.0,0.0,0.0,0.0,0.52099234,2048.0,393096.0,98274.0,0.0,0.0,0.0,0.0,dataset_2025.csv,202512,False,True
2025,12,La Libertad,Trujillo,Moche,MOVISTAR,0.0,0.0,0.0,0.0,13.549399,13820.0,3.4710784,1294.0,0.0,0.0,0.0,0.0,0.0,0.0,52.95106,17813.0,0.0,0.0,0.0028825756,414.0,0.0,98.52621,14150487.0,62700.0,0.0,0.0,0.0,14362156.0,0.0,0.0,0.0,0.0,0.34254175,247.0,72108.0,18027.0,0.0,0.0,0.0,0.0,dataset_2025.csv,202512,False,True
2025,12,La Libertad,Trujillo,Trujillo,MOVISTAR,0.0,0.0,0.0,0.0,14.117933,307274.0,2.7902853,20789.0,0.0,0.0,0.0,0.0,0.0,0.0,58.29737,373096.0,0.0,0.0,0.013335153,34915.0,797.0,98.61515,258200849.0,1404370.0,0.0,128.0,0.0,261826760.0,0.0,0.0,0.0,0.0,0.4949152,7479.0,1511168.0,377792.0,0.0,0.0,0.0,0.0,dataset_2025.csv,202512,False,True
2025,12,La Libertad,Trujillo,Victor Larco Herrera,MOVISTAR,0.0,0.0,0.0,0.0,15.2070465,75923.0,2.367006,4825.0,0.0,0.0,0.0,0.0,0.0,0.0,55.09693,73131.0,0.0,0.0,0.0034504551,1709.0,0.0,98.53078,48801998.0,259262.0,0.0,131.0,0.0,49529698.0,0.0,0.0,0.0,0.0,0.32436246,956.0,294732.0,73683.0,0.0,0.0,0.0,0.0,dataset_2025.csv,202512,False,True
2025,12,Lambayeque,Chiclayo,Chiclayo,MOVISTAR,0.0,0.0,0.0,0.0,12.972348,128590.0,3.1216683,10891.0,0.0,0.0,0.0,0.0,0.0,0.0,63.907555,168591.0,0.0,0.0,0.03482919,48917.0,523.0,97.247826,136582905.0,746471.0,0.0,0.0,0.0,140448285.0,0.0,0.0,0.0,0.0,0.6049135,4177.0,690512.0,172628.0,0.0,0.0,0.0,0.0,dataset_2025.csv,202512,False,True
2025,12,Lambayeque,Chiclayo,Jose Leonardo Ortiz,MOVISTAR,0.0,0.0,0.0,0.0,13.258622,60502.0,2.3580017,5120.0,0.0,0.0,0.0,0.0,0.0,0.0,59.927586,61664.0,0.0,0.0,0.023979811,12123.0,0.0,98.59672,49845601.0,225963.0,0.0,69.0,0.0,50555029.0,0.0,0.0,0.0,0.0,0.48920164,1225.0,250408.0,62602.0,0.0,0.0,0.0,0.0,dataset_2025.csv,202512,False,True
2025,12,Lambayeque,Chiclayo,La Victoria,MOVISTAR,0.0,0.0,0.0,0.0,12.987055,40113.0,3.1306076,3145.0,0.0,0.0,0.0,0.0,0.0,0.0,63.779152,46894.0,0.0,0.0,0.77398497,335164.0,2439.0,97.84823,42371886.0,198202.0,0.0,0.0,0.0,43303682.0,0.0,0.0,0.0,0.0,0.5153882,982.0,190536.0,47634.0,0.0,0.0,0.0,0.0,dataset_2025.csv,202512,False,True
2025,12,Lambayeque,Chiclayo,Pimentel,MOVISTAR,0.0,0.0,0.0,0.0,12.000205,41471.0,2.6391191,3824.0,0.0,0.0,0.0,0.0,0.0,0.0,61.19292,46916.0,0.0,0.0,0.014553277,5634.0,0.0,96.948685,37531678.0,182568.0,0.0,0.0,0.0,38712932.0,0.0,0.0,0.0,0.0,0.5572081,1064.0,190952.0,47738.0,0.0,0.0,0.0,0.0,dataset_2025.csv,202512,False,True
2025,12,Lima,Cañete,Asia,MOVISTAR,0.0,0.0,0.0,0.0,13.058048,30783.0,2.6722717,2554.0,15.368141,641.0,0.0,0.0,0.0,0.0,39.481277,37829.0,45.717228,807.0,0.027691169,6712.0,0.0,93.469986,22655979.0,119843.0,1.4623759,354462.0,4178.0,24238775.0,0.0,0.0,0.0,0.0,0.27123353,414.0,152636.0,38159.0,0.73800737,24.0,3252.0,813.0,dataset_2025.csv,202512,False,True
2025,12,Lima,Cañete,Cerro Azul,MOVISTAR,0.0,0.0,0.0,0.0,11.54998,9661.0,2.4792051,763.0,0.0,0.0,0.0,0.0,273.15463,482.0,49.461555,17302.0,0.0,0.0,2.60489,328895.0,6304.0,95.47804,12055116.0,68520.0,0.0,176.0,0.0,12626061.0,3.7717602,78.0,2068.0,517.0,0.73082286,524.0,71700.0,17925.0,0.0,0.0,0.0,0.0,dataset_2025.csv,202512,False,True
2025,12,Lima,Cañete,Chilca,MOVISTAR,0.0,0.0,0.0,0.0,12.6084385,13209.0,3.039119,1021.0,0.0,0.0,0.0,0.0,0.0,0.0,52.14422,17650.0,0.0,0.0,0.1743407,23296.0,0.0,95.06062,12702326.0,81434.0,0.0,1747.0,0.0,13362342.0,0.0,0.0,0.0,0.0,1.0199593,742.0,72748.0,18187.0,0.0,0.0,0.0,0.0,dataset_2025.csv,202512,False,True
2025,12,Lima,Cañete,Mala,MOVISTAR,0.0,0.0,0.0,0.0,12.796713,54257.0,4.815809,5993.0,0.0,0.0,0.0,0.0,0.0,0.0,46.94192,60701.0,0.0,0.0,0.05108512,28007.0,0.0,96.4607,52883794.0,182263.0,0.0,4983.0,0.0,54824184.0,0.0,0.0,0.0,0.0,0.34457418,844.0,244940.0,61235.0,0.0,0.0,0.0,0.0,dataset_2025.csv,202512,False,True
2025,12,Lima,Huaura,Huaura,MOVISTAR,0.0,0.0,0.0,0.0,10.464309,4919.0,2.4512477,524.0,0.0,0.0,0.0,0.0,0.0,0.0,53.78011,6103.0,0.0,0.0,9.998776,926676.0,7431.0,88.71987,8222464.0,47332.0,0.0,0.0,0.0,9267894.0,2.7846534,45.0,1616.0,404.0,0.42379656,106.0,25012.0,6253.0,0.0,0.0,0.0,0.0,dataset_2025.csv,202512,False,True
2025,12,Lima,Lima,Barranco,MOVISTAR,0.0,0.0,0.0,0.0,15.115427,25414.0,2.904804,1735.0,0.0,0.0,0.0,0.0,0.0,0.0,44.3056,35602.0,0.0,0.0,2.021644,591861.0,8698.0,97.36288,28504172.0,175827.0,0.0,2812.0,0.0,29276222.0,5.2197804,0.0,0.0,0.0,0.2876285,413.0,143588.0,35897.0,0.0,0.0,0.0,0.0,dataset_2025.csv,202512,False,True
2025,12,Lima,Lima,Breña,MOVISTAR,0.0,0.0,0.0,0.0,13.886901,59299.0,2.6425316,3604.0,0.0,0.0,0.0,0.0,244.76463,679.0,46.80234,76646.0,0.0,0.0,1.2627186,839778.0,15982.0,98.19336,65304038.0,359593.0,0.0,7517.0,0.0,66505556.0,9.354629,287.0,3068.0,767.0,0.5077008,1577.0,310616.0,77654.0,0.0,0.0,0.0,0.0,dataset_2025.csv,202512,False,True
2025,12,Lima,Lima,Carabayllo,MOVISTAR,0.0,0.0,0.0,0.0,14.673113,153985.0,3.4926312,11389.0,0.0,0.0,0.0,0.0,0.0,0.0,41.257046,165310.0,0.0,0.0,0.079970874,110489.0,1551.0,98.51298,136107062.0,597129.0,0.07576348,104676.0,793.0,138161556.0,0.0,0.0,0.0,0.0,0.313103,2090.0,667512.0,166878.0,0.79113925,0.0,0.0,0.0,dataset_2025.csv,202512,False,True
2025,12,Lima,Lima,Comas,MOVISTAR,0.0,0.0,0.0,0.0,13.004336,180465.0,3.673811,15901.0,0.0,0.0,0.0,0.0,0.0,0.0,43.837074,219186.0,0.0,0.0,0.17811279,351206.0,3369.0,96.63391,190544485.0,959336.0,0.0,128.0,0.0,197181799.0,5.7522125,0.0,0.0,0.0,0.40450343,3595.0,888744.0,222186.0,0.0,0.0,0.0,0.0,dataset_2025.csv,202512,False,True
2025,12,Lima,Lima,El Agustino,MOVISTAR,0.0,0.0,0.0,0.0,12.872557,59323.0,2.9826772,3539.0,0.0,0.0,0.0,0.0,0.0,0.0,46.062786,69460.0,0.0,0.0,1.0634633,797573.0,13037.0,96.220634,72163254.0,383735.0,0.0,513.0,0.0,74997693.0,6.5247254,0.0,0.0,0.0,0.7357603,2089.0,283924.0,70981.0,0.0,0.0,0.0,0.0,dataset_2025.csv,202512,False,True
2025,12,Lima,Lima,Independencia,MOVISTAR,0.0,0.0,0.0,0.0,12.623341,78929.0,2.998987,5636.0,0.0,0.0,0.0,0.0,0.0,0.0,48.073074,97287.0,0.0,0.0,0.1440434,114560.0,1585.0,96.16739,76483448.0,452434.0,0.0,65.0,0.0,79531584.0,0.0,0.0,0.0,0.0,0.8928392,3558.0,398504.0,99626.0,0.0,0.0,0.0,0.0,dataset_2025.csv,202512,False,True
2025,12,Lima,Lima,Los Olivos,MOVISTAR,0.0,0.0,0.0,0.0,14.186612,157474.0,3.3811545,12065.0,0.0,0.0,0.0,0.0,0.0,0.0,45.78154,187573.0,0.0,0.0,0.13747014,252684.0,2906.0,97.60834,179413976.0,919947.0,0.0,1620.0,0.0,183810096.0,0.0,0.0,0.0,0.0,0.37121418,2822.0,760208.0,190052.0,0.0,0.0,0.0,0.0,dataset_2025.csv,202512,False,True
2025,12,Lima,Lima,Puente Piedra,MOVISTAR,0.0,0.0,0.0,0.0,13.04161,103928.0,2.882837,7527.0,0.0,0.0,0.0,0.0,0.0,0.0,47.783646,119853.0,0.0,0.0,0.08345517,99473.0,2018.0,97.47865,116188062.0,569210.0,0.0,0.0,0.0,119193338.0,0.0,0.0,0.0,0.0,0.6092508,2970.0,487484.0,121871.0,0.0,0.0,0.0,0.0,dataset_2025.csv,202512,False,True
2025,12,Lima,Lima,Punta Negra,MOVISTAR,0.0,0.0,0.0,0.0,15.415294,8259.0,2.5074577,511.0,0.0,0.0,0.0,0.0,0.0,0.0,42.843067,9463.0,0.0,0.0,0.22080678,21185.0,631.0,95.89554,9200564.0,55374.0,0.0,210.0,0.0,9594361.0,0.0,0.0,0.0,0.0,0.32719088,125.0,38204.0,9551.0,0.0,0.0,0.0,0.0,dataset_2025.csv,202512,False,True
2025,12,Lima,Lima,San Juan De Lurigancho,MOVISTAR,0.0,0.0,0.0,0.0,12.714674,350234.0,3.130512,21364.0,0.0,0.0,0.0,0.0,0.0,0.0,44.029133,381294.0,0.0,0.0,0.14646922,511904.0,5338.0,95.797874,334809708.0,1504844.0,0.0,5944.0,0.0,349495965.0,5.4195805,0.0,0.0,0.0,0.4460143,6902.0,1547484.0,386871.0,0.0,0.0,0.0,0.0,dataset_2025.csv,202512,False,True
2025,12,Lima,Lima,San Luis,MOVISTAR,0.0,0.0,0.0,0.0,13.050404,40664.0,3.1298716,3722.0,0.0,0.0,0.0,0.0,0.0,0.0,45.590885,55332.0,0.0,0.0,1.1000862,491584.0,10303.0,98.52116,44025119.0,239037.0,0.0,5966.0,0.0,44685954.0,7.6190476,0.0,0.0,0.0,0.45699355,1025.0,224292.0,56073.0,0.0,0.0,0.0,0.0,dataset_2025.csv,202512,False,True
2025,12,Lima,Lima,San Martin De Porres,MOVISTAR,0.0,0.0,0.0,0.0,13.162756,275938.0,2.649063,18927.0,0.0,0.0,0.0,0.0,0.0,0.0,46.59859,327905.0,0.0,0.0,0.5059092,1667468.0,17959.0,96.19902,317070308.0,1574052.0,0.0,2279.0,0.0,329598269.0,7.4675326,0.0,0.0,0.0,0.53800607,7160.0,1330840.0,332710.0,0.0,0.0,0.0,0.0,dataset_2025.csv,202512,False,True
2025,12,Piura,Piura,Castilla,MOVISTAR,0.0,0.0,0.0,0.0,13.6528425,59283.0,2.7373693,3933.0,0.0,0.0,0.0,0.0,0.0,0.0,62.726505,100044.0,0.0,0.0,0.19915369,128848.0,2095.0,96.784454,62617385.0,298741.0,0.0,0.0,0.0,64697771.0,9.552846,0.0,0.0,0.0,0.42554343,1729.0,406304.0,101576.0,0.0,0.0,0.0,0.0,dataset_2025.csv,202512,False,True
2025,12,Piura,Piura,Catacaos,MOVISTAR,0.0,0.0,0.0,0.0,10.970329,30665.0,2.5759735,2025.0,0.0,0.0,0.0,0.0,0.0,0.0,57.701786,42696.0,0.0,0.0,0.12084829,38517.0,602.0,98.678986,31451155.0,140229.0,0.0,0.0,0.0,31872192.0,0.0,0.0,0.0,0.0,0.46613592,808.0,173340.0,43335.0,0.0,0.0,0.0,0.0,dataset_2025.csv,202512,False,True
2025,12,Piura,Piura,Piura,MOVISTAR,0.0,0.0,0.0,0.0,13.583127,106119.0,2.8305113,6194.0,0.0,0.0,0.0,0.0,173.85545,1024.0,64.66406,157267.0,0.0,0.0,0.38306156,458966.0,5369.0,97.53846,116865908.0,639451.0,0.0,158.0,0.0,119815211.0,3.136882,132.0,4208.0,1052.0,0.54367495,3485.0,641008.0,160252.0,0.0,0.0,0.0,0.0,dataset_2025.csv,202512,False,True
2025,12,Piura,Piura,Veintiseis De Octubre,MOVISTAR,0.0,0.0,0.0,0.0,12.004532,66027.0,2.5727038,5772.0,0.0,0.0,0.0,0.0,0.0,0.0,62.517315,89029.0,0.0,0.0,0.011808308,9156.0,0.0,96.995636,75209087.0,331960.0,0.0,0.0,0.0,77538627.0,0.0,0.0,0.0,0.0,0.3886642,1403.0,360980.0,90245.0,0.0,0.0,0.0,0.0,dataset_2025.csv,202512,False,True
2025,12,Puno,Puno,Puno,MOVISTAR,0.0,0.0,0.0,0.0,10.897299,175826.0,3.1645825,15187.0,0.0,0.0,0.0,0.0,0.0,0.0,60.901382,193981.0,0.0,0.0,0.17783734,242444.0,2797.0,96.104324,131018133.0,653423.0,0.0,0.0,0.0,136329075.0,5.1056337,0.0,0.0,0.0,0.5243555,4153.0,792020.0,198005.0,0.0,0.0,0.0,0.0,dataset_2025.csv,202512,False,True
2025,12,Puno,San Roman,Caracoto,MOVISTAR,0.0,0.0,0.0,0.0,12.501579,9532.0,2.681038,514.0,0.0,0.0,0.0,0.0,0.0,0.0,59.603085,6241.0,0.0,0.0,1.2949209,56261.0,543.0,91.549995,3977613.0,30879.0,0.0,0.0,0.0,4344744.0,0.0,0.0,0.0,0.0,0.770077,196.0,25452.0,6363.0,0.0,0.0,0.0,0.0,dataset_2025.csv,202512,False,True
2025,12,Puno,San Roman,Juliaca,MOVISTAR,0.0,0.0,0.0,0.0,11.455004,160457.0,3.2425508,13893.0,0.0,0.0,0.0,0.0,0.0,0.0,60.40872,163385.0,0.0,0.0,0.09662825,121068.0,1791.0,94.38953,118263048.0,643727.0,0.0,219.0,0.0,125292553.0,6.7460318,0.0,0.0,0.0,0.7624781,5142.0,674380.0,168595.0,0.0,0.0,0.0,0.0,dataset_2025.csv,202512,False,True
2025,12,Puno,San Roman,San Miguel,MOVISTAR,0.0,0.0,0.0,0.0,12.2399645,48456.0,2.387244,3390.0,0.0,0.0,0.0,0.0,0.0,0.0,62.745052,43306.0,0.0,0.0,0.5896471,158388.0,3026.0,96.68566,25971210.0,135117.0,0.0,0.0,0.0,26861491.0,13.013699,0.0,0.0,0.0,0.7887141,1410.0,178772.0,44693.0,0.0,0.0,0.0,0.0,dataset_2025.csv,202512,False,True
2025,12,San Martin,Moyobamba,Moyobamba,MOVISTAR,0.0,0.0,0.0,0.0,12.148629,23753.0,2.415687,1793.0,0.0,0.0,0.0,0.0,0.0,0.0,74.430756,24368.0,0.0,0.0,1.449215,479252.0,5678.0,92.50711,30591884.0,109064.0,0.0,0.0,0.0,33069765.0,4.524887,80.0,1768.0,442.0,0.5556666,556.0,100060.0,25015.0,0.0,0.0,0.0,0.0,dataset_2025.csv,202512,False,True
2025,12,Tacna,Candarave,Camilaca,MOVISTAR,0.0,0.0,0.0,0.0,11.16331,2826.0,0.0,0.0,0.0,0.0,0.0,0.0,163.90202,418.0,58.93733,2471.0,0.0,0.0,7.7725735,109826.0,1181.0,89.230385,1260820.0,4776.0,0.0,0.0,0.0,1412994.0,1.8107476,31.0,1712.0,428.0,0.6933439,70.0,10096.0,2524.0,0.0,0.0,0.0,0.0,dataset_2025.csv,202512,False,True
2025,12,Tumbes,Contralmirante Villar,Canoas De Punta Sal,MOVISTAR,0.0,0.0,0.0,0.0,12.04685,7721.0,3.6851676,830.0,0.0,0.0,0.0,0.0,149.34276,435.0,73.07137,8869.0,0.0,0.0,6.8616676,351353.0,5451.0,92.08278,4715116.0,20440.0,0.0,0.0,0.0,5120519.0,4.1666665,75.0,1800.0,450.0,0.4699248,170.0,36176.0,9044.0,0.0,0.0,0.0,0.0,dataset_2025.csv,202512,False,True
2025,12,Tumbes,Tumbes,Tumbes,MOVISTAR,0.0,0.0,0.0,0.0,12.804077,36872.0,2.3033106,2954.0,0.0,0.0,0.0,0.0,0.0,0.0,61.7704,49750.0,0.0,0.0,0.007534544,2936.0,0.0,96.12746,37458168.0,182680.0,0.0,0.0,0.0,38967189.0,0.0,0.0,0.0,0.0,0.39443016,792.0,200796.0,50199.0,0.0,0.0,0.0,0.0,dataset_2025.csv,202512,False,True
