ubigeo,departamento,provincia,distrito,poblacion_distrito,cp_referencia,cp_poblacion,altitud_m,region_natural_piso,region3
010101,AMAZONAS,CHACHAPOYAS,CHACHAPOYAS,32589,CHACHAPOYAS,32026,2483,Quechua,Sierra
010102,AMAZONAS,CHACHAPOYAS,ASUNCIÓN,262,ASUNCION,145,2823,Quechua,Sierra
010103,AMAZONAS,CHACHAPOYAS,BALSAS,1136,BALSAS,354,859,Rupa Rupa,Selva
010104,AMAZONAS,CHACHAPOYAS,CHETO,642,CHETO,449,2143,Yunga fluvial,Sierra
010105,AMAZONAS,CHACHAPOYAS,CHILIQUÍN,585,CHILIQUIN,105,2677,Quechua,Sierra
010106,AMAZONAS,CHACHAPOYAS,CHUQUIBAMBA,1781,CHUQUIBAMBA,527,2803,Quechua,Sierra
010107,AMAZONAS,CHACHAPOYAS,GRANADA,480,GRANADA,179,3041,Quechua,Sierra
010108,AMAZONAS,CHACHAPOYAS,HUANCAS,1258,HUANCAS,1215,2591,Quechua,Sierra
010109,AMAZONAS,CHACHAPOYAS,LA JALCA,3978,LA JALCA,2390,2869,Quechua,Sierra
010110,AMAZONAS,PADRE MINA,LEIMEBAMBA,3620,LEIMEBAMBA,1304,2226,Yunga fluvial,Sierra
010111,AMAZONAS,PADRE MINA,LEVANTO,794,LEVANTO,460,2681,Quechua,Sierra
010112,AMAZONAS,PADRE MINA,MAGDALENA,852,MAGDALENA,701,1892,Yunga fluvial,Sierra
010113,AMAZONAS,PADRE MINA,MARISCAL CASTILLA,1367,YERBABUENA,520,1989,Yunga fluvial,Sierra
010114,AMAZONAS,PADRE MINA,MOLINOPAMPA,2176,MOLINOPAMPA,653,2405,Quechua,Sierra
010115,AMAZONAS,PADRE MINA,MONTEVIDEO,496,MONTEVIDEO,460,2421,Quechua,Sierra
010116,AMAZONAS,PADRE MINA,OLLEROS,375,OLLEROS,135,3053,Quechua,Sierra
010117,AMAZONAS,PADRE MINA,QUINJALCA,769,QUINJALCA,101,3151,Quechua,Sierra
010118,AMAZONAS,PADRE MINA,SAN FRANCISCO DE DAGUAS,295,PIPUS,181,2028,Yunga fluvial,Sierra
010119,AMAZONAS,PADRE MINA,SAN ISIDRO DE MAINO,580,MAINO,430,2338,Quechua,Sierra
010120,AMAZONAS,HISHPINGO,SOLOCO,1224,MITO,350,2620,Quechua,Sierra
010121,AMAZONAS,HISHPINGO,SONCHE,247,NUEVO OLMAL,135,2499,Quechua,Sierra
010201,AMAZONAS,BAGUA,BAGUA,27102,BAGUA,24224,408,Rupa Rupa,Selva
010202,AMAZONAS,BAGUA,ARAMANGO,9765,EL MUYO (C.P.L.),1206,360,Omagua,Selva
010203,AMAZONAS,MAJUSH ENTSA,COPALLÍN,4595,COPALLIN,1907,693,Rupa Rupa,Selva
010204,AMAZONAS,MAJUSH ENTSA,EL PARCO,1216,EL PARCO,643,626,Rupa Rupa,Selva
010205,AMAZONAS,MAJUSH ENTSA,IMAZA,25162,CHIRIACO,2278,317,Omagua,Selva
010206,AMAZONAS,UYAI ENTSA,LA PECA,6260,LA PECA,3081,892,Rupa Rupa,Selva
010301,AMAZONAS,BONGARÁ,JUMBILLA,1337,JUMBILLA,1102,2081,Yunga fluvial,Sierra
010302,AMAZONAS,BONGARÁ,CHISQUILLA,306,CHISQUILLA,118,2057,Yunga fluvial,Sierra
010303,AMAZONAS,BONGARÁ,CHURUJA,287,CHURUJA,277,1399,Rupa Rupa,Selva
010304,AMAZONAS,BONGARÁ,COROSHA,772,BEIRUT,496,1901,Yunga fluvial,Sierra
010305,AMAZONAS,BONGARÁ,CUISPES,669,CUISPES,369,1912,Yunga fluvial,Sierra
010306,AMAZONAS,BONGARÁ,FLORIDA,5999,FLORIDA (POMACOCHAS),3739,2250,Yunga fluvial,Sierra
010307,AMAZONAS,BONGARÁ,JAZÁN,7580,PEDRO RUIZ GALLO,5361,1342,Rupa Rupa,Selva
010308,AMAZONAS,BONGARÁ,RECTA,208,CHUELTA,81,2279,Yunga fluvial,Sierra
010309,AMAZONAS,BONGARÁ,SAN CARLOS,489,SAN CARLOS,354,1942,Yunga fluvial,Sierra
010310,AMAZONAS,BONGARÁ,SHIPASBAMBA,1539,SHIPASBAMBA,801,1668,Yunga fluvial,Sierra
010311,AMAZONAS,BONGARÁ,VALERA,874,VALERA (SAN PABLO),285,1928,Yunga fluvial,Sierra
010312,AMAZONAS,BONGARÁ,YAMBRASBAMBA,5577,BUENOS AIRES,763,1896,Yunga fluvial,Sierra
010401,AMAZONAS,CONDORCANQUI,NIEVA,18626,SANTA MARIA DE NIEVA,2510,189,Omagua,Selva
010402,AMAZONAS,TSEKUNTS,EL CENEPA,9891,KUSU KUBAIM,1231,245,Omagua,Selva
010403,AMAZONAS,TSEKUNTS,RÍO SANTIAGO,13953,YUTUPIS,1434,191,Omagua,Selva
010501,AMAZONAS,LUYA,LÁMUD,2227,LAMUD,1996,2328,Quechua,Sierra
010502,AMAZONAS,LUYA,CAMPORREDONDO,6473,COCOCHO,2894,1818,Yunga fluvial,Sierra
010503,AMAZONAS,LUYA,COCABAMBA,1881,COCABAMBA,349,2273,Yunga fluvial,Sierra
010504,AMAZONAS,LA PIRCA,COLCAMAR,1853,COLCAMAR,1189,2355,Quechua,Sierra
010505,AMAZONAS,LA PIRCA,CONILA,1840,COHECHAN,1062,2767,Quechua,Sierra
010506,AMAZONAS,LA PIRCA,INGUILPATA,498,INGUILPATA,345,2380,Quechua,Sierra
010507,AMAZONAS,LA PIRCA,LONGUITA,839,CHOCTAMAL,282,2696,Quechua,Sierra
010508,AMAZONAS,LA PIRCA,LONYA CHICO,842,LONYA CHICO,347,2329,Quechua,Sierra
010509,AMAZONAS,LA PIRCA,LUYA,3959,LUYA,2358,2359,Quechua,Sierra
010510,AMAZONAS,LA PIRCA,LUYA VIEJO,388,LUYA VIEJO,388,2924,Quechua,Sierra
010511,AMAZONAS,LA PIRCA,MARÍA,744,MARIA,376,2757,Quechua,Sierra
010512,AMAZONAS,LA PIRCA,OCALLÍ,3556,OCALLI,1530,1867,Yunga fluvial,Sierra
010513,AMAZONAS,LA PIRCA,OCÚMAL,3446,COLLONCE,521,1898,Yunga fluvial,Sierra
010514,AMAZONAS,LA PIRCA,PISUQUÍA,4768,SAN MIGUEL DE PORO PORO,485,2118,Yunga fluvial,Sierra
010515,AMAZONAS,LA PIRCA,PROVIDENCIA,1316,CRUZ LOMAS,267,1849,Yunga fluvial,Sierra
010516,AMAZONAS,LA PIRCA,SAN CRISTÓBAL,546,OLTO,437,2636,Quechua,Sierra
010517,AMAZONAS,LA PIRCA,SAN FRANCISCO DEL YESO,695,SAN FRANCISCO DEL YESO,365,2404,Quechua,Sierra
010518,AMAZONAS,LA PIRCA,SAN JERÓNIMO,633,PACLAS,215,2498,Quechua,Sierra
010519,AMAZONAS,LA PIRCA,SAN JUAN DE LOPECANCHA,419,SAN MARTIN DEL MANGO,125,2779,Quechua,Sierra
010520,AMAZONAS,LA PIRCA,SANTA CATALINA,1888,INGENIO,525,1514,Yunga fluvial,Sierra
010521,AMAZONAS,LA PIRCA,SANTO TOMÁS,3012,SANTO TOMAS,889,2836,Quechua,Sierra
010522,AMAZONAS,INGENIO CHICO,TINGO,1265,NUEVO TINGO,619,1961,Yunga fluvial,Sierra
010523,AMAZONAS,INGENIO CHICO,TRITA,1348,TRITA,843,2888,Quechua,Sierra
010601,AMAZONAS,RODRÍGUEZ DE MENDOZA,SAN NICOLÁS,6016,MENDOZA,4989,1616,Yunga fluvial,Sierra
010602,AMAZONAS,RODRÍGUEZ DE MENDOZA,CHIRIMOTO,2498,ZARUMILLA,295,1186,Rupa Rupa,Selva
010603,AMAZONAS,RODRÍGUEZ DE MENDOZA,COCHAMAL,595,SAN MARCOS,380,1612,Yunga fluvial,Sierra
010604,AMAZONAS,RODRÍGUEZ DE MENDOZA,HUAMBO,2620,HUAMBO,725,1731,Yunga fluvial,Sierra
010605,AMAZONAS,RODRÍGUEZ DE MENDOZA,LIMABAMBA,2280,LIMABAMBA,429,1677,Yunga fluvial,Sierra
010606,AMAZONAS,RODRÍGUEZ DE MENDOZA,LONGAR,1631,LONGAR,867,1623,Yunga fluvial,Sierra
010607,AMAZONAS,RODRÍGUEZ DE MENDOZA,MARISCAL BENAVIDES,1506,MARISCAL BENAVIDES,1012,1592,Yunga fluvial,Sierra
010608,AMAZONAS,RODRÍGUEZ DE MENDOZA,MILPUC,453,MILPUC,256,1664,Yunga fluvial,Sierra
010609,AMAZONAS,RODRÍGUEZ DE MENDOZA,OMIA,8793,NUEVO CHIRIMOTO,1114,1494,Rupa Rupa,Selva
010610,AMAZONAS,RODRÍGUEZ DE MENDOZA,SANTA ROSA,512,SANTA ROSA DE HUAYABAMBA,152,1770,Yunga fluvial,Sierra
010611,AMAZONAS,RODRÍGUEZ DE MENDOZA,TOTORA,282,CALHUAYCO,78,1684,Yunga fluvial,Sierra
010612,AMAZONAS,RODRÍGUEZ DE MENDOZA,VISTA ALEGRE,2812,SALAS,497,1162,Rupa Rupa,Selva
010701,AMAZONAS,UTCUBAMBA,BAGUA GRANDE,50841,BAGUA GRANDE,32519,444,Rupa Rupa,Selva
010702,AMAZONAS,VALLE UTCUBAMBA,CAJARURO,23089,CAJARURO,1829,469,Rupa Rupa,Selva
010703,AMAZONAS,JOSE OLAYA,CUMBA,7855,CUMBA,1403,477,Rupa Rupa,Selva
010704,AMAZONAS,JOSE OLAYA,EL MILAGRO,5825,EL MILAGRO,1218,392,Omagua,Selva
010705,AMAZONAS,JOSE OLAYA,JAMALCA,6620,JAMALCA,924,1184,Rupa Rupa,Selva
010706,AMAZONAS,JOSE OLAYA,LONYA GRANDE,10080,LONYA GRANDE,2896,1269,Rupa Rupa,Selva
010707,AMAZONAS,JOSE OLAYA,YAMÓN,2927,EL PALTO,448,1137,Rupa Rupa,Selva
020101,ÁNCASH,HUARAZ,HUARAZ,60896,HUARAZ,53733,3073,Quechua,Sierra
020102,ÁNCASH,HUARAZ,COCHABAMBA,1639,COCHABAMBA,451,2135,Yunga marítima,Costa
020103,ÁNCASH,HUARAZ,COLCABAMBA,294,COLCABAMBA,134,3154,Quechua,Sierra
020104,ÁNCASH,HUARAZ,HUANCHAY,1600,HUANCHAY,289,2592,Quechua,Sierra
020105,ÁNCASH,HUARAZ,INDEPENDENCIA,76088,CENTENARIO,60683,3046,Quechua,Sierra
020106,ÁNCASH,HUARAZ,JANGAS,4781,JANGAS,1768,2824,Quechua,Sierra
020107,ÁNCASH,HUARAZ,LA LIBERTAD,1066,CAJAMARQUILLA,284,3343,Quechua,Sierra
020108,ÁNCASH,HUARAZ,OLLEROS,2351,HUARIPAMPA,986,3578,Suni,Sierra
020109,ÁNCASH,HUARAZ,PAMPAS GRANDE,956,PAMPAS GRANDE,332,3698,Suni,Sierra
020110,ÁNCASH,HUARAZ,PARIACOTO,4606,PARIACOTO,1262,1264,Yunga marítima,Costa
020111,ÁNCASH,HUARAZ,PIRA,3321,PIRA,731,3602,Suni,Sierra
020112,ÁNCASH,HUARAZ,TARICA,6338,TARICA,1419,2832,Quechua,Sierra
020201,ÁNCASH,AIJA,AIJA,2017,AIJA,835,3421,Quechua,Sierra
020202,ÁNCASH,AIJA,CORIS,1639,CORIS,403,2903,Quechua,Sierra
020203,ÁNCASH,AIJA,HUACLLÁN,364,HUACLLAN,215,3020,Quechua,Sierra
020204,ÁNCASH,AIJA,LA MERCED,1582,LA MERCED,271,3311,Quechua,Sierra
020205,ÁNCASH,AIJA,SUCCHA,714,SUCCHA,298,3167,Quechua,Sierra
020301,ÁNCASH,ANTONIO RAYMONDI,LLAMELLÍN,3288,LLAMELLIN,1817,3400,Quechua,Sierra
020302,ÁNCASH,ANTONIO RAYMONDI,ACZO,1918,ACZO,420,2680,Quechua,Sierra
020303,ÁNCASH,ANTONIO RAYMONDI,CHACCHO,1368,CHACCHO,444,3371,Quechua,Sierra
020304,ÁNCASH,ANTONIO RAYMONDI,CHINGAS,1851,CHINGAS,861,2866,Quechua,Sierra
020305,ÁNCASH,ANTONIO RAYMONDI,MIRGAS,4067,MIRGAS,510,3147,Quechua,Sierra
020306,ÁNCASH,ANTONIO RAYMONDI,SAN JUAN DE RONTOY,1158,CANTU (FLOR DE CANTU),398,3782,Suni,Sierra
020401,ÁNCASH,ASUNCIÓN,CHACAS,4563,CHACAS,1988,3387,Quechua,Sierra
020402,ÁNCASH,ASUNCIÓN,ACOCHACA,2815,SAPCHA,254,3520,Suni,Sierra
020501,ÁNCASH,BOLOGNESI,CHIQUIÁN,4023,CHIQUIAN,3514,3410,Quechua,Sierra
020502,ÁNCASH,BOLOGNESI,ABELARDO PARDO LEZAMETA,244,LLACLLA,202,2108,Yunga marítima,Costa
020503,ÁNCASH,BOLOGNESI,ANTONIO RAYMONDI,994,RAQUIA,344,2139,Yunga marítima,Costa
020504,ÁNCASH,BOLOGNESI,AQUIA,2062,AQUIA,599,3356,Quechua,Sierra
020505,ÁNCASH,BOLOGNESI,CAJACAY,1677,CAJACAY,671,2616,Quechua,Sierra
020506,ÁNCASH,BOLOGNESI,CANIS,312,CANIS,301,2465,Quechua,Sierra
020507,ÁNCASH,BOLOGNESI,COLQUIOC,2313,CHASQUITAMBO,1661,772,Yunga marítima,Costa
020508,ÁNCASH,BOLOGNESI,HUALLANCA,6468,HUALLANCA,5064,3563,Suni,Sierra
020509,ÁNCASH,BOLOGNESI,HUASTA,1432,HUASTA,482,3382,Quechua,Sierra
020510,ÁNCASH,BOLOGNESI,HUAYLLACAYÁN,1253,HUAYLLACAYAN,340,3287,Quechua,Sierra
020511,ÁNCASH,BOLOGNESI,LA PRIMAVERA,457,GORGORILLO,348,2658,Quechua,Sierra
020512,ÁNCASH,BOLOGNESI,MANGAS,492,MANGAS,372,3492,Quechua,Sierra
020513,ÁNCASH,BOLOGNESI,PACLLÓN,917,PACLLON,453,3296,Quechua,Sierra
020514,ÁNCASH,BOLOGNESI,SAN MIGUEL DE CORPANQUI,495,CORPANQUI,416,3405,Quechua,Sierra
020515,ÁNCASH,BOLOGNESI,TICLLOS,658,TICLLOS,404,3665,Suni,Sierra
020601,ÁNCASH,CARHUAZ,CARHUAZ,15122,CARHUAZ,7020,2663,Quechua,Sierra
020602,ÁNCASH,CARHUAZ,ACOPAMPA,2472,ACOPAMPA,965,2692,Quechua,Sierra
020603,ÁNCASH,CARHUAZ,AMASHCA,1431,AMASHCA,713,2905,Quechua,Sierra
020604,ÁNCASH,CARHUAZ,ANTA,2365,ANTA,750,2800,Quechua,Sierra
020605,ÁNCASH,CARHUAZ,ATAQUERO,1469,CARHUAC,281,2749,Quechua,Sierra
020606,ÁNCASH,CARHUAZ,MARCARÁ,9478,MARCARA,1416,2767,Quechua,Sierra
020607,ÁNCASH,CARHUAZ,PARIAHUANCA,1381,PARIAHUANCA,624,2830,Quechua,Sierra
020608,ÁNCASH,CARHUAZ,SAN MIGUEL DE ACO,2350,ACO,386,2956,Quechua,Sierra
020609,ÁNCASH,CARHUAZ,SHILLA,2789,SHILLA,688,3036,Quechua,Sierra
020610,ÁNCASH,CARHUAZ,TINCO,3335,TINCO,952,2606,Quechua,Sierra
020611,ÁNCASH,CARHUAZ,YUNGAR,2992,YUNGAR,707,2836,Quechua,Sierra
020701,ÁNCASH,CARLOS FERMÍN FITZCARRALD,SAN LUIS,10493,SAN LUIS,2249,3145,Quechua,Sierra
020702,ÁNCASH,CARLOS FERMÍN FITZCARRALD,SAN NICOLÁS,3131,SAN NICOLAS,792,2890,Quechua,Sierra
020703,ÁNCASH,CARLOS FERMÍN FITZCARRALD,YAUYA,4093,YAUYA,525,3257,Quechua,Sierra
020801,ÁNCASH,CASMA,CASMA,35765,CASMA,24760,59,Chala,Costa
020802,ÁNCASH,CASMA,BUENA VISTA ALTA,4831,HEROES DEL CENEPA-BUENA VISTA BAJA,1151,210,Chala,Costa
020803,ÁNCASH,CASMA,COMANDANTE NOEL,2088,SAN DIEGO,625,23,Chala,Costa
020804,ÁNCASH,CASMA,YAUTÁN,8305,YAUTAN,2446,831,Yunga marítima,Costa
020901,ÁNCASH,CORONGO,CORONGO,1677,CORONGO,1269,3172,Quechua,Sierra
020902,ÁNCASH,CORONGO,ACO,379,ACO,206,3118,Quechua,Sierra
020903,ÁNCASH,CORONGO,BAMBAS,445,PILLIPAMPA,244,2541,Quechua,Sierra
020904,ÁNCASH,CORONGO,CUSCA,2678,URCON,431,3296,Quechua,Sierra
020905,ÁNCASH,CORONGO,LA PAMPA,1026,LA PAMPA,783,1802,Yunga marítima,Costa
020906,ÁNCASH,CORONGO,YÁNAC,634,YANAC,243,2877,Quechua,Sierra
020907,ÁNCASH,CORONGO,YUPÁN,693,YUPAN,653,2781,Quechua,Sierra
021001,ÁNCASH,HUARI,HUARI,9178,HUARI,4850,3114,Quechua,Sierra
021002,ÁNCASH,HUARI,ANRA,1362,ANRA,287,3197,Quechua,Sierra
021003,ÁNCASH,HUARI,CAJAY,2573,CAJAY,652,3175,Quechua,Sierra
021004,ÁNCASH,HUARI,CHAVÍN DE HUÁNTAR,7971,CHAVIN DE HUANTAR,2384,3115,Quechua,Sierra
021005,ÁNCASH,HUARI,HUACACHI,1782,HUACACHI,774,3498,Quechua,Sierra
021006,ÁNCASH,HUARI,HUACCHIS,1427,YANAS,653,3425,Quechua,Sierra
021007,ÁNCASH,HUARI,HUACHIS,3307,HUACHIS,946,3275,Quechua,Sierra
021008,ÁNCASH,HUARI,HUÁNTAR,2571,HUANTAR,694,3363,Quechua,Sierra
021009,ÁNCASH,HUARI,MASIN,1361,MASIN,609,2547,Quechua,Sierra
021010,ÁNCASH,HUARI,PAUCAS,1561,PAUCAS,686,3433,Quechua,Sierra
021011,ÁNCASH,HUARI,PONTÓ,2642,PONTO,549,3142,Quechua,Sierra
021012,ÁNCASH,HUARI,RAHUAPAMPA,705,RAHUAPAMPA,496,2521,Quechua,Sierra
021013,ÁNCASH,HUARI,RAPAYÁN,1406,RAPAYAN,663,3233,Quechua,Sierra
021014,ÁNCASH,HUARI,SAN MARCOS,17033,SAN MARCOS,2989,2988,Quechua,Sierra
021015,ÁNCASH,HUARI,SAN PEDRO DE CHANA,2534,CHANA,747,3439,Quechua,Sierra
021016,ÁNCASH,HUARI,UCO,1301,UCO,691,3347,Quechua,Sierra
021101,ÁNCASH,HUARMEY,HUARMEY,25117,HUARMEY,20905,30,Chala,Costa
021102,ÁNCASH,HUARMEY,COCHAPETI,740,COCHAPETI,214,3529,Suni,Sierra
021103,ÁNCASH,HUARMEY,CULEBRAS,3097,LA CALETA CULEBRAS,1492,41,Chala,Costa
021104,ÁNCASH,HUARMEY,HUAYÁN,861,HUAYAN,351,2702,Quechua,Sierra
021105,ÁNCASH,HUARMEY,MALVAS,745,MALVAS,318,3132,Quechua,Sierra
021201,ÁNCASH,HUAYLAS,CARAZ,24128,CARAZ,15204,2273,Yunga marítima,Costa
021202,ÁNCASH,HUAYLAS,HUALLANCA,960,HUALLANCA,497,1390,Yunga marítima,Costa
021203,ÁNCASH,HUAYLAS,HUATA,1344,HUATA,213,2712,Quechua,Sierra
021204,ÁNCASH,HUAYLAS,HUAYLAS,1614,HUAYLAS,378,2735,Quechua,Sierra
021205,ÁNCASH,HUAYLAS,MATO,1849,SUCRE,619,2209,Yunga marítima,Costa
021206,ÁNCASH,HUAYLAS,PAMPAROMAS,7804,PAMPAROMAS,457,2772,Quechua,Sierra
021207,ÁNCASH,HUAYLAS,PUEBLO LIBRE,6371,TOCASH,443,2366,Quechua,Sierra
021208,ÁNCASH,HUAYLAS,SANTA CRUZ,4229,TZACTZA,377,3112,Quechua,Sierra
021209,ÁNCASH,HUAYLAS,SANTO TORIBIO,1055,SANTO TORIBIO,261,2926,Quechua,Sierra
021210,ÁNCASH,HUAYLAS,YURACMARCA,1980,YURACMARCA,465,1484,Yunga marítima,Costa
021301,ÁNCASH,MARISCAL LUZURIAGA,PISCOBAMBA,3024,PISCOBAMBA,1452,3326,Quechua,Sierra
021302,ÁNCASH,MARISCAL LUZURIAGA,CASCA,3668,CASCA,336,3176,Quechua,Sierra
021303,ÁNCASH,MARISCAL LUZURIAGA,ELEAZAR GUZMÁN BARRÓN,1326,HUANTULLY,271,3158,Quechua,Sierra
021304,ÁNCASH,MARISCAL LUZURIAGA,FIDEL OLIVAS ESCUDERO,1908,PARCO,381,3136,Quechua,Sierra
021305,ÁNCASH,MARISCAL LUZURIAGA,LLAMA,1020,PITEJ,154,2951,Quechua,Sierra
021306,ÁNCASH,MARISCAL LUZURIAGA,LLUMPA,5629,LLUICHOCOLPAN,460,3450,Quechua,Sierra
021307,ÁNCASH,MARISCAL LUZURIAGA,LUCMA,2732,SECCHA,304,3423,Quechua,Sierra
021308,ÁNCASH,MARISCAL LUZURIAGA,MUSGA,977,MUSGA,325,3001,Quechua,Sierra
021401,ÁNCASH,OCROS,OCROS,1203,OCROS,827,3238,Quechua,Sierra
021402,ÁNCASH,OCROS,ACAS,656,ACAS,340,3712,Suni,Sierra
021403,ÁNCASH,OCROS,CAJAMARQUILLA,300,CAJAMARQUILLA,292,3545,Suni,Sierra
021404,ÁNCASH,OCROS,CARHUAPAMPA,472,ACO,268,2250,Yunga marítima,Costa
021405,ÁNCASH,OCROS,COCHAS,1421,MICAELA BASTIDAS (VENADO MUERTO),216,367,Chala,Costa
021406,ÁNCASH,OCROS,CONGAS,1219,CONGAS,642,3112,Quechua,Sierra
021407,ÁNCASH,OCROS,LLIPA,279,LLIPA,256,2766,Quechua,Sierra
021408,ÁNCASH,OCROS,SAN CRISTÓBAL DE RAJÁN,438,RAJAN,335,3634,Suni,Sierra
021409,ÁNCASH,OCROS,SAN PEDRO,622,COPA,230,2243,Yunga marítima,Costa
021410,ÁNCASH,OCROS,SANTIAGO DE CHILCAS,429,SANTIAGO DE CHILCAS,304,3692,Suni,Sierra
021501,ÁNCASH,PALLASCA,CABANA,2445,CABANA,1858,3156,Quechua,Sierra
021502,ÁNCASH,PALLASCA,BOLOGNESI,986,BOLOGNESI,348,2931,Quechua,Sierra
021503,ÁNCASH,PALLASCA,CONCHUCOS,7391,CONCHUCOS,3116,3206,Quechua,Sierra
021504,ÁNCASH,PALLASCA,HUACASCHUQUE,523,HUACASCHUQUE,212,3140,Quechua,Sierra
021505,ÁNCASH,PALLASCA,HUANDOVAL,1001,HUANDOVAL,670,3062,Quechua,Sierra
021506,ÁNCASH,PALLASCA,LACABAMBA,505,LACABAMBA,287,3427,Quechua,Sierra
021507,ÁNCASH,PALLASCA,LLAPO,597,LLAPO,582,3416,Quechua,Sierra
021508,ÁNCASH,PALLASCA,PALLASCA,2364,PALLASCA,987,3086,Quechua,Sierra
021509,ÁNCASH,PALLASCA,PAMPAS,3980,PAMPAS,1794,3216,Quechua,Sierra
021510,ÁNCASH,PALLASCA,SANTA ROSA,1026,SANTA ROSA,313,2413,Quechua,Sierra
021511,ÁNCASH,PALLASCA,TAUCA,2673,TAUCA,1300,3368,Quechua,Sierra
021601,ÁNCASH,POMABAMBA,POMABAMBA,13834,POMABAMBA,5667,2964,Quechua,Sierra
021602,ÁNCASH,GANTU PUCCRO,HUAYLLÁN,2954,HUAYLLAN,497,2993,Quechua,Sierra
021603,ÁNCASH,GANTU PUCCRO,PAROBAMBA,5806,PAROBAMBA,685,3182,Quechua,Sierra
021604,ÁNCASH,GANTU PUCCRO,QUINUABAMBA,2200,QUINUABAMBA,224,3129,Quechua,Sierra
021701,ÁNCASH,RECUAY,RECUAY,4406,RECUAY,2395,3428,Quechua,Sierra
021702,ÁNCASH,RECUAY,CÁTAC,3907,CATAC,2776,3579,Suni,Sierra
021703,ÁNCASH,RECUAY,COTAPARACO,409,COTAPARACO,363,3032,Quechua,Sierra
021704,ÁNCASH,RECUAY,HUAYLLAPAMPA,620,HUAYLLAPAMPA,334,2908,Quechua,Sierra
021705,ÁNCASH,RECUAY,LLACLLÍN,912,LLACLLIN,563,3020,Quechua,Sierra
021706,ÁNCASH,RECUAY,MARCA,1608,MARCA,1191,2614,Quechua,Sierra
021707,ÁNCASH,RECUAY,PAMPAS CHICO,923,MAYORARCA,232,3324,Quechua,Sierra
021708,ÁNCASH,RECUAY,PARARÍN,1517,PARARIN,403,3402,Quechua,Sierra
021709,ÁNCASH,RECUAY,TAPACOCHA,421,TAPACOCHA,286,3596,Suni,Sierra
021710,ÁNCASH,RECUAY,TICAPAMPA,2462,TICAPAMPA,1674,3485,Quechua,Sierra
021801,ÁNCASH,SANTA,CHIMBOTE,206213,CHIMBOTE,179909,52,Chala,Costa
021802,ÁNCASH,SANTA,CÁCERES DEL PERÚ,4420,JIMBE,957,1210,Yunga marítima,Costa
021803,ÁNCASH,SANTA,COISHCO,15979,COISHCO,15979,31,Chala,Costa
021804,ÁNCASH,SANTA,MACATE,3125,MACATE,332,2731,Quechua,Sierra
021805,ÁNCASH,SANTA,MORO,8034,MORO,3926,504,Yunga marítima,Costa
021806,ÁNCASH,SANTA,NEPEÑA,14324,SAN JACINTO,8470,284,Chala,Costa
021807,ÁNCASH,SANTA,SAMANCO,4770,SAMANCO,2233,17,Chala,Costa
021808,ÁNCASH,SANTA,SANTA,19621,SANTA,17253,35,Chala,Costa
021809,ÁNCASH,SANTA,NUEVO CHIMBOTE,159321,BUENOS AIRES,158385,40,Chala,Costa
021901,ÁNCASH,SIHUAS,SIHUAS,5411,SIHUAS,4354,2767,Quechua,Sierra
021902,ÁNCASH,SIHUAS,ACOBAMBA,1612,LOS JARDINES (QUILCA ALTO),586,3252,Quechua,Sierra
021903,ÁNCASH,SIHUAS,ALFONSO UGARTE,533,ULLULLUCO,207,3197,Quechua,Sierra
021904,ÁNCASH,SIHUAS,CASHAPAMPA,2739,PASACANCHA,494,3542,Suni,Sierra
021905,ÁNCASH,SIHUAS,CHINGALPO,905,CHINGALPO,462,3157,Quechua,Sierra
021906,ÁNCASH,SIHUAS,HUAYLLABAMBA,3518,SANTA CLARA,706,3396,Quechua,Sierra
021907,ÁNCASH,SIHUAS,QUICHES,2306,QUICHES,548,3035,Quechua,Sierra
021908,ÁNCASH,SIHUAS,RAGASH,2278,RAGASH,343,3437,Quechua,Sierra
021909,ÁNCASH,SIHUAS,SAN JUAN,6187,CHINCHOBAMBA,446,3034,Quechua,Sierra
021910,ÁNCASH,SIHUAS,SICSIBAMBA,1482,SICSIBAMBA,395,2921,Quechua,Sierra
022001,ÁNCASH,YUNGAY,YUNGAY,20070,YUNGAY,7541,2516,Quechua,Sierra
022002,ÁNCASH,YUNGAY,CASCAPARA,1674,PAMPAHUASI,178,3264,Quechua,Sierra
022003,ÁNCASH,YUNGAY,MANCOS,6336,MANCOS,1487,2542,Quechua,Sierra
022004,ÁNCASH,YUNGAY,MATACOTO,1343,MATACOTO,323,2486,Quechua,Sierra
022005,ÁNCASH,YUNGAY,QUILLO,11629,QUILLO,683,1267,Yunga marítima,Costa
022006,ÁNCASH,YUNGAY,RANRAHIRCA,2657,RANRAHIRCA,1010,2496,Quechua,Sierra
022007,ÁNCASH,YUNGAY,SHUPLUY,1840,SHUPLUY,198,2516,Quechua,Sierra
022008,ÁNCASH,YUNGAY,YANAMA,5292,YANAMA,439,3389,Quechua,Sierra
030101,APURÍMAC,ABANCAY,ABANCAY,69028,ABANCAY,63106,2500,Quechua,Sierra
030102,APURÍMAC,ABANCAY,CHACOCHE,1339,CASINCHIHUA,833,2071,Yunga fluvial,Sierra
030103,APURÍMAC,ABANCAY,CIRCA,1866,CIRCA,301,3206,Quechua,Sierra
030104,APURÍMAC,ABANCAY,CURAHUASI,16223,CURAHUASI,6685,2694,Quechua,Sierra
030105,APURÍMAC,ABANCAY,HUANIPACA,2886,HUANIPACA,623,3155,Quechua,Sierra
030106,APURÍMAC,ABANCAY,LAMBRAMA,3002,LAMBRAMA,579,3126,Quechua,Sierra
030107,APURÍMAC,ABANCAY,PICHIRHUA,2774,AUQUIBAMBA,344,2275,Yunga fluvial,Sierra
030108,APURÍMAC,ABANCAY,SAN PEDRO DE CACHORA,2541,CACHORA,752,2916,Quechua,Sierra
030109,APURÍMAC,ABANCAY,TAMBURCO,10861,TAMBURCO,9171,2620,Quechua,Sierra
030201,APURÍMAC,ANDAHUAYLAS,ANDAHUAYLAS,42268,ANDAHUAYLAS,34896,2836,Quechua,Sierra
030202,APURÍMAC,ANDAHUAYLAS,ANDARAPA,5459,HUANCAS,560,3182,Quechua,Sierra
030203,APURÍMAC,ANDAHUAYLAS,CHIARA,1186,CHIARA,534,3289,Quechua,Sierra
030204,APURÍMAC,ANDAHUAYLAS,HUANCARAMA,5210,HUANCARAMA,2225,2976,Quechua,Sierra
030205,APURÍMAC,ANDAHUAYLAS,HUANCARAY,3753,HUANCARAY,433,2909,Quechua,Sierra
030206,APURÍMAC,ANDAHUAYLAS,HUAYANA,750,HUAYANA,483,3196,Quechua,Sierra
030207,APURÍMAC,ANDAHUAYLAS,KISHUARA,6023,KISHUARA,1010,3717,Suni,Sierra
030208,APURÍMAC,ANDAHUAYLAS,PACOBAMBA,3452,PACOBAMBA,469,2712,Quechua,Sierra
030209,APURÍMAC,ANDAHUAYLAS,PACUCHA,7989,PACUCHA,1051,3162,Quechua,Sierra
030210,APURÍMAC,ANDAHUAYLAS,PAMPACHIRI,2199,PAMPACHIRI,641,3388,Quechua,Sierra
030211,APURÍMAC,ANDAHUAYLAS,POMACOCHA,863,POMACOCHA,627,3673,Suni,Sierra
030212,APURÍMAC,ANDAHUAYLAS,SAN ANTONIO DE CACHI,2910,SAN JUAN DE KULA,384,3373,Quechua,Sierra
030213,APURÍMAC,ANDAHUAYLAS,SAN JERÓNIMO,20738,SAN JERONIMO,11829,2973,Quechua,Sierra
030214,APURÍMAC,ANDAHUAYLAS,SAN MIGUEL DE CHACCRAMPA,1613,CHACCRAMPA,637,3681,Suni,Sierra
030215,APURÍMAC,ANDAHUAYLAS,SANTA MARÍA DE CHICMO,8152,NUEVA ESPERANZA,1753,3565,Suni,Sierra
030216,APURÍMAC,ANDAHUAYLAS,TALAVERA,18509,TALAVERA,11691,2842,Quechua,Sierra
030217,APURÍMAC,ANDAHUAYLAS,TUMAY HUARACA,1864,UMAMARCA,512,3409,Quechua,Sierra
030218,APURÍMAC,ANDAHUAYLAS,TURPO,3642,TURPO,649,3327,Quechua,Sierra
030219,APURÍMAC,ANDAHUAYLAS,KAQUIABAMBA,1816,KAQUIABAMBA,656,3087,Quechua,Sierra
030220,APURÍMAC,ANDAHUAYLAS,JOSÉ MARÍA ARGUEDAS,4081,HUANCABAMBA,2492,3590,Suni,Sierra
030301,APURÍMAC,ANTABAMBA,ANTABAMBA,2776,ANTABAMBA,2061,3664,Suni,Sierra
030302,APURÍMAC,ANTABAMBA,EL ORO,552,AYAHUAY,442,3304,Quechua,Sierra
030303,APURÍMAC,ANTABAMBA,HUAQUIRCA,1841,HUAQUIRCA,1104,3500,Suni,Sierra
030304,APURÍMAC,ANTABAMBA,JUAN ESPINOZA MEDRANO,1711,MOLLEBAMBA,644,3316,Quechua,Sierra
030305,APURÍMAC,ANTABAMBA,OROPESA,2268,OROPESA,1667,3327,Quechua,Sierra
030306,APURÍMAC,ANTABAMBA,PACHACONAS,1054,PACHACONAS,802,3465,Quechua,Sierra
030307,APURÍMAC,ANTABAMBA,SABAINO,1108,SABAINO,686,3441,Quechua,Sierra
030401,APURÍMAC,AYMARAES,CHALHUANCA,4928,CHALHUANCA,4297,2929,Quechua,Sierra
030402,APURÍMAC,AYMARAES,CAPAYA,580,CAPAYA,231,3311,Quechua,Sierra
030403,APURÍMAC,AYMARAES,CARAYBAMBA,929,CARAYBAMBA,480,3324,Quechua,Sierra
030404,APURÍMAC,AYMARAES,CHAPIMARCA,1893,ANCOBAMBA,429,3603,Suni,Sierra
030405,APURÍMAC,AYMARAES,COLCABAMBA,693,COLCABAMBA,479,3174,Quechua,Sierra
030406,APURÍMAC,AYMARAES,COTARUSE,2570,COTARUSE,611,3268,Quechua,Sierra
030407,APURÍMAC,AYMARAES,IHUAYLLO,462,IHUAYLLO,161,3172,Quechua,Sierra
030408,APURÍMAC,AYMARAES,JUSTO APU SAHUARAURA,735,PICHIHUA,225,3133,Quechua,Sierra
030409,APURÍMAC,AYMARAES,LUCRE,1529,JUTA,281,3184,Quechua,Sierra
030410,APURÍMAC,AYMARAES,POCOHUANCA,1022,POCOHUANCA,286,3374,Quechua,Sierra
030411,APURÍMAC,AYMARAES,SAN JUAN DE CHACÑA,769,SAN JUAN DE CHACÑA,632,2874,Quechua,Sierra
030412,APURÍMAC,AYMARAES,SAÑAYCA,1107,SAÑAYCA,535,3373,Quechua,Sierra
030413,APURÍMAC,AYMARAES,SORAYA,711,SORAYA,168,2884,Quechua,Sierra
030414,APURÍMAC,AYMARAES,TAPAIRIHUA,1848,SOCCO,263,2453,Quechua,Sierra
030415,APURÍMAC,AYMARAES,TINTAY,2272,TINTAY,737,2824,Quechua,Sierra
030416,APURÍMAC,AYMARAES,TORAYA,1278,TORAYA,431,3167,Quechua,Sierra
030417,APURÍMAC,AYMARAES,YANACA,981,YANACA,574,3339,Quechua,Sierra
030501,APURÍMAC,COTABAMBAS,TAMBOBAMBA,10381,TAMBOBAMBA,4063,3267,Quechua,Sierra
030502,APURÍMAC,COTABAMBAS,COTABAMBAS,3886,COTABAMBAS,1604,3557,Suni,Sierra
030503,APURÍMAC,COTABAMBAS,COYLLURQUI,6586,COYLLURQUI,915,3184,Quechua,Sierra
030504,APURÍMAC,COTABAMBAS,HAQUIRA,9430,HAQUIRA,3418,3698,Suni,Sierra
030505,APURÍMAC,COTABAMBAS,MARA,5848,MARA,1146,3792,Suni,Sierra
030506,APURÍMAC,COTABAMBAS,CHALLHUAHUACHO,14525,CHALLHUAHUACHO,5648,3724,Suni,Sierra
030601,APURÍMAC,CHINCHEROS,CHINCHEROS,5293,CHINCHEROS,1797,2799,Quechua,Sierra
030602,APURÍMAC,CHINCHEROS,ANCO-HUALLO,10388,URIPA,6256,3238,Quechua,Sierra
030603,APURÍMAC,CHINCHEROS,COCHARCAS,1728,COCHARCAS,469,3051,Quechua,Sierra
030604,APURÍMAC,CHINCHEROS,HUACCANA,6634,HUACCANA,1246,3093,Quechua,Sierra
030605,APURÍMAC,CHINCHEROS,OCOBAMBA,6759,MAUCALLACTA,868,3320,Quechua,Sierra
030606,APURÍMAC,CHINCHEROS,ONGOY,2344,UNION LOS ANGELES DE CALLAPAYOCC,337,3053,Quechua,Sierra
030607,APURÍMAC,CHINCHEROS,URANMARCA,2650,URANMARCA,738,3114,Quechua,Sierra
030608,APURÍMAC,CHINCHEROS,RANRACANCHA,4046,RANRACANCHA,969,3426,Quechua,Sierra
030609,APURÍMAC,CHINCHEROS,ROCCHACC,2689,ROCCHACC,880,3042,Quechua,Sierra
030610,APURÍMAC,CHINCHEROS,EL PORVENIR,1728,PORVENIR,656,3219,Quechua,Sierra
030611,APURÍMAC,CHINCHEROS,LOS CHANKAS,988,RIO BLANCO,266,2058,Yunga fluvial,Sierra
030701,APURÍMAC,GRAU,CHUQUIBAMBILLA,5023,CHUQUIBAMBILLA,3105,3360,Quechua,Sierra
030702,APURÍMAC,GRAU,CURPAHUASI,1936,CURPAHUASI,410,3490,Quechua,Sierra
030703,APURÍMAC,GRAU,GAMARRA,2782,PALPACACHI,293,3489,Quechua,Sierra
030704,APURÍMAC,GRAU,HUAYLLATI,1368,HUAYLLATI,354,3469,Quechua,Sierra
030705,APURÍMAC,GRAU,MAMARA,858,MAMARA,527,3618,Suni,Sierra
030706,APURÍMAC,GRAU,MICAELA BASTIDAS,935,AYRIHUANCA,423,3528,Suni,Sierra
030707,APURÍMAC,GRAU,PATAYPAMPA,798,PIYAY,208,3900,Suni,Sierra
030708,APURÍMAC,GRAU,PROGRESO,2945,PROGRESO,1113,3817,Suni,Sierra
030709,APURÍMAC,GRAU,SAN ANTONIO,272,SAN ANTONIO,232,3483,Quechua,Sierra
030710,APURÍMAC,GRAU,SANTA ROSA,560,SANTA ROSA,244,3539,Suni,Sierra
030711,APURÍMAC,GRAU,TURPAY,628,TURPAY,571,3448,Quechua,Sierra
030712,APURÍMAC,GRAU,VILCABAMBA,1233,VILCABAMBA,1194,2801,Quechua,Sierra
030713,APURÍMAC,GRAU,VIRUNDO,675,SAN JUAN DE VIRUNDO,621,3876,Suni,Sierra
030714,APURÍMAC,GRAU,CURASCO,1229,CURASCO,458,3566,Suni,Sierra
040101,AREQUIPA,AREQUIPA,AREQUIPA,55437,AREQUIPA,55437,2429,Quechua,Sierra
040102,AREQUIPA,AREQUIPA,ALTO SELVA ALEGRE,85870,SELVA ALEGRE,85870,2510,Quechua,Sierra
040103,AREQUIPA,AREQUIPA,CAYMA,91935,CAYMA,91922,2531,Quechua,Sierra
040104,AREQUIPA,AREQUIPA,CERRO COLORADO,197954,CONO NORTE,119395,2486,Quechua,Sierra
040105,AREQUIPA,AREQUIPA,CHARACATO,12949,CHARACATO,12411,2506,Quechua,Sierra
040106,AREQUIPA,AREQUIPA,CHIGUATA,2939,SAN BERNARDO DE CHIHUATA (CHIHUATA),1394,2660,Quechua,Sierra
040107,AREQUIPA,AREQUIPA,JACOBO HUNTER,50164,JACOBO HUNTER,50145,2309,Quechua,Sierra
040108,AREQUIPA,AREQUIPA,LA JOYA,32019,EL TRIUNFO (EL CRUCE),8909,1575,Yunga marítima,Costa
040109,AREQUIPA,AREQUIPA,MARIANO MELGAR,59918,MARIANO MELGAR,59918,2459,Quechua,Sierra
040110,AREQUIPA,AREQUIPA,MIRAFLORES,60589,MIRAFLORES,60589,2450,Quechua,Sierra
040111,AREQUIPA,AREQUIPA,MOLLEBAYA,4756,SAN ISIDRO_VIRGEN DE CHAPI_MACHAHUAYA,1975,2403,Quechua,Sierra
040112,AREQUIPA,AREQUIPA,PAUCARPATA,131346,PAUCARPATA,131346,2453,Quechua,Sierra
040113,AREQUIPA,AREQUIPA,POCSI,445,POCSI,170,3045,Quechua,Sierra
040114,AREQUIPA,AREQUIPA,POLOBAYA,837,POLOBAYA CHICO,149,3041,Quechua,Sierra
040115,AREQUIPA,AREQUIPA,QUEQUEÑA,4784,QUEBRADA HONDA,4434,2450,Quechua,Sierra
040116,AREQUIPA,AREQUIPA,SABANDÍA,4368,SABANDIA,3771,2441,Quechua,Sierra
040117,AREQUIPA,AREQUIPA,SACHACA,24225,SACHACA,23675,2300,Quechua,Sierra
040118,AREQUIPA,AREQUIPA,SAN JUAN DE SIGUAS,611,TAMBILLO,448,1281,Yunga marítima,Costa
040119,AREQUIPA,AREQUIPA,SAN JUAN DE TARUCANI,1377,SALINAS HUITO,315,4336,Puna,Sierra
040120,AREQUIPA,AREQUIPA,SANTA ISABEL DE SIGUAS,682,SANTA ISABEL DE SIGUAS,90,1390,Yunga marítima,Costa
040121,AREQUIPA,AREQUIPA,SANTA RITA DE SIGUAS,6318,SANTA RITA DE SIGUAS,6119,1283,Yunga marítima,Costa
040122,AREQUIPA,AREQUIPA,SOCABAYA,75351,SOCABAYA,59543,2352,Quechua,Sierra
040123,AREQUIPA,AREQUIPA,TIABAYA,16191,TIABAYA,10870,2218,Yunga marítima,Costa
040124,AREQUIPA,AREQUIPA,UCHUMAYO,14054,CERRO VERDE,6176,2144,Yunga marítima,Costa
040125,AREQUIPA,AREQUIPA,VÍTOR,3610,VITOR,1126,1189,Yunga marítima,Costa
040126,AREQUIPA,AREQUIPA,YANAHUARA,25417,YANAHUARA,25417,2402,Quechua,Sierra
040127,AREQUIPA,AREQUIPA,YARABAMBA,1314,SAN ANTONIO,707,2617,Quechua,Sierra
040128,AREQUIPA,AREQUIPA,YURA,33346,CONO NORTE,31053,2722,Quechua,Sierra
040129,AREQUIPA,AREQUIPA,JOSÉ LUIS BUSTAMANTE Y RIVERO,81829,CIUDAD SATELITE,81829,2389,Quechua,Sierra
040201,AREQUIPA,CAMANÁ,CAMANÁ,13367,CAMANA,13364,20,Chala,Costa
040202,AREQUIPA,CAMANÁ,JOSÉ MARÍA QUIMPER,4641,HUACAPUY,2532,40,Chala,Costa
040203,AREQUIPA,CAMANÁ,MARIANO NICOLÁS VALCÁRCEL,6997,SECOCHA,5119,490,Chala,Costa
040204,AREQUIPA,CAMANÁ,MARISCAL CÁCERES,6195,PUCCHUN,3588,30,Chala,Costa
040205,AREQUIPA,CAMANÁ,NICOLÁS DE PIÉROLA,7106,SAN GREGORIO,4532,71,Chala,Costa
040206,AREQUIPA,CAMANÁ,OCOÑA,4171,OCOÑA,1365,16,Chala,Costa
040207,AREQUIPA,CAMANÁ,QUILCA,943,LA CALETA (PUERTO MENOR DE QUILCA),439,15,Chala,Costa
040208,AREQUIPA,CAMANÁ,SAMUEL PASTOR,15950,LA PAMPA,9194,21,Chala,Costa
040301,AREQUIPA,CARAVELÍ,CARAVELÍ,4259,CARAVELI,4104,1811,Yunga marítima,Costa
040302,AREQUIPA,CARAVELÍ,ACARÍ,4923,ACARI,3097,171,Chala,Costa
040303,AREQUIPA,CARAVELÍ,ATICO,5215,LA FLORIDA,4364,56,Chala,Costa
040304,AREQUIPA,CARAVELÍ,ATIQUIPA,473,AGUA SALADA,169,249,Chala,Costa
040305,AREQUIPA,CARAVELÍ,BELLA UNIÓN,3171,BELLA UNION,2882,218,Chala,Costa
040306,AREQUIPA,CARAVELÍ,CAHUACHO,610,AYROCA,224,3599,Suni,Sierra
040307,AREQUIPA,CARAVELÍ,CHALA,9240,CHALA,7940,21,Chala,Costa
040308,AREQUIPA,CARAVELÍ,CHAPARRA,3685,PUEBLO VIEJO (CHAPARRA),1426,1124,Yunga marítima,Costa
040309,AREQUIPA,CARAVELÍ,HUANUHUANU,3047,MOLLEHUACA,1713,1395,Yunga marítima,Costa
040310,AREQUIPA,CARAVELÍ,JAQUI,1532,JAQUI,1400,271,Chala,Costa
040311,AREQUIPA,CARAVELÍ,LOMAS,1477,LOMAS,1402,26,Chala,Costa
040312,AREQUIPA,CARAVELÍ,QUICACHA,1837,TIERRAS BLANCAS,653,1865,Yunga marítima,Costa
040313,AREQUIPA,CARAVELÍ,YAUCA,1877,YAUCA,1468,31,Chala,Costa
040401,AREQUIPA,CASTILLA,APLAO,8435,APLAO,2860,624,Yunga marítima,Costa
040402,AREQUIPA,CASTILLA,ANDAGUA,1038,ANDAGUA,781,3594,Suni,Sierra
040403,AREQUIPA,CASTILLA,AYO,242,AYO,196,2003,Yunga marítima,Costa
040404,AREQUIPA,CASTILLA,CHACHAS,1646,CHACHAS,578,3117,Quechua,Sierra
040405,AREQUIPA,CASTILLA,CHILCAYMARCA,947,CHILCAYMARCA,616,3867,Suni,Sierra
040406,AREQUIPA,CASTILLA,CHOCO,702,CHOCO,213,2418,Quechua,Sierra
040407,AREQUIPA,CASTILLA,HUANCARQUI,1472,HUANCARQUI,1256,620,Yunga marítima,Costa
040408,AREQUIPA,CASTILLA,MACHAGUAY,488,MACHAGUAY,232,3131,Quechua,Sierra
040409,AREQUIPA,CASTILLA,ORCOPAMPA,8177,ORCOPAMPA,7665,3818,Suni,Sierra
040410,AREQUIPA,CASTILLA,PAMPACOLCA,2032,PAMPACOLCA,1438,2922,Quechua,Sierra
040411,AREQUIPA,CASTILLA,TIPÁN,432,TIPAN,135,1939,Yunga marítima,Costa
040412,AREQUIPA,CASTILLA,UÑÓN,207,UÑON,123,2726,Quechua,Sierra
040413,AREQUIPA,CASTILLA,URACA,6266,CORIRE,2312,452,Chala,Costa
040414,AREQUIPA,CASTILLA,VIRACO,1545,VIRACO,1102,3210,Quechua,Sierra
040501,AREQUIPA,CAYLLOMA,CHIVAY,5770,CHIVAY,5622,3683,Suni,Sierra
040502,AREQUIPA,CAYLLOMA,ACHOMA,841,ACHOMA,788,3524,Suni,Sierra
040503,AREQUIPA,CAYLLOMA,CABANACONDE,2096,CABANACONDE,1632,3295,Quechua,Sierra
040504,AREQUIPA,CAYLLOMA,CALLALLI,1458,CALLALLI,914,3887,Suni,Sierra
040505,AREQUIPA,LLAPA CCOLLO,CAYLLOMA,3697,CAYLLOMA,3192,4361,Puna,Sierra
040506,AREQUIPA,HUAÑACCAYA,COPORAQUE,1089,COPORAQUE,760,3600,Suni,Sierra
040507,AREQUIPA,HUAÑACCAYA,HUAMBO,670,HUAMBO,454,3623,Suni,Sierra
040508,AREQUIPA,HUAÑACCAYA,HUANCA,1010,HUANCA,586,3073,Quechua,Sierra
040509,AREQUIPA,HUAÑACCAYA,ICHUPAMPA,555,ICHUPAMPA,538,3422,Quechua,Sierra
040510,AREQUIPA,HUAÑACCAYA,LARI,904,LARI,849,3373,Quechua,Sierra
040511,AREQUIPA,HUAÑACCAYA,LLUTA,718,LLUTA,318,3031,Quechua,Sierra
040512,AREQUIPA,HUAÑACCAYA,MACA,701,MACA,691,3287,Quechua,Sierra
040513,AREQUIPA,HUAÑACCAYA,MADRIGAL,648,MADRIGAL,641,3300,Quechua,Sierra
040514,AREQUIPA,HUAÑACCAYA,SAN ANTONIO DE CHUCA,886,IMATA,422,4470,Puna,Sierra
040515,AREQUIPA,HUAÑACCAYA,SIBAYO,669,SIBAYO,539,3836,Suni,Sierra
040516,AREQUIPA,HUAÑACCAYA,TAPAY,772,TAMBOMAYO,324,4820,Janca,Sierra
040517,AREQUIPA,HUAÑACCAYA,TISCO,1441,TISCO,460,4195,Puna,Sierra
040518,AREQUIPA,HUILACCOTA,TUTI,621,TUTI,528,3831,Suni,Sierra
040519,AREQUIPA,HUILACCOTA,YANQUE,2117,YANQUE,1549,3468,Quechua,Sierra
040520,AREQUIPA,HUILACCOTA,MAJES,60108,EL PEDREGAL,44264,1392,Yunga marítima,Costa
040601,AREQUIPA,CONDESUYOS,CHUQUIBAMBA,3290,CHUQUIBAMBA,2830,2916,Quechua,Sierra
040602,AREQUIPA,CONDESUYOS,ANDARAY,677,PALCA,276,2768,Quechua,Sierra
040603,AREQUIPA,CONDESUYOS,CAYARANI,3212,CHOCÑE HUAQUI,663,4758,Puna,Sierra
040604,AREQUIPA,CONDESUYOS,CHICHAS,675,CHICHAS,341,2174,Yunga marítima,Costa
040605,AREQUIPA,CONDESUYOS,IRAY,595,IRAY,359,2590,Quechua,Sierra
040606,AREQUIPA,CONDESUYOS,RÍO GRANDE,3263,SAN JUAN DE CHORUNGA,1335,733,Yunga marítima,Costa
040607,AREQUIPA,CONDESUYOS,SALAMANCA,478,SALAMANCA,272,3226,Quechua,Sierra
040608,AREQUIPA,CONDESUYOS,YANAQUIHUA,3928,CENTRAL CERRO RICO,575,2624,Quechua,Sierra
040701,AREQUIPA,ISLAY,MOLLENDO,24073,MOLLENDO,23886,73,Chala,Costa
040702,AREQUIPA,ISLAY,COCACHACRA,8347,COCACHACRA,5477,114,Chala,Costa
040703,AREQUIPA,ISLAY,DEAN VALDIVIA,6854,LA CURVA,2536,16,Chala,Costa
040704,AREQUIPA,ISLAY,ISLAY,5132,ISLAY (MATARANI),5132,110,Chala,Costa
040705,AREQUIPA,ISLAY,MEJÍA,1172,MEJIA,835,9,Chala,Costa
040706,AREQUIPA,ISLAY,PUNTA DE BOMBÓN,6456,PUNTA DE BOMBON,5813,138,Chala,Costa
040801,AREQUIPA,LA UNIÓN,COTAHUASI,2925,COTAHUASI,2190,2696,Quechua,Sierra
040802,AREQUIPA,LA UNIÓN,ALCA,1849,AYAHUASI,574,3436,Quechua,Sierra
040803,AREQUIPA,LA UNIÓN,CHARCANA,577,CHARCANA,373,3432,Quechua,Sierra
040804,AREQUIPA,LA UNIÓN,HUAYNACOTAS,1913,HUAYNACOTAS,736,3314,Quechua,Sierra
040805,AREQUIPA,LA UNIÓN,PAMPAMARCA,1122,PAMPAMARCA,261,3387,Quechua,Sierra
040806,AREQUIPA,LA UNIÓN,PUYCA,2342,PUYCA,760,3675,Suni,Sierra
040807,AREQUIPA,LA UNIÓN,QUECHUALLA,265,VELINGA,84,1964,Yunga marítima,Costa
040808,AREQUIPA,LA UNIÓN,SAYLA,319,SAYLA,154,3544,Suni,Sierra
040809,AREQUIPA,LA UNIÓN,TAURÍA,301,TAURIA,225,2850,Quechua,Sierra
040810,AREQUIPA,LA UNIÓN,TOMEPAMPA,658,TOMEPAMPA,302,2644,Quechua,Sierra
040811,AREQUIPA,LA UNIÓN,TORO,556,TORO,246,2987,Quechua,Sierra
050101,AYACUCHO,HUAMANGA,AYACUCHO,99427,AYACUCHO,95371,2797,Quechua,Sierra
050102,AYACUCHO,HUAMANGA,ACOCRO,7403,CARHUASCHOQUE,533,3336,Quechua,Sierra
050103,AYACUCHO,HUAMANGA,ACOS VINCHOS,4383,ACOS VINCHOS,671,2874,Quechua,Sierra
050104,AYACUCHO,HUAMANGA,CARMEN ALTO,28252,CARMEN ALTO,24308,2921,Quechua,Sierra
050105,AYACUCHO,HUAMANGA,CHIARA,5698,MANALLASACC,1285,3532,Suni,Sierra
050106,AYACUCHO,HUAMANGA,OCROS,5373,CHUMBES,555,2816,Quechua,Sierra
050107,AYACUCHO,HUAMANGA,PACAYCASA,3114,COMPAÑIA,968,2440,Quechua,Sierra
050108,AYACUCHO,HUAMANGA,QUINUA,5083,QUINUA,2115,3301,Quechua,Sierra
050109,AYACUCHO,HUAMANGA,SAN JOSÉ DE TICLLAS,1403,SAN JOSE DE BELLAVISTA,144,3155,Quechua,Sierra
050110,AYACUCHO,HUAMANGA,SAN JUAN BAUTISTA,49034,SAN JUAN BAUTISTA,48979,2786,Quechua,Sierra
050111,AYACUCHO,HUAMANGA,SANTIAGO DE PISCHA,1427,CCAYARPACHI,465,2590,Quechua,Sierra
050112,AYACUCHO,HUAMANGA,SOCOS,5952,SOCOS,547,3368,Quechua,Sierra
050113,AYACUCHO,HUAMANGA,TAMBILLO,5047,CONDORAY,476,2975,Quechua,Sierra
050114,AYACUCHO,HUAMANGA,VINCHOS,13634,PACCHA,1649,3312,Quechua,Sierra
050115,AYACUCHO,HUAMANGA,JESÚS NAZARENO,18492,LAS NAZARENAS,17590,2817,Quechua,Sierra
050116,AYACUCHO,HUAMANGA,ANDRÉS AVELINO CÁCERES DORREGARAY,28472,JARDÍN,25031,2775,Quechua,Sierra
050201,AYACUCHO,CANGALLO,CANGALLO,5479,CANGALLO,2206,2574,Quechua,Sierra
050202,AYACUCHO,CANGALLO,CHUSCHI,8321,UNION PUNCUPATA,2008,3854,Suni,Sierra
050203,AYACUCHO,CANGALLO,LOS MOROCHUCOS,7463,PAMPA CANGALLO,2115,3346,Quechua,Sierra
050204,AYACUCHO,CANGALLO,MARÍA PARADO DE BELLIDO,2067,POMABAMBA,442,3245,Quechua,Sierra
050205,AYACUCHO,CANGALLO,PARAS,4104,PARAS,670,3354,Quechua,Sierra
050206,AYACUCHO,CANGALLO,TOTOS,3009,VERACRUZ,517,3315,Quechua,Sierra
050301,AYACUCHO,HUANCA SANCOS,SANCOS,3202,HUANCA SANCOS,3023,3433,Quechua,Sierra
050302,AYACUCHO,HUANCA SANCOS,CARAPO,1826,PORTA CRUZ,510,3592,Suni,Sierra
050303,AYACUCHO,HUANCA SANCOS,SACSAMARCA,1313,SACSAMARCA,785,3463,Quechua,Sierra
050304,AYACUCHO,HUANCA SANCOS,SANTIAGO DE LUCANAMARCA,2068,SANTIAGO DE LUCANAMARCA,528,3512,Suni,Sierra
050401,AYACUCHO,HUANTA,HUANTA,39517,HUANTA,31757,2684,Quechua,Sierra
050402,AYACUCHO,HUANTA,AYAHUANCO,1196,VIRACOCHAN,377,2699,Quechua,Sierra
050403,AYACUCHO,HUANTA,HUAMANGUILLA,4162,HUAMANGUILLA,1400,3300,Quechua,Sierra
050404,AYACUCHO,HUANTA,IGUAÍN,2667,MACACHACRA,415,3063,Quechua,Sierra
050405,AYACUCHO,HUANTA,LURICOCHA,5490,LURICOCHA,865,2598,Quechua,Sierra
050406,AYACUCHO,HUANTA,SANTILLANA,3852,SAN JOSE DE SECCE,722,3265,Quechua,Sierra
050407,AYACUCHO,HUANTA,SIVIA,10797,SIVIA,3248,561,Rupa Rupa,Selva
050408,AYACUCHO,HUANTA,LLOCHEGUA,10058,LLOCHEGUA,3224,540,Rupa Rupa,Selva
050409,AYACUCHO,HUANTA,CANAYRE,3520,CANAYRE,1413,528,Rupa Rupa,Selva
050410,AYACUCHO,HUANTA,UCHURACCAY,3522,UCHURACCAY,312,4026,Puna,Sierra
050411,AYACUCHO,HUANTA,PUCACOLPA,2523,HUALLHUA,538,3492,Quechua,Sierra
050412,AYACUCHO,HUANTA,CHACA,2162,CHACA,962,3400,Quechua,Sierra
050501,AYACUCHO,LA MAR,SAN MIGUEL,10326,SAN MIGUEL,3823,2696,Quechua,Sierra
050502,AYACUCHO,LA MAR,ANCO,7969,SAN ANTONIO,773,690,Rupa Rupa,Selva
050503,AYACUCHO,LA MAR,AYNA,9298,SAN FRANCISCO,5076,627,Rupa Rupa,Selva
050504,AYACUCHO,LA MAR,CHILCAS,1643,ESCCANA,299,3217,Quechua,Sierra
050505,AYACUCHO,LA MAR,CHUNGUI,4218,CHUNGUI,587,3506,Suni,Sierra
050506,AYACUCHO,LA MAR,LUIS CARRANZA,1278,ASNACPAMPA,216,3294,Quechua,Sierra
050507,AYACUCHO,LA MAR,SANTA ROSA,11279,SANTA ROSA,4931,729,Rupa Rupa,Selva
050508,AYACUCHO,LA MAR,TAMBO,10173,TAMBO,3975,3237,Quechua,Sierra
050509,AYACUCHO,LA MAR,SAMUGARI,9410,PALMAPAMPA,3608,754,Rupa Rupa,Selva
050510,AYACUCHO,LA MAR,ANCHIHUAY,4039,ANCHIHUAY,983,769,Rupa Rupa,Selva
050511,AYACUCHO,LA MAR,ORONCCOY,1020,ORONCCOY,176,3718,Suni,Sierra
050601,AYACUCHO,LUCANAS,PUQUIO,13919,PUQUIO,12536,3234,Quechua,Sierra
050602,AYACUCHO,LUCANAS,AUCARÁ,2903,AUCARA,1030,3236,Quechua,Sierra
050603,AYACUCHO,LUCANAS,CABANA,2189,CABANA,1891,3298,Quechua,Sierra
050604,AYACUCHO,LUCANAS,CARMEN SALCEDO,1681,ANDAMARCA,1602,3478,Quechua,Sierra
050605,AYACUCHO,LUCANAS,CHAVIÑA,2163,CHAVIÑA,1345,3338,Quechua,Sierra
050606,AYACUCHO,LUCANAS,CHIPAO,2554,CHIPAO,1021,3440,Quechua,Sierra
050607,AYACUCHO,LUCANAS,HUAC-HUAS,1560,HUAC-HUAS,540,3189,Quechua,Sierra
050608,AYACUCHO,LUCANAS,LARAMATE,1577,LARAMATE,785,3078,Quechua,Sierra
050609,AYACUCHO,LUCANAS,LEONCIO PRADO,1094,TAMBO QUEMADO,257,2696,Quechua,Sierra
050610,AYACUCHO,LUCANAS,LLAUTA,893,LLAUTA,169,2666,Quechua,Sierra
050611,AYACUCHO,LUCANAS,LUCANAS,2726,LUCANAS,1297,3385,Quechua,Sierra
050612,AYACUCHO,LUCANAS,OCAÑA,2291,OCAÑA,641,2650,Quechua,Sierra
050613,AYACUCHO,LUCANAS,OTOCA,1866,OTOCA,520,1883,Yunga marítima,Costa
050614,AYACUCHO,LUCANAS,SAISA,791,SAISA,446,3070,Quechua,Sierra
050615,AYACUCHO,LUCANAS,SAN CRISTÓBAL,1718,SAN CRISTOBAL,1125,3587,Suni,Sierra
050616,AYACUCHO,LUCANAS,SAN JUAN,967,SAN JUAN,487,3290,Quechua,Sierra
050617,AYACUCHO,LUCANAS,SAN PEDRO,2653,SAN PEDRO,532,3115,Quechua,Sierra
050618,AYACUCHO,LUCANAS,SAN PEDRO DE PALCO,927,SAN ISIDRO DE TOTORA,210,3578,Suni,Sierra
050619,AYACUCHO,LUCANAS,SANCOS,4778,SANTA FILOMENA,748,2465,Quechua,Sierra
050620,AYACUCHO,LUCANAS,SANTA ANA DE HUAYCAHUACHO,796,SANTA ANA DE HUAYCAHUACHO,788,2984,Quechua,Sierra
050621,AYACUCHO,LUCANAS,SANTA LUCÍA,1282,HUANCA,586,722,Yunga marítima,Costa
050701,AYACUCHO,PARINACOCHAS,CORACORA,13124,CORACORA,10851,3166,Quechua,Sierra
050702,AYACUCHO,PARINACOCHAS,CHUMPI,2186,CHUMPI,1080,3226,Quechua,Sierra
050703,AYACUCHO,PARINACOCHAS,CORONEL CASTAÑEDA,1722,PALLANCATA,853,4467,Puna,Sierra
050704,AYACUCHO,PARINACOCHAS,PACAPAUSA,630,PACAPAUSA,319,2821,Quechua,Sierra
050705,AYACUCHO,PARINACOCHAS,PULLO,6271,RELAVE,4302,1312,Yunga marítima,Costa
050706,AYACUCHO,PARINACOCHAS,PUYUSCA,2062,INCUYO,822,3307,Quechua,Sierra
050707,AYACUCHO,PARINACOCHAS,SAN FRANCISCO DE RAVACAYCO,516,SAN FRANCISCO DE RAVACAYCO,225,2833,Quechua,Sierra
050708,AYACUCHO,PARINACOCHAS,UPAHUACHO,1148,COCHANI,255,3554,Suni,Sierra
050801,AYACUCHO,PÁUCAR DEL SARA SARA,PAUSA,3231,PAUSA,2457,2536,Quechua,Sierra
050802,AYACUCHO,PÁUCAR DEL SARA SARA,COLTA,468,COLTA,308,3267,Quechua,Sierra
050803,AYACUCHO,PÁUCAR DEL SARA SARA,CORCULLA,445,CORCULLA,298,3503,Suni,Sierra
050804,AYACUCHO,PÁUCAR DEL SARA SARA,LAMPA,1953,SAN SEBASTIAN DE SACRACA,967,2695,Quechua,Sierra
050805,AYACUCHO,PÁUCAR DEL SARA SARA,MARCABAMBA,613,MARCABAMBA,430,2615,Quechua,Sierra
050806,AYACUCHO,PÁUCAR DEL SARA SARA,OYOLO,1453,OYOLO,597,3410,Quechua,Sierra
050807,AYACUCHO,PÁUCAR DEL SARA SARA,PARARCA,419,PARARCA,253,3047,Quechua,Sierra
050808,AYACUCHO,PÁUCAR DEL SARA SARA,SAN JAVIER DE ALPABAMBA,292,SAN JAVIER DE ALPABAMBA,97,2628,Quechua,Sierra
050809,AYACUCHO,PÁUCAR DEL SARA SARA,SAN JOSÉ DE USHUA,221,SAN JOSE DE USHUA,146,3034,Quechua,Sierra
050810,AYACUCHO,PÁUCAR DEL SARA SARA,SARA SARA,514,QUILCATA,466,3305,Quechua,Sierra
050901,AYACUCHO,SUCRE,QUEROBAMBA,2570,QUEROBAMBA,1799,3516,Suni,Sierra
050902,AYACUCHO,SUCRE,BELÉN,329,BELEN,272,3223,Quechua,Sierra
050903,AYACUCHO,SUCRE,CHALCOS,478,CHALCOS,230,3676,Suni,Sierra
050904,AYACUCHO,SUCRE,CHILCAYOC,496,CHILCAYOC,283,3404,Quechua,Sierra
050905,AYACUCHO,SUCRE,HUACAÑA,374,HUACAÑA,281,3186,Quechua,Sierra
050906,AYACUCHO,SUCRE,MORCOLLA,1240,MORCOLLA,497,3504,Suni,Sierra
050907,AYACUCHO,SUCRE,PAICO,553,PAICO,312,3110,Quechua,Sierra
050908,AYACUCHO,SUCRE,SAN PEDRO DE LARCAY,808,SAN PEDRO DE LARCAY,438,3395,Quechua,Sierra
050909,AYACUCHO,SUCRE,SAN SALVADOR DE QUIJE,978,SAN SALVADOR DE QUIJE,252,3222,Quechua,Sierra
050910,AYACUCHO,SUCRE,SANTIAGO DE PAUCARAY,594,AUTAMA,296,3818,Suni,Sierra
050911,AYACUCHO,SUCRE,SORAS,1025,SORAS,912,3432,Quechua,Sierra
051001,AYACUCHO,VÍCTOR FAJARDO,HUANCAPI,1887,HUANCAPI,1748,3105,Quechua,Sierra
051002,AYACUCHO,VÍCTOR FAJARDO,ALCAMENCA,1526,CARAMPA,630,3177,Quechua,Sierra
051003,AYACUCHO,VÍCTOR FAJARDO,APONGO,630,APONGO,463,3078,Quechua,Sierra
051004,AYACUCHO,VÍCTOR FAJARDO,ASQUIPATA,460,MORCOLLA CHICO (MAROCOLLA),230,2939,Quechua,Sierra
051005,AYACUCHO,VÍCTOR FAJARDO,CANARIA,3977,TACA,1994,3155,Quechua,Sierra
051006,AYACUCHO,VÍCTOR FAJARDO,CAYARA,1138,CAYARA,822,3207,Quechua,Sierra
051007,AYACUCHO,VÍCTOR FAJARDO,COLCA,1011,COLCA,609,3003,Quechua,Sierra
051008,AYACUCHO,VÍCTOR FAJARDO,HUAMANQUIQUIA,1089,HUAMANQUIQUIA,498,3390,Quechua,Sierra
051009,AYACUCHO,VÍCTOR FAJARDO,HUANCARAYLLA,1294,HUANCARAYLLA,489,3246,Quechua,Sierra
051010,AYACUCHO,VÍCTOR FAJARDO,HUAYA,2092,SAN PEDRO DE HUALLA,1360,3423,Quechua,Sierra
051011,AYACUCHO,VÍCTOR FAJARDO,SARHUA,2616,SARHUA,1322,3184,Quechua,Sierra
051012,AYACUCHO,VÍCTOR FAJARDO,VILCANCHOS,2389,VILCANCHOS,406,3011,Quechua,Sierra
051101,AYACUCHO,VILCAS HUAMÁN,VILCAS HUAMÁN,6370,VILCAS HUAMAN,2577,3494,Quechua,Sierra
051102,AYACUCHO,VILCAS HUAMÁN,ACCOMARCA,886,ACCOMARCA,416,3386,Quechua,Sierra
051103,AYACUCHO,VILCAS HUAMÁN,CARHUANCA,819,CARHUANCA,389,2980,Quechua,Sierra
051104,AYACUCHO,VILCAS HUAMÁN,CONCEPCIÓN,1577,CONCEPCION,264,3061,Quechua,Sierra
051105,AYACUCHO,VILCAS HUAMÁN,HUAMBALPA,1340,SAN ANTONIO DE COCHA,318,3264,Quechua,Sierra
051106,AYACUCHO,VILCAS HUAMÁN,INDEPENDENCIA,1105,NUEVO PACCHA HUALLHUA,443,3606,Suni,Sierra
051107,AYACUCHO,VILCAS HUAMÁN,SAURAMA,1038,SAURAMA,241,3574,Suni,Sierra
051108,AYACUCHO,VILCAS HUAMÁN,VISCHONGO,3726,POMACOCHA QOLLPACUCHO,907,2899,Quechua,Sierra
060101,CAJAMARCA,CAJAMARCA,CAJAMARCA,218741,CAJAMARCA,182971,2731,Quechua,Sierra
060102,CAJAMARCA,CAJAMARCA,ASUNCIÓN,7939,ASUNCION,1155,2254,Yunga marítima,Costa
060103,CAJAMARCA,CAJAMARCA,CHETILLA,3660,EL MANZANO,391,2977,Quechua,Sierra
060104,CAJAMARCA,CAJAMARCA,COSPÁN,6760,COSPAN,736,2471,Quechua,Sierra
060105,CAJAMARCA,CAJAMARCA,ENCAÑADA,19175,ENCAÑADA,1390,3087,Quechua,Sierra
060106,CAJAMARCA,CAJAMARCA,JESÚS,15020,JESUS,3209,2568,Quechua,Sierra
060107,CAJAMARCA,CAJAMARCA,LLACANORA,5639,LLACANORA,717,2621,Quechua,Sierra
060108,CAJAMARCA,CAJAMARCA,LOS BAÑOS DEL INCA,46149,LOS BAÑOS DEL INCA,13361,2685,Quechua,Sierra
060109,CAJAMARCA,CAJAMARCA,MAGDALENA,8271,MAGDALENA,1846,1298,Yunga marítima,Costa
060110,CAJAMARCA,CAJAMARCA,MATARA,3469,MATARA,765,2834,Quechua,Sierra
060111,CAJAMARCA,CAJAMARCA,NAMORA,9267,NAMORA,1720,2765,Quechua,Sierra
060112,CAJAMARCA,CAJAMARCA,SAN JUAN,4343,SAN JUAN,999,2336,Quechua,Sierra
060201,CAJAMARCA,CAJABAMBA,CAJABAMBA,31222,CAJABAMBA,18603,2686,Quechua,Sierra
060202,CAJAMARCA,CAJABAMBA,CACHACHI,23524,MOYAN BAJO,1141,2786,Quechua,Sierra
060203,CAJAMARCA,CAJABAMBA,CONDEBAMBA,13406,CHICHIR,951,2718,Quechua,Sierra
060204,CAJAMARCA,CAJABAMBA,SITACOCHA,7535,LLUCHUBAMBA,1896,3209,Quechua,Sierra
060301,CAJAMARCA,CELENDÍN,CELENDÍN,26925,CELENDIN,19809,2629,Quechua,Sierra
060302,CAJAMARCA,CELENDÍN,CHUMUCH,2600,RAMBRAN,294,2613,Quechua,Sierra
060303,CAJAMARCA,CELENDÍN,CORTEGANA,6746,YAGEN,781,2507,Quechua,Sierra
060304,CAJAMARCA,CELENDÍN,HUASMIN,10657,JEREZ,1002,2711,Quechua,Sierra
060305,CAJAMARCA,CELENDÍN,JORGE CHÁVEZ,441,LUCMAPAMPA,193,2646,Quechua,Sierra
060306,CAJAMARCA,CELENDÍN,JOSÉ GÁLVEZ,2558,HUACAPAMPA,383,2618,Quechua,Sierra
060307,CAJAMARCA,CELENDÍN,MIGUEL IGLESIAS,3870,MUYOC CHICO,454,3434,Quechua,Sierra
060308,CAJAMARCA,CELENDÍN,OXAMARCA,5394,PIOBAMBA,591,3421,Quechua,Sierra
060309,CAJAMARCA,CELENDÍN,SOROCHUCO,7352,SOROCHUCO,674,2663,Quechua,Sierra
060310,CAJAMARCA,CELENDÍN,SUCRE,5055,SUCRE,1061,2632,Quechua,Sierra
060311,CAJAMARCA,CELENDÍN,UTCO,1052,LIMON,180,1981,Yunga fluvial,Sierra
060312,CAJAMARCA,CELENDÍN,LA LIBERTAD DE PALLÁN,6434,LA LIBERTAD DE PALLAN,614,2952,Quechua,Sierra
060401,CAJAMARCA,CHOTA,CHOTA,47279,CHOTA,22159,2430,Quechua,Sierra
060402,CAJAMARCA,CHOTA,ANGUÍA,3211,HUALLANGATE,436,2438,Quechua,Sierra
060403,CAJAMARCA,CHOTA,CHADÍN,3449,CHADIN,448,2428,Quechua,Sierra
060404,CAJAMARCA,CHOTA,CHIGUIRIP,3641,TUGUSA,901,2728,Quechua,Sierra
060405,CAJAMARCA,CHOTA,CHIMBAN,2199,CHIMBAN,540,1668,Yunga fluvial,Sierra
060406,CAJAMARCA,CHOTA,CHOROPAMPA,2336,CHOROPAMPA,315,2215,Yunga fluvial,Sierra
060407,CAJAMARCA,CHOTA,COCHABAMBA,5546,COCHABAMBA,1408,1688,Yunga fluvial,Sierra
060408,CAJAMARCA,CHOTA,CONCHÁN,5643,CONCHAN,496,2321,Quechua,Sierra
060409,CAJAMARCA,CHOTA,HUAMBOS,7972,HUAMBOS,1181,2292,Yunga fluvial,Sierra
060410,CAJAMARCA,CHOTA,LAJAS,11093,LAJAS,2161,2151,Yunga fluvial,Sierra
060411,CAJAMARCA,CHOTA,LLAMA,7075,CARNICHE BAJO-HUANABAL-RACARRUMI,1285,272,Chala,Costa
060412,CAJAMARCA,CHOTA,MIRACOSTA,3203,MAJIN,348,276,Chala,Costa
060413,CAJAMARCA,CHOTA,PACCHA,4445,PACCHA,1172,2130,Yunga fluvial,Sierra
060414,CAJAMARCA,CHOTA,PIÓN,1214,PION,331,1834,Yunga fluvial,Sierra
060415,CAJAMARCA,CHOTA,QUEROCOTO,8023,QUEROCOTO,801,2445,Quechua,Sierra
060416,CAJAMARCA,CHOTA,SAN JUAN DE LICUPIS,958,LICUPIS,171,3031,Quechua,Sierra
060417,CAJAMARCA,CHOTA,TACABAMBA,15704,TACABAMBA,3019,2077,Yunga fluvial,Sierra
060418,CAJAMARCA,CHOTA,TOCMOCHE,859,TOCMOCHE,211,1313,Yunga marítima,Costa
060419,CAJAMARCA,CHOTA,CHALAMARCA,9134,CHALAMARCA,721,2667,Quechua,Sierra
060501,CAJAMARCA,CONTUMAZÁ,CONTUMAZÁ,7461,CONTUMAZA,3248,2695,Quechua,Sierra
060502,CAJAMARCA,CONTUMAZÁ,CHILETE,2635,CHILETE,2023,883,Yunga marítima,Costa
060503,CAJAMARCA,CONTUMAZÁ,CUPISNIQUE,1338,TRINIDAD,189,1904,Yunga marítima,Costa
060504,CAJAMARCA,CONTUMAZÁ,GUZMANGO,2679,GUZMANGO,246,2568,Quechua,Sierra
060505,CAJAMARCA,CONTUMAZÁ,SAN BENITO,3399,SAN BENITO,513,1386,Yunga marítima,Costa
060506,CAJAMARCA,CONTUMAZÁ,SANTA CRUZ DE TOLED,994,SANTA CRUZ DE TOLED,154,2426,Quechua,Sierra
060507,CAJAMARCA,CONTUMAZÁ,TANTARICA,2461,SALITRE,1026,767,Yunga marítima,Costa
060508,CAJAMARCA,CONTUMAZÁ,YONÁN,6726,TEMBLADERA,3238,452,Chala,Costa
060601,CAJAMARCA,CUTERVO,CUTERVO,50905,CUTERVO,21220,2665,Quechua,Sierra
060602,CAJAMARCA,CUTERVO,CALLAYUC,9361,CALLAYUC,585,1558,Yunga fluvial,Sierra
060603,CAJAMARCA,CUTERVO,CHOROS,2878,CHOROS,347,474,Rupa Rupa,Selva
060604,CAJAMARCA,CUTERVO,CUJILLO,2330,YUNCHACO,384,1750,Yunga fluvial,Sierra
060605,CAJAMARCA,CUTERVO,LA RAMADA,3652,LA RAMADA,576,2131,Yunga fluvial,Sierra
060606,CAJAMARCA,CUTERVO,PIMPINGOS,5100,PIMPINGOS,570,1756,Yunga fluvial,Sierra
060607,CAJAMARCA,CUTERVO,QUEROCOTILLO,12987,QUEROCOTILLO,915,2003,Yunga fluvial,Sierra
060608,CAJAMARCA,CUTERVO,SAN ANDRÉS DE CUTERVO,4172,SAN ANDRES DE CUTERVO,1101,2090,Yunga fluvial,Sierra
060609,CAJAMARCA,CUTERVO,SAN JUAN DE CUTERVO,1858,SAN JUAN DE CUTERVO,487,1645,Yunga fluvial,Sierra
060610,CAJAMARCA,CUTERVO,SAN LUIS DE LUCMA,3000,SAN LUIS DE LUCMA,473,1916,Yunga fluvial,Sierra
060611,CAJAMARCA,CUTERVO,SANTA CRUZ,2622,SANTA CRUZ,364,1708,Yunga fluvial,Sierra
060612,CAJAMARCA,CUTERVO,SANTO DOMINGO DE LA CAPILLA,4701,SANTO DOMINGO DE LA CAPILLA,803,1761,Yunga fluvial,Sierra
060613,CAJAMARCA,CUTERVO,SANTO TOMÁS,6988,SANTO TOMAS,1762,2167,Yunga fluvial,Sierra
060614,CAJAMARCA,CUTERVO,SOCOTA,9054,SOCOTA,2698,1847,Yunga fluvial,Sierra
060615,CAJAMARCA,CUTERVO,TORIBIO CASANOVA,1115,LA SACILIA,348,1464,Rupa Rupa,Selva
060701,CAJAMARCA,HUALGAYOC,BAMBAMARCA,59913,BAMBAMARCA,16039,2556,Quechua,Sierra
060702,CAJAMARCA,HUALGAYOC,CHUGUR,2920,COYUNDE GRANDE,488,2951,Quechua,Sierra
060703,CAJAMARCA,HUALGAYOC,HUALGAYOC,15111,HUALGAYOC,3101,3530,Suni,Sierra
060801,CAJAMARCA,JAÉN,JAÉN,94153,JAEN,70214,728,Rupa Rupa,Selva
060802,CAJAMARCA,JAÉN,BELLAVISTA,15447,BELLAVISTA,2938,438,Rupa Rupa,Selva
060803,CAJAMARCA,JAÉN,CHONTALÍ,9810,CHONTALI,1811,1636,Yunga fluvial,Sierra
060804,CAJAMARCA,JAÉN,COLASAY,10238,COLASAY,1016,1800,Yunga fluvial,Sierra
060805,CAJAMARCA,JAÉN,HUABAL,7642,HUABAL,915,1380,Rupa Rupa,Selva
060806,CAJAMARCA,JAÉN,LAS PIRIAS,4275,LAS PIRIAS,804,1620,Yunga fluvial,Sierra
060807,CAJAMARCA,JAÉN,POMAHUACA,8344,POMAHUACA,1057,1097,Rupa Rupa,Selva
060808,CAJAMARCA,JAÉN,PUCARÁ,6834,PUCARA,3533,909,Rupa Rupa,Selva
060809,CAJAMARCA,JAÉN,SALLIQUE,7033,SALLIQUE,940,1701,Yunga fluvial,Sierra
060810,CAJAMARCA,JAÉN,SAN FELIPE,4693,SAN FELIPE,489,1861,Yunga fluvial,Sierra
060811,CAJAMARCA,JAÉN,SAN JOSÉ DEL ALTO,6960,PEÑA BLANCA,605,1156,Rupa Rupa,Selva
060812,CAJAMARCA,JAÉN,SANTA ROSA,10003,SANTA ROSA,1456,1238,Rupa Rupa,Selva
060901,CAJAMARCA,SAN IGNACIO,SAN IGNACIO,34659,SAN IGNACIO,13219,1295,Rupa Rupa,Selva
060902,CAJAMARCA,SAN IGNACIO,CHIRINOS,14592,CHIRINOS,1767,1850,Yunga fluvial,Sierra
060903,CAJAMARCA,SAN IGNACIO,HUARANGO,18012,PUERTO CIRUELO,1274,461,Rupa Rupa,Selva
060904,CAJAMARCA,SAN IGNACIO,LA COIPA,19562,PACAIPITE,985,1616,Yunga fluvial,Sierra
060905,CAJAMARCA,SAN IGNACIO,NAMBALLE,9098,NAMBALLE,1095,713,Rupa Rupa,Selva
060906,CAJAMARCA,SAN IGNACIO,SAN JOSÉ DE LOURDES,17046,SAN JOSE DE LOURDES,1223,1134,Rupa Rupa,Selva
060907,CAJAMARCA,SAN IGNACIO,TABACONAS,17651,TAMBORAPA PUEBLO,1212,1232,Rupa Rupa,Selva
061001,CAJAMARCA,SAN MARCOS,PEDRO GÁLVEZ,19870,SAN MARCOS,9182,2280,Yunga fluvial,Sierra
061002,CAJAMARCA,SAN MARCOS,CHANCAY,2965,CHANCAY,541,2699,Quechua,Sierra
061003,CAJAMARCA,SAN MARCOS,EDUARDO VILLANUEVA,2664,LA GRAMA,810,2026,Yunga fluvial,Sierra
061004,CAJAMARCA,SAN MARCOS,GREGORIO PITA,5136,NUEVA ESPERANZA,367,2835,Quechua,Sierra
061005,CAJAMARCA,SAN MARCOS,ICHOCÁN,1901,ICHOCAN,592,2616,Quechua,Sierra
061006,CAJAMARCA,SAN MARCOS,JOSÉ MANUEL QUIROZ,3544,LICLIC,646,3343,Quechua,Sierra
061007,CAJAMARCA,SAN MARCOS,JOSÉ SABOGAL,12023,SAN ISIDRO,606,3249,Quechua,Sierra
061101,CAJAMARCA,SAN MIGUEL,SAN MIGUEL,13432,SAN MIGUEL DE PALLAQUES,3989,2612,Quechua,Sierra
061102,CAJAMARCA,SAN MIGUEL,BOLÍVAR,1319,BOLIVAR,564,940,Yunga marítima,Costa
061103,CAJAMARCA,SAN MIGUEL,CALQUIS,4094,CALQUIS,514,2885,Quechua,Sierra
061104,CAJAMARCA,SAN MIGUEL,CATILLUC,2747,CATILLUC,449,2870,Quechua,Sierra
061105,CAJAMARCA,SAN MIGUEL,EL PRADO,1627,EL GUAYO,361,1131,Yunga marítima,Costa
061106,CAJAMARCA,SAN MIGUEL,LA FLORIDA,2165,LA FLORIDA,591,993,Yunga marítima,Costa
061107,CAJAMARCA,SAN MIGUEL,LLAPA,4481,LLAPA,787,2952,Quechua,Sierra
061108,CAJAMARCA,SAN MIGUEL,NANCHOC,1290,NANCHOC,321,402,Chala,Costa
061109,CAJAMARCA,SAN MIGUEL,NIEPOS,3293,NIEPOS,668,2457,Quechua,Sierra
061110,CAJAMARCA,SAN MIGUEL,SAN GREGORIO,2229,CASA BLANCA,247,287,Chala,Costa
061111,CAJAMARCA,SAN MIGUEL,SAN SILVESTRE DE COCHÁN,3652,TANTACHUAL BAJO (EL COSPHE),282,3528,Suni,Sierra
061112,CAJAMARCA,SAN MIGUEL,TONGOD,2688,TONGOD,586,2628,Quechua,Sierra
061113,CAJAMARCA,SAN MIGUEL,UNIÓN AGUA BLANCA,3026,AGUA BLANCA,576,2918,Quechua,Sierra
061201,CAJAMARCA,SAN PABLO,SAN PABLO,12463,SAN PABLO,3475,2391,Quechua,Sierra
061202,CAJAMARCA,SAN PABLO,SAN BERNARDINO,4294,TUÑAD,509,1920,Yunga marítima,Costa
061203,CAJAMARCA,SAN PABLO,SAN LUIS,958,SAN LUIS GRANDE,207,1394,Yunga marítima,Costa
061204,CAJAMARCA,SAN PABLO,TUMBADÉN,3387,TUMBADEN GRANDE,331,2978,Quechua,Sierra
061301,CAJAMARCA,SANTA CRUZ,SANTA CRUZ,9226,SANTA CRUZ DE SUCCHABAMBA,5176,2036,Yunga marítima,Costa
061302,CAJAMARCA,SANTA CRUZ,ANDABAMBA,1337,ANDABAMBA,250,2550,Quechua,Sierra
061303,CAJAMARCA,SANTA CRUZ,CATACHE,8958,LA ZANJA,1172,3484,Quechua,Sierra
061304,CAJAMARCA,SANTA CRUZ,CHANCAYBAÑOS,3355,CHANCAYBAÑOS,357,1641,Yunga marítima,Costa
061305,CAJAMARCA,SANTA CRUZ,LA ESPERANZA,2321,CHAQUIL,255,2183,Yunga marítima,Costa
061306,CAJAMARCA,SANTA CRUZ,NINABAMBA,2097,ACHIRAMAYO,305,2467,Quechua,Sierra
061307,CAJAMARCA,SANTA CRUZ,PULÁN,3896,PULAN,496,2084,Yunga marítima,Costa
061308,CAJAMARCA,SANTA CRUZ,SAUCEPAMPA,1446,ROMERO CIRCA,377,2549,Quechua,Sierra
061309,CAJAMARCA,SANTA CRUZ,SEXI,425,SEXI,214,2478,Quechua,Sierra
061310,CAJAMARCA,SANTA CRUZ,UTICYACU,1259,BARRANCO,246,2211,Yunga marítima,Costa
061311,CAJAMARCA,SANTA CRUZ,YAUYUCÁN,2844,YAUYUCAN,813,2502,Quechua,Sierra
070101,CALLAO,CALLAO,CALLAO,451260,CALLAO,451260,27,Chala,Costa
070102,CALLAO,CALLAO,BELLAVISTA,74851,BELLAVISTA,74851,13,Chala,Costa
070103,CALLAO,CALLAO,CARMEN DE LA LEGUA REYNOSO,42240,CARMEN DE LA LEGUA REYNOSO,42240,82,Chala,Costa
070104,CALLAO,CALLAO,LA PERLA,61417,LA PERLA,61417,37,Chala,Costa
070105,CALLAO,CALLAO,LA PUNTA,3829,LA PUNTA,3829,29,Chala,Costa
070106,CALLAO,CALLAO,VENTANILLA,315600,VENTANILLA,315600,43,Chala,Costa
070107,CALLAO,CALLAO,MI PERÚ,45297,MI PERU,45297,118,Chala,Costa
080101,CUSCO,CUSCO,CUSCO,114630,CUSCO,111930,3439,Quechua,Sierra
080102,CUSCO,CUSCO,CCORCA,2246,CUSIBAMBA,522,3766,Suni,Sierra
080103,CUSCO,CUSCO,POROY,2436,POROY,1410,3508,Suni,Sierra
080104,CUSCO,CUSCO,SAN JERÓNIMO,57075,SAN JERONIMO,55335,3289,Quechua,Sierra
080105,CUSCO,CUSCO,SAN SEBASTIÁN,112536,SAN SEBASTIAN,109915,3578,Suni,Sierra
080106,CUSCO,CUSCO,SANTIAGO,94756,SANTIAGO,92729,3464,Quechua,Sierra
080107,CUSCO,CUSCO,SAYLLA,5368,SAYLLA,2128,3179,Quechua,Sierra
080108,CUSCO,CUSCO,WANCHAQ,58541,WANCHAQ,58541,3424,Quechua,Sierra
080201,CUSCO,ACOMAYO,ACOMAYO,4532,ACOMAYO,2516,3235,Quechua,Sierra
080202,CUSCO,ACOMAYO,ACOPÍA,2650,ACOPIA,1440,3724,Suni,Sierra
080203,CUSCO,ACOMAYO,ACOS,2242,ACOS,793,3106,Quechua,Sierra
080204,CUSCO,ACOMAYO,MOSOC LLACTA,1096,MOSOC LLACTA,627,3820,Suni,Sierra
080205,CUSCO,ACOMAYO,POMACANCHI,7206,POMACANCHI,3448,3708,Suni,Sierra
080206,CUSCO,ACOMAYO,RONDOCAN,1938,KUÑUTAMBO,222,3431,Quechua,Sierra
080207,CUSCO,ACOMAYO,SANGARARÁ,3276,SANGARARA,1337,3788,Suni,Sierra
080301,CUSCO,ANTA,ANTA,21674,ANTA,10182,3363,Quechua,Sierra
080302,CUSCO,ANTA,ANCAHUASI,6784,ANCAHUASI,1921,3479,Quechua,Sierra
080303,CUSCO,ANTA,CACHIMAYO,2382,CACHIMAYO,1673,3454,Quechua,Sierra
080304,CUSCO,ANTA,CHINCHAYPUJIO,4026,CHINCHAYPUJIO,1045,3106,Quechua,Sierra
080305,CUSCO,ANTA,HUAROCONDO,4533,HUAROCONDO,2368,3353,Quechua,Sierra
080306,CUSCO,ANTA,LIMATAMBO,7255,LIMATAMBO,1562,2633,Quechua,Sierra
080307,CUSCO,ANTA,MOLLEPATA,3111,MOLLEPATA,1589,2864,Quechua,Sierra
080308,CUSCO,ANTA,PUCYURA,2990,PUCYURA,1853,3384,Quechua,Sierra
080309,CUSCO,ANTA,ZURITE,3451,ZURITE,1437,3424,Quechua,Sierra
080401,CUSCO,CALCA,CALCA,20628,CALCA,13519,2955,Quechua,Sierra
080402,CUSCO,CALCA,COYA,3443,COYA,1377,2970,Quechua,Sierra
080403,CUSCO,CALCA,LAMAY,5313,LAMAY,2156,2960,Quechua,Sierra
080404,CUSCO,CALCA,LARES,5753,AMPARAES,916,3408,Quechua,Sierra
080405,CUSCO,CALCA,PÍSAC,9884,PISAC,3718,2986,Quechua,Sierra
080406,CUSCO,CALCA,SAN SALVADOR,5232,SAN SALVADOR,1372,3012,Quechua,Sierra
080407,CUSCO,CALCA,TARAY,4312,TARAY,597,2991,Quechua,Sierra
080408,CUSCO,CALCA,YANATILE,8590,QUEBRADA HONDA,2433,1148,Rupa Rupa,Selva
080501,CUSCO,CANAS,YANAOCA,8659,YANAOCA,3307,3925,Suni,Sierra
080502,CUSCO,CANAS,CHECCA,4985,CHECCA,410,3834,Suni,Sierra
080503,CUSCO,CANAS,KUNTURKANKI,4747,EL DESCANSO,1434,3961,Suni,Sierra
080504,CUSCO,CANAS,LANGUI,1984,LANGUI,345,3967,Suni,Sierra
080505,CUSCO,CANAS,LAYO,5171,LAYO,671,3997,Suni,Sierra
080506,CUSCO,CANAS,PAMPAMARCA,1838,PAMPAMARCA,798,3820,Suni,Sierra
080507,CUSCO,CANAS,QUEHUE,2577,QUEHUE,348,3794,Suni,Sierra
080508,CUSCO,CANAS,TÚPAC AMARU,2523,TUNGASUCA,452,3809,Suni,Sierra
080601,CUSCO,CANCHIS,SICUANI,57827,SICUANI,46102,3593,Suni,Sierra
080602,CUSCO,CANCHIS,CHECACUPE,4720,CHECACUPE,1995,3459,Quechua,Sierra
080603,CUSCO,CANCHIS,COMBAPATA,4587,COMBAPATA,2053,3500,Suni,Sierra
080604,CUSCO,CANCHIS,MARANGANI,9600,MARANGANI,2887,3720,Suni,Sierra
080605,CUSCO,CANCHIS,PITUMARCA,7170,PITUMARCA,3714,3587,Suni,Sierra
080606,CUSCO,CANCHIS,SAN PABLO,4224,SAN PABLO,1706,3501,Suni,Sierra
080607,CUSCO,CANCHIS,SAN PEDRO,2617,SAN PEDRO,1276,3515,Suni,Sierra
080608,CUSCO,CANCHIS,TINTA,5029,TINTA,2726,3496,Quechua,Sierra
080701,CUSCO,CHUMBIVILCAS,SANTO TOMÁS,21728,SANTO TOMAS,10170,3676,Suni,Sierra
080702,CUSCO,CHUMBIVILCAS,CAPACMARCA,3866,CAPACMARCA,759,3563,Suni,Sierra
080703,CUSCO,CHUMBIVILCAS,CHAMACA,6244,CHAMACA,943,3779,Suni,Sierra
080704,CUSCO,CHUMBIVILCAS,COLQUEMARCA,6897,COLQUEMARCA,1427,3606,Suni,Sierra
080705,CUSCO,CHUMBIVILCAS,LIVITACA,10378,LIVITACA,1407,3774,Suni,Sierra
080706,CUSCO,CHUMBIVILCAS,LLUSCO,4368,LLUSCO,921,3522,Suni,Sierra
080707,CUSCO,CHUMBIVILCAS,QUIÑOTA,3786,QUIÑOTA,875,3607,Suni,Sierra
080708,CUSCO,CHUMBIVILCAS,VELILLE,9143,VELILLE,2883,3766,Suni,Sierra
080801,CUSCO,ESPINAR,ESPINAR,34861,YAURI,28888,3976,Suni,Sierra
080802,CUSCO,ESPINAR,CONDOROMA,870,CONDOROMA,494,4679,Puna,Sierra
080803,CUSCO,ESPINAR,COPORAQUE,9627,URINSA,462,3984,Suni,Sierra
080804,CUSCO,ESPINAR,OCORURO,1019,OCORURO,168,4104,Puna,Sierra
080805,CUSCO,ESPINAR,PALLPATA,4823,HECTOR TEJADA,2550,4027,Puna,Sierra
080806,CUSCO,ESPINAR,PICHIGUA,2805,PICHIGUA,325,3902,Suni,Sierra
080807,CUSCO,ESPINAR,SUYCKUTAMBO,1643,VIRGINIYOC,390,4124,Puna,Sierra
080808,CUSCO,ESPINAR,ALTO PICHIGUA,1934,ACCOCUNCA,371,3999,Suni,Sierra
080901,CUSCO,LA CONVENCIÓN,SANTA ANA,27999,QUILLABAMBA,23985,1086,Rupa Rupa,Selva
080902,CUSCO,LA CONVENCIÓN,ECHARATE,23214,PALMA REAL,1277,716,Rupa Rupa,Selva
080903,CUSCO,LA CONVENCIÓN,HUAYOPATA,4773,HUYRO,1619,1596,Yunga fluvial,Sierra
080904,CUSCO,LA CONVENCIÓN,MARANURA,4134,MARANURA,569,1140,Rupa Rupa,Selva
080905,CUSCO,LA CONVENCIÓN,OCOBAMBA,4327,SAN LORENZO,333,1089,Rupa Rupa,Selva
080906,CUSCO,LA CONVENCIÓN,QUELLOÚNO,13311,QUELLOUNO,1496,784,Rupa Rupa,Selva
080907,CUSCO,LA CONVENCIÓN,KIMBIRI,15962,KIMBIRI,5913,590,Rupa Rupa,Selva
080908,CUSCO,LA CONVENCIÓN,SANTA TERESA,5972,SANTA TERESA,1455,1572,Yunga fluvial,Sierra
080909,CUSCO,LA CONVENCIÓN,VILCABAMBA,9557,HABASPATA,429,2814,Quechua,Sierra
080910,CUSCO,LA CONVENCIÓN,PICHARI,22691,PICHARI,12050,596,Rupa Rupa,Selva
080911,CUSCO,LA CONVENCIÓN,INKAWASI,4285,AMAYBAMBA,646,1770,Yunga fluvial,Sierra
080912,CUSCO,LA CONVENCIÓN,VILLA VIRGEN,1980,VILLA VIRGEN,1155,742,Rupa Rupa,Selva
080913,CUSCO,LA CONVENCIÓN,VILLA KINTIARINA,1974,VILLA KINTIARINA,529,704,Rupa Rupa,Selva
080914,CUSCO,LA CONVENCIÓN,MEGANTONI,6969,NUEVO MUNDO,1558,357,Omagua,Selva
081001,CUSCO,PARURO,PARURO,3205,PARURO,1819,3086,Quechua,Sierra
081002,CUSCO,PARURO,ACCHA,3028,ACCHA,1217,3601,Suni,Sierra
081003,CUSCO,PARURO,CCAPI,3079,CCAPI,809,3227,Quechua,Sierra
081004,CUSCO,PARURO,COLCHA,963,CCOCHIRIHUAY,189,3605,Suni,Sierra
081005,CUSCO,PARURO,HUANOQUITE,4867,HUANOQUITE,1546,3391,Quechua,Sierra
081006,CUSCO,PARURO,OMACHA,5443,CHECCAPUCARA,520,3792,Suni,Sierra
081007,CUSCO,PARURO,PACCARITAMBO,2032,PACCARITAMBO,712,3602,Suni,Sierra
081008,CUSCO,PARURO,PILLPINTO,1026,PILLPINTO,543,2869,Quechua,Sierra
081009,CUSCO,PARURO,YAURISQUE,1924,YAURISQUE,543,3324,Quechua,Sierra
081101,CUSCO,PAUCARTAMBO,PAUCARTAMBO,11871,PAUCARTAMBO,3990,2917,Quechua,Sierra
081102,CUSCO,PAUCARTAMBO,CAICAY,2716,CAICAY,331,3128,Quechua,Sierra
081103,CUSCO,PAUCARTAMBO,CHALLABAMBA,8433,CHALLABAMBA,1205,2845,Quechua,Sierra
081104,CUSCO,PAUCARTAMBO,COLQUEPATA,8170,TOCRA,875,3803,Suni,Sierra
081105,CUSCO,PAUCARTAMBO,HUANCARANI,6911,HUANCARANI,1842,3870,Suni,Sierra
081106,CUSCO,PAUCARTAMBO,KOSÑIPATA,4403,PILLCOPATA,1858,544,Rupa Rupa,Selva
081201,CUSCO,QUISPICANCHI,URCOS,10614,URCOS,5968,3179,Quechua,Sierra
081202,CUSCO,QUISPICANCHI,ANDAHUAYLILLAS,5797,ANDAHUAYLILLAS,2857,3139,Quechua,Sierra
081203,CUSCO,QUISPICANCHI,CAMANTI,2219,QUINCE MIL,1759,647,Rupa Rupa,Selva
081204,CUSCO,QUISPICANCHI,CCARHUAYO,2863,CCARHUAYO,805,3481,Quechua,Sierra
081205,CUSCO,QUISPICANCHI,CCATCA,13295,KCAURI,1637,3639,Suni,Sierra
081206,CUSCO,QUISPICANCHI,CUSIPATA,4221,CUSIPATA,1307,3332,Quechua,Sierra
081207,CUSCO,QUISPICANCHI,HUARO,4505,HUARO,1833,3168,Quechua,Sierra
081208,CUSCO,QUISPICANCHI,LUCRE,4606,LUCRE,2612,3117,Quechua,Sierra
081209,CUSCO,QUISPICANCHI,MARCAPATA,4307,MARCAPATA,679,3111,Quechua,Sierra
081210,CUSCO,QUISPICANCHI,OCONGATE,15223,OCONGATE,2093,3549,Suni,Sierra
081211,CUSCO,QUISPICANCHI,OROPESA,9444,OROPESA,4411,3139,Quechua,Sierra
081212,CUSCO,QUISPICANCHI,QUIQUIJANA,10336,QUIQUIJANA,2303,3211,Quechua,Sierra
081301,CUSCO,URUBAMBA,URUBAMBA,20082,URUBAMBA,13942,2885,Quechua,Sierra
081302,CUSCO,URUBAMBA,CHINCHERO,10477,CHINCHERO,3765,3759,Suni,Sierra
081303,CUSCO,URUBAMBA,HUAYLLABAMBA,5499,HUAYLLABAMBA,1391,2890,Quechua,Sierra
081304,CUSCO,URUBAMBA,MACHUPICCHU,5347,MACHUPICCHU,4525,2092,Yunga fluvial,Sierra
081305,CUSCO,URUBAMBA,MARAS,5946,MARAS,1578,3381,Quechua,Sierra
081306,CUSCO,URUBAMBA,OLLANTAYTAMBO,10165,OLLANTAYTAMBO,3050,2871,Quechua,Sierra
081307,CUSCO,URUBAMBA,YUCAY,3223,YUCAY,3154,2878,Quechua,Sierra
090101,HUANCAVELICA,HUANCAVELICA,HUANCAVELICA,39776,HUANCAVELICA,34655,3746,Suni,Sierra
090102,HUANCAVELICA,HUANCAVELICA,ACOBAMBILLA,2020,ACOBAMBILLA,411,3839,Suni,Sierra
090103,HUANCAVELICA,HUANCAVELICA,ACORIA,17800,ACORIA,1280,3207,Quechua,Sierra
090104,HUANCAVELICA,HUANCAVELICA,CONAYCA,851,CONAYCA,654,3709,Suni,Sierra
090105,HUANCAVELICA,HUANCAVELICA,CUENCA,1137,CUENCA,321,3186,Quechua,Sierra
090106,HUANCAVELICA,HUANCAVELICA,HUACHOCOLPA,1875,HUACHOCOLPA,1053,4020,Puna,Sierra
090107,HUANCAVELICA,HUANCAVELICA,HUAYLLAHUARA,637,HUAYLLAHUARA,457,3901,Suni,Sierra
090108,HUANCAVELICA,HUANCAVELICA,IZCUCHACA,846,IZCUCHACA,557,2930,Quechua,Sierra
090109,HUANCAVELICA,HUANCAVELICA,LARIA,746,LARIA,241,3893,Suni,Sierra
090110,HUANCAVELICA,HUANCAVELICA,MANTA,953,MANTA,243,3735,Suni,Sierra
090111,HUANCAVELICA,HUANCAVELICA,MARISCAL CÁCERES,509,MARISCAL CACERES,447,2852,Quechua,Sierra
090112,HUANCAVELICA,HUANCAVELICA,MOYA,982,MOYA,370,3148,Quechua,Sierra
090113,HUANCAVELICA,HUANCAVELICA,NUEVO OCCORO,1686,OCCORO,507,3939,Suni,Sierra
090114,HUANCAVELICA,HUANCAVELICA,PALCA,2005,PALCA,653,3714,Suni,Sierra
090115,HUANCAVELICA,HUANCAVELICA,PILCHACA,500,PILCHACA,344,3604,Suni,Sierra
090116,HUANCAVELICA,HUANCAVELICA,VILCA,1891,VILCA,172,3280,Quechua,Sierra
090117,HUANCAVELICA,HUANCAVELICA,YAULI,19237,YAULI,3076,3424,Quechua,Sierra
090118,HUANCAVELICA,HUANCAVELICA,ASCENSIÓN,15566,ASCENSION,14915,3711,Suni,Sierra
090119,HUANCAVELICA,HUANCAVELICA,HUANDO,6037,HUANDO,1447,3610,Suni,Sierra
090201,HUANCAVELICA,ACOBAMBA,ACOBAMBA,8980,ACOBAMBA,5431,3449,Quechua,Sierra
090202,HUANCAVELICA,ACOBAMBA,ANDABAMBA,3223,SAN MARTIN MAYUNMARCA,621,3606,Suni,Sierra
090203,HUANCAVELICA,ACOBAMBA,ANTA,4540,HUAYANAY-TUMBESCHAYOCC PAMPA,398,3541,Suni,Sierra
090204,HUANCAVELICA,ACOBAMBA,CAJA,1842,CAJA,485,3383,Quechua,Sierra
090205,HUANCAVELICA,ACOBAMBA,MARCAS,1529,MARCAS,524,3411,Quechua,Sierra
090206,HUANCAVELICA,ACOBAMBA,PAUCARA,10415,PAUCARA,4293,3833,Suni,Sierra
090207,HUANCAVELICA,ACOBAMBA,POMACOCHA,2829,CHOCLOCOCHA,859,3383,Quechua,Sierra
090208,HUANCAVELICA,ACOBAMBA,ROSARIO,4850,CHANQUIL,893,3790,Suni,Sierra
090301,HUANCAVELICA,ANGARAES,LIRCAY,22991,LIRCAY,9724,3344,Quechua,Sierra
090302,HUANCAVELICA,ANGARAES,ANCHONGA,7115,PARCO ALTO,842,3752,Suni,Sierra
090303,HUANCAVELICA,ANGARAES,CALLANMARCA,625,CALLANMARCA,504,3553,Suni,Sierra
090304,HUANCAVELICA,ANGARAES,CCOCHACCASA,2956,CCOCHACCASA,996,4190,Puna,Sierra
090305,HUANCAVELICA,ANGARAES,CHINCHO,943,LLAMOCCTACHI (9 DE DICIEMBRE),212,2442,Quechua,Sierra
090306,HUANCAVELICA,ANGARAES,CONGALLA,3544,CONGALLA,630,3537,Suni,Sierra
090307,HUANCAVELICA,ANGARAES,HUANCA-HUANCA,1337,HUANCA-HUANCA,918,3590,Suni,Sierra
090308,HUANCAVELICA,ANGARAES,HUAYLLAY GRANDE,1111,HUAYLLAY GRANDE,1018,3622,Suni,Sierra
090309,HUANCAVELICA,ANGARAES,JULCAMARCA,1736,JULCAMARCA,1099,3431,Quechua,Sierra
090310,HUANCAVELICA,ANGARAES,SAN ANTONIO DE ANTAPARCO,2323,ANTAPARCO,385,2767,Quechua,Sierra
090311,HUANCAVELICA,ANGARAES,SANTO TOMÁS DE PATA,1436,SANTO TOMAS DE PATA,434,3150,Quechua,Sierra
090312,HUANCAVELICA,ANGARAES,SECCLLA,3090,SECCLLA,562,3363,Quechua,Sierra
090401,HUANCAVELICA,CASTROVIRREYNA,CASTROVIRREYNA,2929,CASTROVIRREYNA,1449,3989,Suni,Sierra
090402,HUANCAVELICA,CASTROVIRREYNA,ARMA,977,ARMA,320,3361,Quechua,Sierra
090403,HUANCAVELICA,CASTROVIRREYNA,AURAHUÁ,1468,AURAHUA,464,3483,Quechua,Sierra
090404,HUANCAVELICA,CASTROVIRREYNA,CAPILLAS,903,CAPILLAS,175,3224,Quechua,Sierra
090405,HUANCAVELICA,CASTROVIRREYNA,CHUPAMARCA,888,CHUPAMARCA,242,3433,Quechua,Sierra
090406,HUANCAVELICA,CASTROVIRREYNA,COCAS,703,COCAS,147,3253,Quechua,Sierra
090407,HUANCAVELICA,CASTROVIRREYNA,HUACHOS,919,HUACHOS,225,2784,Quechua,Sierra
090408,HUANCAVELICA,CASTROVIRREYNA,HUAMATAMBO,388,HUAMATAMBO,148,3058,Quechua,Sierra
090409,HUANCAVELICA,CASTROVIRREYNA,MOLLEPAMPA,1142,MOLLEPAMPA,142,2500,Quechua,Sierra
090410,HUANCAVELICA,CASTROVIRREYNA,SAN JUAN,673,SAN JUAN,225,1936,Yunga marítima,Costa
090411,HUANCAVELICA,CASTROVIRREYNA,SANTA ANA,863,CHOCLOCOCHA,231,4575,Puna,Sierra
090412,HUANCAVELICA,CASTROVIRREYNA,TANTARA,648,TANTARA,346,2898,Quechua,Sierra
090413,HUANCAVELICA,CASTROVIRREYNA,TICRAPO,1481,TICRAPO,955,2140,Yunga marítima,Costa
090501,HUANCAVELICA,CHURCAMPA,CHURCAMPA,5088,CHURCAMPA,3306,3295,Quechua,Sierra
090502,HUANCAVELICA,CHURCAMPA,ANCO,5368,LA ESMERALDA,1063,2463,Quechua,Sierra
090503,HUANCAVELICA,CHURCAMPA,CHINCHIHUASI,1979,CHINCHIHUASI,322,2803,Quechua,Sierra
090504,HUANCAVELICA,CHURCAMPA,EL CARMEN,2429,PALERMO,296,3346,Quechua,Sierra
090505,HUANCAVELICA,CHURCAMPA,LA MERCED,1078,LA MERCED,560,2683,Quechua,Sierra
090506,HUANCAVELICA,CHURCAMPA,LOCROJA,3372,LOCROJA,946,3417,Quechua,Sierra
090507,HUANCAVELICA,CHURCAMPA,PAUCARBAMBA,4346,PAUCARBAMBA,806,3382,Quechua,Sierra
090508,HUANCAVELICA,CHURCAMPA,SAN MIGUEL DE MAYOCC,745,MAYOCC,519,2228,Yunga fluvial,Sierra
090509,HUANCAVELICA,CHURCAMPA,SAN PEDRO DE CORIS,3445,SAN PEDRO DE CORIS,1460,3580,Suni,Sierra
090510,HUANCAVELICA,CHURCAMPA,PACHAMARCA,1856,PALTAMARCA,207,3110,Quechua,Sierra
090511,HUANCAVELICA,CHURCAMPA,COSME,2832,SANTA CLARA DE COSME,932,3486,Quechua,Sierra
090601,HUANCAVELICA,HUAYTARÁ,HUAYTARÁ,2146,HUAYTARA,1157,2732,Quechua,Sierra
090602,HUANCAVELICA,HUAYTARÁ,AYAVÍ,745,AYAVI,277,3815,Suni,Sierra
090603,HUANCAVELICA,HUAYTARÁ,CÓRDOVA,1005,CORDOVA,289,3242,Quechua,Sierra
090604,HUANCAVELICA,HUAYTARÁ,HUAYACUNDO ARMA,448,HUAYACUNDO ARMA,273,3116,Quechua,Sierra
090605,HUANCAVELICA,HUAYTARÁ,LARAMARCA,845,LARAMARCA,653,3407,Quechua,Sierra
090606,HUANCAVELICA,HUAYTARÁ,OCOYO,812,SIERRA ANTAPITE 2/,219,3408,Quechua,Sierra
090607,HUANCAVELICA,HUAYTARÁ,PILPICHACA,2758,PILPICHACA,742,4090,Puna,Sierra
090608,HUANCAVELICA,HUAYTARÁ,QUERCO,1032,QUERCO,677,2903,Quechua,Sierra
090609,HUANCAVELICA,HUAYTARÁ,QUITO-ARMA,686,QUITO-ARMA,137,2944,Quechua,Sierra
090610,HUANCAVELICA,HUAYTARÁ,SAN ANTONIO DE CUSICANCHA,1358,SACSAQUERO QUISUAARPAMPA,206,3471,Quechua,Sierra
090611,HUANCAVELICA,HUAYTARÁ,SAN FRANCISCO DE SANGAYAICO,920,SAN FRANCISCO DE SANGAYAICO,294,3420,Quechua,Sierra
090612,HUANCAVELICA,HUAYTARÁ,SAN ISIDRO,1054,SAN JUAN DE HUIRPACANCHA,355,3656,Suni,Sierra
090613,HUANCAVELICA,HUAYTARÁ,SANTIAGO DE CHOCORVOS,1671,SANTIAGO DE CHOCORVOS,307,2638,Quechua,Sierra
090614,HUANCAVELICA,HUAYTARÁ,SANTIAGO DE QUIRAHUARA,376,SANTIAGO DE QUIRAHUARA,225,2801,Quechua,Sierra
090615,HUANCAVELICA,HUAYTARÁ,SANTO DOMINGO DE CAPILLAS,724,HUAÑACANCHA,240,3806,Suni,Sierra
090616,HUANCAVELICA,HUAYTARÁ,TAMBO,667,TAMBO,291,3201,Quechua,Sierra
090701,HUANCAVELICA,TAYACAJA,PAMPAS,10061,PAMPAS,7839,3282,Quechua,Sierra
090702,HUANCAVELICA,TAYACAJA,ACOSTAMBO,3266,ACOSTAMBO,914,3628,Suni,Sierra
090703,HUANCAVELICA,TAYACAJA,ACRAQUIA,3522,ACRAQUIA,907,3281,Quechua,Sierra
090704,HUANCAVELICA,TAYACAJA,AHUAYCHA,3873,AHUAYCHA,849,3279,Quechua,Sierra
090705,HUANCAVELICA,TAYACAJA,COLCABAMBA,11068,COLCABAMBA,2747,2953,Quechua,Sierra
090706,HUANCAVELICA,TAYACAJA,DANIEL HERNÁNDEZ,9089,MARISCAL CACERES,5420,3288,Quechua,Sierra
090707,HUANCAVELICA,TAYACAJA,HUACHOCOLPA,3218,HUACHOCOLPA,966,2913,Quechua,Sierra
090709,HUANCAVELICA,TAYACAJA,HUARIBAMBA,3003,HUARIBAMBA,530,3019,Quechua,Sierra
090710,HUANCAVELICA,TAYACAJA,ÑAHUIMPUQUIO,1480,ÑAHUIMPUQUIO,673,3651,Suni,Sierra
090711,HUANCAVELICA,TAYACAJA,PAZOS,5159,PAZOS,1301,3820,Suni,Sierra
090713,HUANCAVELICA,TAYACAJA,QUISHUAR,731,QUISHUAR,649,3137,Quechua,Sierra
090714,HUANCAVELICA,TAYACAJA,SALCABAMBA,3828,CEDRO PAMPA,346,3079,Quechua,Sierra
090715,HUANCAVELICA,TAYACAJA,SALCAHUASI,2616,SALCAHUASI,262,3196,Quechua,Sierra
090716,HUANCAVELICA,TAYACAJA,SAN MARCOS DE ROCCHAC,1813,SAN MARCOS DE ROCCHAC,282,3206,Quechua,Sierra
090717,HUANCAVELICA,TAYACAJA,SURCUBAMBA,4601,SURCUBAMBA,581,2626,Quechua,Sierra
090718,HUANCAVELICA,TAYACAJA,TINTAY PUNCU,3010,COCHABAMBA GRANDE,905,2684,Quechua,Sierra
090719,HUANCAVELICA,TAYACAJA,QUICHUAS,3945,QUICHUAS,688,2706,Quechua,Sierra
090720,HUANCAVELICA,TAYACAJA,ANDAYMARCA,2373,ANDAYMARCA,459,2896,Quechua,Sierra
090721,HUANCAVELICA,TAYACAJA,ROBLE,1300,PUERTO SAN ANTONIO,544,2640,Quechua,Sierra
090722,HUANCAVELICA,TAYACAJA,PICHOS,1914,PICHOS,961,3297,Quechua,Sierra
090723,HUANCAVELICA,TAYACAJA,SANTIAGO DE TUCUMA,1533,SANTIAGO DE TUCUMA,594,3538,Suni,Sierra
100101,HUÁNUCO,HUÁNUCO,HUÁNUCO,89502,HUANUCO,84612,1921,Yunga fluvial,Sierra
100102,HUÁNUCO,HUÁNUCO,AMARILIS,81461,PAUCARBAMBA,68735,1950,Yunga fluvial,Sierra
100103,HUÁNUCO,HUÁNUCO,CHINCHAO,13135,ACOMAYO,2012,2122,Yunga fluvial,Sierra
100104,HUÁNUCO,HUÁNUCO,CHURUBAMBA,15670,UTAO,1576,2735,Quechua,Sierra
100105,HUÁNUCO,HUÁNUCO,MARGOS,4364,MARGOS,1324,3555,Suni,Sierra
100106,HUÁNUCO,HUÁNUCO,QUISQUI (KICHKI),3453,SAN PEDRO DE CANI,685,2934,Quechua,Sierra
100107,HUÁNUCO,HUÁNUCO,SAN FRANCISCO DE CAYRÁN,4788,ROSARIO DE HUANCACHUPA,1333,2160,Yunga fluvial,Sierra
100108,HUÁNUCO,HUÁNUCO,SAN PEDRO DE CHAULÁN,2789,CHAULAN,604,3587,Suni,Sierra
100109,HUÁNUCO,HUÁNUCO,SANTA MARÍA DEL VALLE,19226,SANTA MARIA DEL VALLE,2064,1939,Yunga fluvial,Sierra
100110,HUÁNUCO,HUÁNUCO,YARUMAYO,1545,YARUMAYO,315,3055,Quechua,Sierra
100111,HUÁNUCO,HUÁNUCO,PILLCO MARCA,43818,CAYHUAYNA,35682,1996,Yunga fluvial,Sierra
100112,HUÁNUCO,HUÁNUCO,YACUS,5296,YACUS,2094,3243,Quechua,Sierra
100113,HUÁNUCO,HUÁNUCO,SAN PABLO DE PILLAO,8350,SAN PABLO DE PILLAO,1182,2954,Quechua,Sierra
100201,HUÁNUCO,AMBO,AMBO,20886,AMBO,7444,2106,Yunga fluvial,Sierra
100202,HUÁNUCO,AMBO,CAYNA,2502,QUIO,637,3698,Suni,Sierra
100203,HUÁNUCO,AMBO,COLPAS,1731,COLPAS,281,2740,Quechua,Sierra
100204,HUÁNUCO,AMBO,CONCHAMARCA,4441,QUICACAN,589,2047,Yunga fluvial,Sierra
100205,HUÁNUCO,AMBO,HUÁCAR,7449,HUACAR,2019,2157,Yunga fluvial,Sierra
100206,HUÁNUCO,AMBO,SAN FRANCISCO,1561,RODEO (TRES DE MAYO),383,4027,Puna,Sierra
100207,HUÁNUCO,AMBO,SAN RAFAEL,8928,SAN RAFAEL,2056,2720,Quechua,Sierra
100208,HUÁNUCO,AMBO,TOMAY KICHWA,3382,TOMAY KICHWA,1950,2049,Yunga fluvial,Sierra
100301,HUÁNUCO,DOS DE MAYO,LA UNIÓN,6634,LA UNION,5201,3275,Quechua,Sierra
100307,HUÁNUCO,DOS DE MAYO,CHUQUIS,3364,CHUQUIS,858,3375,Quechua,Sierra
100311,HUÁNUCO,DOS DE MAYO,MARÍAS,5571,MARIAS,1058,3508,Suni,Sierra
100313,HUÁNUCO,DOS DE MAYO,PACHAS,5393,PACHAS,1286,3474,Quechua,Sierra
100316,HUÁNUCO,DOS DE MAYO,QUIVILLA,1228,QUIVILLA,703,2972,Quechua,Sierra
100317,HUÁNUCO,DOS DE MAYO,RIPÁN,5320,RIPAN,2755,3233,Quechua,Sierra
100321,HUÁNUCO,DOS DE MAYO,SHUNQUI,1696,SHUNQUI,499,3542,Suni,Sierra
100322,HUÁNUCO,DOS DE MAYO,SILLAPATA,1814,SILLAPATA,496,3459,Quechua,Sierra
100323,HUÁNUCO,DOS DE MAYO,YANAS,2238,YANAS,859,3477,Quechua,Sierra
100401,HUÁNUCO,HUACAYBAMBA,HUACAYBAMBA,5868,HUACAYBAMBA,1788,2421,Quechua,Sierra
100402,HUÁNUCO,HUACAYBAMBA,CANCHABAMBA,2718,CANCHABAMBA,532,3208,Quechua,Sierra
100403,HUÁNUCO,HUACAYBAMBA,COCHABAMBA,1576,COCHABAMBA,480,3292,Quechua,Sierra
100404,HUÁNUCO,HUACAYBAMBA,PINRA,6389,HUARASILLO,1579,3058,Quechua,Sierra
100501,HUÁNUCO,HUAMALÍES,LLATA,13403,LLATA,6027,3489,Quechua,Sierra
100502,HUÁNUCO,HUAMALÍES,ARANCAY,1356,ARANCAY,369,3066,Quechua,Sierra
100503,HUÁNUCO,HUAMALÍES,CHAVÍN DE PARIARCA,3793,CHAVIN DE PARIARCA,975,3382,Quechua,Sierra
100504,HUÁNUCO,HUAMALÍES,JACAS GRANDE,5603,JACAS GRANDE,674,3625,Suni,Sierra
100505,HUÁNUCO,HUAMALÍES,JIRCÁN,1412,JIRCAN,320,3211,Quechua,Sierra
100506,HUÁNUCO,HUAMALÍES,MIRAFLORES,3127,MIRAFLORES,1520,3688,Suni,Sierra
100507,HUÁNUCO,HUAMALÍES,MONZÓN,12368,CACHICOTO,2387,773,Rupa Rupa,Selva
100508,HUÁNUCO,HUAMALÍES,PUNCHAO,2009,PUNCHAO,1600,3560,Suni,Sierra
100509,HUÁNUCO,HUAMALÍES,PUÑOS,4062,PUÑOS,1185,3749,Suni,Sierra
100510,HUÁNUCO,HUAMALÍES,SINGA,3129,SINGA,1091,3649,Suni,Sierra
100511,HUÁNUCO,HUAMALÍES,TANTAMAYO,1777,TANTAMAYO,221,3517,Suni,Sierra
100601,HUÁNUCO,LEONCIO PRADO,RUPA-RUPA,53066,TINGO MARIA,46191,667,Rupa Rupa,Selva
100602,HUÁNUCO,LEONCIO PRADO,DANIEL ALOMÍA ROBLES,6142,ANTONIO RAYMONDI LAS VEGAS,645,994,Rupa Rupa,Selva
100603,HUÁNUCO,LEONCIO PRADO,HERMÍLIO VALDIZÁN,3475,SAN ISIDRO,580,1341,Rupa Rupa,Selva
100604,HUÁNUCO,LEONCIO PRADO,JOSÉ CRESPO Y CASTILLO,22149,AUCAYACU,16929,587,Rupa Rupa,Selva
100605,HUÁNUCO,LEONCIO PRADO,LUYANDO,8951,NARANJILLO,3945,642,Rupa Rupa,Selva
100606,HUÁNUCO,LEONCIO PRADO,MARIANO DAMASO BERAUN,10048,PUENTE PRADO,1297,666,Rupa Rupa,Selva
100607,HUÁNUCO,LEONCIO PRADO,PUCAYACU,3724,PUCAYACU,893,573,Rupa Rupa,Selva
100608,HUÁNUCO,LEONCIO PRADO,CASTILLO GRANDE,13568,CASTILLO GRANDE,12438,675,Rupa Rupa,Selva
100609,HUÁNUCO,LEONCIO PRADO,PUEBLO NUEVO,4143,PUEBLO NUEVO,705,626,Rupa Rupa,Selva
100610,HUÁNUCO,LEONCIO PRADO,SANTO DOMINGO DE ANDA,2527,SANTO DOMINGO DE ANDA,612,610,Rupa Rupa,Selva
100701,HUÁNUCO,MARAÑÓN,HUACRACHUCO,14150,HUACRACHUCO,3945,2914,Quechua,Sierra
100702,HUÁNUCO,MARAÑÓN,CHOLÓN,5372,EL PARAISO,1575,532,Rupa Rupa,Selva
100703,HUÁNUCO,MARAÑÓN,SAN BUENAVENTURA,2111,SAN BUENAVENTURA,420,3211,Quechua,Sierra
100704,HUÁNUCO,MARAÑÓN,LA MORADA,2790,LA MORADA,1137,559,Rupa Rupa,Selva
100705,HUÁNUCO,MARAÑÓN,SANTA ROSA DE ALTO YANAJANCA,2199,SANTA ROSA DE ALTO YANAJANCA,1025,530,Rupa Rupa,Selva
100801,HUÁNUCO,PACHITEA,PANAO,17449,PANAO,4848,2536,Quechua,Sierra
100802,HUÁNUCO,PACHITEA,CHAGLLA,10103,CHAGLLA,3108,3040,Quechua,Sierra
100803,HUÁNUCO,PACHITEA,MOLINO,10552,MOLINO,2931,2396,Quechua,Sierra
100804,HUÁNUCO,PACHITEA,UMARI,11055,UMARI (TAMBILLO),586,2524,Quechua,Sierra
100901,HUÁNUCO,PUERTO INCA,PUERTO INCA,9407,PUERTO INCA,2856,215,Omagua,Selva
100902,HUÁNUCO,PUERTO INCA,CODO DEL POZUZO,7101,CODO DEL POZUZO,1988,398,Omagua,Selva
100903,HUÁNUCO,PUERTO INCA,HONORIA,4814,HONORIA,1422,177,Omagua,Selva
100904,HUÁNUCO,PUERTO INCA,TOURNAVISTA,5447,TOURNAVISTA,1472,214,Omagua,Selva
100905,HUÁNUCO,PUERTO INCA,YUYAPICHIS,5769,YUYAPICHIS,1286,227,Omagua,Selva
101001,HUÁNUCO,LAURICOCHA,JESÚS,4193,JESUS,1489,3498,Quechua,Sierra
101002,HUÁNUCO,LAURICOCHA,BAÑOS,1956,BAÑOS,929,3442,Quechua,Sierra
101003,HUÁNUCO,LAURICOCHA,JIVIA,1011,JIVIA,344,3394,Quechua,Sierra
101004,HUÁNUCO,LAURICOCHA,QUEROPALCA,1009,QUEROPALCA,752,3834,Suni,Sierra
101005,HUÁNUCO,LAURICOCHA,RONDOS,3595,RONDOS,789,3617,Suni,Sierra
101006,HUÁNUCO,LAURICOCHA,SAN FRANCISCO DE ASÍS,1296,HUARIN,412,3457,Quechua,Sierra
101007,HUÁNUCO,LAURICOCHA,SAN MIGUEL DE CAURI,5853,CAURI,1704,3625,Suni,Sierra
101101,HUÁNUCO,YAROWILCA,CHAVINILLO,4789,CHAVINILLO,2015,3475,Quechua,Sierra
101102,HUÁNUCO,YAROWILCA,CÁHUAC,1156,CAHUAC,670,3413,Quechua,Sierra
101103,HUÁNUCO,YAROWILCA,CHACABAMBA,1110,CHACABAMBA,238,3204,Quechua,Sierra
101104,HUÁNUCO,YAROWILCA,APARICIO POMARES,4735,CHUPAN,1332,3452,Quechua,Sierra
101105,HUÁNUCO,YAROWILCA,JACAS CHICO,1110,SAN CRISTOBAL DE JACAS CHICO,396,3816,Suni,Sierra
101106,HUÁNUCO,YAROWILCA,OBAS,3845,OBAS,1026,3543,Suni,Sierra
101107,HUÁNUCO,YAROWILCA,PAMPAMARCA,1128,PAMPAMARCA,346,3436,Quechua,Sierra
101108,HUÁNUCO,YAROWILCA,CHORAS,2024,CHORAS,507,3554,Suni,Sierra
110101,ICA,ICA,ICA,150280,ICA,149618,432,Chala,Costa
110102,ICA,ICA,LA TINGUIÑA,39574,LA TINGUIÑA,36052,463,Chala,Costa
110103,ICA,ICA,LOS AQUIJES,21963,LOS PISCONTES,5177,454,Chala,Costa
110104,ICA,ICA,OCUCAJE,4392,OCUCAJE,2098,332,Chala,Costa
110105,ICA,ICA,PACHACÚTEC,7411,PAMPA DE TATE,6064,424,Chala,Costa
110106,ICA,ICA,PARCONA,54047,PARCONA,31140,472,Chala,Costa
110107,ICA,ICA,PUEBLO NUEVO,6395,PUEBLO NUEVO,1535,417,Chala,Costa
110108,ICA,ICA,SALAS,25767,GUADALUPE,16753,452,Chala,Costa
110109,ICA,ICA,SAN JOSÉ DE LOS MOLINOS,6987,SAN JOSE DE LOS MOLINOS,3172,542,Yunga marítima,Costa
110110,ICA,ICA,SAN JUAN BAUTISTA,13846,FONAVI (LA ANGOSTURA),7534,451,Chala,Costa
110111,ICA,ICA,SANTIAGO,27645,SANTIAGO,7615,395,Chala,Costa
110112,ICA,ICA,SUBTANJALLA,27387,SUBTANJALLA,27133,445,Chala,Costa
110113,ICA,ICA,TATE,4709,TATE DE LA CAPILLA,2544,416,Chala,Costa
110114,ICA,ICA,YAUCA DEL ROSARIO,1116,ORONGOCUCHO,108,966,Yunga marítima,Costa
110201,ICA,CHINCHA,CHINCHA ALTA,66349,CHINCHA ALTA,66349,140,Chala,Costa
110202,ICA,CHINCHA,ALTO LARÁN,7783,ALTO LARAN,5728,156,Chala,Costa
110203,ICA,CHINCHA,CHAVÍN,2071,CERRO LINDO MILLPO 2/,1612,2571,Quechua,Sierra
110204,ICA,CHINCHA,CHINCHA BAJA,13009,CHINCHA BAJA,4641,44,Chala,Costa
110205,ICA,CHINCHA,EL CARMEN,12369,EL CARMEN,2639,160,Chala,Costa
110206,ICA,CHINCHA,GROCIO PRADO,25294,SAN PEDRO,24051,134,Chala,Costa
110207,ICA,CHINCHA,PUEBLO NUEVO,62604,PUEBLO NUEVO,62604,146,Chala,Costa
110208,ICA,CHINCHA,SAN JUAN DE YANAC,1129,SAN JUAN DE YANAC,315,2554,Quechua,Sierra
110209,ICA,CHINCHA,SAN PEDRO DE HUACARPANA,992,LISCAY,281,3717,Suni,Sierra
110210,ICA,CHINCHA,SUNAMPE,29079,SUNAMPE,28520,94,Chala,Costa
110211,ICA,CHINCHA,TAMBO DE MORA,5434,TAMBO DE MORA,5112,37,Chala,Costa
110301,ICA,NASCA,NASCA,27632,NASCA,22859,618,Yunga marítima,Costa
110302,ICA,NASCA,CHANGUILLO,1950,SAN JAVIER,351,290,Chala,Costa
110303,ICA,NASCA,EL INGENIO,3134,TULIN,1014,471,Chala,Costa
110304,ICA,NASCA,MARCONA,15981,SAN JUAN,15933,36,Chala,Costa
110305,ICA,NASCA,VISTA ALEGRE,20460,VISTA ALEGRE,17977,618,Yunga marítima,Costa
110401,ICA,PALPA,PALPA,7748,PALPA,4837,371,Chala,Costa
110402,ICA,PALPA,LLIPATA,1555,CARLOS TIJERO,771,305,Chala,Costa
110403,ICA,PALPA,RÍO GRANDE,2658,RIO GRANDE,1394,369,Chala,Costa
110404,ICA,PALPA,SANTA CRUZ,927,SAN FRANCISCO,386,534,Yunga marítima,Costa
110405,ICA,PALPA,TIBILLO,344,TIBILLO,236,2192,Yunga marítima,Costa
110501,ICA,PISCO,PISCO,67467,PISCO,61518,39,Chala,Costa
110502,ICA,PISCO,HUANCANO,1379,HUANCANO,458,1039,Yunga marítima,Costa
110503,ICA,PISCO,HUMAY,5408,BERNALES,2218,312,Chala,Costa
110504,ICA,PISCO,INDEPENDENCIA,12987,INDEPENDENCIA,4183,235,Chala,Costa
110505,ICA,PISCO,PARACAS,7147,SANTA CRUZ,3339,108,Chala,Costa
110506,ICA,PISCO,SAN ANDRÉS,13767,SAN ANDRES,12074,16,Chala,Costa
110507,ICA,PISCO,SAN CLEMENTE,24814,SAN CLEMENTE,24207,116,Chala,Costa
110508,ICA,PISCO,TÚPAC AMARU INCA,17775,TUPAC AMARU,17664,113,Chala,Costa
120101,JUNÍN,HUANCAYO,HUANCAYO,119993,HUANCAYO,118550,3294,Quechua,Sierra
120104,JUNÍN,HUANCAYO,CARHUACALLANGA,506,CARHUACALLANGA,506,3774,Suni,Sierra
120105,JUNÍN,HUANCAYO,CHACAPAMPA,959,CHACAPAMPA,326,3412,Quechua,Sierra
120106,JUNÍN,HUANCAYO,CHICCHE,741,POTACA VISTA ALEGRE,239,3874,Suni,Sierra
120107,JUNÍN,HUANCAYO,CHILCA,91851,CHILCA,91796,3273,Quechua,Sierra
120108,JUNÍN,HUANCAYO,CHONGOS ALTO,1484,CHONGOS ALTO,670,3572,Suni,Sierra
120111,JUNÍN,HUANCAYO,CHUPURO,1946,CHUPURO,799,3197,Quechua,Sierra
120112,JUNÍN,HUANCAYO,COLCA,1017,COLCA,646,3499,Quechua,Sierra
120113,JUNÍN,HUANCAYO,CULLHUAS,1335,CULLHUAS,366,3549,Suni,Sierra
120114,JUNÍN,HUANCAYO,EL TAMBO,166359,EL TAMBO,157207,3305,Quechua,Sierra
120116,JUNÍN,HUANCAYO,HUACRAPUQUIO,1366,HUACRAPUQUIO,1297,3238,Quechua,Sierra
120117,JUNÍN,HUANCAYO,HUALHUAS,5251,HUALHUAS,5251,3267,Quechua,Sierra
120119,JUNÍN,HUANCAYO,HUANCÁN,24830,HUANCAN,23659,3252,Quechua,Sierra
120120,JUNÍN,HUANCAYO,HUASICANCHA,829,HUASICANCHA,634,3754,Suni,Sierra
120121,JUNÍN,HUANCAYO,HUAYUCACHI,9800,HUAYUCACHI,6477,3251,Quechua,Sierra
120122,JUNÍN,HUANCAYO,INGENIO,2376,INGENIO,947,3486,Quechua,Sierra
120124,JUNÍN,HUANCAYO,PARIAHUANCA,5130,LIBERTAD DE OCCORO,394,2598,Quechua,Sierra
120125,JUNÍN,HUANCAYO,PILCOMAYO,20055,PILCOMAYO,20055,3244,Quechua,Sierra
120126,JUNÍN,HUANCAYO,PUCARÁ,4748,PUCARA,2220,3374,Quechua,Sierra
120127,JUNÍN,HUANCAYO,QUICHUAY,1852,QUICHUAY,1128,3430,Quechua,Sierra
120128,JUNÍN,HUANCAYO,QUILCAS,3904,QUILCAS,2989,3323,Quechua,Sierra
120129,JUNÍN,HUANCAYO,SAN AGUSTÍN,15281,SAN AGUSTIN,14310,3297,Quechua,Sierra
120130,JUNÍN,HUANCAYO,SAN JERÓNIMO DE TUNÁN,11601,SAN JERONIMO DE TUNAN,11601,3300,Quechua,Sierra
120132,JUNÍN,HUANCAYO,SAÑO,5512,SAÑO,5491,3296,Quechua,Sierra
120133,JUNÍN,HUANCAYO,SAPALLANGA,21096,SAPALLANGA,10825,3330,Quechua,Sierra
120134,JUNÍN,HUANCAYO,SICAYA,16932,SICAYA,16522,3305,Quechua,Sierra
120135,JUNÍN,HUANCAYO,SANTO DOMINGO DE ACOBAMBA,6222,SANTA ROSA DE CHAQUICOCHA,810,2691,Quechua,Sierra
120136,JUNÍN,HUANCAYO,VIQUES,2639,VIQUES,2589,3200,Quechua,Sierra
120201,JUNÍN,CONCEPCIÓN,CONCEPCIÓN,15428,CONCEPCION,13478,3303,Quechua,Sierra
120202,JUNÍN,CONCEPCIÓN,ACO,1642,ACO,1209,3474,Quechua,Sierra
120203,JUNÍN,CONCEPCIÓN,ANDAMARCA,3502,ANDAMARCA,436,2508,Quechua,Sierra
120204,JUNÍN,CONCEPCIÓN,CHAMBARA,2550,CHAMBARA,595,3521,Suni,Sierra
120205,JUNÍN,CONCEPCIÓN,COCHAS,1923,ANDAS,581,3636,Suni,Sierra
120206,JUNÍN,CONCEPCIÓN,COMAS,5377,COMAS,981,3303,Quechua,Sierra
120207,JUNÍN,CONCEPCIÓN,HEROÍNAS TOLEDO,972,LA LIBERTAD,282,3755,Suni,Sierra
120208,JUNÍN,CONCEPCIÓN,MANZANARES,1478,SAN MIGUEL,1387,3381,Quechua,Sierra
120209,JUNÍN,CONCEPCIÓN,MARISCAL CASTILLA,1394,MUCLLO,366,2513,Quechua,Sierra
120210,JUNÍN,CONCEPCIÓN,MATAHUASI,5537,MATAHUASI,3268,3302,Quechua,Sierra
120211,JUNÍN,CONCEPCIÓN,MITO,1382,MITO,670,3296,Quechua,Sierra
120212,JUNÍN,CONCEPCIÓN,NUEVE DE JULIO,2287,SANTO DOMINGO DEL PRADO,2023,3339,Quechua,Sierra
120213,JUNÍN,CONCEPCIÓN,ORCOTUNA,4738,ORCOTUNA,3525,3271,Quechua,Sierra
120214,JUNÍN,CONCEPCIÓN,SAN JOSÉ DE QUERO,5398,USIBAMBA,1055,3638,Suni,Sierra
120215,JUNÍN,CONCEPCIÓN,SANTA ROSA DE OCOPA,1983,SANTA ROSA,1198,3396,Quechua,Sierra
120301,JUNÍN,CHANCHAMAYO,CHANCHAMAYO,27790,LA MERCED,24629,804,Rupa Rupa,Selva
120302,JUNÍN,CHANCHAMAYO,PERENÉ,52874,SANTA ROSA,21054,538,Rupa Rupa,Selva
120303,JUNÍN,CHANCHAMAYO,PICHANAQUI,39054,BAJO PICHANAQUI,20689,531,Rupa Rupa,Selva
120304,JUNÍN,CHANCHAMAYO,SAN LUIS DE SHUARO,4157,SAN LUIS DE SHUARO,736,739,Rupa Rupa,Selva
120305,JUNÍN,CHANCHAMAYO,SAN RAMÓN,25800,SAN RAMON,20033,865,Rupa Rupa,Selva
120306,JUNÍN,CHANCHAMAYO,VÍTOC,1814,PUCARA,491,962,Rupa Rupa,Selva
120401,JUNÍN,JAUJA,JAUJA,17908,JAUJA,17796,3425,Quechua,Sierra
120402,JUNÍN,JAUJA,ACOLLA,6077,ACOLLA,3321,3493,Quechua,Sierra
120403,JUNÍN,JAUJA,APATA,4284,APATA,1206,3359,Quechua,Sierra
120404,JUNÍN,JAUJA,ATAURA,1264,ATAURA,1006,3364,Quechua,Sierra
120405,JUNÍN,JAUJA,CANCHAYLLO,1601,CANCHAYLLO,797,3632,Suni,Sierra
120406,JUNÍN,JAUJA,CURICACA,1410,CHAPO PAMPA,325,3532,Suni,Sierra
120407,JUNÍN,JAUJA,EL MANTARO,2598,PUCUCHO,2459,3336,Quechua,Sierra
120408,JUNÍN,JAUJA,HUAMALÍ,1646,HUAMALI,1290,3366,Quechua,Sierra
120409,JUNÍN,JAUJA,HUARIPAMPA,1000,HUARIPAMPA,974,3378,Quechua,Sierra
120410,JUNÍN,JAUJA,HUERTAS,2041,HUERTAS,954,3404,Quechua,Sierra
120411,JUNÍN,JAUJA,JANJAILLO,558,JISSE,147,3881,Suni,Sierra
120412,JUNÍN,JAUJA,JULCÁN,745,JULCAN,745,3473,Quechua,Sierra
120413,JUNÍN,JAUJA,LEONOR ORDÓÑEZ,1553,HUANCANI,1321,3319,Quechua,Sierra
120414,JUNÍN,JAUJA,LLOCLLAPAMPA,1143,LLOCLLAPAMPA,639,3526,Suni,Sierra
120415,JUNÍN,JAUJA,MARCO,1451,MARCO,942,3480,Quechua,Sierra
120416,JUNÍN,JAUJA,MASMA,1732,MASMA,680,3505,Suni,Sierra
120417,JUNÍN,JAUJA,MASMA CHICCHE,732,MASMA CHICCHE,242,3671,Suni,Sierra
120418,JUNÍN,JAUJA,MOLINOS,1573,MOLINOS,631,3459,Quechua,Sierra
120419,JUNÍN,JAUJA,MONOBAMBA,1662,MONOBAMBA,429,1495,Rupa Rupa,Selva
120420,JUNÍN,JAUJA,MUQUI,1017,MUQUI,1013,3358,Quechua,Sierra
120421,JUNÍN,JAUJA,MUQUIYAUYO,2335,MUQUIYAUYO,2311,3373,Quechua,Sierra
120422,JUNÍN,JAUJA,PACA,892,PACA,601,3402,Quechua,Sierra
120423,JUNÍN,JAUJA,PACCHA,1450,PACCHA,464,3679,Suni,Sierra
120424,JUNÍN,JAUJA,PANCÁN,1226,PANCAN,657,3398,Quechua,Sierra
120425,JUNÍN,JAUJA,PARCO,1153,ULLUSCA,490,3414,Quechua,Sierra
120426,JUNÍN,JAUJA,POMACANCHA,1427,CASA BLANCA (SANTA ROSA DE TAJANA),467,3860,Suni,Sierra
120427,JUNÍN,JAUJA,RICRÁN,1296,RICRAN,592,3645,Suni,Sierra
120428,JUNÍN,JAUJA,SAN LORENZO,2538,SAN LORENZO,2165,3337,Quechua,Sierra
120429,JUNÍN,JAUJA,SAN PEDRO DE CHUNÁN,702,SAN PEDRO DE CHUNAN,699,3416,Quechua,Sierra
120430,JUNÍN,JAUJA,SAUSA,3060,SAUSA,3060,3387,Quechua,Sierra
120431,JUNÍN,JAUJA,SINCOS,4056,SINCOS,1454,3280,Quechua,Sierra
120432,JUNÍN,JAUJA,TUNAN MARCA,1038,CONCHO,908,3492,Quechua,Sierra
120433,JUNÍN,JAUJA,YAULI,1097,YAULI,614,3439,Quechua,Sierra
120434,JUNÍN,JAUJA,YAUYOS,8992,YAUYOS,8637,3420,Quechua,Sierra
120501,JUNÍN,JUNÍN,JUNÍN,10976,JUNIN,9755,4127,Puna,Sierra
120502,JUNÍN,JUNÍN,CARHUAMAYO,6638,CARHUAMAYO,6347,4154,Puna,Sierra
120503,JUNÍN,JUNÍN,ONDORES,1236,ONDORES,569,4108,Puna,Sierra
120504,JUNÍN,JUNÍN,ULCUMAYO,4283,ULCUMAYO,668,3636,Suni,Sierra
120601,JUNÍN,SATIPO,SATIPO,37075,SATIPO,23203,676,Rupa Rupa,Selva
120602,JUNÍN,SATIPO,COVIRIALI,5778,BELLAVISTA,844,676,Rupa Rupa,Selva
120603,JUNÍN,SATIPO,LLAYLLA,6544,LLAYLLA,904,1122,Rupa Rupa,Selva
120604,JUNÍN,SATIPO,MAZAMARI,35719,MAZAMARI,15454,694,Rupa Rupa,Selva
120605,JUNÍN,SATIPO,PAMPA HERMOSA,3690,MARIPOSA,373,1231,Rupa Rupa,Selva
120606,JUNÍN,SATIPO,PANGOA,54240,SAN MARTIN DE PANGOA,14308,816,Rupa Rupa,Selva
120607,JUNÍN,SATIPO,RÍO NEGRO,30651,RIO NEGRO,5262,665,Rupa Rupa,Selva
120608,JUNÍN,SATIPO,RÍO TAMBO,26036,POYENI,1175,330,Omagua,Selva
120609,JUNÍN,SATIPO,VIZCATÁN DEL ENE,4252,PAQUICHARI,451,499,Rupa Rupa,Selva
120701,JUNÍN,TARMA,TARMA,47775,TARMA,39456,3094,Quechua,Sierra
120702,JUNÍN,TARMA,ACOBAMBA,9500,ACOBAMBA,3120,2961,Quechua,Sierra
120703,JUNÍN,TARMA,HUARICOLCA,1899,HUARICOLCA,1011,3783,Suni,Sierra
120704,JUNÍN,TARMA,HUASAHUASI,9901,HUASAHUASI,4071,2768,Quechua,Sierra
120705,JUNÍN,TARMA,LA UNIÓN,3514,LETICIA,1999,3556,Suni,Sierra
120706,JUNÍN,TARMA,PALCA,5543,PALCA,2724,2759,Quechua,Sierra
120707,JUNÍN,TARMA,PALCAMAYO,3438,PALCAMAYO,1974,3351,Quechua,Sierra
120708,JUNÍN,TARMA,SAN PEDRO DE CAJAS,3547,SAN PEDRO DE CAJAS,2495,4026,Puna,Sierra
120709,JUNÍN,TARMA,TAPO,4473,TAPO,840,3146,Quechua,Sierra
120801,JUNÍN,YAULI,LA OROYA,14021,LA OROYA,11425,3757,Suni,Sierra
120802,JUNÍN,YAULI,CHACAPALPA,687,CHACAPALPA,259,3775,Suni,Sierra
120803,JUNÍN,YAULI,HUAY-HUAY,1947,HUAY-HUAY,1130,3995,Suni,Sierra
120804,JUNÍN,YAULI,MARCAPOMACOCHA,835,CORPACANCHA,353,4171,Puna,Sierra
120805,JUNÍN,YAULI,MOROCOCHA,5155,NUEVA CIUDAD MOROCOCHA,3663,4268,Puna,Sierra
120806,JUNÍN,YAULI,PACCHA,1633,PACCHA,1213,3786,Suni,Sierra
120807,JUNÍN,YAULI,SANTA BÁRBARA DE CARHUACAYÁN,1104,SANTA BARBARA DE CARHUACAYAN,623,4145,Puna,Sierra
120808,JUNÍN,YAULI,SANTA ROSA DE SACCO,8977,SANTA ROSA DE SACCO,8956,3831,Suni,Sierra
120809,JUNÍN,YAULI,SUITUCANCHA,690,SUITUCANCHA,410,4286,Puna,Sierra
120810,JUNÍN,YAULI,YAULI,5341,YAULI,2993,4137,Puna,Sierra
120901,JUNÍN,CHUPACA,CHUPACA,20341,CHUPACA,13991,3286,Quechua,Sierra
120902,JUNÍN,CHUPACA,AHUAC,6267,AHUAC,3507,3341,Quechua,Sierra
120903,JUNÍN,CHUPACA,CHONGOS BAJO,4537,CHONGOS BAJO,3764,3288,Quechua,Sierra
120904,JUNÍN,CHUPACA,HUÁCHAC,2948,HUACHAC,1311,3378,Quechua,Sierra
120905,JUNÍN,CHUPACA,HUAMANCACA CHICO,8766,HUAMANCACA CHICO,6581,3203,Quechua,Sierra
120906,JUNÍN,CHUPACA,SAN JUAN DE ISCOS,2228,ISCOS,653,3280,Quechua,Sierra
120907,JUNÍN,CHUPACA,SAN JUAN DE JARPA,2658,JARPA,1073,3692,Suni,Sierra
120908,JUNÍN,CHUPACA,TRES DE DICIEMBRE,2665,TRES DE DICIEMBRE,2665,3193,Quechua,Sierra
120909,JUNÍN,CHUPACA,YANACANCHA,2578,YANACANCHA,521,3854,Suni,Sierra
130101,LA LIBERTAD,TRUJILLO,TRUJILLO,314939,TRUJILLO,314808,74,Chala,Costa
130102,LA LIBERTAD,TRUJILLO,EL PORVENIR,190461,EL PORVENIR,190461,92,Chala,Costa
130103,LA LIBERTAD,TRUJILLO,FLORENCIA DE MORA,37262,FLORENCIA DE MORA,37262,92,Chala,Costa
130104,LA LIBERTAD,TRUJILLO,HUANCHACO,68409,EL MILAGRO,40003,142,Chala,Costa
130105,LA LIBERTAD,TRUJILLO,LA ESPERANZA,189206,LA ESPERANZA,189206,137,Chala,Costa
130106,LA LIBERTAD,TRUJILLO,LAREDO,37206,LAREDO,23828,107,Chala,Costa
130107,LA LIBERTAD,TRUJILLO,MOCHE,37436,MOCHE,20549,25,Chala,Costa
130108,LA LIBERTAD,TRUJILLO,POROTO,3586,POROTO,796,659,Yunga marítima,Costa
130109,LA LIBERTAD,TRUJILLO,SALAVERRY,18944,SALAVERRY,11751,10,Chala,Costa
130110,LA LIBERTAD,TRUJILLO,SIMBAL,4061,SIMBAL,874,604,Yunga marítima,Costa
130111,LA LIBERTAD,TRUJILLO,VÍCTOR LARCO HERRERA,68506,BUENOS AIRES,68506,24,Chala,Costa
130201,LA LIBERTAD,ASCOPE,ASCOPE,6462,ASCOPE,6000,242,Chala,Costa
130202,LA LIBERTAD,ASCOPE,CHICAMA,15267,CHICAMA,5692,150,Chala,Costa
130203,LA LIBERTAD,ASCOPE,CHOCOPE,9321,CHOCOPE,5037,118,Chala,Costa
130204,LA LIBERTAD,ASCOPE,MAGDALENA DE CAO,2463,MAGDALENA DE CAO,1333,42,Chala,Costa
130205,LA LIBERTAD,ASCOPE,PAIJÁN,25913,PAIJAN,20875,97,Chala,Costa
130206,LA LIBERTAD,ASCOPE,RÁZURI,8664,PUERTO DE MALABRIGO,4831,14,Chala,Costa
130207,LA LIBERTAD,ASCOPE,SANTIAGO DE CAO,19204,CARTAVIO,13219,77,Chala,Costa
130208,LA LIBERTAD,ASCOPE,CASA GRANDE,28492,CASA GRANDE,19097,162,Chala,Costa
130301,LA LIBERTAD,BOLÍVAR,BOLÍVAR,4455,BOLIVAR,1620,3156,Quechua,Sierra
130302,LA LIBERTAD,BOLÍVAR,BAMBAMARCA,2908,BAMBAMARCA,650,3488,Quechua,Sierra
130303,LA LIBERTAD,BOLÍVAR,CONDORMARCA,1914,BUENOS AIRES,210,3280,Quechua,Sierra
130304,LA LIBERTAD,BOLÍVAR,LONGOTEA,2098,SAN VICENTE DE PAUL,954,1456,Rupa Rupa,Selva
130305,LA LIBERTAD,BOLÍVAR,UCHUMARCA,2246,UCHUMARCA,1046,3043,Quechua,Sierra
130306,LA LIBERTAD,BOLÍVAR,UCUNCHA,836,UCUNCHA,633,2634,Quechua,Sierra
130401,LA LIBERTAD,CHEPÉN,CHEPÉN,45733,CHEPEN,37466,160,Chala,Costa
130402,LA LIBERTAD,CHEPÉN,PACANGA,21056,PACANGUILLA,8418,140,Chala,Costa
130403,LA LIBERTAD,CHEPÉN,PUEBLO NUEVO,11629,PUEBLO NUEVO,4014,84,Chala,Costa
130501,LA LIBERTAD,JULCÁN,JULCÁN,11505,JULCAN,2660,3420,Quechua,Sierra
130502,LA LIBERTAD,JULCÁN,CALAMARCA,4866,CALAMARCA,435,3377,Quechua,Sierra
130503,LA LIBERTAD,JULCÁN,CARABAMBA,6221,CARABAMBA,1104,3345,Quechua,Sierra
130504,LA LIBERTAD,JULCÁN,HUASO,5432,HUAYNAS,376,3608,Suni,Sierra
130601,LA LIBERTAD,OTUZCO,OTUZCO,24169,OTUZCO,12396,2700,Quechua,Sierra
130602,LA LIBERTAD,OTUZCO,AGALLPAMPA,9252,LA MORADA TRES RIOS,683,3464,Quechua,Sierra
130604,LA LIBERTAD,OTUZCO,CHARAT,2420,CAYANCHAL,541,2273,Yunga marítima,Costa
130605,LA LIBERTAD,OTUZCO,HUARANCHAL,3940,HUARANCHAL,1077,2208,Yunga marítima,Costa
130606,LA LIBERTAD,OTUZCO,LA CUESTA,614,BUENAVISTA DE CANIAC,175,3564,Suni,Sierra
130608,LA LIBERTAD,OTUZCO,MACHE,2693,MACHE,701,3320,Quechua,Sierra
130610,LA LIBERTAD,OTUZCO,PARANDAY,523,PARANDAY,141,3136,Quechua,Sierra
130611,LA LIBERTAD,OTUZCO,SALPO,5831,SALPO,570,3461,Quechua,Sierra
130613,LA LIBERTAD,OTUZCO,SINSICAP,7032,SAN IGNACIO,1918,3081,Quechua,Sierra
130614,LA LIBERTAD,OTUZCO,USQUIL,21388,USQUIL,948,3049,Quechua,Sierra
130701,LA LIBERTAD,PACASMAYO,SAN PEDRO DE LLOC,17637,SAN PEDRO DE LLOC,13622,49,Chala,Costa
130702,LA LIBERTAD,PACASMAYO,GUADALUPE,40217,GUADALUPE,21857,124,Chala,Costa
130703,LA LIBERTAD,PACASMAYO,JEQUETEPEQUE,4136,JEQUETEPEQUE,2313,13,Chala,Costa
130704,LA LIBERTAD,PACASMAYO,PACASMAYO,28959,PACASMAYO,28929,21,Chala,Costa
130705,LA LIBERTAD,PACASMAYO,SAN JOSÉ,11948,CRUCE SAN MARTIN DE PORRES (EL CRUCE),4095,94,Chala,Costa
130801,LA LIBERTAD,PATAZ,TAYABAMBA,12490,TAYABAMBA,4003,3222,Quechua,Sierra
130802,LA LIBERTAD,PATAZ,BULDIBUYO,3812,BULDIBUYO,1055,3189,Quechua,Sierra
130803,LA LIBERTAD,PATAZ,CHILLIA,11678,CHILLIA,1660,3166,Quechua,Sierra
130804,LA LIBERTAD,PATAZ,HUANCASPATA,5877,HUANCASPATA,1197,3313,Quechua,Sierra
130805,LA LIBERTAD,PATAZ,HUAYLILLAS,1158,HUAYLILLAS,455,2381,Quechua,Sierra
130806,LA LIBERTAD,PATAZ,HUAYO,3478,USCA,630,3110,Quechua,Sierra
130807,LA LIBERTAD,PATAZ,ONGÓN,1250,LA VICTORIA,153,1578,Yunga fluvial,Sierra
130808,LA LIBERTAD,PATAZ,PARCOY,18730,LLACUABAMBA,4857,3236,Quechua,Sierra
130809,LA LIBERTAD,PATAZ,PATAZ,8937,PATAZ,1723,2611,Quechua,Sierra
130810,LA LIBERTAD,PATAZ,PÍAS,1656,PIAS,500,2641,Quechua,Sierra
130811,LA LIBERTAD,PATAZ,SANTIAGO DE CHALLAS,2210,CHALLAS,774,3316,Quechua,Sierra
130812,LA LIBERTAD,PATAZ,TAURIJA,2779,TAURIJA,929,3123,Quechua,Sierra
130813,LA LIBERTAD,PATAZ,URPAY,2048,URPAY,514,2707,Quechua,Sierra
130901,LA LIBERTAD,SÁNCHEZ CARRIÓN,HUAMACHUCO,66902,HUAMACHUCO,41613,3183,Quechua,Sierra
130902,LA LIBERTAD,SÁNCHEZ CARRIÓN,CHUGAY,16769,CHUGAY,1405,3394,Quechua,Sierra
130903,LA LIBERTAD,SÁNCHEZ CARRIÓN,COCHORCO,8398,ARICAPAMPA,982,2620,Quechua,Sierra
130904,LA LIBERTAD,SÁNCHEZ CARRIÓN,CURGOS,7822,CURGOS,1979,3244,Quechua,Sierra
130905,LA LIBERTAD,SÁNCHEZ CARRIÓN,MARCABAL,10431,CHOROBAMBA,627,3078,Quechua,Sierra
130906,LA LIBERTAD,SÁNCHEZ CARRIÓN,SANAGORÁN,12922,24 DE JUNIO,474,3244,Quechua,Sierra
130907,LA LIBERTAD,SÁNCHEZ CARRIÓN,SARÍN,8916,SARIN,1050,2840,Quechua,Sierra
130908,LA LIBERTAD,SÁNCHEZ CARRIÓN,SARTIMBAMBA,12245,MARCABAL GRANDE,906,2986,Quechua,Sierra
131001,LA LIBERTAD,SANTIAGO DE CHUCO,SANTIAGO DE CHUCO,18311,SANTIAGO DE CHUCO,6821,3126,Quechua,Sierra
131002,LA LIBERTAD,SANTIAGO DE CHUCO,ANGASMARCA,4810,ANGASMARCA,1816,2889,Quechua,Sierra
131003,LA LIBERTAD,SANTIAGO DE CHUCO,CACHICADÁN,5319,CACHICADAN,2525,2897,Quechua,Sierra
131004,LA LIBERTAD,SANTIAGO DE CHUCO,MOLLEBAMBA,1734,SANTA CLARA DE TULPO (TULPO),482,3142,Quechua,Sierra
131005,LA LIBERTAD,SANTIAGO DE CHUCO,MOLLEPATA,2339,OROCULLAY,436,3390,Quechua,Sierra
131006,LA LIBERTAD,SANTIAGO DE CHUCO,QUIRUVILCA,12291,QUIRUVILCA,5181,3992,Suni,Sierra
131007,LA LIBERTAD,SANTIAGO DE CHUCO,SANTA CRUZ DE CHUCA,2852,SANTA CRUZ DE CHUCA,587,2937,Quechua,Sierra
131008,LA LIBERTAD,SANTIAGO DE CHUCO,SITABAMBA,3240,SITABAMBA,799,3080,Quechua,Sierra
131101,LA LIBERTAD,GRAN CHIMÚ,CASCAS,13374,CASCAS,4688,1278,Yunga marítima,Costa
131102,LA LIBERTAD,GRAN CHIMÚ,LUCMA,4725,LUCMA,602,2192,Yunga marítima,Costa
131103,LA LIBERTAD,GRAN CHIMÚ,MARMOT,2407,COMPIN,508,1512,Yunga marítima,Costa
131104,LA LIBERTAD,GRAN CHIMÚ,SAYAPULLO,6386,SAYAPULLO,961,2384,Quechua,Sierra
131201,LA LIBERTAD,VIRÚ,VIRÚ,52407,VIRU,10357,88,Chala,Costa
131202,LA LIBERTAD,VIRÚ,CHAO,32842,CHAO,11495,103,Chala,Costa
131203,LA LIBERTAD,VIRÚ,GUADALUPITO,7075,SAN IGNACIO,2444,32,Chala,Costa
140101,LAMBAYEQUE,CHICLAYO,CHICLAYO,270496,CHICLAYO,270208,28,Chala,Costa
140102,LAMBAYEQUE,CHICLAYO,CHONGOYAPE,18364,CHONGOYAPE,7842,219,Chala,Costa
140103,LAMBAYEQUE,CHICLAYO,ÉTEN,11993,ETEN,10539,15,Chala,Costa
140104,LAMBAYEQUE,CHICLAYO,ETEN PUERTO,2342,ETEN PUERTO,2342,14,Chala,Costa
140105,LAMBAYEQUE,CHICLAYO,JOSÉ LEONARDO ORTÍZ,156498,JOSE LEONARDO ORTIZ,156498,41,Chala,Costa
140106,LAMBAYEQUE,CHICLAYO,LA VICTORIA,90912,LA VICTORIA,86024,36,Chala,Costa
140107,LAMBAYEQUE,CHICLAYO,LAGUNAS,9986,MOCUPE,4818,34,Chala,Costa
140108,LAMBAYEQUE,CHICLAYO,MONSEFÚ,32225,MONSEFU,23969,40,Chala,Costa
140109,LAMBAYEQUE,CHICLAYO,NUEVA ARICA,2458,NUEVA ARICA,1789,178,Chala,Costa
140110,LAMBAYEQUE,CHICLAYO,OYOTÚN,8201,OYOTUN,5735,208,Chala,Costa
140111,LAMBAYEQUE,CHICLAYO,PICSI,12704,PICSI,9251,43,Chala,Costa
140112,LAMBAYEQUE,CHICLAYO,PIMENTEL,44602,PIMENTEL,18820,22,Chala,Costa
140113,LAMBAYEQUE,CHICLAYO,REQUE,15744,REQUE,8747,34,Chala,Costa
140114,LAMBAYEQUE,CHICLAYO,SANTA ROSA,12350,SANTA ROSA,12180,23,Chala,Costa
140115,LAMBAYEQUE,CHICLAYO,SAÑA,11617,SAÑA,4253,70,Chala,Costa
140116,LAMBAYEQUE,CHICLAYO,CAYALTÍ,14809,CAYALTI,12257,86,Chala,Costa
140117,LAMBAYEQUE,CHICLAYO,PÁTAPO,22624,PATAPO,16589,113,Chala,Costa
140118,LAMBAYEQUE,CHICLAYO,POMALCA,25267,POMALCA,19812,61,Chala,Costa
140119,LAMBAYEQUE,CHICLAYO,PUCALÁ,8701,PUCALA,6445,108,Chala,Costa
140120,LAMBAYEQUE,CHICLAYO,TUMÁN,27782,TUMAN,23335,71,Chala,Costa
140201,LAMBAYEQUE,FERREÑAFE,FERREÑAFE,34229,FERREÑAFE,33526,38,Chala,Costa
140202,LAMBAYEQUE,FERREÑAFE,CAÑARIS,11366,HUACAPAMPA,400,2036,Yunga marítima,Costa
140203,LAMBAYEQUE,FERREÑAFE,INCAHUASI,13858,INCAHUASI,904,3030,Quechua,Sierra
140204,LAMBAYEQUE,FERREÑAFE,MANUEL ANTONIO MESONES MURO,3808,MANUEL ANTONIO MESONES MURO,1787,66,Chala,Costa
140205,LAMBAYEQUE,FERREÑAFE,PÍTIPO,19651,BATAN GRANDE,3106,119,Chala,Costa
140206,LAMBAYEQUE,FERREÑAFE,PUEBLO NUEVO,14503,PUEBLO NUEVO,13733,45,Chala,Costa
140301,LAMBAYEQUE,LAMBAYEQUE,LAMBAYEQUE,71425,LAMBAYEQUE,58276,24,Chala,Costa
140302,LAMBAYEQUE,LAMBAYEQUE,CHÓCHOPE,1407,CHOCHOPE,436,198,Chala,Costa
140303,LAMBAYEQUE,LAMBAYEQUE,ÍLLIMO,8856,ILLIMO,5037,60,Chala,Costa
140304,LAMBAYEQUE,LAMBAYEQUE,JAYANCA,17204,JAYANCA,8185,66,Chala,Costa
140305,LAMBAYEQUE,LAMBAYEQUE,MOCHUMÍ,18401,MOCHUMI,7188,40,Chala,Costa
140306,LAMBAYEQUE,LAMBAYEQUE,MÓRROPE,48209,MORROPE,8680,5,Chala,Costa
140307,LAMBAYEQUE,LAMBAYEQUE,MOTUPE,29836,MOTUPE,16275,140,Chala,Costa
140308,LAMBAYEQUE,LAMBAYEQUE,OLMOS,46484,OLMOS,14473,192,Chala,Costa
140309,LAMBAYEQUE,LAMBAYEQUE,PACORA,8060,PACORA,3943,69,Chala,Costa
140310,LAMBAYEQUE,LAMBAYEQUE,SALAS,12595,SALAS,3008,174,Chala,Costa
140311,LAMBAYEQUE,LAMBAYEQUE,SAN JOSÉ,15846,SAN JOSE,10631,33,Chala,Costa
140312,LAMBAYEQUE,LAMBAYEQUE,TÚCUME,21847,TUCUME,9241,61,Chala,Costa
150101,LIMA,LIMA,LIMA,268352,LIMA,268352,162,Chala,Costa
150102,LIMA,LIMA,ANCÓN,62928,ANCON,62928,14,Chala,Costa
150103,LIMA,LIMA,ATE,599196,VITARTE,599196,378,Chala,Costa
150104,LIMA,LIMA,BARRANCO,34378,BARRANCO,34378,97,Chala,Costa
150105,LIMA,LIMA,BREÑA,85309,BREÑA,85309,153,Chala,Costa
150106,LIMA,LIMA,CARABAYLLO,333045,CARABAYLLO,328740,238,Chala,Costa
150107,LIMA,LIMA,CHACLACAYO,42912,CHACLACAYO,42912,685,Yunga marítima,Costa
150108,LIMA,LIMA,CHORRILLOS,314241,CHORRILLOS,314241,68,Chala,Costa
150109,LIMA,LIMA,CIENEGUILLA,34684,CIENEGUILLA,34480,287,Chala,Costa
150110,LIMA,LIMA,COMAS,520450,LA LIBERTAD,520450,107,Chala,Costa
150111,LIMA,LIMA,EL AGUSTINO,198862,EL AGUSTINO,198862,200,Chala,Costa
150112,LIMA,LIMA,INDEPENDENCIA,211360,INDEPENDENCIA,211360,111,Chala,Costa
150113,LIMA,LIMA,JESÚS MARÍA,75359,JESUS MARIA,75359,142,Chala,Costa
150114,LIMA,LIMA,LA MOLINA,140679,LA MOLINA,140679,262,Chala,Costa
150115,LIMA,LIMA,LA VICTORIA,173630,LA VICTORIA,173630,142,Chala,Costa
150116,LIMA,LIMA,LINCE,54711,LINCE,54711,150,Chala,Costa
150117,LIMA,LIMA,LOS OLIVOS,325884,LAS PALMERAS,325884,67,Chala,Costa
150118,LIMA,LIMA,LURIGANCHO,240814,CHOSICA,240814,879,Yunga marítima,Costa
150119,LIMA,LIMA,LURÍN,89195,LURIN,87888,12,Chala,Costa
150120,LIMA,LIMA,MAGDALENA DEL MAR,60290,MAGDALENA DEL MAR,60290,90,Chala,Costa
150121,LIMA,LIMA,PUEBLO LIBRE,83323,PUEBLO LIBRE,83323,114,Chala,Costa
150122,LIMA,LIMA,MIRAFLORES,99337,MIRAFLORES,99337,125,Chala,Costa
150123,LIMA,LIMA,PACHACÁMAC,110071,PACHACAMAC,108884,68,Chala,Costa
150124,LIMA,LIMA,PUCUSANA,14891,PUCUSANA,14891,26,Chala,Costa
150125,LIMA,LIMA,PUENTE PIEDRA,329675,PUENTE PIEDRA,329675,50,Chala,Costa
150126,LIMA,LIMA,PUNTA HERMOSA,15874,PUNTA HERMOSA,15846,52,Chala,Costa
150127,LIMA,LIMA,PUNTA NEGRA,7074,PUNTA NEGRA,7073,42,Chala,Costa
150128,LIMA,LIMA,RÍMAC,174785,RIMAC,174785,153,Chala,Costa
150129,LIMA,LIMA,SAN BARTOLO,7482,SAN BARTOLO,7332,25,Chala,Costa
150130,LIMA,LIMA,SAN BORJA,113247,SAN FRANCISCO DE BORJA,113247,170,Chala,Costa
150131,LIMA,LIMA,SAN ISIDRO,60735,SAN ISIDRO,60735,195,Chala,Costa
150132,LIMA,LIMA,SAN JUAN DE LURIGANCHO,1038495,SAN JUAN DE LURIGANCHO,1038495,222,Chala,Costa
150133,LIMA,LIMA,SAN JUAN DE MIRAFLORES,355219,CIUDAD DE DIOS,355219,133,Chala,Costa
150134,LIMA,LIMA,SAN LUIS,52082,SAN LUIS,52082,214,Chala,Costa
150135,LIMA,LIMA,SAN MARTÍN DE PORRES,654083,BARRIO OBRERO INDUSTRIAL,654083,138,Chala,Costa
150136,LIMA,LIMA,SAN MIGUEL,155384,SAN MIGUEL,155384,84,Chala,Costa
150137,LIMA,LIMA,SANTA ANITA,196214,SANTA ANITA - LOS FICUS,196214,285,Chala,Costa
150138,LIMA,LIMA,SANTA MARÍA DEL MAR,999,SANTA MARIA DEL MAR,993,52,Chala,Costa
150139,LIMA,LIMA,SANTA ROSA,27863,SANTA ROSA,27863,72,Chala,Costa
150140,LIMA,LIMA,SANTIAGO DE SURCO,329152,SANTIAGO DE SURCO,329152,107,Chala,Costa
150141,LIMA,LIMA,SURQUILLO,91023,SURQUILLO,91023,125,Chala,Costa
150142,LIMA,LIMA,VILLA EL SALVADOR,393254,VILLA EL SALVADOR,393254,204,Chala,Costa
150143,LIMA,LIMA,VILLA MARÍA DEL TRIUNFO,398433,VILLA MARIA DEL TRIUNFO,398433,210,Chala,Costa
150201,LIMA,BARRANCA,BARRANCA,68324,BARRANCA,58749,74,Chala,Costa
150202,LIMA,BARRANCA,PARAMONGA,21453,PARAMONGA,18490,37,Chala,Costa
150203,LIMA,BARRANCA,PATIVILCA,17431,PATIVILCA,11467,95,Chala,Costa
150204,LIMA,BARRANCA,SUPE,24318,SUPE,12492,69,Chala,Costa
150205,LIMA,BARRANCA,SUPE PUERTO,12855,SUPE PUERTO,12786,41,Chala,Costa
150301,LIMA,CAJATAMBO,CAJATAMBO,2082,CAJATAMBO,1275,3396,Quechua,Sierra
150302,LIMA,CAJATAMBO,COPA,858,HUAYLLAPA,372,3520,Suni,Sierra
150303,LIMA,CAJATAMBO,GORGOR,1672,GORGOR,441,3049,Quechua,Sierra
150304,LIMA,CAJATAMBO,HUANCAPÓN,984,HUANCAPON,352,3187,Quechua,Sierra
150305,LIMA,CAJATAMBO,MANÁS,963,CAHUA,364,890,Yunga marítima,Costa
150401,LIMA,CANTA,CANTA,2385,CANTA,1646,2867,Quechua,Sierra
150402,LIMA,CANTA,ARAHUAY,596,ARAHUAY,304,2533,Quechua,Sierra
150403,LIMA,CANTA,HUAMANTANGA,686,HUAMANTANGA,336,3414,Quechua,Sierra
150404,LIMA,CANTA,HUAROS,760,HUAROS,313,3614,Suni,Sierra
150405,LIMA,CANTA,LACHAQUI,856,LACHAQUI,587,3686,Suni,Sierra
150406,LIMA,CANTA,SAN BUENAVENTURA,555,SAN MIGUEL,217,2857,Quechua,Sierra
150407,LIMA,CANTA,SANTA ROSA DE QUIVES,5710,ZAPAN,727,659,Yunga marítima,Costa
150501,LIMA,CAÑETE,SAN VICENTE DE CAÑETE,54775,SAN VICENTE DE CAÑETE,31219,77,Chala,Costa
150502,LIMA,CAÑETE,ASIA,9784,ROSARIO DE ASIA,2701,38,Chala,Costa
150503,LIMA,CAÑETE,CALANGO,2269,CALANGO,736,323,Chala,Costa
150504,LIMA,CAÑETE,CERRO AZUL,8328,CERRO AZUL,4517,17,Chala,Costa
150505,LIMA,CAÑETE,CHILCA,21573,CHILCA,13920,31,Chala,Costa
150506,LIMA,CAÑETE,COAYLLO,1043,COAYLLO,532,285,Chala,Costa
150507,LIMA,CAÑETE,IMPERIAL,38925,IMPERIAL,27732,112,Chala,Costa
150508,LIMA,CAÑETE,LUNAHUANÁ,4393,LUNAHUANA,2617,498,Chala,Costa
150509,LIMA,CAÑETE,MALA,32717,MALA,22325,58,Chala,Costa
150510,LIMA,CAÑETE,NUEVO IMPERIAL,26233,NUEVO IMPERIAL,6319,169,Chala,Costa
150511,LIMA,CAÑETE,PACARÁN,1686,PACARAN,756,721,Yunga marítima,Costa
150512,LIMA,CAÑETE,QUILMANÁ,16091,QUILMANA,10491,185,Chala,Costa
150513,LIMA,CAÑETE,SAN ANTONIO,4343,SAN ANTONIO,3683,67,Chala,Costa
150514,LIMA,CAÑETE,SAN LUIS,13436,SAN LUIS,6773,36,Chala,Costa
150515,LIMA,CAÑETE,SANTA CRUZ DE FLORES,3103,SANTA CRUZ DE FLORES,1921,110,Chala,Costa
150516,LIMA,CAÑETE,ZÚÑIGA,1314,ZUÑIGA,882,827,Yunga marítima,Costa
150601,LIMA,HUARAL,HUARAL,99915,HUARAL,79455,194,Chala,Costa
150602,LIMA,HUARAL,ATAVILLOS ALTO,687,PIRCA,309,3293,Quechua,Sierra
150603,LIMA,HUARAL,ATAVILLOS BAJO,902,SAN AGUSTIN DE HUAYOPAMPA,429,1885,Yunga marítima,Costa
150604,LIMA,HUARAL,AUCALLAMA,19464,AUCALLAMA,6504,154,Chala,Costa
150605,LIMA,HUARAL,CHANCAY,56920,CHANCAY,35466,58,Chala,Costa
150606,LIMA,HUARAL,IHUARÍ,2037,IHUARI,413,2850,Quechua,Sierra
150607,LIMA,HUARAL,LAMPIÁN,336,LAMPIAN,211,2467,Quechua,Sierra
150608,LIMA,HUARAL,PACARAOS,1028,VICHAYCOCHA,398,3526,Suni,Sierra
150609,LIMA,HUARAL,SAN MIGUEL DE ACOS,648,ACOS,535,1591,Yunga marítima,Costa
150610,LIMA,HUARAL,SANTA CRUZ DE ANDAMARCA,830,SANTANDER 2/,385,4485,Puna,Sierra
150611,LIMA,HUARAL,SUMBILCA,720,SUMBILCA,212,3396,Quechua,Sierra
150612,LIMA,HUARAL,VEINTISIETE DE NOVIEMBRE,411,CARAC,310,2640,Quechua,Sierra
150701,LIMA,HUAROCHIRÍ,MATUCANA,4058,MATUCANA,2546,2395,Quechua,Sierra
150702,LIMA,HUAROCHIRÍ,ANTIOQUÍA,1225,ANTIOQUIA,367,1573,Yunga marítima,Costa
150703,LIMA,HUAROCHIRÍ,CALLAHUANCA,798,CALLAHUANCA,640,1807,Yunga marítima,Costa
150704,LIMA,HUAROCHIRÍ,CARAMPOMA,331,CARAMPOMA,317,3459,Quechua,Sierra
150705,LIMA,HUAROCHIRÍ,CHICLA,3826,CASAPALCA,1507,4221,Puna,Sierra
150706,LIMA,HUAROCHIRÍ,CUENCA,449,LANCHI,144,3073,Quechua,Sierra
150707,LIMA,HUAROCHIRÍ,HUACHUPAMPA,609,SAN LORENZO DE HUACHUPAMPA,415,2938,Quechua,Sierra
150708,LIMA,HUAROCHIRÍ,HUANZA,875,HUANZA,571,3431,Quechua,Sierra
150709,LIMA,HUAROCHIRÍ,HUAROCHIRÍ,1302,HUAROCHIRI,1120,3170,Quechua,Sierra
150710,LIMA,HUAROCHIRÍ,LAHUAYTAMBO,616,LAHUAYTAMBO,275,3362,Quechua,Sierra
150711,LIMA,HUAROCHIRÍ,LANGA,889,LANGA,482,2889,Quechua,Sierra
150712,LIMA,HUAROCHIRÍ,SAN PEDRO DE LARAOS,666,LARAOS,636,3683,Suni,Sierra
150713,LIMA,HUAROCHIRÍ,MARÍATANA,1357,MARIATANA,231,3561,Suni,Sierra
150714,LIMA,HUAROCHIRÍ,RICARDO PALMA,6542,RICARDO PALMA,5358,975,Yunga marítima,Costa
150715,LIMA,HUAROCHIRÍ,SAN ANDRÉS DE TUPICOCHA,1320,SAN ANDRES DE TUPICOCHA,724,3321,Quechua,Sierra
150716,LIMA,HUAROCHIRÍ,SAN ANTONIO,912,HUAYCOLORO,241,1582,Yunga marítima,Costa
150717,LIMA,HUAROCHIRÍ,SAN BARTOLOMÉ,1139,SAN BARTOLOME,583,1644,Yunga marítima,Costa
150718,LIMA,HUAROCHIRÍ,SAN DAMIÁN,1202,SAN DAMIAN,800,3252,Quechua,Sierra
150719,LIMA,HUAROCHIRÍ,SAN JUAN DE IRIS,699,SAN JUAN DE IRIS,693,3436,Quechua,Sierra
150720,LIMA,HUAROCHIRÍ,SAN JUAN DE TANTARANCHE,374,SAN JUAN DE TANTARANCHE,224,3436,Quechua,Sierra
150721,LIMA,HUAROCHIRÍ,SAN LORENZO DE QUINTI,1223,SAN LORENZO DE QUINTI,790,2682,Quechua,Sierra
150722,LIMA,HUAROCHIRÍ,SAN MATEO,4245,SAN MATEO,3669,3164,Quechua,Sierra
150723,LIMA,HUAROCHIRÍ,SAN MATEO DE OTAO,1335,CANCHACALLA,207,2528,Quechua,Sierra
150724,LIMA,HUAROCHIRÍ,SAN PEDRO DE CASTA,928,SAN PEDRO DE CASTA,689,3196,Quechua,Sierra
150725,LIMA,HUAROCHIRÍ,SAN PEDRO DE HUANCAYRE,210,SAN PEDRO,193,3140,Quechua,Sierra
150726,LIMA,HUAROCHIRÍ,SANGALLAYA,630,SANGALLAYA,158,2779,Quechua,Sierra
150727,LIMA,HUAROCHIRÍ,SANTA CRUZ DE COCACHACRA,2486,CORCONA,1401,1243,Yunga marítima,Costa
150728,LIMA,HUAROCHIRÍ,SANTA EULALIA,12636,SANTA EULALIA,9941,1048,Yunga marítima,Costa
150729,LIMA,HUAROCHIRÍ,SANTIAGO DE ANCHUCAYA,320,SANTIAGO DE ANCHUCAYA,315,3400,Quechua,Sierra
150730,LIMA,HUAROCHIRÍ,SANTIAGO DE TUNA,411,SANTIAGO DE TUNA,322,2913,Quechua,Sierra
150731,LIMA,HUAROCHIRÍ,SANTO DOMINGO DE LOS OLLEROS,3125,VILLA JARDIN CUCUYA,1403,1726,Yunga marítima,Costa
150732,LIMA,HUAROCHIRÍ,SURCO,1407,SURCO,990,2049,Yunga marítima,Costa
150801,LIMA,HUAURA,HUACHO,63142,HUACHO,61100,46,Chala,Costa
150802,LIMA,HUAURA,ÁMBAR,2208,AMBAR,469,2215,Yunga marítima,Costa
150803,LIMA,HUAURA,CALETA DE CARQUÍN,8132,CALETA DE CARQUIN,8049,28,Chala,Costa
150804,LIMA,HUAURA,CHECRAS,929,PUÑON,216,3633,Suni,Sierra
150805,LIMA,HUAURA,HUALMAY,28765,HUALMAY,28696,47,Chala,Costa
150806,LIMA,HUAURA,HUAURA,34764,HUAURA,24668,96,Chala,Costa
150807,LIMA,HUAURA,LEONCIO PRADO,1867,PARAN,286,2190,Yunga marítima,Costa
150808,LIMA,HUAURA,PACCHO,1516,PACCHO,309,3275,Quechua,Sierra
150809,LIMA,HUAURA,SANTA LEONOR,775,PARQUIN,216,3642,Suni,Sierra
150810,LIMA,HUAURA,SANTA MARÍA,36267,CRUZ BLANCA,34277,83,Chala,Costa
150811,LIMA,HUAURA,SAYÁN,23408,SAYAN,4422,689,Yunga marítima,Costa
150812,LIMA,HUAURA,VÉGUETA,25912,MEDIO MUNDO,9752,62,Chala,Costa
150901,LIMA,OYÓN,OYÓN,12150,OYON,8334,3648,Suni,Sierra
150902,LIMA,OYÓN,ANDAJES,546,ANDAJES,323,3505,Suni,Sierra
150903,LIMA,OYÓN,CAUJUL,576,CAUJUL,246,3185,Quechua,Sierra
150904,LIMA,OYÓN,COCHAMARCA,1086,COCHAMARCA,378,3492,Quechua,Sierra
150905,LIMA,OYÓN,NAVÁN,855,NAVAN,285,3131,Quechua,Sierra
150906,LIMA,OYÓN,PACHANGARA,2526,CHURIN,1834,2283,Yunga marítima,Costa
151001,LIMA,YAUYOS,YAUYOS,1481,YAUYOS,1039,2895,Quechua,Sierra
151002,LIMA,YAUYOS,ALIS,1534,YAURICOCHA 2/,1245,4639,Puna,Sierra
151003,LIMA,YAUYOS,ALLAUCA,1145,ALLAUCA,360,3151,Quechua,Sierra
151004,LIMA,YAUYOS,AYAVIRÍ,565,AYAVIRI,544,3263,Quechua,Sierra
151005,LIMA,YAUYOS,AZÁNGARO,440,AZANGARO,153,3435,Quechua,Sierra
151006,LIMA,YAUYOS,CACRA,507,CACRA,218,2788,Quechua,Sierra
151007,LIMA,YAUYOS,CARANIA,162,CARANIA,127,3846,Suni,Sierra
151008,LIMA,YAUYOS,CATAHUASI,1062,CANCHAN,441,1275,Yunga marítima,Costa
151009,LIMA,YAUYOS,CHOCOS,801,CHOCOS,283,2733,Quechua,Sierra
151010,LIMA,YAUYOS,COCHAS,216,COCHAS,204,2851,Quechua,Sierra
151011,LIMA,YAUYOS,COLONIA,1109,SAN PEDRO DE CUSI,196,2539,Quechua,Sierra
151012,LIMA,YAUYOS,HONGOS,331,HONGOS,302,3215,Quechua,Sierra
151013,LIMA,YAUYOS,HUAMPARA,149,HUAMPARA,141,2501,Quechua,Sierra
151014,LIMA,YAUYOS,HUANCAYA,596,HUANCAYA,527,3591,Suni,Sierra
151015,LIMA,YAUYOS,HUANGÁSCAR,637,HUANGASCAR,391,2529,Quechua,Sierra
151016,LIMA,YAUYOS,HUANTÁN,941,HUANTAN,417,3315,Quechua,Sierra
151017,LIMA,YAUYOS,HUAÑEC,432,HUAÑEC,406,3222,Quechua,Sierra
151018,LIMA,YAUYOS,LARAOS,546,LARAOS,397,3492,Quechua,Sierra
151019,LIMA,YAUYOS,LINCHA,447,LINCHA,138,3516,Suni,Sierra
151020,LIMA,YAUYOS,MADEAN,570,MADEAN,223,3292,Quechua,Sierra
151021,LIMA,YAUYOS,MIRAFLORES,229,MIRAFLORES,187,3677,Suni,Sierra
151022,LIMA,YAUYOS,OMAS,593,OMAS,283,1572,Yunga marítima,Costa
151023,LIMA,YAUYOS,PUTINZA,498,SAN LORENZO DE PUTINZA,456,1985,Yunga marítima,Costa
151024,LIMA,YAUYOS,QUINCHES,609,QUINCHES,425,2981,Quechua,Sierra
151025,LIMA,YAUYOS,QUINOCAY,428,SAN JUAN DE VISCAS,221,1538,Yunga marítima,Costa
151026,LIMA,YAUYOS,SAN JOAQUÍN,166,SAN JOAQUIN,142,2960,Quechua,Sierra
151027,LIMA,YAUYOS,SAN PEDRO DE PILAS,275,SAN PEDRO DE PILAS,218,2678,Quechua,Sierra
151028,LIMA,YAUYOS,TANTA,507,TANTA,494,4293,Puna,Sierra
151029,LIMA,YAUYOS,TAURIPAMPA,499,TAURIPAMPA,379,3526,Suni,Sierra
151030,LIMA,YAUYOS,TOMÁS,520,TOMAS,247,3580,Suni,Sierra
151031,LIMA,YAUYOS,TUPE,533,TUPE,321,2841,Quechua,Sierra
151032,LIMA,YAUYOS,VIÑAC,1624,VIÑAC,431,3315,Quechua,Sierra
151033,LIMA,YAUYOS,VITIS,311,VITIS,299,3625,Suni,Sierra
160101,LORETO,MAYNAS,IQUITOS,146853,IQUITOS,144463,107,Omagua,Selva
160102,LORETO,MAYNAS,ALTO NANAY,2855,SANTA MARIA DE NANAY,732,115,Omagua,Selva
160103,LORETO,MAYNAS,FERNANDO LORES,13875,TAMSHIYACU,6181,129,Omagua,Selva
160104,LORETO,MAYNAS,INDIANA,10134,INDIANA,3821,98,Omagua,Selva
160105,LORETO,MAYNAS,LAS AMAZONAS,8032,CENTRO POBLADO MENOR DE YANASHI,1541,96,Omagua,Selva
160106,LORETO,MAYNAS,MAZÁN,12181,MAZAN,4590,106,Omagua,Selva
160107,LORETO,MAYNAS,NAPO,15003,SANTA CLOTILDE,3845,142,Omagua,Selva
160108,LORETO,MAYNAS,PUNCHANA,75210,PUNCHANA,69401,124,Omagua,Selva
160110,LORETO,MAYNAS,TORRES CAUSANA,4230,ANGOTEROS MONTERRICO,835,168,Omagua,Selva
160112,LORETO,MAYNAS,BELÉN,64488,BELEN,56462,116,Omagua,Selva
160113,LORETO,MAYNAS,SAN JUAN BAUTISTA,127005,SAN JUAN,99151,120,Omagua,Selva
160201,LORETO,ALTO AMAZONAS,YURIMAGUAS,83554,YURIMAGUAS,62903,150,Omagua,Selva
160202,LORETO,ALTO AMAZONAS,BALSAPUERTO,13707,BALSAPUERTO,1059,220,Omagua,Selva
160205,LORETO,ALTO AMAZONAS,JEBEROS,3900,JEBEROS,2320,146,Omagua,Selva
160206,LORETO,ALTO AMAZONAS,LAGUNAS,12033,LAGUNAS,7215,118,Omagua,Selva
160210,LORETO,ALTO AMAZONAS,SANTA CRUZ,3967,SANTA CRUZ,879,131,Omagua,Selva
160211,LORETO,ALTO AMAZONAS,TENIENTE CÉSAR LÓPEZ ROJAS,5564,SHUCUSHUYACU,1755,149,Omagua,Selva
160301,LORETO,LORETO,NAUTA,29963,NAUTA,19551,127,Omagua,Selva
160302,LORETO,LORETO,PARINARI,6085,SANTA RITA DE CASTILLA,1327,98,Omagua,Selva
160303,LORETO,LORETO,TIGRE,6448,INTUTU,1530,131,Omagua,Selva
160304,LORETO,LORETO,TROMPETEROS,8396,VILLA TROMPETEROS,2380,131,Omagua,Selva
160305,LORETO,LORETO,URARINAS,11545,MAYPUCO,1248,119,Omagua,Selva
160401,LORETO,MARISCAL RAMÓN CASTILLA,RAMÓN CASTILLA,19178,CABALLOCOCHA,9051,86,Omagua,Selva
160402,LORETO,MARISCAL RAMÓN CASTILLA,PEBAS,11079,PEBAS,3788,117,Omagua,Selva
160403,LORETO,MARISCAL RAMÓN CASTILLA,YAVARÍ,8366,ISLANDIA,1692,75,Omagua,Selva
160404,LORETO,MARISCAL RAMÓN CASTILLA,SAN PABLO,10449,SAN PABLO DE LORETO,3137,84,Omagua,Selva
160501,LORETO,REQUENA,REQUENA,25313,REQUENA,22875,116,Omagua,Selva
160502,LORETO,REQUENA,ALTO TAPICHE,1515,SANTA ELENA,670,123,Omagua,Selva
160503,LORETO,REQUENA,CAPELO,2566,FLOR DE PUNGA,1763,112,Omagua,Selva
160504,LORETO,REQUENA,EMILIO SAN MARTÍN,6089,TAMANCO,1738,108,Omagua,Selva
160505,LORETO,REQUENA,MAQUÍA,7304,SAN ROQUE,900,113,Omagua,Selva
160506,LORETO,REQUENA,PUINAHUA,4372,BRETAÑA,1686,112,Omagua,Selva
160507,LORETO,REQUENA,SAQUENA,3365,BAGAZAN,1089,106,Omagua,Selva
160508,LORETO,REQUENA,SOPLÍN,569,NUEVA ALEJANDRIA (CURINGA),208,118,Omagua,Selva
160509,LORETO,REQUENA,TAPICHE,881,IBERIA,508,108,Omagua,Selva
160510,LORETO,REQUENA,JENARO HERRERA,4608,JENARO HERRERA,3596,116,Omagua,Selva
160511,LORETO,REQUENA,YAQUERANA,1929,ANGAMOS,715,90,Omagua,Selva
160601,LORETO,UCAYALI,CONTAMANA,23883,CONTAMANA,17429,138,Omagua,Selva
160602,LORETO,UCAYALI,INAHUAYA,1738,INAHUAYA,1029,140,Omagua,Selva
160603,LORETO,UCAYALI,PADRE MÁRQUEZ,3697,TIRUNTAN,640,139,Omagua,Selva
160604,LORETO,UCAYALI,PAMPA HERMOSA,5388,PAMPA HERMOSA,1148,110,Omagua,Selva
160605,LORETO,UCAYALI,SARAYACU,13464,JUANCITO,2124,122,Omagua,Selva
160606,LORETO,UCAYALI,VARGAS GUERRA,6467,ORELLANA,5432,129,Omagua,Selva
160701,LORETO,DATEM DEL MARAÑÓN,BARRANCA,12742,SAN LORENZO,8216,134,Omagua,Selva
160702,LORETO,DATEM DEL MARAÑÓN,CAHUAPANAS,6336,SANTA MARIA DE CAHUAPANAS,780,162,Omagua,Selva
160703,LORETO,DATEM DEL MARAÑÓN,MANSERICHE,8421,SARAMIRIZA,2475,155,Omagua,Selva
160704,LORETO,DATEM DEL MARAÑÓN,MORONA,4191,PUERTO AMERICA,992,136,Omagua,Selva
160705,LORETO,DATEM DEL MARAÑÓN,PASTAZA,5078,ULLPAYACU,1546,137,Omagua,Selva
160706,LORETO,DATEM DEL MARAÑÓN,ANDOAS,11714,NUEVO ANDOAS,825,228,Omagua,Selva
160801,LORETO,PUTUMAYO,PUTUMAYO,3666,SAN ANTONIO DEL ESTRECHO,3056,130,Omagua,Selva
160802,LORETO,PUTUMAYO,ROSA PANDURO,520,SANTA MERCEDES,269,132,Omagua,Selva
160803,LORETO,PUTUMAYO,TENIENTE MANUEL CLAVERO,2317,SOPLIN VARGAS,537,185,Omagua,Selva
160804,LORETO,PUTUMAYO,YAGUAS,1277,HUAPAPA,355,78,Omagua,Selva
170101,MADRE DE DIOS,TAMBOPATA,TAMBOPATA,81925,PUERTO MALDONADO,77221,204,Omagua,Selva
170102,MADRE DE DIOS,TAMBOPATA,INAMBARI,11570,MAZUKO,6296,351,Omagua,Selva
170103,MADRE DE DIOS,TAMBOPATA,LAS PIEDRAS,12644,RIMAC O PARQUE EL TRIUNFO-ISLA PERU,6381,177,Omagua,Selva
170104,MADRE DE DIOS,TAMBOPATA,LABERINTO,5335,PUERTO ROSARIO DE LABERINTO,3660,192,Omagua,Selva
170201,MADRE DE DIOS,MANU,MANU,2356,SALVACION,1272,535,Rupa Rupa,Selva
170202,MADRE DE DIOS,MANU,FITZCARRALD,1402,YOMIBATO,377,394,Omagua,Selva
170203,MADRE DE DIOS,MANU,MADRE DE DIOS,6217,BOCA COLORADO,2252,246,Omagua,Selva
170204,MADRE DE DIOS,MANU,HUEPETUHE,8574,HUEPETUHE,5315,444,Rupa Rupa,Selva
170301,MADRE DE DIOS,TAHUAMANU,IÑAPARI,2391,IÑAPARI,1890,238,Omagua,Selva
170302,MADRE DE DIOS,TAHUAMANU,IBERIA,5791,IBERIA,4705,268,Omagua,Selva
170303,MADRE DE DIOS,TAHUAMANU,TAHUAMANU,2865,ALERTA,1143,257,Omagua,Selva
180101,MOQUEGUA,MARISCAL NIETO,MOQUEGUA,65808,MOQUEGUA,37518,1428,Yunga marítima,Costa
180102,MOQUEGUA,MARISCAL NIETO,CARUMAS,2366,CARUMAS,598,3054,Quechua,Sierra
180103,MOQUEGUA,MARISCAL NIETO,CUCHUMBAYA,761,CUCHUMBAYA,287,3156,Quechua,Sierra
180104,MOQUEGUA,MARISCAL NIETO,SAMEGUA,8480,SAMEGUA,7950,1615,Yunga marítima,Costa
180105,MOQUEGUA,MARISCAL NIETO,SAN CRISTÓBAL,1736,CALACOA,722,3472,Quechua,Sierra
180106,MOQUEGUA,MARISCAL NIETO,TORATA,6198,QUELLAVECO,1585,4015,Puna,Sierra
180201,MOQUEGUA,GENERAL SÁNCHEZ CERRO,OMATE,3158,OMATE,1042,2169,Yunga marítima,Costa
180202,MOQUEGUA,GENERAL SÁNCHEZ CERRO,CHOJATA,708,CHOJATA,321,3634,Suni,Sierra
180203,MOQUEGUA,GENERAL SÁNCHEZ CERRO,COALAQUE,948,COALAQUE,364,2300,Quechua,Sierra
180204,MOQUEGUA,GENERAL SÁNCHEZ CERRO,ICHUÑA,2901,ICHUÑA,833,3794,Suni,Sierra
180205,MOQUEGUA,GENERAL SÁNCHEZ CERRO,LA CAPILLA,626,LA CAPILLA,125,1816,Yunga marítima,Costa
180206,MOQUEGUA,GENERAL SÁNCHEZ CERRO,LLOQUE,570,LLOQUE,299,3325,Quechua,Sierra
180207,MOQUEGUA,GENERAL SÁNCHEZ CERRO,MATALAQUE,455,MATALAQUE,186,2577,Quechua,Sierra
180208,MOQUEGUA,GENERAL SÁNCHEZ CERRO,PUQUINA,2376,PUQUINA,789,3092,Quechua,Sierra
180209,MOQUEGUA,GENERAL SÁNCHEZ CERRO,QUINISTAQUILLAS,518,QUINISTAQUILLAS,330,1789,Yunga marítima,Costa
180210,MOQUEGUA,GENERAL SÁNCHEZ CERRO,UBINAS,1741,UBINAS,301,3395,Quechua,Sierra
180211,MOQUEGUA,GENERAL SÁNCHEZ CERRO,YUNGA,864,YUNGA,545,3619,Suni,Sierra
180301,MOQUEGUA,ILO,ILO,66479,ILO,66118,33,Chala,Costa
180302,MOQUEGUA,ILO,EL ALGARROBAL,3717,EL ALGARROBAL,3694,136,Chala,Costa
180303,MOQUEGUA,ILO,PACOCHA,4453,PUEBLO NUEVO,4437,77,Chala,Costa
190101,PASCO,PASCO,CHAUPIMARCA,25627,CERRO DE PASCO,25600,4373,Puna,Sierra
190102,PASCO,PASCO,HUACHÓN,4333,QUIPARACRA,1364,3076,Quechua,Sierra
190103,PASCO,PASCO,HUARIACA,6925,HUARIACA,6175,2986,Quechua,Sierra
190104,PASCO,PASCO,HUAYLLAY,9577,HUAYLLAY,6736,4341,Puna,Sierra
190105,PASCO,PASCO,NINACACA,3877,NINACACA,2400,4172,Puna,Sierra
190106,PASCO,PASCO,PALLANCHACRA,1738,PALLANCHACRA,671,3126,Quechua,Sierra
190107,PASCO,PASCO,PAUCARTAMBO,11216,PAUCARTAMBO,5144,2954,Quechua,Sierra
190108,PASCO,PASCO,SAN FRANCISCO DE ASÍS DE YARUSYACÁN,4459,MILPO,1893,4174,Puna,Sierra
190109,PASCO,PASCO,SIMÓN BOLÍVAR,12663,PARAGSHA-SAN ANDRES-JOSE CARLOS MARIATEGUI,6330,4354,Puna,Sierra
190110,PASCO,PASCO,TICLACAYÁN,3261,TICLACAYAN,1212,3542,Suni,Sierra
190111,PASCO,PASCO,TINYAHUARCO,6755,COLQUIJIRCA,2819,4279,Puna,Sierra
190112,PASCO,PASCO,VICCO,3392,VICCO,1400,4128,Puna,Sierra
190113,PASCO,PASCO,YANACANCHA,29192,YANACANCHA,25029,4394,Puna,Sierra
190201,PASCO,DANIEL ALCIDES CARRIÓN,YANAHUANCA,11333,YANAHUANCA,4843,3203,Quechua,Sierra
190202,PASCO,DANIEL ALCIDES CARRIÓN,CHACAYÁN,2006,CHANGO,766,3499,Quechua,Sierra
190203,PASCO,DANIEL ALCIDES CARRIÓN,GOYLLARISQUIZGA,1535,GOYLLARISQUIZGA,1320,4202,Puna,Sierra
190204,PASCO,DANIEL ALCIDES CARRIÓN,PÁUCAR,1776,SAN JUAN DE YACAN (YACAN),576,3628,Suni,Sierra
190205,PASCO,DANIEL ALCIDES CARRIÓN,SAN PEDRO DE PILLAO,1348,SAN PEDRO DE PILLAO,1099,3648,Suni,Sierra
190206,PASCO,DANIEL ALCIDES CARRIÓN,SANTA ANA DE TUSI,21217,SANTA ANA DE TUSI,2632,3786,Suni,Sierra
190207,PASCO,DANIEL ALCIDES CARRIÓN,TÁPUC,2426,TAPUC,1644,3713,Suni,Sierra
190208,PASCO,DANIEL ALCIDES CARRIÓN,VILCABAMBA,1939,VILCABAMBA,1364,3459,Quechua,Sierra
190301,PASCO,OXAPAMPA,OXAPAMPA,15677,OXAPAMPA,10887,1832,Yunga fluvial,Sierra
190302,PASCO,OXAPAMPA,CHONTABAMBA,5334,NUEVA BERNA,1534,1824,Yunga fluvial,Sierra
190303,PASCO,OXAPAMPA,HUANCABAMBA,6661,HUANCABAMBA,1012,1769,Yunga fluvial,Sierra
190304,PASCO,OXAPAMPA,PALCAZÚ,7130,ISCOZACIN,1814,302,Omagua,Selva
190305,PASCO,OXAPAMPA,POZUZO,4511,POZUZO,1194,750,Rupa Rupa,Selva
190306,PASCO,OXAPAMPA,PUERTO BERMÚDEZ,17249,PUERTO BERMUDEZ,6168,281,Omagua,Selva
190307,PASCO,OXAPAMPA,VILLA RICA,17274,VILLA RICA,11036,1551,Yunga fluvial,Sierra
190308,PASCO,OXAPAMPA,CONSTITUCIÓN,13634,CONSTITUCIÓN,6334,246,Omagua,Selva
200101,PIURA,PIURA,PIURA,158495,PIURA,149982,57,Chala,Costa
200104,PIURA,PIURA,CASTILLA,160201,CASTILLA,145182,35,Chala,Costa
200105,PIURA,PIURA,CATACAOS,75870,CATACAOS,44124,35,Chala,Costa
200107,PIURA,PIURA,CURA MORI,18671,CUCUNGARA,8857,35,Chala,Costa
200108,PIURA,PIURA,EL TALLÁN,5387,SINCHAO,2078,21,Chala,Costa
200109,PIURA,PIURA,LA ARENA,38734,LA ARENA,14729,32,Chala,Costa
200110,PIURA,PIURA,LA UNIÓN,41742,LA UNION,19155,27,Chala,Costa
200111,PIURA,PIURA,LAS LOMAS,26947,LAS LOMAS,9646,257,Chala,Costa
200114,PIURA,PIURA,TAMBO GRANDE,107495,TAMBO GRANDE,24073,76,Chala,Costa
200115,PIURA,PIURA,VEINTISÉIS DE OCTUBRE,165779,SAN MARTIN,165712,53,Chala,Costa
200201,PIURA,AYABACA,AYABACA,30852,AYABACA,5985,2735,Quechua,Sierra
200202,PIURA,AYABACA,FRÍAS,19896,FRIAS,2000,1703,Yunga marítima,Costa
200203,PIURA,AYABACA,JILILÍ,2405,ARADA ALTA,263,1663,Yunga marítima,Costa
200204,PIURA,AYABACA,LAGUNAS,5734,LAGUNAS,351,2219,Yunga marítima,Costa
200205,PIURA,AYABACA,MONTERO,6179,MONTERO,1088,1058,Yunga marítima,Costa
200206,PIURA,AYABACA,PACAIPAMPA,21257,PACAIPAMPA,1389,1980,Yunga marítima,Costa
200207,PIURA,AYABACA,PAIMÁS,9621,PAIMAS,2391,598,Yunga marítima,Costa
200208,PIURA,AYABACA,SAPILLICA,10510,SAPILLICA,1024,1464,Yunga marítima,Costa
200209,PIURA,AYABACA,SÍCCHEZ,1654,OXAHUAY,551,1307,Yunga marítima,Costa
200210,PIURA,AYABACA,SUYO,11179,SUYO,1000,417,Chala,Costa
200301,PIURA,HUANCABAMBA,HUANCABAMBA,27599,HUANCABAMBA,7031,1955,Yunga fluvial,Sierra
200302,PIURA,HUANCABAMBA,CANCHAQUE,7317,CANCHAQUE,1453,1152,Yunga marítima,Costa
200303,PIURA,HUANCABAMBA,EL CARMEN DE LA FRONTERA,11186,CAJAS CANCHAQUE,714,2372,Quechua,Sierra
200304,PIURA,HUANCABAMBA,HUARMACA,35548,HUARMACA,3477,2188,Yunga fluvial,Sierra
200305,PIURA,HUANCABAMBA,LALAQUIZ,3871,TUNAL,493,972,Yunga marítima,Costa
200306,PIURA,HUANCABAMBA,SAN MIGUEL DE EL FAIQUE,8678,SAN MIGUEL DE EL FAIQUE,1107,1258,Yunga marítima,Costa
200307,PIURA,HUANCABAMBA,SÓNDOR,7140,SONDOR,839,2003,Yunga fluvial,Sierra
200308,PIURA,HUANCABAMBA,SONDORILLO,10162,LACCHAN ALTO,691,2470,Quechua,Sierra
200401,PIURA,MORROPÓN,CHULUCANAS,82521,CHULUCANAS,40867,135,Chala,Costa
200402,PIURA,MORROPÓN,BUENOS AIRES,9410,BUENOS AIRES,3418,154,Chala,Costa
200403,PIURA,MORROPÓN,CHALACO,7789,CHALACO,1212,2261,Yunga marítima,Costa
200404,PIURA,MORROPÓN,LA MATANZA,13997,LA MATANZA,6787,126,Chala,Costa
200405,PIURA,MORROPÓN,MORROPÓN,15239,MORROPON,8949,151,Chala,Costa
200406,PIURA,MORROPÓN,SALITRAL,8527,MALACASI,1850,178,Chala,Costa
200407,PIURA,MORROPÓN,SAN JUAN DE BIGOTE,6433,BIGOTE,2205,201,Chala,Costa
200408,PIURA,MORROPÓN,SANTA CATALINA DE MOSSA,3650,LINDEROS DE MARAY,445,214,Chala,Costa
200409,PIURA,MORROPÓN,SANTO DOMINGO,5960,SANTO DOMINGO,1035,1490,Yunga marítima,Costa
200410,PIURA,MORROPÓN,YAMANGO,8501,YAMANGO,1083,1192,Yunga marítima,Costa
200501,PIURA,PAITA,PAITA,87979,PAITA,81163,71,Chala,Costa
200502,PIURA,PAITA,AMOTAPE,2413,AMOTAPE,1278,23,Chala,Costa
200503,PIURA,PAITA,ARENAL,1136,ARENAL,617,37,Chala,Costa
200504,PIURA,PAITA,COLÁN,14869,SAN LUCAS (PUEBLO NUEVO DE COLAN),11540,25,Chala,Costa
200505,PIURA,PAITA,LA HUACA,12950,VIVIATE,4666,37,Chala,Costa
200506,PIURA,PAITA,TAMARINDO,4923,TAMARINDO,3380,33,Chala,Costa
200507,PIURA,PAITA,VICHAYAL,5622,SAN FELIPE DE VICHAYAL,2243,27,Chala,Costa
200601,PIURA,SULLANA,SULLANA,169335,SULLANA,136446,76,Chala,Costa
200602,PIURA,SULLANA,BELLAVISTA,37530,BELLAVISTA,37530,77,Chala,Costa
200603,PIURA,SULLANA,IGNACIO ESCUDERO,20423,SAN JACINTO,8982,39,Chala,Costa
200604,PIURA,SULLANA,LANCONES,12119,HUAYPIRA,816,134,Chala,Costa
200605,PIURA,SULLANA,MARCAVELICA,29569,MALLARITOS,6100,52,Chala,Costa
200606,PIURA,SULLANA,MIGUEL CHECA,9036,JIBITO,4423,67,Chala,Costa
200607,PIURA,SULLANA,QUERECOTILLO,26395,QUERECOTILLO,13173,66,Chala,Costa
200608,PIURA,SULLANA,SALITRAL,7047,SALITRAL,5784,65,Chala,Costa
200701,PIURA,TALARA,PARIÑAS,98309,TALARA,91444,23,Chala,Costa
200702,PIURA,TALARA,EL ALTO,8316,EL ALTO,8016,276,Chala,Costa
200703,PIURA,TALARA,LA BREA,12486,NEGRITOS,12277,8,Chala,Costa
200704,PIURA,TALARA,LOBITOS,1312,LOBITOS,1271,31,Chala,Costa
200705,PIURA,TALARA,LOS ÓRGANOS,10699,LOS ORGANOS,9197,7,Chala,Costa
200706,PIURA,TALARA,MÁNCORA,13028,MANCORA,12899,8,Chala,Costa
200801,PIURA,SECHURA,SECHURA,44590,SECHURA,33134,12,Chala,Costa
200802,PIURA,SECHURA,BELLAVISTA DE LA UNIÓN,4798,SAN CLEMENTE,2364,39,Chala,Costa
200803,PIURA,SECHURA,BERNAL,6855,BERNAL,4007,22,Chala,Costa
200804,PIURA,SECHURA,CRISTO NOS VALGA,4300,SAN CRISTO,1872,25,Chala,Costa
200805,PIURA,SECHURA,VICE,15630,VICE,5972,23,Chala,Costa
200806,PIURA,SECHURA,RINCONADA LLICUAR,3004,DOS PUEBLOS,2999,26,Chala,Costa
210101,PUNO,PUNO,PUNO,135288,PUNO,125018,3848,Suni,Sierra
210102,PUNO,PUNO,ACORA,22961,ACORA,3295,3848,Suni,Sierra
210103,PUNO,PUNO,AMANTANÍ,3452,AMANTANI,410,3871,Suni,Sierra
210104,PUNO,PUNO,ATUNCOLLA,4555,SAN JOSE PRINCIPIO,550,3875,Suni,Sierra
210105,PUNO,PUNO,CAPACHICA,7540,CAPACHICA,944,3872,Suni,Sierra
210106,PUNO,PUNO,CHUCUITO,7019,CHUCUITO,1135,3892,Suni,Sierra
210107,PUNO,PUNO,COATA,6588,SUCASCO,938,3834,Suni,Sierra
210108,PUNO,PUNO,HUATA,3155,HUATA,370,3863,Suni,Sierra
210109,PUNO,PUNO,MAÑAZO,5144,MAÑAZO,2658,3948,Suni,Sierra
210110,PUNO,PUNO,PAUCARCOLLA,4224,PAUCARCOLLA,608,3864,Suni,Sierra
210111,PUNO,PUNO,PICHACANI,5679,LARAQUERI,2202,3962,Suni,Sierra
210112,PUNO,PUNO,PLATERÍA,7121,CCOTA,682,3843,Suni,Sierra
210113,PUNO,PUNO,SAN ANTONIO,2413,JUNCAL,288,4330,Puna,Sierra
210114,PUNO,PUNO,TIQUILLACA,1594,TIQUILLACA,353,3912,Suni,Sierra
210115,PUNO,PUNO,VILQUE,2761,VILQUE,871,3878,Suni,Sierra
210201,PUNO,AZÁNGARO,AZÁNGARO,30070,AZANGARO,20696,3878,Suni,Sierra
210202,PUNO,AZÁNGARO,ACHAYA,2826,CHUCOÑATA,178,3878,Suni,Sierra
210203,PUNO,AZÁNGARO,ARAPA,7020,ARAPA,1502,3846,Suni,Sierra
210204,PUNO,AZÁNGARO,ASILLO,14484,ASILLO,3417,3926,Suni,Sierra
210205,PUNO,AZÁNGARO,CAMINACA,2931,SAN BARTOLOME,206,3841,Suni,Sierra
210206,PUNO,AZÁNGARO,CHUPA,6475,CHUPA,844,3847,Suni,Sierra
210207,PUNO,AZÁNGARO,JOSÉ DOMINGO CHOQUEHUANCA,4462,ESTACION DE PUCARA,3028,3887,Suni,Sierra
210208,PUNO,AZÁNGARO,MUÑANI,6445,MUÑANI,1885,3925,Suni,Sierra
210209,PUNO,AZÁNGARO,POTONI,3939,CARLOS GUTIERREZ ALZAMORA,1346,4113,Puna,Sierra
210210,PUNO,AZÁNGARO,SAMÁN,9645,PRIMER CHACAMARCA,467,3832,Suni,Sierra
210211,PUNO,AZÁNGARO,SAN ANTÓN,7298,SAN ANTON,3188,3971,Suni,Sierra
210212,PUNO,AZÁNGARO,SAN JOSÉ,4818,SAN JOSE,1258,4094,Puna,Sierra
210213,PUNO,AZÁNGARO,SAN JUAN DE SALINAS,2841,SAN JUAN DE SALINAS,156,3841,Suni,Sierra
210214,PUNO,AZÁNGARO,SANTIAGO DE PUPUJA,4407,LLALLAHUA PACCHAPATA,313,3927,Suni,Sierra
210215,PUNO,AZÁNGARO,TIRAPATA,2731,TIRAPATA,604,3903,Suni,Sierra
210301,PUNO,CARABAYA,MACUSANI,12664,MACUSANI,10408,4311,Puna,Sierra
210302,PUNO,CARABAYA,AJOYANI,2138,AJOYANI,1381,4272,Puna,Sierra
210303,PUNO,CARABAYA,AYAPATA,9299,AYAPATA,2622,3481,Quechua,Sierra
210304,PUNO,CARABAYA,COASA,6433,COASA,3388,3768,Suni,Sierra
210305,PUNO,CARABAYA,CORANI,4240,AYMAÑA,966,4220,Puna,Sierra
210306,PUNO,CARABAYA,CRUCERO,9108,CRUCERO,6977,4146,Puna,Sierra
210307,PUNO,CARABAYA,ITUATA,7526,UPINA,1094,3952,Suni,Sierra
210308,PUNO,CARABAYA,OLLACHEA,6090,OLLACHEA,2700,2746,Quechua,Sierra
210309,PUNO,CARABAYA,SAN GABÁN,6832,LANLACUNI BAJO,1572,641,Rupa Rupa,Selva
210310,PUNO,CARABAYA,USICAYOS,8992,USICAYOS,2409,3781,Suni,Sierra
210401,PUNO,CHUCUITO,JULI,19773,JULI,8148,3878,Suni,Sierra
210402,PUNO,CHUCUITO,DESAGUADERO,13787,DESAGUADERO,8502,3849,Suni,Sierra
210403,PUNO,CHUCUITO,HUACULLANI,9237,HUACULLANI,2466,3945,Suni,Sierra
210404,PUNO,CHUCUITO,KELLUYO,7346,KELLUYO,866,3858,Suni,Sierra
210405,PUNO,CHUCUITO,PISACOMA,8223,PISACOMA,1225,3932,Suni,Sierra
210406,PUNO,CHUCUITO,POMATA,13707,POMATA,1436,3878,Suni,Sierra
210407,PUNO,CHUCUITO,ZEPITA,16929,ZEPITA,1503,3836,Suni,Sierra
210501,PUNO,EL COLLAO,ILAVE,46018,ILAVE,20968,3907,Suni,Sierra
210502,PUNO,EL COLLAO,CAPAZO,1130,CAPAZO,110,4402,Puna,Sierra
210503,PUNO,EL COLLAO,PILCUYO,10672,PILCUYO,1155,3841,Suni,Sierra
210504,PUNO,EL COLLAO,SANTA ROSA,3529,MAZO CRUZ,1022,3981,Suni,Sierra
210505,PUNO,EL COLLAO,CONDURIRI,2529,CONDURIRI,602,3969,Suni,Sierra
210601,PUNO,HUANCANÉ,HUANCANE,18742,HUANCANE,7521,3866,Suni,Sierra
210602,PUNO,HUANCANÉ,COJATA,3764,COJATA,1378,4354,Puna,Sierra
210603,PUNO,HUANCANÉ,HUATASANI,3083,HUATASANI,1358,3849,Suni,Sierra
210604,PUNO,HUANCANÉ,INCHUPALLA,2642,INCHUPALLA,167,3930,Suni,Sierra
210605,PUNO,HUANCANÉ,PUSI,4937,PUSI,863,3851,Suni,Sierra
210606,PUNO,HUANCANÉ,ROSASPATA,4079,ROSASPATA,488,3891,Suni,Sierra
210607,PUNO,HUANCANÉ,TARACO,13193,TARACO,1804,3848,Suni,Sierra
210608,PUNO,HUANCANÉ,VILQUE CHICO,7211,VILQUE CHICO,448,3851,Suni,Sierra
210701,PUNO,LAMPA,LAMPA,11206,LAMPA,5649,3881,Suni,Sierra
210702,PUNO,LAMPA,CABANILLA,5352,CABANILLA,1098,3890,Suni,Sierra
210703,PUNO,LAMPA,CALAPUJA,1585,CALAPUJA,478,3851,Suni,Sierra
210704,PUNO,LAMPA,NICASIO,2360,NICASIO,344,3868,Suni,Sierra
210705,PUNO,LAMPA,OCUVIRI,2237,OCUVIRI,640,4227,Puna,Sierra
210706,PUNO,LAMPA,PALCA,1817,PALCA,669,4082,Puna,Sierra
210707,PUNO,LAMPA,PARATÍA,2732,CHILAHUITO (CHILA),552,4295,Puna,Sierra
210708,PUNO,LAMPA,PUCARÁ,5306,PUCARA,1832,3894,Suni,Sierra
210709,PUNO,LAMPA,SANTA LUCÍA,7028,SANTA LUCIA,5011,4052,Puna,Sierra
210710,PUNO,LAMPA,VILAVILA,1233,VILAVILA,479,4316,Puna,Sierra
210801,PUNO,MELGAR,AYAVIRI,24452,AYAVIRI,21859,3937,Suni,Sierra
210802,PUNO,MELGAR,ANTAUTA,5359,ANTAUTA,2908,4152,Puna,Sierra
210803,PUNO,MELGAR,CUPI,1986,CUPI,314,3984,Suni,Sierra
210804,PUNO,MELGAR,LLALLI,2532,LLALLI,1709,3998,Suni,Sierra
210805,PUNO,MELGAR,MACARI,6947,MACARI,2527,3979,Suni,Sierra
210806,PUNO,MELGAR,NUÑOA,8450,NUÑOA,4641,4038,Puna,Sierra
210807,PUNO,MELGAR,ORURILLO,7651,ORURILLO,1127,3915,Suni,Sierra
210808,PUNO,MELGAR,SANTA ROSA,6197,SANTA ROSA,2858,4010,Puna,Sierra
210809,PUNO,MELGAR,UMACHIRI,3564,UMACHIRI,699,3943,Suni,Sierra
210901,PUNO,MOHO,MOHO,11518,MOHO,2365,3902,Suni,Sierra
210902,PUNO,MOHO,CONIMA,3151,CONIMA,893,3862,Suni,Sierra
210903,PUNO,MOHO,HUAYRAPATA,2613,HUAYRAPATA,740,3912,Suni,Sierra
210904,PUNO,MOHO,TILALI,2471,TILALI,684,3843,Suni,Sierra
211001,PUNO,SAN ANTONIO DE PUTINA,PUTINA,14753,PUTINA,10746,3878,Suni,Sierra
211002,PUNO,SAN ANTONIO DE PUTINA,ANANEA,12615,LA RINCONADA ANA MARIA (LA RINCONADA),6969,5053,Janca,Sierra
211003,PUNO,SAN ANTONIO DE PUTINA,PEDRO VILCA APAZA,1909,SANTIAGO AJJATIRA,390,3879,Suni,Sierra
211004,PUNO,SAN ANTONIO DE PUTINA,QUILCAPUNCU,5187,QUILCAPUNCU,2280,3928,Suni,Sierra
211005,PUNO,SAN ANTONIO DE PUTINA,SINA,1649,SINA,527,3181,Quechua,Sierra
211101,PUNO,SAN ROMÁN,JULIACA,228726,JULIACA,217743,3877,Suni,Sierra
211102,PUNO,SAN ROMÁN,CABANA,4843,CABANA,934,3912,Suni,Sierra
211103,PUNO,SAN ROMÁN,CABANILLAS,4567,DEUSTUA,2231,3894,Suni,Sierra
211104,PUNO,SAN ROMÁN,CARACOTO,6818,CARACOTO,1158,3844,Suni,Sierra
211105,PUNO,SAN ROMÁN,SAN MIGUEL,62463,SAN MIGUEL,58367,3875,Suni,Sierra
211201,PUNO,SANDIA,SANDIA,10266,SANDIA,4003,2206,Yunga fluvial,Sierra
211202,PUNO,SANDIA,CUYOCUYO,5024,CUYOCUYO,1106,3425,Quechua,Sierra
211203,PUNO,SANDIA,LIMBANI,2970,LIMBANI,1497,3333,Quechua,Sierra
211204,PUNO,SANDIA,PATAMBUCO,3863,CANU CANU,466,4023,Puna,Sierra
211205,PUNO,SANDIA,PHARA,5091,PHARA,1306,3485,Quechua,Sierra
211206,PUNO,SANDIA,QUIACA,2131,UNTUCA,448,3762,Suni,Sierra
211207,PUNO,SANDIA,SAN JUAN DEL ORO,3733,SAN JUAN DEL ORO,1582,1308,Rupa Rupa,Selva
211208,PUNO,SANDIA,YANAHUAYA,1936,YANAHUAYA,946,1419,Rupa Rupa,Selva
211209,PUNO,SANDIA,ALTO INAMBARI,6604,MASSIAPO,1200,1352,Rupa Rupa,Selva
211210,PUNO,SANDIA,SAN PEDRO DE PUTINA PUNCO,9124,PUTINA PUNCO,1756,948,Rupa Rupa,Selva
211301,PUNO,YUNGUYO,YUNGUYO,24515,YUNGUYO,11766,3850,Suni,Sierra
211302,PUNO,YUNGUYO,ANAPIA,1782,ANAPIA,1207,3864,Suni,Sierra
211303,PUNO,YUNGUYO,COPANI,4655,COPANI,592,3864,Suni,Sierra
211304,PUNO,YUNGUYO,CUTURAPI,1270,SAN JUAN DE CUTURAPI,613,3861,Suni,Sierra
211305,PUNO,YUNGUYO,OLLARAYA,2711,SAN MIGUEL DE OLLARAYA,408,3852,Suni,Sierra
211306,PUNO,YUNGUYO,TINICACHI,949,TINICACHI,592,3853,Suni,Sierra
211307,PUNO,YUNGUYO,UNICACHI,1057,MARCAJA,444,3827,Suni,Sierra
220101,SAN MARTÍN,MOYOBAMBA,MOYOBAMBA,76325,MOYOBAMBA,50073,895,Rupa Rupa,Selva
220102,SAN MARTÍN,MOYOBAMBA,CALZADA,4609,CALZADA,3550,856,Rupa Rupa,Selva
220103,SAN MARTÍN,MOYOBAMBA,HABANA,1675,HABANA,1325,850,Rupa Rupa,Selva
220104,SAN MARTÍN,MOYOBAMBA,JEPELACIO,15377,JEPELACIO,3081,1066,Rupa Rupa,Selva
220105,SAN MARTÍN,MOYOBAMBA,SORITOR,21514,SORITOR,14310,904,Rupa Rupa,Selva
220106,SAN MARTÍN,MOYOBAMBA,YANTALO,2865,YANTALO,1804,862,Rupa Rupa,Selva
220201,SAN MARTÍN,BELLAVISTA,BELLAVISTA,16894,BELLAVISTA,12117,330,Omagua,Selva
220202,SAN MARTÍN,BELLAVISTA,ALTO BIAVO,7639,JOSE OLAYA,1163,284,Omagua,Selva
220203,SAN MARTÍN,BELLAVISTA,BAJO BIAVO,13116,NUEVO LIMA,1092,256,Omagua,Selva
220204,SAN MARTÍN,BELLAVISTA,HUALLAGA,2711,AUCARARCA,1071,359,Omagua,Selva
220205,SAN MARTÍN,BELLAVISTA,SAN PABLO,8640,CONSUELO,2141,289,Omagua,Selva
220206,SAN MARTÍN,BELLAVISTA,SAN RAFAEL,6033,LA LIBERTAD,1905,246,Omagua,Selva
220301,SAN MARTÍN,EL DORADO,SAN JOSÉ DE SISA,14639,SAN JOSE DE SISA,8244,342,Omagua,Selva
220302,SAN MARTÍN,EL DORADO,AGUA BLANCA,2330,AGUA BLANCA,1400,318,Omagua,Selva
220303,SAN MARTÍN,EL DORADO,SAN MARTÍN,10447,SAN MARTIN,2644,437,Rupa Rupa,Selva
220304,SAN MARTÍN,EL DORADO,SANTA ROSA,6332,SANTA MARTHA,1293,335,Omagua,Selva
220305,SAN MARTÍN,EL DORADO,SHATOJA,3004,SHATOJA,1368,413,Rupa Rupa,Selva
220401,SAN MARTÍN,HUALLAGA,SAPOSOA,13422,SAPOSOA,7759,316,Omagua,Selva
220402,SAN MARTÍN,HUALLAGA,ALTO SAPOSOA,4471,PASARRAYA,1434,408,Rupa Rupa,Selva
220403,SAN MARTÍN,HUALLAGA,EL ESLABÓN,2106,EL ESLABON,1275,293,Omagua,Selva
220404,SAN MARTÍN,HUALLAGA,PISCOYACU,4268,PISCOYACU,2181,310,Omagua,Selva
220405,SAN MARTÍN,HUALLAGA,SACANCHE,2450,SACANCHE,1208,269,Omagua,Selva
220406,SAN MARTÍN,HUALLAGA,TINGO DE SAPOSOA,789,TINGO DE SAPOSOA,735,258,Omagua,Selva
220501,SAN MARTÍN,LAMAS,LAMAS,14497,LAMAS,11165,764,Rupa Rupa,Selva
220502,SAN MARTÍN,LAMAS,ALONSO DE ALVARADO,13462,ROQUE,2339,1090,Rupa Rupa,Selva
220503,SAN MARTÍN,LAMAS,BARRANQUITA,6429,BARRANQUITA,2163,173,Omagua,Selva
220504,SAN MARTÍN,LAMAS,CAYNARACHI,9546,ALIANZA,2727,172,Omagua,Selva
220505,SAN MARTÍN,LAMAS,CUÑUMBUQUI,3301,CUÑUMBUQUI,1215,248,Omagua,Selva
220506,SAN MARTÍN,LAMAS,PINTO RECODO,8086,PINTO RECODO,1116,276,Omagua,Selva
220507,SAN MARTÍN,LAMAS,RUMISAPA,3456,RUMISAPA,762,328,Omagua,Selva
220508,SAN MARTÍN,LAMAS,SAN ROQUE DE CUMBAZA,1635,SAN ROQUE DE CUMBAZA,735,611,Rupa Rupa,Selva
220509,SAN MARTÍN,LAMAS,SHANAO,1975,SHANAO,995,260,Omagua,Selva
220510,SAN MARTÍN,LAMAS,TABALOSOS,13879,TABALOSOS,7820,597,Rupa Rupa,Selva
220511,SAN MARTÍN,LAMAS,ZAPATERO,5255,ZAPATERO,1012,298,Omagua,Selva
220601,SAN MARTÍN,MARISCAL CÁCERES,JUANJUÍ,32444,JUANJUI,28453,299,Omagua,Selva
220602,SAN MARTÍN,MARISCAL CÁCERES,CAMPANILLA,12705,CAMPANILLA,3704,318,Omagua,Selva
220603,SAN MARTÍN,MARISCAL CÁCERES,HUICUNGO,8385,HUICUNGO,4548,308,Omagua,Selva
220604,SAN MARTÍN,MARISCAL CÁCERES,PACHIZA,5747,BAGAZAN,1301,328,Omagua,Selva
220605,SAN MARTÍN,MARISCAL CÁCERES,PAJARILLO,5345,PAJARILLO,1405,286,Omagua,Selva
220701,SAN MARTÍN,PICOTA,PICOTA,10203,PICOTA,8376,228,Omagua,Selva
220702,SAN MARTÍN,PICOTA,BUENOS AIRES,2924,BUENOS AIRES,974,209,Omagua,Selva
220703,SAN MARTÍN,PICOTA,CASPISAPA,2126,CASPISAPA,1724,238,Omagua,Selva
220704,SAN MARTÍN,PICOTA,PILLUANA,865,PILLUANA,433,218,Omagua,Selva
220705,SAN MARTÍN,PICOTA,PUCACACA,2971,PUCACACA,1190,228,Omagua,Selva
220706,SAN MARTÍN,PICOTA,SAN CRISTÓBAL,1192,PUERTO RICO,1192,238,Omagua,Selva
220707,SAN MARTÍN,PICOTA,SAN HILARIÓN,3945,SAN CRISTOBAL DE SISA,2847,230,Omagua,Selva
220708,SAN MARTÍN,PICOTA,SHAMBOYACU,8554,SHAMBOYACU,1914,289,Omagua,Selva
220709,SAN MARTÍN,PICOTA,TINGO DE PONASA,3876,LEONCIO PRADO,683,256,Omagua,Selva
220710,SAN MARTÍN,PICOTA,TRES UNIDOS,3889,TRES UNIDOS,1911,237,Omagua,Selva
220801,SAN MARTÍN,RIOJA,RIOJA,25521,RIOJA,22080,850,Rupa Rupa,Selva
220802,SAN MARTÍN,RIOJA,AWAJÚN,7479,SAN FRANCISCO DEL ALTO MAYO (SAN FRANCISCO),1699,834,Rupa Rupa,Selva
220803,SAN MARTÍN,RIOJA,ELÍAS SOPLÍN VARGAS,17661,SEGUNDA JERUSALEN-AZUNGUILLO,14884,853,Rupa Rupa,Selva
220804,SAN MARTÍN,RIOJA,NUEVA CAJAMARCA,43476,NUEVA CAJAMARCA,25812,869,Rupa Rupa,Selva
220805,SAN MARTÍN,RIOJA,PARDO MIGUEL,16797,NARANJOS,5913,963,Rupa Rupa,Selva
220806,SAN MARTÍN,RIOJA,POSIC,1919,POSIC,1675,838,Rupa Rupa,Selva
220807,SAN MARTÍN,RIOJA,SAN FERNANDO,3413,SAN FERNANDO,2173,828,Rupa Rupa,Selva
220808,SAN MARTÍN,RIOJA,YORONGOS,2446,YORONGOS,1962,883,Rupa Rupa,Selva
220809,SAN MARTÍN,RIOJA,YURACYACU,3832,YURACYACU,3428,812,Rupa Rupa,Selva
220901,SAN MARTÍN,SAN MARTÍN,TARAPOTO,76122,TARAPOTO,74804,342,Omagua,Selva
220902,SAN MARTÍN,SAN MARTÍN,ALBERTO LEVEAU,841,UTCURARCA,508,215,Omagua,Selva
220903,SAN MARTÍN,SAN MARTÍN,CACATACHI,3604,CACATACHI,3019,309,Omagua,Selva
220904,SAN MARTÍN,SAN MARTÍN,CHAZUTA,9497,CHAZUTA,4595,189,Omagua,Selva
220905,SAN MARTÍN,SAN MARTÍN,CHIPURANA,2249,YARINA,1517,162,Omagua,Selva
220906,SAN MARTÍN,SAN MARTÍN,EL PORVENIR,2399,PELEJO,968,152,Omagua,Selva
220907,SAN MARTÍN,SAN MARTÍN,HUIMBAYOC,4975,HUIMBAYOC,1389,181,Omagua,Selva
220908,SAN MARTÍN,SAN MARTÍN,JUAN GUERRA,3907,JUAN GUERRA,3745,207,Omagua,Selva
220909,SAN MARTÍN,SAN MARTÍN,LA BANDA DE SHILCAYO,43481,LA BANDA,36201,418,Rupa Rupa,Selva
220910,SAN MARTÍN,SAN MARTÍN,MORALES,33067,MORALES,30708,290,Omagua,Selva
220911,SAN MARTÍN,SAN MARTÍN,PAPAPLAYA,2073,PAPAPLAYA,1276,149,Omagua,Selva
220912,SAN MARTÍN,SAN MARTÍN,SAN ANTONIO,1674,SAN ANTONIO,939,499,Rupa Rupa,Selva
220913,SAN MARTÍN,SAN MARTÍN,SAUCE,7263,SAUCE,5350,622,Rupa Rupa,Selva
220914,SAN MARTÍN,SAN MARTÍN,SHAPAJA,1943,SHAPAJA,1735,214,Omagua,Selva
221001,SAN MARTÍN,TOCACHE,TOCACHE,26166,TOCACHE,15752,519,Rupa Rupa,Selva
221002,SAN MARTÍN,TOCACHE,NUEVO PROGRESO,11456,NUEVO PROGRESO,3532,512,Rupa Rupa,Selva
221003,SAN MARTÍN,TOCACHE,POLVORA,10308,NUEVO HORIZONTE,1318,510,Rupa Rupa,Selva
221004,SAN MARTÍN,TOCACHE,SHUNTE,1315,MONTE CRISTO,425,1015,Rupa Rupa,Selva
221005,SAN MARTÍN,TOCACHE,UCHIZA,20149,UCHIZA,6997,566,Rupa Rupa,Selva
230101,TACNA,TACNA,TACNA,92972,TACNA,86977,583,Yunga marítima,Costa
230102,TACNA,TACNA,ALTO DE LA ALIANZA,34061,LA ESPERANZA,32899,603,Yunga marítima,Costa
230103,TACNA,TACNA,CALANA,2979,PIEDRA BLANCA-CERRO BLANCO-SANTA RITA-VILLA PACIFICO,747,862,Yunga marítima,Costa
230104,TACNA,TACNA,CIUDAD NUEVA,31866,CIUDAD NUEVA,31501,695,Yunga marítima,Costa
230105,TACNA,TACNA,INCLÁN,2613,SAMA GRANDE,823,519,Yunga marítima,Costa
230106,TACNA,TACNA,PACHÍA,2062,PACHIA,546,1087,Yunga marítima,Costa
230107,TACNA,TACNA,PALCA,1980,PALCA,470,2939,Quechua,Sierra
230108,TACNA,TACNA,POCOLLAY,18627,POCOLLAY,18007,690,Yunga marítima,Costa
230109,TACNA,TACNA,SAMA,3227,BUENA VISTA,1052,425,Chala,Costa
230110,TACNA,TACNA,CORONEL GREGORIO ALBARRACÍN LANCHIPA,110417,ALFONSO UGARTE,110115,562,Yunga marítima,Costa
230111,TACNA,TACNA,LA YARADA LOS PALOS,5559,ASENTAMIENTO 3 (28 DE AGOSTO),475,84,Chala,Costa
230201,TACNA,CANDARAVE,CANDARAVE,2354,CANDARAVE,983,3427,Quechua,Sierra
230202,TACNA,CANDARAVE,CAIRANI,988,CAIRANI,418,3389,Quechua,Sierra
230203,TACNA,CANDARAVE,CAMILACA,1148,ALTO CAMILACA,454,3853,Suni,Sierra
230204,TACNA,CANDARAVE,CURIBAYA,377,CURIBAYA,290,2770,Quechua,Sierra
230205,TACNA,CANDARAVE,HUANUARA,515,HUANUARA,480,3226,Quechua,Sierra
230206,TACNA,CANDARAVE,QUILAHUANI,720,QUILAHUANI,381,3205,Quechua,Sierra
230301,TACNA,JORGE BASADRE,LOCUMBA,2256,LOCUMBA,1001,588,Yunga marítima,Costa
230302,TACNA,JORGE BASADRE,ILABAYA,5695,TOQUEPALA,3560,3074,Quechua,Sierra
230303,TACNA,JORGE BASADRE,ITE,2822,ITE,772,160,Chala,Costa
230401,TACNA,TARATA,TARATA,3642,TARATA,2802,3077,Quechua,Sierra
230402,TACNA,TARATA,HÉROES ALBARRACÍN,306,CHUCATAMANI,131,1872,Yunga marítima,Costa
230403,TACNA,TARATA,ESTIQUE,240,TALABAYA,125,3432,Quechua,Sierra
230404,TACNA,TARATA,ESTIQUE-PAMPA,162,ESTIQUE-PAMPA,159,3064,Quechua,Sierra
230405,TACNA,TARATA,SITAJARA,350,SITAJARA,264,3163,Quechua,Sierra
230406,TACNA,TARATA,SUSAPAYA,518,SUSAPAYA,303,3462,Quechua,Sierra
230407,TACNA,TARATA,TARUCACHI,295,TARUCACHI,277,3054,Quechua,Sierra
230408,TACNA,TARATA,TICACO,581,TICACO,539,3272,Quechua,Sierra
240101,TUMBES,TUMBES,TUMBES,102306,TUMBES,96946,9,Chala,Costa
240102,TUMBES,TUMBES,CORRALES,23337,SAN PEDRO DE LOS INCAS,17883,27,Chala,Costa
240103,TUMBES,TUMBES,LA CRUZ,9507,CALETA CRUZ,9015,10,Chala,Costa
240104,TUMBES,TUMBES,PAMPAS DE HOSPITAL,6728,PAMPAS DE HOSPITAL,2648,28,Chala,Costa
240105,TUMBES,TUMBES,SAN JACINTO,8512,SAN JACINTO,2628,23,Chala,Costa
240106,TUMBES,TUMBES,SAN JUAN DE LA VIRGEN,4572,SAN JUAN DE LA VIRGEN,1559,26,Chala,Costa
240201,TUMBES,CONTRALMIRANTE VILLAR,ZORRITOS,12371,ZORRITOS,7363,11,Chala,Costa
240202,TUMBES,CONTRALMIRANTE VILLAR,CASITAS,2350,CAÑAVERAL,379,136,Chala,Costa
240203,TUMBES,CONTRALMIRANTE VILLAR,CANOAS DE PUNTA SAL,6336,CANCAS,5034,66,Chala,Costa
240301,TUMBES,ZARUMILLA,ZARUMILLA,21776,ZARUMILLA,21409,15,Chala,Costa
240302,TUMBES,ZARUMILLA,AGUAS VERDES,17366,LA CURVA,13739,13,Chala,Costa
240303,TUMBES,ZARUMILLA,MATAPALO,3428,NUEVO PROGRESO - EL TUTUMO,1813,95,Chala,Costa
240304,TUMBES,ZARUMILLA,PAPAYAL,6274,UÑA DE GATO,2346,33,Chala,Costa
250101,UCAYALI,CORONEL PORTILLO,CALLERÍA,149999,PUCALLPA,144207,162,Omagua,Selva
250102,UCAYALI,CORONEL PORTILLO,CAMPOVERDE,16059,CAMPO VERDE,5483,203,Omagua,Selva
250103,UCAYALI,CORONEL PORTILLO,IPARIA,10328,IPARIA,1258,170,Omagua,Selva
250104,UCAYALI,CORONEL PORTILLO,MASISEA,11147,MASISEA,2389,150,Omagua,Selva
250105,UCAYALI,CORONEL PORTILLO,YARINACOCHA,103941,PUERTO CALLAO,93248,131,Omagua,Selva
250106,UCAYALI,CORONEL PORTILLO,NUEVA REQUENA,5169,NUEVA REQUENA,2489,183,Omagua,Selva
250107,UCAYALI,CORONEL PORTILLO,MANANTAY,87525,SAN FERNANDO,85540,165,Omagua,Selva
250201,UCAYALI,ATALAYA,RAYMONDI,32430,ATALAYA,12946,256,Omagua,Selva
250202,UCAYALI,ATALAYA,SEPAHUA,6655,SEPAHUA,3088,277,Omagua,Selva
250203,UCAYALI,ATALAYA,TAHUANIA,8264,BOLOGNESI,2155,197,Omagua,Selva
250204,UCAYALI,ATALAYA,YURUA,1975,BREU,591,240,Omagua,Selva
250301,UCAYALI,PADRE ABAD,PADRE ABAD,29440,AGUAYTIA,15587,275,Omagua,Selva
250302,UCAYALI,PADRE ABAD,IRAZOLA,10214,SAN ALEJANDRO,6158,228,Omagua,Selva
250303,UCAYALI,PADRE ABAD,CURIMANA,7722,CURIMANA,3598,181,Omagua,Selva
250304,UCAYALI,PADRE ABAD,NESHUYA,7594,MONTE ALEGRE,3721,193,Omagua,Selva
250305,UCAYALI,PADRE ABAD,ALEXANDER VON HUMBOLDT,5137,ALEXANDER VON HUMBOLDT,3854,237,Omagua,Selva
250401,UCAYALI,PURÚS,PURÚS,2860,ESPERANZA,1229,228,Omagua,Selva
