{"type":"FeatureCollection","features":[{"type":"Feature","properties":{"ubigeo":"040102","department":"Arequipa","province":"Arequipa","district":"Alto Selva Alegre","has_shutdown_3g":true,"carrier":"MOVISTAR","breakpoint_yearmonth":202410,"months_pre":21,"months_post":15,"pre6_4g_download_mbps":9.7304185,"post6_4g_download_mbps":11.324420166666668,"delta_4g_download_mbps":1.5940016666666672,"pct_4g_download_upgrade":0.1638163524689782,"pre6_4g_upload_mbps":3.44260285,"post6_4g_upload_mbps":3.24038155,"delta_4g_upload_mbps":-0.20222130000000016,"pct_4g_upload_upgrade":-0.05874081583357782,"pre6_4g_latency_ms":80.06213833333334,"post6_4g_latency_ms":62.73093433333333,"delta_4g_latency_ms":-17.331204000000007,"pct_4g_latency_improvement":0.27627842920220513,"pre6_4g_time_pct":95.42215083333332,"post6_4g_time_pct":97.25005633333332,"delta_4g_time_pp":1.8279055,"pre6_4g_packet_loss_pct":0.7951904416666666,"post6_4g_packet_loss_pct":0.5466233316666667,"delta_4g_packet_loss_pp":-0.24856710999999998,"pct_4g_packet_loss_improvement":0.4547319801409013,"composite_upgrade_score":0.15126348317015095,"pre6_4g_download_measurements":34813.0,"post6_4g_download_measurements":41680.666666666664,"last_yearmonth_available":202512},"geometry":{"type":"Polygon","coordinates":[[[-71.45874,-16.28467],[-71.410606,-16.296211],[-71.528589,-16.390544],[-71.53395,-16.33225],[-71.45874,-16.28467]]]}},{"type":"Feature","properties":{"ubigeo":"040103","department":"Arequipa","province":"Arequipa","district":"Cayma","has_shutdown_3g":true,"carrier":"MOVISTAR","breakpoint_yearmonth":202411,"months_pre":22,"months_post":14,"pre6_4g_download_mbps":9.984859,"post6_4g_download_mbps":11.345640416666667,"delta_4g_download_mbps":1.3607814166666667,"pct_4g_download_upgrade":0.13628449001299536,"pre6_4g_upload_mbps":2.9847707333333333,"post6_4g_upload_mbps":3.3123795166666663,"delta_4g_upload_mbps":0.327608783333333,"pct_4g_upload_upgrade":0.10976011647215067,"pre6_4g_latency_ms":78.12861916666667,"post6_4g_latency_ms":61.916065833333334,"delta_4g_latency_ms":-16.212553333333332,"pct_4g_latency_improvement":0.26184727849108747,"pre6_4g_time_pct":96.76073350000001,"post6_4g_time_pct":97.45678166666666,"delta_4g_time_pp":0.6960481666666425,"pre6_4g_packet_loss_pct":0.9113427083333333,"post6_4g_packet_loss_pct":0.6139771333333333,"delta_4g_packet_loss_pp":-0.29736557500000005,"pct_4g_packet_loss_improvement":0.4843267914320806,"composite_upgrade_score":0.1617000449203966,"pre6_4g_download_measurements":49935.833333333336,"post6_4g_download_measurements":52061.666666666664,"last_yearmonth_available":202512},"geometry":{"type":"Polygon","coordinates":[[[-71.458883,-16.164708],[-71.427373,-16.170446],[-71.412467,-16.208586],[-71.35999,-16.21317],[-71.339401,-16.239109],[-71.387161,-16.291838],[-71.46007,-16.28453],[-71.52819,-16.32552],[-71.549958,-16.39321],[-71.54756,-16.2845],[-71.52148,-16.224],[-71.499497,-16.219045],[-71.505633,-16.200254],[-71.458883,-16.164708]]]}},{"type":"Feature","properties":{"ubigeo":"040107","department":"Arequipa","province":"Arequipa","district":"Jacobo Hunter","has_shutdown_3g":true,"carrier":"MOVISTAR","breakpoint_yearmonth":202410,"months_pre":21,"months_post":15,"pre6_4g_download_mbps":9.244044749999999,"post6_4g_download_mbps":10.061394,"delta_4g_download_mbps":0.8173492500000012,"pct_4g_download_upgrade":0.08841900619314957,"pre6_4g_upload_mbps":2.9341029833333336,"post6_4g_upload_mbps":2.7750973,"delta_4g_upload_mbps":-0.15900568333333354,"pct_4g_upload_upgrade":-0.05419226395138066,"pre6_4g_latency_ms":80.4479675,"post6_4g_latency_ms":63.72142450000001,"delta_4g_latency_ms":-16.726542999999992,"pct_4g_latency_improvement":0.26249480659365965,"pre6_4g_time_pct":95.86109183333332,"post6_4g_time_pct":97.83098966666667,"delta_4g_time_pp":1.9698978333333486,"pre6_4g_packet_loss_pct":0.9469650249999999,"post6_4g_packet_loss_pct":0.6956240466666667,"delta_4g_packet_loss_pp":-0.25134097833333324,"pct_4g_packet_loss_improvement":0.3613172654650514,"composite_upgrade_score":0.11388317455622024,"pre6_4g_download_measurements":29204.666666666668,"post6_4g_download_measurements":36424.166666666664,"last_yearmonth_available":202512},"geometry":{"type":"Polygon","coordinates":[[[-71.544375,-16.422394],[-71.540512,-16.450758],[-71.56658,-16.49651],[-71.58533,-16.45751],[-71.544375,-16.422394]]]}},{"type":"Feature","properties":{"ubigeo":"040109","department":"Arequipa","province":"Arequipa","district":"Mariano Melgar","has_shutdown_3g":true,"carrier":"MOVISTAR","breakpoint_yearmonth":202411,"months_pre":22,"months_post":14,"pre6_4g_download_mbps":9.7935575,"post6_4g_download_mbps":11.282756416666667,"delta_4g_download_mbps":1.4891989166666662,"pct_4g_download_upgrade":0.15205903642947582,"pre6_4g_upload_mbps":3.227813466666667,"post6_4g_upload_mbps":3.196436866666667,"delta_4g_upload_mbps":-0.031376599999999755,"pct_4g_upload_upgrade":-0.009720698027944619,"pre6_4g_latency_ms":78.972289,"post6_4g_latency_ms":62.534957,"delta_4g_latency_ms":-16.437332000000005,"pct_4g_latency_improvement":0.26285029667486626,"pre6_4g_time_pct":94.6520835,"post6_4g_time_pct":98.44067249999999,"delta_4g_time_pp":3.7885889999999875,"pre6_4g_packet_loss_pct":0.75883555,"post6_4g_packet_loss_pct":0.4931445116666667,"delta_4g_packet_loss_pp":-0.26569103833333335,"pct_4g_packet_loss_improvement":0.538769127603965,"composite_upgrade_score":0.15769942391651343,"pre6_4g_download_measurements":34827.333333333336,"post6_4g_download_measurements":27112.333333333332,"last_yearmonth_available":202512},"geometry":{"type":"Polygon","coordinates":[[[-71.42096,-16.32185],[-71.4487,-16.39156],[-71.513332,-16.41039],[-71.42096,-16.32185]]]}},{"type":"Feature","properties":{"ubigeo":"040110","department":"Arequipa","province":"Arequipa","district":"Miraflores","has_shutdown_3g":true,"carrier":"MOVISTAR","breakpoint_yearmonth":202411,"months_pre":22,"months_post":14,"pre6_4g_download_mbps":11.5843455,"post6_4g_download_mbps":11.827727166666667,"delta_4g_download_mbps":0.24338166666666794,"pct_4g_download_upgrade":0.021009531066443765,"pre6_4g_upload_mbps":3.22142955,"post6_4g_upload_mbps":3.747218116666667,"delta_4g_upload_mbps":0.5257885666666673,"pct_4g_upload_upgrade":0.1632159134650848,"pre6_4g_latency_ms":76.35474233333333,"post6_4g_latency_ms":59.967533833333334,"delta_4g_latency_ms":-16.3872085,"pct_4g_latency_improvement":0.27326800774473514,"pre6_4g_time_pct":96.20951933333333,"post6_4g_time_pct":97.48066966666666,"delta_4g_time_pp":1.271150333333324,"pre6_4g_packet_loss_pct":0.5756849633333334,"post6_4g_packet_loss_pct":0.4562229866666667,"delta_4g_packet_loss_pp":-0.11946197666666669,"pct_4g_packet_loss_improvement":0.26184997283784384,"composite_upgrade_score":0.11620242552441619,"pre6_4g_download_measurements":46821.166666666664,"post6_4g_download_measurements":44179.333333333336,"last_yearmonth_available":202512},"geometry":{"type":"Polygon","coordinates":[[[-71.410812,-16.296944],[-71.481201,-16.379957],[-71.516508,-16.402929],[-71.527371,-16.395381],[-71.410812,-16.296944]]]}},{"type":"Feature","properties":{"ubigeo":"040112","department":"Arequipa","province":"Arequipa","district":"Paucarpata","has_shutdown_3g":true,"carrier":"MOVISTAR","breakpoint_yearmonth":202411,"months_pre":22,"months_post":14,"pre6_4g_download_mbps":9.478909166666666,"post6_4g_download_mbps":10.119655250000001,"delta_4g_download_mbps":0.6407460833333349,"pct_4g_download_upgrade":0.06759702747090035,"pre6_4g_upload_mbps":3.4191594666666667,"post6_4g_upload_mbps":3.7462876166666668,"delta_4g_upload_mbps":0.32712815000000006,"pct_4g_upload_upgrade":0.09567501989572791,"pre6_4g_latency_ms":78.43511416666666,"post6_4g_latency_ms":61.59388716666666,"delta_4g_latency_ms":-16.841227000000003,"pct_4g_latency_improvement":0.273423675216818,"pre6_4g_time_pct":94.56112433333332,"post6_4g_time_pct":94.72270583333334,"delta_4g_time_pp":0.16158150000001115,"pre6_4g_packet_loss_pct":0.8660901016666666,"post6_4g_packet_loss_pct":0.5903271366666667,"delta_4g_packet_loss_pp":-0.27576296499999986,"pct_4g_packet_loss_improvement":0.4671358436224351,"composite_upgrade_score":0.1333451472080456,"pre6_4g_download_measurements":58099.0,"post6_4g_download_measurements":66640.66666666667,"last_yearmonth_available":202512},"geometry":{"type":"Polygon","coordinates":[[[-71.450355,-16.39455],[-71.447014,-16.415081],[-71.42779,-16.41955],[-71.50128,-16.44907],[-71.51501,-16.41002],[-71.450355,-16.39455]]]}},{"type":"Feature","properties":{"ubigeo":"040117","department":"Arequipa","province":"Arequipa","district":"Sachaca","has_shutdown_3g":true,"carrier":"MOVISTAR","breakpoint_yearmonth":202410,"months_pre":21,"months_post":15,"pre6_4g_download_mbps":9.195857833333333,"post6_4g_download_mbps":10.607178499999998,"delta_4g_download_mbps":1.411320666666665,"pct_4g_download_upgrade":0.1534735195177639,"pre6_4g_upload_mbps":2.9009567,"post6_4g_upload_mbps":2.9424080999999997,"delta_4g_upload_mbps":0.041451399999999694,"pct_4g_upload_upgrade":0.014288872357177684,"pre6_4g_latency_ms":78.60741483333334,"post6_4g_latency_ms":62.29967716666667,"delta_4g_latency_ms":-16.307737666666668,"pct_4g_latency_improvement":0.2617627957050168,"pre6_4g_time_pct":93.95327816666668,"post6_4g_time_pct":97.33045983333334,"delta_4g_time_pp":3.377181666666658,"pre6_4g_packet_loss_pct":0.8063779216666666,"post6_4g_packet_loss_pct":0.6733274216666666,"delta_4g_packet_loss_pp":-0.13305049999999996,"pct_4g_packet_loss_improvement":0.19760148735761307,"composite_upgrade_score":0.14391928445481705,"pre6_4g_download_measurements":16266.833333333334,"post6_4g_download_measurements":11908.5,"last_yearmonth_available":202512},"geometry":{"type":"Polygon","coordinates":[[[-71.567314,-16.404369],[-71.551553,-16.415853],[-71.57548,-16.44818],[-71.602162,-16.407482],[-71.567314,-16.404369]]]}},{"type":"Feature","properties":{"ubigeo":"040122","department":"Arequipa","province":"Arequipa","district":"Socabaya","has_shutdown_3g":true,"carrier":"MOVISTAR","breakpoint_yearmonth":202410,"months_pre":21,"months_post":15,"pre6_4g_download_mbps":11.173927583333333,"post6_4g_download_mbps":10.033349666666666,"delta_4g_download_mbps":-1.1405779166666665,"pct_4g_download_upgrade":-0.10207493364892717,"pre6_4g_upload_mbps":3.159668033333334,"post6_4g_upload_mbps":2.7168801000000005,"delta_4g_upload_mbps":-0.44278793333333333,"pct_4g_upload_upgrade":-0.1401374855402795,"pre6_4g_latency_ms":79.85934,"post6_4g_latency_ms":63.287896999999994,"delta_4g_latency_ms":-16.57144300000001,"pct_4g_latency_improvement":0.26184221289577714,"pre6_4g_time_pct":96.25646833333333,"post6_4g_time_pct":97.6973675,"delta_4g_time_pp":1.440899166666668,"pre6_4g_packet_loss_pct":1.0054090666666669,"post6_4g_packet_loss_pct":0.699429,"delta_4g_packet_loss_pp":-0.3059800666666669,"pct_4g_packet_loss_improvement":0.4374712324863095,"composite_upgrade_score":0.027644867307646967,"pre6_4g_download_measurements":30803.5,"post6_4g_download_measurements":35759.333333333336,"last_yearmonth_available":202512},"geometry":{"type":"Polygon","coordinates":[[[-71.531217,-16.435354],[-71.51328,-16.45531],[-71.521408,-16.478851],[-71.50266,-16.48852],[-71.52985,-16.48532],[-71.52451,-16.50815],[-71.561554,-16.493086],[-71.531217,-16.435354]]]}},{"type":"Feature","properties":{"ubigeo":"040123","department":"Arequipa","province":"Arequipa","district":"Tiabaya","has_shutdown_3g":true,"carrier":"MOVISTAR","breakpoint_yearmonth":202410,"months_pre":21,"months_post":15,"pre6_4g_download_mbps":8.894516,"post6_4g_download_mbps":10.487080166666667,"delta_4g_download_mbps":1.5925641666666674,"pct_4g_download_upgrade":0.17905012107085616,"pre6_4g_upload_mbps":3.3701685833333332,"post6_4g_upload_mbps":2.584116116666667,"delta_4g_upload_mbps":-0.7860524666666664,"pct_4g_upload_upgrade":-0.2332383224251664,"pre6_4g_latency_ms":81.27061250000001,"post6_4g_latency_ms":62.07049116666667,"delta_4g_latency_ms":-19.200121333333342,"pct_4g_latency_improvement":0.3093276849022948,"pre6_4g_time_pct":93.71401166666668,"post6_4g_time_pct":91.52014666666666,"delta_4g_time_pp":-2.1938650000000166,"pre6_4g_packet_loss_pct":0.7576689183333333,"post6_4g_packet_loss_pct":0.551077535,"delta_4g_packet_loss_pp":-0.20659138333333327,"pct_4g_packet_loss_improvement":0.3748862368946564,"composite_upgrade_score":0.129419735634874,"pre6_4g_download_measurements":13106.5,"post6_4g_download_measurements":12235.0,"last_yearmonth_available":202512},"geometry":{"type":"Polygon","coordinates":[[[-71.600732,-16.408393],[-71.57548,-16.44818],[-71.58533,-16.45751],[-71.574129,-16.491079],[-71.594719,-16.51972],[-71.625191,-16.461338],[-71.609119,-16.455014],[-71.61738,-16.41968],[-71.600732,-16.408393]]]}},{"type":"Feature","properties":{"ubigeo":"040126","department":"Arequipa","province":"Arequipa","district":"Yanahuara","has_shutdown_3g":true,"carrier":"MOVISTAR","breakpoint_yearmonth":202410,"months_pre":21,"months_post":15,"pre6_4g_download_mbps":12.855279416666669,"post6_4g_download_mbps":12.90593375,"delta_4g_download_mbps":0.050654333333332247,"pct_4g_download_upgrade":0.003940352573562844,"pre6_4g_upload_mbps":3.3324952333333333,"post6_4g_upload_mbps":3.0225589999999998,"delta_4g_upload_mbps":-0.30993623333333353,"pct_4g_upload_upgrade":-0.09300425405959822,"pre6_4g_latency_ms":77.90437433333334,"post6_4g_latency_ms":61.82515833333333,"delta_4g_latency_ms":-16.07921600000001,"pct_4g_latency_improvement":0.26007561377050004,"pre6_4g_time_pct":97.91735899999999,"post6_4g_time_pct":95.03151516666668,"delta_4g_time_pp":-2.885843833333311,"pre6_4g_packet_loss_pct":0.7343140933333334,"post6_4g_packet_loss_pct":0.5024091249999999,"delta_4g_packet_loss_pp":-0.23190496833333352,"pct_4g_packet_loss_improvement":0.4615859004020548,"composite_upgrade_score":0.07139493563321318,"pre6_4g_download_measurements":18157.333333333332,"post6_4g_download_measurements":18055.166666666668,"last_yearmonth_available":202512},"geometry":{"type":"Polygon","coordinates":[[[-71.53474,-16.367564],[-71.552272,-16.407517],[-71.566615,-16.404681],[-71.53474,-16.367564]]]}},{"type":"Feature","properties":{"ubigeo":"040129","department":"Arequipa","province":"Arequipa","district":"Jose Luis Bustamante Y Rivero","has_shutdown_3g":true,"carrier":"MOVISTAR","breakpoint_yearmonth":202411,"months_pre":22,"months_post":14,"pre6_4g_download_mbps":9.836228,"post6_4g_download_mbps":10.856661166666667,"delta_4g_download_mbps":1.0204331666666668,"pct_4g_download_upgrade":0.10374232547950979,"pre6_4g_upload_mbps":3.4286923833333334,"post6_4g_upload_mbps":3.0561294166666664,"delta_4g_upload_mbps":-0.372562966666667,"pct_4g_upload_upgrade":-0.10866036523943445,"pre6_4g_latency_ms":78.461161,"post6_4g_latency_ms":61.78535366666667,"delta_4g_latency_ms":-16.67580733333333,"pct_4g_latency_improvement":0.2698990350253505,"pre6_4g_time_pct":95.87051816666667,"post6_4g_time_pct":97.393695,"delta_4g_time_pp":1.5231768333333235,"pre6_4g_packet_loss_pct":0.7527359566666666,"post6_4g_packet_loss_pct":0.5384806433333333,"delta_4g_packet_loss_pp":-0.21425531333333325,"pct_4g_packet_loss_improvement":0.3978886074846404,"composite_upgrade_score":0.11485182978645839,"pre6_4g_download_measurements":72732.83333333333,"post6_4g_download_measurements":74655.5,"last_yearmonth_available":202512},"geometry":{"type":"Polygon","coordinates":[[[-71.515145,-16.412033],[-71.50128,-16.44907],[-71.51328,-16.45531],[-71.547559,-16.427791],[-71.515145,-16.412033]]]}},{"type":"Feature","properties":{"ubigeo":"050104","department":"Ayacucho","province":"Huamanga","district":"Carmen Alto","has_shutdown_3g":true,"carrier":"MOVISTAR","breakpoint_yearmonth":202505,"months_pre":28,"months_post":8,"pre6_4g_download_mbps":9.471561000000001,"post6_4g_download_mbps":11.225062916666667,"delta_4g_download_mbps":1.753501916666666,"pct_4g_download_upgrade":0.1851333604531149,"pre6_4g_upload_mbps":3.2046724,"post6_4g_upload_mbps":3.8490333500000005,"delta_4g_upload_mbps":0.6443609500000003,"pct_4g_upload_upgrade":0.20106921069373596,"pre6_4g_latency_ms":63.640381,"post6_4g_latency_ms":60.53386366666667,"delta_4g_latency_ms":-3.106517333333329,"pct_4g_latency_improvement":0.05131866933919094,"pre6_4g_time_pct":96.46661333333333,"post6_4g_time_pct":97.72900833333334,"delta_4g_time_pp":1.2623950000000121,"pre6_4g_packet_loss_pct":1.2940526333333333,"post6_4g_packet_loss_pct":1.1185480749999999,"delta_4g_packet_loss_pp":-0.17550455833333345,"pct_4g_packet_loss_improvement":0.15690390270738552,"composite_upgrade_score":0.1267821807554734,"pre6_4g_download_measurements":9458.5,"post6_4g_download_measurements":8949.666666666666,"last_yearmonth_available":202512},"geometry":{"type":"Polygon","coordinates":[[[-74.22427,-13.17003],[-74.196418,-13.197349],[-74.241127,-13.241724],[-74.260425,-13.198733],[-74.22427,-13.17003]]]}},{"type":"Feature","properties":{"ubigeo":"060301","department":"Cajamarca","province":"Celendin","district":"Celendin","has_shutdown_3g":true,"carrier":"MOVISTAR","breakpoint_yearmonth":202410,"months_pre":21,"months_post":15,"pre6_4g_download_mbps":9.136279750000002,"post6_4g_download_mbps":9.5646155,"delta_4g_download_mbps":0.4283357499999987,"pct_4g_download_upgrade":0.04688295036062118,"pre6_4g_upload_mbps":2.483079183333333,"post6_4g_upload_mbps":2.7188310333333336,"delta_4g_upload_mbps":0.23575185000000065,"pct_4g_upload_upgrade":0.09494334759132528,"pre6_4g_latency_ms":78.339355,"post6_4g_latency_ms":65.73667900000001,"delta_4g_latency_ms":-12.602675999999988,"pct_4g_latency_improvement":0.1917145221163361,"pre6_4g_time_pct":89.530119,"post6_4g_time_pct":96.50532516666668,"delta_4g_time_pp":6.9752061666666805,"pre6_4g_packet_loss_pct":0.46068876333333336,"post6_4g_packet_loss_pct":0.5366721316666667,"delta_4g_packet_loss_pp":0.07598336833333336,"pct_4g_packet_loss_improvement":-0.14158247438219418,"composite_upgrade_score":0.0843069983429216,"pre6_4g_download_measurements":7838.833333333333,"post6_4g_download_measurements":6244.5,"last_yearmonth_available":202512},"geometry":{"type":"Polygon","coordinates":[[[-78.116052,-6.602723],[-78.105989,-6.644953],[-78.045193,-6.690805],[-78.014905,-6.831913],[-78.0793,-6.8567],[-78.120878,-6.823978],[-78.107592,-6.896128],[-78.166159,-6.892418],[-78.200394,-6.916693],[-78.21495,-6.78777],[-78.164001,-6.747662],[-78.150785,-6.657519],[-78.116052,-6.602723]]]}},{"type":"Feature","properties":{"ubigeo":"061301","department":"Cajamarca","province":"Santa Cruz","district":"Santa Cruz","has_shutdown_3g":true,"carrier":"MOVISTAR","breakpoint_yearmonth":202505,"months_pre":28,"months_post":8,"pre6_4g_download_mbps":9.362581333333333,"post6_4g_download_mbps":12.037116166666666,"delta_4g_download_mbps":2.6745348333333325,"pct_4g_download_upgrade":0.28566212010476866,"pre6_4g_upload_mbps":3.7123270500000003,"post6_4g_upload_mbps":2.97181795,"delta_4g_upload_mbps":-0.7405091000000001,"pct_4g_upload_upgrade":-0.19947302326178407,"pre6_4g_latency_ms":66.16909883333334,"post6_4g_latency_ms":64.5730085,"delta_4g_latency_ms":-1.5960903333333363,"pct_4g_latency_improvement":0.024717608338371555,"pre6_4g_time_pct":92.97416516666665,"post6_4g_time_pct":92.40039083333335,"delta_4g_time_pp":-0.5737743333333043,"pre6_4g_packet_loss_pct":0.5872529166666668,"post6_4g_packet_loss_pct":0.6559798616666667,"delta_4g_packet_loss_pp":0.06872694499999987,"pct_4g_packet_loss_improvement":-0.1047699007487568,"composite_upgrade_score":0.08442414009979494,"pre6_4g_download_measurements":17036.833333333332,"post6_4g_download_measurements":10108.833333333334,"last_yearmonth_available":202512},"geometry":{"type":"Polygon","coordinates":[[[-78.946498,-6.579584],[-78.90318,-6.58676],[-78.874699,-6.668478],[-78.934388,-6.658568],[-78.952648,-6.678144],[-79.01412,-6.64506],[-78.975721,-6.582874],[-78.946498,-6.579584]]]}},{"type":"Feature","properties":{"ubigeo":"070107","department":"Callao","province":"Callao","district":"Mi Peru","has_shutdown_3g":true,"carrier":"MOVISTAR","breakpoint_yearmonth":202512,"months_pre":35,"months_post":1,"pre6_4g_download_mbps":9.521810916666666,"post6_4g_download_mbps":10.112039,"delta_4g_download_mbps":0.5902280833333329,"pct_4g_download_upgrade":0.061986956945365934,"pre6_4g_upload_mbps":3.07923575,"post6_4g_upload_mbps":3.3781664,"delta_4g_upload_mbps":0.29893064999999996,"pct_4g_upload_upgrade":0.09707949448170705,"pre6_4g_latency_ms":58.161805166666674,"post6_4g_latency_ms":62.039745,"delta_4g_latency_ms":3.877939833333329,"pct_4g_latency_improvement":-0.062507346433054,"pre6_4g_time_pct":91.16407250000002,"post6_4g_time_pct":92.2423,"delta_4g_time_pp":1.0782274999999828,"pre6_4g_packet_loss_pct":0.6062528250000001,"post6_4g_packet_loss_pct":2.861944,"delta_4g_packet_loss_pp":2.255691175,"pct_4g_packet_loss_improvement":-0.7881674746256391,"composite_upgrade_score":-0.01406116213914305,"pre6_4g_download_measurements":14084.0,"post6_4g_download_measurements":11951.0,"last_yearmonth_available":202512},"geometry":{"type":"Polygon","coordinates":[[[-77.114499,-11.842267],[-77.12295,-11.865333],[-77.129785,-11.853525],[-77.114499,-11.842267]]]}},{"type":"Feature","properties":{"ubigeo":"080101","department":"Cusco","province":"Cusco","district":"Cusco","has_shutdown_3g":true,"carrier":"MOVISTAR","breakpoint_yearmonth":202509,"months_pre":32,"months_post":4,"pre6_4g_download_mbps":8.325551416666668,"post6_4g_download_mbps":11.111992,"delta_4g_download_mbps":2.7864405833333326,"pct_4g_download_upgrade":0.33468540927574386,"pre6_4g_upload_mbps":2.295560183333333,"post6_4g_upload_mbps":2.72296415,"delta_4g_upload_mbps":0.42740396666666713,"pct_4g_upload_upgrade":0.18618721903689894,"pre6_4g_latency_ms":70.67241916666667,"post6_4g_latency_ms":66.5508275,"delta_4g_latency_ms":-4.121591666666674,"pct_4g_latency_improvement":0.06193148637658452,"pre6_4g_time_pct":89.81116566666667,"post6_4g_time_pct":92.706673,"delta_4g_time_pp":2.8955073333333274,"pre6_4g_packet_loss_pct":1.3832194166666667,"post6_4g_packet_loss_pct":1.644160775,"delta_4g_packet_loss_pp":0.2609413583333333,"pct_4g_packet_loss_improvement":-0.1587079331297958,"composite_upgrade_score":0.17369298250348875,"pre6_4g_download_measurements":57674.0,"post6_4g_download_measurements":41740.0,"last_yearmonth_available":202512},"geometry":{"type":"Polygon","coordinates":[[[-71.979364,-13.43023],[-71.928613,-13.436946],[-71.924457,-13.459334],[-71.946686,-13.480156],[-71.941386,-13.527912],[-71.987634,-13.52261],[-72.023186,-13.565614],[-72.053034,-13.534843],[-72.005498,-13.516884],[-72.009116,-13.465246],[-71.979364,-13.43023]]]}},{"type":"Feature","properties":{"ubigeo":"080104","department":"Cusco","province":"Cusco","district":"San Jeronimo","has_shutdown_3g":true,"carrier":"MOVISTAR","breakpoint_yearmonth":202509,"months_pre":32,"months_post":4,"pre6_4g_download_mbps":8.762957766666666,"post6_4g_download_mbps":12.094321,"delta_4g_download_mbps":3.3313632333333345,"pct_4g_download_upgrade":0.38016424614135147,"pre6_4g_upload_mbps":2.7443106,"post6_4g_upload_mbps":3.4335372499999997,"delta_4g_upload_mbps":0.6892266499999997,"pct_4g_upload_upgrade":0.2511474648678613,"pre6_4g_latency_ms":68.06729583333335,"post6_4g_latency_ms":61.111084,"delta_4g_latency_ms":-6.956211833333349,"pct_4g_latency_improvement":0.11382897140776205,"pre6_4g_time_pct":94.28156833333333,"post6_4g_time_pct":95.9521185,"delta_4g_time_pp":1.670550166666672,"pre6_4g_packet_loss_pct":0.8094351966666666,"post6_4g_packet_loss_pct":0.9515020225,"delta_4g_packet_loss_pp":0.1420668258333334,"pct_4g_packet_loss_improvement":-0.14930795991380397,"composite_upgrade_score":0.21323548829297012,"pre6_4g_download_measurements":36490.833333333336,"post6_4g_download_measurements":30512.75,"last_yearmonth_available":202512},"geometry":{"type":"Polygon","coordinates":[[[-71.849172,-13.486733],[-71.8147,-13.505498],[-71.86173,-13.55314],[-71.819818,-13.607758],[-71.843159,-13.630795],[-71.905478,-13.599422],[-71.899744,-13.578655],[-71.91794,-13.57012],[-71.882949,-13.498097],[-71.849172,-13.486733]]]}},{"type":"Feature","properties":{"ubigeo":"080105","department":"Cusco","province":"Cusco","district":"San Sebastian","has_shutdown_3g":true,"carrier":"MOVISTAR","breakpoint_yearmonth":202509,"months_pre":32,"months_post":4,"pre6_4g_download_mbps":9.034160000000002,"post6_4g_download_mbps":10.869167999999998,"delta_4g_download_mbps":1.8350079999999966,"pct_4g_download_upgrade":0.20311882897801192,"pre6_4g_upload_mbps":2.6699845,"post6_4g_upload_mbps":2.87717885,"delta_4g_upload_mbps":0.20719434999999997,"pct_4g_upload_upgrade":0.07760133064442876,"pre6_4g_latency_ms":71.49519,"post6_4g_latency_ms":65.395422,"delta_4g_latency_ms":-6.099767999999997,"pct_4g_latency_improvement":0.09327515311392887,"pre6_4g_time_pct":89.00518266666667,"post6_4g_time_pct":93.1713625,"delta_4g_time_pp":4.166179833333331,"pre6_4g_packet_loss_pct":1.3384441166666667,"post6_4g_packet_loss_pct":1.529755925,"delta_4g_packet_loss_pp":0.19131180833333317,"pct_4g_packet_loss_improvement":-0.12506034799854304,"composite_upgrade_score":0.11620277181642415,"pre6_4g_download_measurements":32926.5,"post6_4g_download_measurements":22520.25,"last_yearmonth_available":202512},"geometry":{"type":"Polygon","coordinates":[[[-71.930419,-13.46831],[-71.882949,-13.498097],[-71.91731,-13.56005],[-71.899722,-13.579064],[-71.918001,-13.601935],[-71.968496,-13.560094],[-71.954438,-13.53757],[-71.919039,-13.537845],[-71.945838,-13.521078],[-71.946329,-13.478728],[-71.930419,-13.46831]]]}},{"type":"Feature","properties":{"ubigeo":"080106","department":"Cusco","province":"Cusco","district":"Santiago","has_shutdown_3g":true,"carrier":"MOVISTAR","breakpoint_yearmonth":202509,"months_pre":32,"months_post":4,"pre6_4g_download_mbps":7.7028014833333325,"post6_4g_download_mbps":10.042054,"delta_4g_download_mbps":2.339252516666668,"pct_4g_download_upgrade":0.3036885374403253,"pre6_4g_upload_mbps":2.541858116666667,"post6_4g_upload_mbps":2.48012585,"delta_4g_upload_mbps":-0.06173226666666709,"pct_4g_upload_upgrade":-0.024286275564279425,"pre6_4g_latency_ms":69.79992499999999,"post6_4g_latency_ms":65.7118625,"delta_4g_latency_ms":-4.088062499999992,"pct_4g_latency_improvement":0.062211940804447474,"pre6_4g_time_pct":90.55000683333333,"post6_4g_time_pct":94.2083515,"delta_4g_time_pp":3.658344666666679,"pre6_4g_packet_loss_pct":0.9632640816666665,"post6_4g_packet_loss_pct":1.1888600325,"delta_4g_packet_loss_pp":0.2255959508333335,"pct_4g_packet_loss_improvement":-0.1897582092644985,"composite_upgrade_score":0.12938506537937516,"pre6_4g_download_measurements":45814.666666666664,"post6_4g_download_measurements":34313.75,"last_yearmonth_available":202512},"geometry":{"type":"Polygon","coordinates":[[[-71.986529,-13.522584],[-71.954438,-13.53757],[-71.968172,-13.563157],[-71.922723,-13.600954],[-71.928403,-13.615437],[-71.983032,-13.610424],[-72.010943,-13.590037],[-72.021644,-13.553578],[-71.986529,-13.522584]]]}},{"type":"Feature","properties":{"ubigeo":"080108","department":"Cusco","province":"Cusco","district":"Wanchaq","has_shutdown_3g":true,"carrier":"MOVISTAR","breakpoint_yearmonth":202509,"months_pre":32,"months_post":4,"pre6_4g_download_mbps":9.495076833333332,"post6_4g_download_mbps":11.852015250000001,"delta_4g_download_mbps":2.3569384166666687,"pct_4g_download_upgrade":0.24822741911812884,"pre6_4g_upload_mbps":2.5184751999999997,"post6_4g_upload_mbps":3.021970925,"delta_4g_upload_mbps":0.5034957250000005,"pct_4g_upload_upgrade":0.19992085885936084,"pre6_4g_latency_ms":69.54679750000001,"post6_4g_latency_ms":65.74012075,"delta_4g_latency_ms":-3.8066767500000083,"pct_4g_latency_improvement":0.05790492482476939,"pre6_4g_time_pct":93.02603833333335,"post6_4g_time_pct":94.5377175,"delta_4g_time_pp":1.511679166666653,"pre6_4g_packet_loss_pct":1.2037879833333334,"post6_4g_packet_loss_pct":1.1287060100000001,"delta_4g_packet_loss_pp":-0.07508197333333322,"pct_4g_packet_loss_improvement":0.06652039828629364,"composite_upgrade_score":0.14934886634666267,"pre6_4g_download_measurements":44226.0,"post6_4g_download_measurements":37910.0,"last_yearmonth_available":202512},"geometry":{"type":"Polygon","coordinates":[[[-71.973369,-13.519818],[-71.919039,-13.537845],[-71.959597,-13.537073],[-71.973369,-13.519818]]]}},{"type":"Feature","properties":{"ubigeo":"080205","department":"Cusco","province":"Acomayo","district":"Pomacanchi","has_shutdown_3g":true,"carrier":"MOVISTAR","breakpoint_yearmonth":202512,"months_pre":35,"months_post":1,"pre6_4g_download_mbps":5.2798421,"post6_4g_download_mbps":0.0,"delta_4g_download_mbps":-5.2798421,"pct_4g_download_upgrade":-1.0,"pre6_4g_upload_mbps":0.0,"post6_4g_upload_mbps":0.0,"delta_4g_upload_mbps":0.0,"pct_4g_upload_upgrade":null,"pre6_4g_latency_ms":51.225075000000004,"post6_4g_latency_ms":0.0,"delta_4g_latency_ms":-51.225075000000004,"pct_4g_latency_improvement":null,"pre6_4g_time_pct":51.822061999999995,"post6_4g_time_pct":96.29607,"delta_4g_time_pp":44.474008000000005,"pre6_4g_packet_loss_pct":0.27736736333333334,"post6_4g_packet_loss_pct":0.22727273,"delta_4g_packet_loss_pp":-0.05009463333333333,"pct_4g_packet_loss_improvement":0.22041638402166996,"composite_upgrade_score":-0.5371136146648609,"pre6_4g_download_measurements":401.3333333333333,"post6_4g_download_measurements":0.0,"last_yearmonth_available":202512},"geometry":{"type":"Polygon","coordinates":[[[-71.61305,-13.9499],[-71.58092,-13.964023],[-71.586535,-13.982828],[-71.56568,-13.98294],[-71.52736,-14.058642],[-71.528016,-14.084545],[-71.58429,-14.101823],[-71.6071,-14.1543],[-71.69945,-14.1166],[-71.72397,-14.02847],[-71.67106,-14.032017],[-71.655182,-13.983248],[-71.61305,-13.9499]]]}},{"type":"Feature","properties":{"ubigeo":"080902","department":"Cusco","province":"La Convencion","district":"Echarate","has_shutdown_3g":true,"carrier":"MOVISTAR","breakpoint_yearmonth":202512,"months_pre":35,"months_post":1,"pre6_4g_download_mbps":10.147519833333332,"post6_4g_download_mbps":12.22434,"delta_4g_download_mbps":2.0768201666666677,"pct_4g_download_upgrade":0.20466283395126506,"pre6_4g_upload_mbps":1.61419645,"post6_4g_upload_mbps":2.4436553,"delta_4g_upload_mbps":0.8294588500000002,"pct_4g_upload_upgrade":0.5138524805949116,"pre6_4g_latency_ms":76.49237083333333,"post6_4g_latency_ms":69.46358,"delta_4g_latency_ms":-7.028790833333332,"pct_4g_latency_improvement":0.1011867058008431,"pre6_4g_time_pct":62.371990333333336,"post6_4g_time_pct":74.72538,"delta_4g_time_pp":12.353389666666665,"pre6_4g_packet_loss_pct":1.7146371333333332,"post6_4g_packet_loss_pct":1.8170805,"delta_4g_packet_loss_pp":0.10244336666666687,"pct_4g_packet_loss_improvement":-0.05637800123146275,"composite_upgrade_score":0.1999508665583804,"pre6_4g_download_measurements":6262.833333333333,"post6_4g_download_measurements":4920.0,"last_yearmonth_available":202512},"geometry":{"type":"Polygon","coordinates":[[[-73.485227,-11.534835],[-73.442179,-11.565407],[-73.429132,-11.621069],[-73.38097,-11.66564],[-73.394571,-11.72409],[-73.358142,-11.748281],[-73.344845,-11.808185],[-73.354621,-11.846129],[-73.319735,-11.876629],[-73.333893,-11.957389],[-73.287853,-11.966224],[-73.289404,-12.009214],[-73.266052,-12.036335],[-73.273827,-12.055398],[-73.2506,-12.075449],[-73.249924,-12.106551],[-73.209853,-12.138343],[-73.218275,-12.169489],[-73.205617,-12.210923],[-73.091137,-12.203794],[-73.081596,-12.154583],[-73.057521,-12.146093],[-73.037196,-12.148568],[-73.048272,-12.174581],[-73.012131,-12.239154],[-72.98826,-12.228817],[-72.957579,-12.250949],[-72.916164,-12.222672],[-72.781481,-12.241733],[-72.695502,-12.232896],[-72.628081,-12.20184],[-72.54605,-12.213981],[-72.534093,-12.185867],[-72.476012,-12.198709],[-72.34589,-12.105672],[-72.290571,-12.098825],[-72.280134,-12.056136],[-72.173733,-12.05981],[-72.093922,-12.085865],[-72.087559,-12.14269],[-72.105611,-12.238793],[-72.043359,-12.254884],[-72.024321,-12.290761],[-71.951598,-12.323413],[-71.970571,-12.358973],[-71.964719,-12.382233],[-71.976647,-12.399454],[-72.047529,-12.423007],[-72.073632,-12.49374],[-72.102242,-12.497916],[-72.114405,-12.474167],[-72.206702,-12.419619],[-72.225738,-12.430958],[-72.282398,-12.396992],[-72.403352,-12.381753],[-72.486366,-12.351917],[-72.566313,-12.356967],[-72.615829,-12.326319],[-72.654864,-12.340997],[-72.692789,-12.327542],[-72.759619,-12.335969],[-72.76577,-12.41508],[-72.71114,-12.46358],[-72.70706,-12.52047],[-72.68227,-12.55448],[-72.68297,-12.58551],[-72.7232,-12.57617],[-72.733462,-12.593823],[-72.703169,-12.600349],[-72.694657,-12.621953],[-72.657253,-12.624727],[-72.635241,-12.653928],[-72.578432,-12.655728],[-72.523817,-12.628551],[-72.473713,-12.680312],[-72.443982,-12.68984],[-72.431082,-12.716895],[-72.457903,-12.794126],[-72.505486,-12.817409],[-72.495679,-12.831393],[-72.51029,-12.868698],[-72.550713,-12.914072],[-72.565387,-12.918871],[-72.589263,-12.891671],[-72.624339,-12.898587],[-72.636807,-12.857234],[-72.624747,-12.794789],[-72.651505,-12.777997],[-72.664757,-12.733116],[-72.735234,-12.810274],[-72.763336,-12.804633],[-72.821181,-12.828086],[-72.817558,-12.862376],[-72.839677,-12.873965],[-72.864224,-12.924802],[-72.861386,-12.97687],[-72.989046,-13.014502],[-73.000373,-12.990493],[-72.979354,-12.964546],[-72.984182,-12.932673],[-72.966572,-12.89616],[-73.059546,-12.822951],[-73.06295,-12.67085],[-73.081858,-12.658888],[-73.099451,-12.674803],[-73.114114,-12.667172],[-73.089737,-12.573725],[-73.130568,-12.541174],[-73.117433,-12.511907],[-73.131924,-12.481212],[-73.21589,-12.46328],[-73.23947,-12.43844],[-73.21416,-12.38137],[-73.268884,-12.292156],[-73.337755,-12.284618],[-73.409028,-12.233378],[-73.470068,-12.237039],[-73.441412,-12.15405],[-73.364833,-12.137597],[-73.355267,-12.112215],[-73.401015,-12.090834],[-73.397885,-12.020943],[-73.435507,-11.996725],[-73.44157,-11.941253],[-73.490532,-11.87817],[-73.577505,-11.836485],[-73.571937,-11.742627],[-73.61261,-11.676337],[-73.582032,-11.615576],[-73.501221,-11.562253],[-73.485227,-11.534835]]]}},{"type":"Feature","properties":{"ubigeo":"090701","department":"Huancavelica","province":"Tayacaja","district":"Pampas","has_shutdown_3g":true,"carrier":"MOVISTAR","breakpoint_yearmonth":202512,"months_pre":35,"months_post":1,"pre6_4g_download_mbps":13.476042999999999,"post6_4g_download_mbps":12.633092,"delta_4g_download_mbps":-0.8429509999999993,"pct_4g_download_upgrade":-0.06255181880912664,"pre6_4g_upload_mbps":4.020039266666667,"post6_4g_upload_mbps":0.0,"delta_4g_upload_mbps":-4.020039266666667,"pct_4g_upload_upgrade":-1.0,"pre6_4g_latency_ms":57.2443395,"post6_4g_latency_ms":51.686016,"delta_4g_latency_ms":-5.5583235,"pct_4g_latency_improvement":0.10754018069413585,"pre6_4g_time_pct":93.96943666666665,"post6_4g_time_pct":92.174355,"delta_4g_time_pp":-1.795081666666647,"pre6_4g_packet_loss_pct":0.7806350966666668,"post6_4g_packet_loss_pct":0.7407407,"delta_4g_packet_loss_pp":-0.03989439666666672,"pct_4g_packet_loss_improvement":0.05385743846215929,"composite_upgrade_score":-0.1481354329270087,"pre6_4g_download_measurements":11888.166666666666,"post6_4g_download_measurements":2602.0,"last_yearmonth_available":202512},"geometry":{"type":"Polygon","coordinates":[[[-74.85688,-12.35182],[-74.877395,-12.374663],[-74.80288,-12.46966],[-74.86582,-12.52371],[-74.882372,-12.471153],[-74.866499,-12.427496],[-74.890289,-12.353068],[-74.85688,-12.35182]]]}},{"type":"Feature","properties":{"ubigeo":"110101","department":"Ica","province":"Ica","district":"Ica","has_shutdown_3g":true,"carrier":"MOVISTAR","breakpoint_yearmonth":202510,"months_pre":33,"months_post":3,"pre6_4g_download_mbps":10.621536166666667,"post6_4g_download_mbps":11.5324265,"delta_4g_download_mbps":0.9108903333333327,"pct_4g_download_upgrade":0.08575881294759968,"pre6_4g_upload_mbps":2.695556033333333,"post6_4g_upload_mbps":2.629066866666667,"delta_4g_upload_mbps":-0.06648916666666604,"pct_4g_upload_upgrade":-0.024666215743415765,"pre6_4g_latency_ms":56.27145466666666,"post6_4g_latency_ms":50.931794000000004,"delta_4g_latency_ms":-5.33966066666666,"pct_4g_latency_improvement":0.10483943814479924,"pre6_4g_time_pct":95.65063833333333,"post6_4g_time_pct":96.70546133333335,"delta_4g_time_pp":1.0548230000000132,"pre6_4g_packet_loss_pct":0.44377301500000005,"post6_4g_packet_loss_pct":0.4487002266666667,"delta_4g_packet_loss_pp":0.004927211666666653,"pct_4g_packet_loss_improvement":-0.010981076838918136,"composite_upgrade_score":0.05784663301178143,"pre6_4g_download_measurements":167412.16666666666,"post6_4g_download_measurements":158147.0,"last_yearmonth_available":202512},"geometry":{"type":"Polygon","coordinates":[[[-75.738534,-14.036157],[-75.71726,-14.08282],[-75.728963,-14.163121],[-75.746613,-14.190549],[-75.764672,-14.180611],[-75.794678,-14.234705],[-75.809463,-14.223391],[-75.84706,-14.245609],[-75.865791,-14.295467],[-75.902627,-14.318564],[-75.891303,-14.336453],[-75.908805,-14.38564],[-75.966451,-14.490059],[-75.977088,-14.464842],[-76.036678,-14.426055],[-76.003838,-14.391775],[-75.984131,-14.299652],[-76.038969,-14.272893],[-76.072328,-14.229041],[-76.021836,-14.124514],[-76.02658,-14.108203],[-75.982455,-14.117346],[-75.949451,-14.102332],[-75.92099,-14.064301],[-75.825926,-14.0706],[-75.738534,-14.036157]]]}},{"type":"Feature","properties":{"ubigeo":"110102","department":"Ica","province":"Ica","district":"La Tinguiña","has_shutdown_3g":true,"carrier":"MOVISTAR","breakpoint_yearmonth":202508,"months_pre":31,"months_post":5,"pre6_4g_download_mbps":8.526984916666665,"post6_4g_download_mbps":10.7127714,"delta_4g_download_mbps":2.1857864833333345,"pct_4g_download_upgrade":0.2563375571429758,"pre6_4g_upload_mbps":3.491464433333333,"post6_4g_upload_mbps":2.84671294,"delta_4g_upload_mbps":-0.6447514933333327,"pct_4g_upload_upgrade":-0.1846650612212546,"pre6_4g_latency_ms":58.12345833333333,"post6_4g_latency_ms":51.772997,"delta_4g_latency_ms":-6.350461333333335,"pct_4g_latency_improvement":0.12265972034289097,"pre6_4g_time_pct":95.85774683333334,"post6_4g_time_pct":96.9318148,"delta_4g_time_pp":1.0740679666666608,"pre6_4g_packet_loss_pct":0.7338786933333333,"post6_4g_packet_loss_pct":0.57474574,"delta_4g_packet_loss_pp":-0.15913295333333333,"pct_4g_packet_loss_improvement":0.2768753942105484,"composite_upgrade_score":0.12095506542025229,"pre6_4g_download_measurements":18645.166666666668,"post6_4g_download_measurements":21467.2,"last_yearmonth_available":202512},"geometry":{"type":"Polygon","coordinates":[[[-75.600777,-13.969254],[-75.65003,-14.01989],[-75.614055,-14.029467],[-75.61425,-14.044098],[-75.692834,-14.036402],[-75.727671,-14.051893],[-75.722303,-13.970794],[-75.682535,-13.995783],[-75.668885,-13.976504],[-75.600777,-13.969254]]]}},{"type":"Feature","properties":{"ubigeo":"110106","department":"Ica","province":"Ica","district":"Parcona","has_shutdown_3g":true,"carrier":"MOVISTAR","breakpoint_yearmonth":202510,"months_pre":33,"months_post":3,"pre6_4g_download_mbps":9.188868666666666,"post6_4g_download_mbps":10.411996,"delta_4g_download_mbps":1.2231273333333341,"pct_4g_download_upgrade":0.13310967625104086,"pre6_4g_upload_mbps":3.390426533333333,"post6_4g_upload_mbps":3.226943666666667,"delta_4g_upload_mbps":-0.16348286666666612,"pct_4g_upload_upgrade":-0.048218967454202954,"pre6_4g_latency_ms":61.162147499999996,"post6_4g_latency_ms":54.74865466666666,"delta_4g_latency_ms":-6.413492833333336,"pct_4g_latency_improvement":0.11714430011808386,"pre6_4g_time_pct":96.03978433333334,"post6_4g_time_pct":97.70328666666667,"delta_4g_time_pp":1.6635023333333265,"pre6_4g_packet_loss_pct":0.45847162,"post6_4g_packet_loss_pct":0.44838306,"delta_4g_packet_loss_pp":-0.010088560000000024,"pct_4g_packet_loss_improvement":0.022499868750617047,"composite_upgrade_score":0.07891734734933771,"pre6_4g_download_measurements":32609.666666666668,"post6_4g_download_measurements":30390.333333333332,"last_yearmonth_available":202512},"geometry":{"type":"Polygon","coordinates":[[[-75.689891,-14.036846],[-75.67458,-14.046051],[-75.679277,-14.070193],[-75.717404,-14.076877],[-75.727671,-14.051893],[-75.689891,-14.036846]]]}},{"type":"Feature","properties":{"ubigeo":"110112","department":"Ica","province":"Ica","district":"Subtanjalla","has_shutdown_3g":true,"carrier":"MOVISTAR","breakpoint_yearmonth":202507,"months_pre":30,"months_post":6,"pre6_4g_download_mbps":8.429923066666667,"post6_4g_download_mbps":11.484229083333334,"delta_4g_download_mbps":3.0543060166666667,"pct_4g_download_upgrade":0.36231718753684783,"pre6_4g_upload_mbps":3.1199703166666666,"post6_4g_upload_mbps":2.8752662333333334,"delta_4g_upload_mbps":-0.24470408333333316,"pct_4g_upload_upgrade":-0.07843154212914805,"pre6_4g_latency_ms":59.40997099999999,"post6_4g_latency_ms":53.32847666666667,"delta_4g_latency_ms":-6.081494333333325,"pct_4g_latency_improvement":0.11403840337210691,"pre6_4g_time_pct":88.67585883333334,"post6_4g_time_pct":91.4686875,"delta_4g_time_pp":2.792828666666665,"pre6_4g_packet_loss_pct":0.7101478,"post6_4g_packet_loss_pct":0.6290980883333334,"delta_4g_packet_loss_pp":-0.08104971166666664,"pct_4g_packet_loss_improvement":0.12883477659484122,"composite_upgrade_score":0.1723027263681357,"pre6_4g_download_measurements":12683.0,"post6_4g_download_measurements":10392.666666666666,"last_yearmonth_available":202512},"geometry":{"type":"Polygon","coordinates":[[[-75.758183,-14.00752],[-75.739209,-14.035037],[-75.756271,-14.047522],[-75.875742,-14.075648],[-75.918434,-14.063615],[-75.982455,-14.117346],[-76.026336,-14.107897],[-75.986397,-14.073355],[-76.003129,-14.030867],[-75.965902,-14.013508],[-75.758183,-14.00752]]]}},{"type":"Feature","properties":{"ubigeo":"110201","department":"Ica","province":"Chincha","district":"Chincha Alta","has_shutdown_3g":true,"carrier":"MOVISTAR","breakpoint_yearmonth":202406,"months_pre":17,"months_post":19,"pre6_4g_download_mbps":11.399142,"post6_4g_download_mbps":12.084174666666664,"delta_4g_download_mbps":0.6850326666666646,"pct_4g_download_upgrade":0.060095107742904164,"pre6_4g_upload_mbps":2.9960883000000003,"post6_4g_upload_mbps":3.928726483333333,"delta_4g_upload_mbps":0.9326381833333328,"pct_4g_upload_upgrade":0.3112852793201497,"pre6_4g_latency_ms":74.92816066666667,"post6_4g_latency_ms":84.25996666666667,"delta_4g_latency_ms":9.331806,"pct_4g_latency_improvement":-0.11075017436117351,"pre6_4g_time_pct":96.24883266666666,"post6_4g_time_pct":98.206494,"delta_4g_time_pp":1.9576613333333484,"pre6_4g_packet_loss_pct":0.556994215,"post6_4g_packet_loss_pct":0.4282286833333333,"delta_4g_packet_loss_pp":-0.1287655316666667,"pct_4g_packet_loss_improvement":0.30069338341457064,"composite_upgrade_score":0.06101445257561929,"pre6_4g_download_measurements":111478.0,"post6_4g_download_measurements":111747.66666666667,"last_yearmonth_available":202512},"geometry":{"type":"Polygon","coordinates":[[[-75.980756,-13.213256],[-75.978551,-13.250336],[-75.946641,-13.27841],[-75.959383,-13.333516],[-76.033865,-13.37576],[-76.099717,-13.437105],[-76.14065,-13.440141],[-76.139902,-13.404557],[-76.121426,-13.40834],[-76.063994,-13.328061],[-76.084459,-13.298269],[-76.067922,-13.261109],[-75.980756,-13.213256]]]}},{"type":"Feature","properties":{"ubigeo":"110202","department":"Ica","province":"Chincha","district":"Alto Laran","has_shutdown_3g":true,"carrier":"MOVISTAR","breakpoint_yearmonth":202406,"months_pre":17,"months_post":19,"pre6_4g_download_mbps":10.021989833333334,"post6_4g_download_mbps":11.224286333333334,"delta_4g_download_mbps":1.2022964999999992,"pct_4g_download_upgrade":0.11996584710165425,"pre6_4g_upload_mbps":2.8874786666666665,"post6_4g_upload_mbps":3.2611276,"delta_4g_upload_mbps":0.3736489333333335,"pct_4g_upload_upgrade":0.12940318404661233,"pre6_4g_latency_ms":77.04205666666667,"post6_4g_latency_ms":86.58834516666667,"delta_4g_latency_ms":9.546288500000003,"pct_4g_latency_improvement":-0.11024911587841468,"pre6_4g_time_pct":89.82243483333333,"post6_4g_time_pct":93.76296166666667,"delta_4g_time_pp":3.9405268333333368,"pre6_4g_packet_loss_pct":0.6828441550000001,"post6_4g_packet_loss_pct":0.5040164450000001,"delta_4g_packet_loss_pp":-0.17882770999999997,"pct_4g_packet_loss_improvement":0.35480530798950416,"composite_upgrade_score":0.0634855931275251,"pre6_4g_download_measurements":16628.5,"post6_4g_download_measurements":19839.666666666668,"last_yearmonth_available":202512},"geometry":{"type":"Polygon","coordinates":[[[-75.863057,-13.257596],[-75.810211,-13.335049],[-75.782611,-13.331657],[-75.806801,-13.400806],[-75.83394,-13.39751],[-75.867935,-13.426014],[-75.960193,-13.421232],[-75.9981,-13.45664],[-76.07692,-13.47902],[-76.097582,-13.464344],[-76.136988,-13.466674],[-76.135732,-13.442346],[-76.063949,-13.412822],[-76.033865,-13.37576],[-75.978914,-13.352303],[-75.961611,-13.319186],[-75.92037,-13.32343],[-75.863057,-13.257596]]]}},{"type":"Feature","properties":{"ubigeo":"110204","department":"Ica","province":"Chincha","district":"Chincha Baja","has_shutdown_3g":true,"carrier":"MOVISTAR","breakpoint_yearmonth":202406,"months_pre":17,"months_post":19,"pre6_4g_download_mbps":10.00908875,"post6_4g_download_mbps":10.992088333333333,"delta_4g_download_mbps":0.9829995833333331,"pct_4g_download_upgrade":0.09821069708601926,"pre6_4g_upload_mbps":3.64915555,"post6_4g_upload_mbps":3.4261737166666664,"delta_4g_upload_mbps":-0.22298183333333377,"pct_4g_upload_upgrade":-0.0611050502720647,"pre6_4g_latency_ms":78.14256833333333,"post6_4g_latency_ms":87.75346250000001,"delta_4g_latency_ms":9.610894166666682,"pct_4g_latency_improvement":-0.10952153787284102,"pre6_4g_time_pct":88.86446083333334,"post6_4g_time_pct":92.6710115,"delta_4g_time_pp":3.8065506666666664,"pre6_4g_packet_loss_pct":1.0236023516666666,"post6_4g_packet_loss_pct":0.8099837833333333,"delta_4g_packet_loss_pp":-0.21361856833333326,"pct_4g_packet_loss_improvement":0.2637319076367515,"composite_upgrade_score":0.021634558207225322,"pre6_4g_download_measurements":11855.666666666666,"post6_4g_download_measurements":18475.5,"last_yearmonth_available":202512},"geometry":{"type":"Polygon","coordinates":[[[-76.17458,-13.463252],[-76.170494,-13.445881],[-76.146303,-13.437457],[-76.136988,-13.466674],[-76.086205,-13.468215],[-76.08311,-13.47913],[-76.13546,-13.49639],[-76.133365,-13.549672],[-76.186928,-13.553537],[-76.17458,-13.463252]]]}},{"type":"Feature","properties":{"ubigeo":"110205","department":"Ica","province":"Chincha","district":"El Carmen","has_shutdown_3g":true,"carrier":"MOVISTAR","breakpoint_yearmonth":202406,"months_pre":17,"months_post":19,"pre6_4g_download_mbps":11.546361166666665,"post6_4g_download_mbps":13.168057750000001,"delta_4g_download_mbps":1.6216965833333354,"pct_4g_download_upgrade":0.1404508797122188,"pre6_4g_upload_mbps":2.575787116666667,"post6_4g_upload_mbps":2.0534870166666668,"delta_4g_upload_mbps":-0.5223001000000003,"pct_4g_upload_upgrade":-0.20277300737333848,"pre6_4g_latency_ms":75.20956249999999,"post6_4g_latency_ms":87.477661,"delta_4g_latency_ms":12.268098500000008,"pct_4g_latency_improvement":-0.14024264434779532,"pre6_4g_time_pct":90.31981750000001,"post6_4g_time_pct":85.44532499999998,"delta_4g_time_pp":-4.874492500000031,"pre6_4g_packet_loss_pct":0.6022219766666667,"post6_4g_packet_loss_pct":0.45825439166666665,"delta_4g_packet_loss_pp":-0.143967585,"pct_4g_packet_loss_improvement":0.3141652052179824,"composite_upgrade_score":-0.0008997387971629986,"pre6_4g_download_measurements":15230.333333333334,"post6_4g_download_measurements":11170.5,"last_yearmonth_available":202512},"geometry":{"type":"Polygon","coordinates":[[[-75.83278,-13.39781],[-75.762523,-13.413766],[-75.74052,-13.405246],[-75.689281,-13.43967],[-75.70751,-13.471787],[-75.756191,-13.50123],[-75.773178,-13.555934],[-75.813555,-13.578182],[-75.81565,-13.620564],[-75.889057,-13.612594],[-75.934881,-13.631447],[-76.006668,-13.560971],[-76.049746,-13.576939],[-76.087469,-13.564084],[-76.191832,-13.593776],[-76.186928,-13.553537],[-76.133365,-13.549672],[-76.13546,-13.49639],[-76.01723,-13.46514],[-75.960193,-13.421232],[-75.866869,-13.425857],[-75.83278,-13.39781]]]}},{"type":"Feature","properties":{"ubigeo":"110207","department":"Ica","province":"Chincha","district":"Pueblo Nuevo","has_shutdown_3g":true,"carrier":"MOVISTAR","breakpoint_yearmonth":202406,"months_pre":17,"months_post":19,"pre6_4g_download_mbps":10.356843666666668,"post6_4g_download_mbps":10.706406999999999,"delta_4g_download_mbps":0.34956333333333056,"pct_4g_download_upgrade":0.0337519175324037,"pre6_4g_upload_mbps":3.3656810000000004,"post6_4g_upload_mbps":3.6328552166666666,"delta_4g_upload_mbps":0.2671742166666662,"pct_4g_upload_upgrade":0.07938191904303049,"pre6_4g_latency_ms":75.47131766666666,"post6_4g_latency_ms":84.54475749999999,"delta_4g_latency_ms":9.073439833333325,"pct_4g_latency_improvement":-0.10732114091560707,"pre6_4g_time_pct":95.66406899999998,"post6_4g_time_pct":97.00724266666667,"delta_4g_time_pp":1.3431736666666865,"pre6_4g_packet_loss_pct":0.53864829,"post6_4g_packet_loss_pct":0.432815565,"delta_4g_packet_loss_pp":-0.10583272500000002,"pct_4g_packet_loss_improvement":0.2445215319370504,"composite_upgrade_score":0.012818606737366836,"pre6_4g_download_measurements":54922.833333333336,"post6_4g_download_measurements":43425.333333333336,"last_yearmonth_available":202512},"geometry":{"type":"Polygon","coordinates":[[[-76.083109,-13.138798],[-76.063826,-13.14235],[-76.049961,-13.179129],[-76.020246,-13.174182],[-76.01926,-13.19612],[-75.995338,-13.215803],[-76.067922,-13.261109],[-76.084459,-13.298269],[-76.063994,-13.328061],[-76.12658,-13.412113],[-76.15481,-13.39393],[-76.130502,-13.377206],[-76.148211,-13.34525],[-76.13433,-13.29626],[-76.100277,-13.273516],[-76.142594,-13.228303],[-76.140209,-13.203883],[-76.083109,-13.138798]]]}},{"type":"Feature","properties":{"ubigeo":"110210","department":"Ica","province":"Chincha","district":"Sunampe","has_shutdown_3g":true,"carrier":"MOVISTAR","breakpoint_yearmonth":202405,"months_pre":16,"months_post":20,"pre6_4g_download_mbps":11.976406666666668,"post6_4g_download_mbps":12.109427666666667,"delta_4g_download_mbps":0.1330209999999994,"pct_4g_download_upgrade":0.011106920773676698,"pre6_4g_upload_mbps":3.6512733,"post6_4g_upload_mbps":3.7206608333333335,"delta_4g_upload_mbps":0.06938753333333336,"pct_4g_upload_upgrade":0.01900365369344814,"pre6_4g_latency_ms":72.27534100000001,"post6_4g_latency_ms":83.06518799999999,"delta_4g_latency_ms":10.78984699999998,"pct_4g_latency_improvement":-0.12989613651389054,"pre6_4g_time_pct":95.82054333333332,"post6_4g_time_pct":97.65925016666667,"delta_4g_time_pp":1.8387068333333474,"pre6_4g_packet_loss_pct":0.5491254133333334,"post6_4g_packet_loss_pct":0.34092944499999994,"delta_4g_packet_loss_pp":-0.20819596833333348,"pct_4g_packet_loss_improvement":0.6106717134195714,"composite_upgrade_score":0.008110928155993858,"pre6_4g_download_measurements":47746.0,"post6_4g_download_measurements":40675.166666666664,"last_yearmonth_available":202512},"geometry":{"type":"Polygon","coordinates":[[[-76.168617,-13.409248],[-76.134906,-13.424033],[-76.141574,-13.440867],[-76.177971,-13.450764],[-76.188289,-13.413072],[-76.168617,-13.409248]]]}},{"type":"Feature","properties":{"ubigeo":"120101","department":"Junin","province":"Huancayo","district":"Huancayo","has_shutdown_3g":true,"carrier":"MOVISTAR","breakpoint_yearmonth":202501,"months_pre":24,"months_post":12,"pre6_4g_download_mbps":8.915837833333333,"post6_4g_download_mbps":10.321927666666667,"delta_4g_download_mbps":1.4060898333333345,"pct_4g_download_upgrade":0.15770697713639836,"pre6_4g_upload_mbps":3.0452356333333337,"post6_4g_upload_mbps":3.119348783333333,"delta_4g_upload_mbps":0.07411314999999918,"pct_4g_upload_upgrade":0.02433741060585004,"pre6_4g_latency_ms":68.731129,"post6_4g_latency_ms":57.21983216666667,"delta_4g_latency_ms":-11.511296833333326,"pct_4g_latency_improvement":0.2011766969152211,"pre6_4g_time_pct":95.62662166666667,"post6_4g_time_pct":96.79002166666668,"delta_4g_time_pp":1.16340000000001,"pre6_4g_packet_loss_pct":0.6619327733333333,"post6_4g_packet_loss_pct":0.4274653400000001,"delta_4g_packet_loss_pp":-0.23446743333333325,"pct_4g_packet_loss_improvement":0.5485063030685322,"composite_upgrade_score":0.14619799182766877,"pre6_4g_download_measurements":192784.0,"post6_4g_download_measurements":170906.5,"last_yearmonth_available":202512},"geometry":{"type":"Polygon","coordinates":[[[-75.063276,-11.901374],[-75.011068,-11.921005],[-74.955195,-11.976501],[-74.958407,-12.022276],[-75.047542,-11.998559],[-75.085536,-12.056687],[-75.15047,-12.04897],[-75.23222,-12.087655],[-75.236157,-12.06957],[-75.21379,-12.06687],[-75.18556,-12.01494],[-75.12978,-12.01019],[-75.08554,-11.97563],[-75.09559,-11.92336],[-75.063276,-11.901374]]]}},{"type":"Feature","properties":{"ubigeo":"120107","department":"Junin","province":"Huancayo","district":"Chilca","has_shutdown_3g":true,"carrier":"MOVISTAR","breakpoint_yearmonth":202501,"months_pre":24,"months_post":12,"pre6_4g_download_mbps":7.4819576,"post6_4g_download_mbps":8.4890329,"delta_4g_download_mbps":1.0070752999999995,"pct_4g_download_upgrade":0.13460050882940044,"pre6_4g_upload_mbps":2.8400245833333333,"post6_4g_upload_mbps":2.986250216666667,"delta_4g_upload_mbps":0.1462256333333336,"pct_4g_upload_upgrade":0.05148745338031846,"pre6_4g_latency_ms":71.00034566666666,"post6_4g_latency_ms":60.41371066666667,"delta_4g_latency_ms":-10.586634999999994,"pct_4g_latency_improvement":0.17523563580479062,"pre6_4g_time_pct":90.913341,"post6_4g_time_pct":94.58410833333333,"delta_4g_time_pp":3.6707673333333304,"pre6_4g_packet_loss_pct":1.0079748566666666,"post6_4g_packet_loss_pct":0.7325571883333333,"delta_4g_packet_loss_pp":-0.27541766833333337,"pct_4g_packet_loss_improvement":0.37596746400092784,"composite_upgrade_score":0.129676754690052,"pre6_4g_download_measurements":60643.833333333336,"post6_4g_download_measurements":60314.0,"last_yearmonth_available":202512},"geometry":{"type":"Polygon","coordinates":[[[-75.126355,-12.047921],[-75.185942,-12.108123],[-75.195837,-12.091958],[-75.233339,-12.100758],[-75.22532,-12.08389],[-75.126355,-12.047921]]]}},{"type":"Feature","properties":{"ubigeo":"120114","department":"Junin","province":"Huancayo","district":"El Tambo","has_shutdown_3g":true,"carrier":"MOVISTAR","breakpoint_yearmonth":202501,"months_pre":24,"months_post":12,"pre6_4g_download_mbps":9.784827083333333,"post6_4g_download_mbps":10.857101833333333,"delta_4g_download_mbps":1.07227475,"pct_4g_download_upgrade":0.1095854572459869,"pre6_4g_upload_mbps":3.091411566666667,"post6_4g_upload_mbps":3.070485533333333,"delta_4g_upload_mbps":-0.02092603333333365,"pct_4g_upload_upgrade":-0.006769086833655513,"pre6_4g_latency_ms":68.1697405,"post6_4g_latency_ms":57.284059500000005,"delta_4g_latency_ms":-10.885680999999998,"pct_4g_latency_improvement":0.1900298459120202,"pre6_4g_time_pct":95.1164015,"post6_4g_time_pct":96.305895,"delta_4g_time_pp":1.1894935000000117,"pre6_4g_packet_loss_pct":0.6366962933333333,"post6_4g_packet_loss_pct":0.33487020500000003,"delta_4g_packet_loss_pp":-0.3018260883333333,"pct_4g_packet_loss_improvement":0.9013226134386405,"composite_upgrade_score":0.13717665227328354,"pre6_4g_download_measurements":203384.66666666666,"post6_4g_download_measurements":228003.16666666666,"last_yearmonth_available":202512},"geometry":{"type":"Polygon","coordinates":[[[-75.073143,-11.873993],[-75.053475,-11.90357],[-75.0955,-11.92312],[-75.08064,-11.97001],[-75.12978,-12.01019],[-75.18245,-12.01258],[-75.21379,-12.06687],[-75.236966,-12.069237],[-75.247395,-12.034261],[-75.236607,-12.001433],[-75.19746,-11.956587],[-75.211258,-11.935135],[-75.17101,-11.909821],[-75.111633,-11.926676],[-75.073143,-11.873993]]]}},{"type":"Feature","properties":{"ubigeo":"120125","department":"Junin","province":"Huancayo","district":"Pilcomayo","has_shutdown_3g":true,"carrier":"MOVISTAR","breakpoint_yearmonth":202501,"months_pre":24,"months_post":12,"pre6_4g_download_mbps":7.782396366666666,"post6_4g_download_mbps":8.693143333333333,"delta_4g_download_mbps":0.9107469666666672,"pct_4g_download_upgrade":0.11702654603504281,"pre6_4g_upload_mbps":3.1047868333333333,"post6_4g_upload_mbps":2.6999480333333334,"delta_4g_upload_mbps":-0.40483879999999983,"pct_4g_upload_upgrade":-0.13039181809636846,"pre6_4g_latency_ms":69.88353283333333,"post6_4g_latency_ms":59.892320500000004,"delta_4g_latency_ms":-9.99121233333333,"pct_4g_latency_improvement":0.16681958972241406,"pre6_4g_time_pct":94.11217333333333,"post6_4g_time_pct":95.84262183333334,"delta_4g_time_pp":1.7304485000000085,"pre6_4g_packet_loss_pct":0.8612200400000001,"post6_4g_packet_loss_pct":0.6382506583333333,"delta_4g_packet_loss_pp":-0.2229693816666668,"pct_4g_packet_loss_improvement":0.3493445384747549,"composite_upgrade_score":0.08901964280390313,"pre6_4g_download_measurements":20408.0,"post6_4g_download_measurements":15911.5,"last_yearmonth_available":202512},"geometry":{"type":"Polygon","coordinates":[[[-75.255152,-12.023237],[-75.238786,-12.063067],[-75.27372,-12.05663],[-75.255152,-12.023237]]]}},{"type":"Feature","properties":{"ubigeo":"120129","department":"Junin","province":"Huancayo","district":"San Agustin","has_shutdown_3g":true,"carrier":"MOVISTAR","breakpoint_yearmonth":202412,"months_pre":23,"months_post":13,"pre6_4g_download_mbps":9.238827833333334,"post6_4g_download_mbps":8.720551016666667,"delta_4g_download_mbps":-0.5182768166666669,"pct_4g_download_upgrade":-0.05609768100632251,"pre6_4g_upload_mbps":3.5955737000000005,"post6_4g_upload_mbps":3.2962461500000004,"delta_4g_upload_mbps":-0.2993275500000001,"pct_4g_upload_upgrade":-0.08324889849984163,"pre6_4g_latency_ms":69.54132633333333,"post6_4g_latency_ms":56.569876666666666,"delta_4g_latency_ms":-12.971449666666665,"pct_4g_latency_improvement":0.2292995924862955,"pre6_4g_time_pct":95.32714566666665,"post6_4g_time_pct":97.09711666666665,"delta_4g_time_pp":1.7699709999999982,"pre6_4g_packet_loss_pct":0.751760535,"post6_4g_packet_loss_pct":0.4942571216666667,"delta_4g_packet_loss_pp":-0.25750341333333326,"pct_4g_packet_loss_improvement":0.5209908002236068,"composite_upgrade_score":0.051102987455248966,"pre6_4g_download_measurements":27415.333333333332,"post6_4g_download_measurements":22586.833333333332,"last_yearmonth_available":202512},"geometry":{"type":"Polygon","coordinates":[[[-75.208083,-11.947719],[-75.197841,-11.957848],[-75.247075,-12.033023],[-75.265879,-11.998131],[-75.208083,-11.947719]]]}},{"type":"Feature","properties":{"ubigeo":"120301","department":"Junin","province":"Chanchamayo","district":"Chanchamayo","has_shutdown_3g":true,"carrier":"MOVISTAR","breakpoint_yearmonth":202511,"months_pre":34,"months_post":2,"pre6_4g_download_mbps":9.748088083333334,"post6_4g_download_mbps":11.01346575,"delta_4g_download_mbps":1.2653776666666658,"pct_4g_download_upgrade":0.12980777931522058,"pre6_4g_upload_mbps":2.4077665833333333,"post6_4g_upload_mbps":2.09266275,"delta_4g_upload_mbps":-0.31510383333333314,"pct_4g_upload_upgrade":-0.1308697593506346,"pre6_4g_latency_ms":59.514368499999996,"post6_4g_latency_ms":53.964974,"delta_4g_latency_ms":-5.549394499999998,"pct_4g_latency_improvement":0.10283326551774108,"pre6_4g_time_pct":95.05766916666668,"post6_4g_time_pct":94.13995,"delta_4g_time_pp":-0.9177191666666857,"pre6_4g_packet_loss_pct":0.7258828983333333,"post6_4g_packet_loss_pct":0.61725845,"delta_4g_packet_loss_pp":-0.10862444833333329,"pct_4g_packet_loss_improvement":0.17597887616335317,"composite_upgrade_score":0.06542332926109595,"pre6_4g_download_measurements":20270.833333333332,"post6_4g_download_measurements":15663.5,"last_yearmonth_available":202512},"geometry":{"type":"Polygon","coordinates":[[[-75.395264,-10.853744],[-75.36824,-10.896781],[-75.323234,-10.923502],[-75.284176,-10.911689],[-75.268039,-10.862711],[-75.23717,-10.85784],[-75.19448,-10.895802],[-75.203574,-10.909637],[-75.217408,-10.892176],[-75.254398,-10.887771],[-75.251546,-10.922276],[-75.233816,-10.927193],[-75.242969,-10.940134],[-75.226978,-10.95296],[-75.270799,-10.980701],[-75.22931,-11.00647],[-75.22856,-11.10005],[-75.21103,-11.09756],[-75.11975,-11.16487],[-75.12171,-11.23451],[-75.094748,-11.253465],[-75.110718,-11.265654],[-75.149635,-11.211797],[-75.24225,-11.160807],[-75.244859,-11.098695],[-75.26333,-11.075869],[-75.3379,-11.077357],[-75.374928,-11.066335],[-75.392781,-11.04115],[-75.399712,-11.05751],[-75.50489,-11.09715],[-75.5275,-11.12627],[-75.57879,-11.14542],[-75.62018,-11.10486],[-75.668956,-11.100803],[-75.602294,-11.0744],[-75.58367,-11.050687],[-75.528693,-11.050571],[-75.499358,-11.022811],[-75.451776,-11.01589],[-75.440541,-10.969215],[-75.422344,-10.957286],[-75.435524,-10.912132],[-75.45335,-10.900295],[-75.436852,-10.879502],[-75.418039,-10.890426],[-75.395264,-10.853744]]]}},{"type":"Feature","properties":{"ubigeo":"120502","department":"Junin","province":"Junin","district":"Carhuamayo","has_shutdown_3g":true,"carrier":"MOVISTAR","breakpoint_yearmonth":202510,"months_pre":33,"months_post":3,"pre6_4g_download_mbps":12.340675,"post6_4g_download_mbps":12.6485875,"delta_4g_download_mbps":0.3079125000000005,"pct_4g_download_upgrade":0.024951025774522018,"pre6_4g_upload_mbps":4.085263116666666,"post6_4g_upload_mbps":0.0,"delta_4g_upload_mbps":-4.085263116666666,"pct_4g_upload_upgrade":-1.0,"pre6_4g_latency_ms":48.08576300000001,"post6_4g_latency_ms":50.59813933333333,"delta_4g_latency_ms":2.5123763333333216,"pct_4g_latency_improvement":-0.04965353205544065,"pre6_4g_time_pct":86.67212166666667,"post6_4g_time_pct":90.26562833333332,"delta_4g_time_pp":3.5935066666666557,"pre6_4g_packet_loss_pct":0.31774462000000003,"post6_4g_packet_loss_pct":0.25816441,"delta_4g_packet_loss_pp":-0.05958021000000002,"pct_4g_packet_loss_improvement":0.23078397986771315,"composite_upgrade_score":-0.1355035137106657,"pre6_4g_download_measurements":10103.333333333334,"post6_4g_download_measurements":5377.666666666667,"last_yearmonth_available":202512},"geometry":{"type":"Polygon","coordinates":[[[-75.993289,-10.820843],[-75.937146,-10.871508],[-75.960684,-10.947619],[-76.03568,-10.97873],[-76.048935,-11.004408],[-76.073082,-10.974338],[-76.122525,-10.967596],[-76.08214,-10.89514],[-76.04551,-10.88074],[-75.993289,-10.820843]]]}},{"type":"Feature","properties":{"ubigeo":"130101","department":"La Libertad","province":"Trujillo","district":"Trujillo","has_shutdown_3g":true,"carrier":"MOVISTAR","breakpoint_yearmonth":202412,"months_pre":23,"months_post":13,"pre6_4g_download_mbps":11.381563666666667,"post6_4g_download_mbps":12.651016166666665,"delta_4g_download_mbps":1.269452499999998,"pct_4g_download_upgrade":0.11153586072868538,"pre6_4g_upload_mbps":3.1702970166666664,"post6_4g_upload_mbps":2.9221693833333333,"delta_4g_upload_mbps":-0.2481276333333331,"pct_4g_upload_upgrade":-0.0782663681127963,"pre6_4g_latency_ms":70.76548633333333,"post6_4g_latency_ms":56.54691016666667,"delta_4g_latency_ms":-14.218576166666658,"pct_4g_latency_improvement":0.25144744646097816,"pre6_4g_time_pct":94.29506766666668,"post6_4g_time_pct":96.46816833333332,"delta_4g_time_pp":2.1731006666666417,"pre6_4g_packet_loss_pct":0.5213274533333334,"post6_4g_packet_loss_pct":0.31164365,"delta_4g_packet_loss_pp":-0.20968380333333342,"pct_4g_packet_loss_improvement":0.6728319455035694,"composite_upgrade_score":0.13263749896497767,"pre6_4g_download_measurements":315122.5,"post6_4g_download_measurements":292606.8333333333,"last_yearmonth_available":202512},"geometry":{"type":"Polygon","coordinates":[[[-79.04796,-8.08357],[-78.991897,-8.088731],[-79.000793,-8.113007],[-78.982773,-8.126984],[-79.026728,-8.151255],[-79.06499,-8.11062],[-79.04796,-8.08357]]]}},{"type":"Feature","properties":{"ubigeo":"130102","department":"La Libertad","province":"Trujillo","district":"El Porvenir","has_shutdown_3g":true,"carrier":"MOVISTAR","breakpoint_yearmonth":202412,"months_pre":23,"months_post":13,"pre6_4g_download_mbps":9.800980166666667,"post6_4g_download_mbps":9.6190965,"delta_4g_download_mbps":-0.18188366666666766,"pct_4g_download_upgrade":-0.018557701737348498,"pre6_4g_upload_mbps":3.0127055666666664,"post6_4g_upload_mbps":3.1571757999999996,"delta_4g_upload_mbps":0.1444702333333332,"pct_4g_upload_upgrade":0.047953651671702735,"pre6_4g_latency_ms":72.4551675,"post6_4g_latency_ms":60.15404183333334,"delta_4g_latency_ms":-12.301125666666664,"pct_4g_latency_improvement":0.20449375123867752,"pre6_4g_time_pct":91.56085666666667,"post6_4g_time_pct":92.80525416666667,"delta_4g_time_pp":1.2443975000000052,"pre6_4g_packet_loss_pct":0.9052724150000001,"post6_4g_packet_loss_pct":0.7270733100000001,"delta_4g_packet_loss_pp":-0.17819910500000002,"pct_4g_packet_loss_improvement":0.24509097301343652,"composite_upgrade_score":0.06501454976615723,"pre6_4g_download_measurements":65724.0,"post6_4g_download_measurements":48945.833333333336,"last_yearmonth_available":202512},"geometry":{"type":"Polygon","coordinates":[[[-79.021453,-8.069737],[-78.974888,-8.037487],[-78.982511,-8.015978],[-78.95666,-8.018431],[-78.991897,-8.088731],[-79.021453,-8.069737]]]}},{"type":"Feature","properties":{"ubigeo":"130105","department":"La Libertad","province":"Trujillo","district":"La Esperanza","has_shutdown_3g":true,"carrier":"MOVISTAR","breakpoint_yearmonth":202412,"months_pre":23,"months_post":13,"pre6_4g_download_mbps":9.528016,"post6_4g_download_mbps":10.45188875,"delta_4g_download_mbps":0.923872750000001,"pct_4g_download_upgrade":0.09696381177361602,"pre6_4g_upload_mbps":2.8360402333333337,"post6_4g_upload_mbps":2.7602165500000004,"delta_4g_upload_mbps":-0.07582368333333322,"pct_4g_upload_upgrade":-0.026735757286564965,"pre6_4g_latency_ms":72.04255683333334,"post6_4g_latency_ms":56.668988500000005,"delta_4g_latency_ms":-15.373568333333331,"pct_4g_latency_improvement":0.27128714911389906,"pre6_4g_time_pct":94.0975125,"post6_4g_time_pct":94.82110999999999,"delta_4g_time_pp":0.7235974999999968,"pre6_4g_packet_loss_pct":0.877415155,"post6_4g_packet_loss_pct":0.5158025283333334,"delta_4g_packet_loss_pp":-0.3616126266666666,"pct_4g_packet_loss_improvement":0.7010679607079733,"composite_upgrade_score":0.1387357426803351,"pre6_4g_download_measurements":78342.5,"post6_4g_download_measurements":70982.0,"last_yearmonth_available":202512},"geometry":{"type":"Polygon","coordinates":[[[-79.051499,-8.039575],[-79.030345,-8.087551],[-79.083519,-8.067496],[-79.086144,-8.056477],[-79.051499,-8.039575]]]}},{"type":"Feature","properties":{"ubigeo":"130107","department":"La Libertad","province":"Trujillo","district":"Moche","has_shutdown_3g":true,"carrier":"MOVISTAR","breakpoint_yearmonth":202412,"months_pre":23,"months_post":13,"pre6_4g_download_mbps":11.023053000000003,"post6_4g_download_mbps":11.632213833333333,"delta_4g_download_mbps":0.6091608333333305,"pct_4g_download_upgrade":0.05526244256771062,"pre6_4g_upload_mbps":2.4001724833333338,"post6_4g_upload_mbps":2.983902066666667,"delta_4g_upload_mbps":0.5837295833333331,"pct_4g_upload_upgrade":0.24320318118248552,"pre6_4g_latency_ms":69.21733516666666,"post6_4g_latency_ms":57.37009666666666,"delta_4g_latency_ms":-11.847238499999996,"pct_4g_latency_improvement":0.20650546518746782,"pre6_4g_time_pct":95.41646916666666,"post6_4g_time_pct":96.90254499999999,"delta_4g_time_pp":1.4860758333333308,"pre6_4g_packet_loss_pct":0.4289322399999999,"post6_4g_packet_loss_pct":0.32075053666666664,"delta_4g_packet_loss_pp":-0.10818170333333327,"pct_4g_packet_loss_improvement":0.3372767648577899,"composite_upgrade_score":0.12930477249421352,"pre6_4g_download_measurements":27836.0,"post6_4g_download_measurements":25439.166666666668,"last_yearmonth_available":202512},"geometry":{"type":"Polygon","coordinates":[[[-78.98382,-8.12703],[-78.961753,-8.166668],[-78.993901,-8.172564],[-78.998962,-8.196908],[-79.035407,-8.161134],[-78.98382,-8.12703]]]}},{"type":"Feature","properties":{"ubigeo":"130111","department":"La Libertad","province":"Trujillo","district":"Victor Larco Herrera","has_shutdown_3g":true,"carrier":"MOVISTAR","breakpoint_yearmonth":202412,"months_pre":23,"months_post":13,"pre6_4g_download_mbps":11.031788,"post6_4g_download_mbps":12.700503750000001,"delta_4g_download_mbps":1.6687157500000005,"pct_4g_download_upgrade":0.15126430547795167,"pre6_4g_upload_mbps":2.7063642,"post6_4g_upload_mbps":2.850323733333333,"delta_4g_upload_mbps":0.14395953333333322,"pct_4g_upload_upgrade":0.0531929639526465,"pre6_4g_latency_ms":70.26545183333333,"post6_4g_latency_ms":55.95097683333333,"delta_4g_latency_ms":-14.314475000000002,"pct_4g_latency_improvement":0.2558395904800721,"pre6_4g_time_pct":93.5525115,"post6_4g_time_pct":97.14465416666667,"delta_4g_time_pp":3.5921426666666747,"pre6_4g_packet_loss_pct":0.4409198316666667,"post6_4g_packet_loss_pct":0.30069526500000004,"delta_4g_packet_loss_pp":-0.14022456666666666,"pct_4g_packet_loss_improvement":0.46633446877411466,"composite_upgrade_score":0.1611495018428014,"pre6_4g_download_measurements":47157.333333333336,"post6_4g_download_measurements":42457.666666666664,"last_yearmonth_available":202512},"geometry":{"type":"Polygon","coordinates":[[[-79.054252,-8.120211],[-79.02742,-8.137295],[-79.03526,-8.162663],[-79.07099,-8.132856],[-79.054252,-8.120211]]]}},{"type":"Feature","properties":{"ubigeo":"140101","department":"Lambayeque","province":"Chiclayo","district":"Chiclayo","has_shutdown_3g":true,"carrier":"MOVISTAR","breakpoint_yearmonth":202412,"months_pre":23,"months_post":13,"pre6_4g_download_mbps":10.334399666666666,"post6_4g_download_mbps":10.62674,"delta_4g_download_mbps":0.29234033333333365,"pct_4g_download_upgrade":0.02828808085255985,"pre6_4g_upload_mbps":3.2220263,"post6_4g_upload_mbps":3.2313109333333334,"delta_4g_upload_mbps":0.009284633333333403,"pct_4g_upload_upgrade":0.0028816131430502434,"pre6_4g_latency_ms":72.92202233333335,"post6_4g_latency_ms":59.95955283333333,"delta_4g_latency_ms":-12.962469500000012,"pct_4g_latency_improvement":0.21618689412229553,"pre6_4g_time_pct":95.60721683333333,"post6_4g_time_pct":96.45446,"delta_4g_time_pp":0.8472431666666722,"pre6_4g_packet_loss_pct":0.5633057816666666,"post6_4g_packet_loss_pct":0.41665304666666664,"delta_4g_packet_loss_pp":-0.14665273499999992,"pct_4g_packet_loss_improvement":0.35197806945913435,"composite_upgrade_score":0.08466396606601208,"pre6_4g_download_measurements":170940.66666666666,"post6_4g_download_measurements":171655.0,"last_yearmonth_available":202512},"geometry":{"type":"Polygon","coordinates":[[[-79.793993,-6.739987],[-79.779203,-6.742847],[-79.80125,-6.82905],[-79.8256,-6.8326],[-79.833607,-6.784193],[-79.86755,-6.801879],[-79.872115,-6.767234],[-79.793993,-6.739987]]]}},{"type":"Feature","properties":{"ubigeo":"140105","department":"Lambayeque","province":"Chiclayo","district":"Jose Leonardo Ortiz","has_shutdown_3g":true,"carrier":"MOVISTAR","breakpoint_yearmonth":202412,"months_pre":23,"months_post":13,"pre6_4g_download_mbps":10.779250666666668,"post6_4g_download_mbps":10.950724666666666,"delta_4g_download_mbps":0.17147399999999813,"pct_4g_download_upgrade":0.015907784808294467,"pre6_4g_upload_mbps":3.3517982666666666,"post6_4g_upload_mbps":3.001701983333333,"delta_4g_upload_mbps":-0.3500962833333334,"pct_4g_upload_upgrade":-0.1044502847367067,"pre6_4g_latency_ms":72.594467,"post6_4g_latency_ms":59.55333383333333,"delta_4g_latency_ms":-13.041133166666661,"pct_4g_latency_improvement":0.21898242008018776,"pre6_4g_time_pct":95.70033916666667,"post6_4g_time_pct":95.77688433333333,"delta_4g_time_pp":0.07654516666666211,"pre6_4g_packet_loss_pct":0.4276044833333333,"post6_4g_packet_loss_pct":0.4201930983333333,"delta_4g_packet_loss_pp":-0.0074113849999999926,"pct_4g_packet_loss_improvement":0.017638045530487645,"composite_upgrade_score":0.0464378962593831,"pre6_4g_download_measurements":67841.83333333333,"post6_4g_download_measurements":62287.666666666664,"last_yearmonth_available":202512},"geometry":{"type":"Polygon","coordinates":[[[-79.8636,-6.71776],[-79.786885,-6.73418],[-79.84539,-6.762415],[-79.88543,-6.72805],[-79.8636,-6.71776]]]}},{"type":"Feature","properties":{"ubigeo":"140106","department":"Lambayeque","province":"Chiclayo","district":"La Victoria","has_shutdown_3g":true,"carrier":"MOVISTAR","breakpoint_yearmonth":202412,"months_pre":23,"months_post":13,"pre6_4g_download_mbps":10.459262833333334,"post6_4g_download_mbps":9.692678666666666,"delta_4g_download_mbps":-0.766584166666668,"pct_4g_download_upgrade":-0.07329237049322335,"pre6_4g_upload_mbps":3.051994166666667,"post6_4g_upload_mbps":2.6722156,"delta_4g_upload_mbps":-0.3797785666666669,"pct_4g_upload_upgrade":-0.12443620332389238,"pre6_4g_latency_ms":71.95770666666667,"post6_4g_latency_ms":58.939156833333335,"delta_4g_latency_ms":-13.018549833333331,"pct_4g_latency_improvement":0.2208811685268397,"pre6_4g_time_pct":96.5446985,"post6_4g_time_pct":97.212015,"delta_4g_time_pp":0.6673164999999983,"pre6_4g_packet_loss_pct":0.48018911833333333,"post6_4g_packet_loss_pct":0.41376725833333333,"delta_4g_packet_loss_pp":-0.06642186,"pct_4g_packet_loss_improvement":0.16052952151784372,"composite_upgrade_score":0.016265364261728914,"pre6_4g_download_measurements":44438.0,"post6_4g_download_measurements":42782.666666666664,"last_yearmonth_available":202512},"geometry":{"type":"Polygon","coordinates":[[[-79.833143,-6.786663],[-79.825732,-6.843272],[-79.911377,-6.850312],[-79.876148,-6.801457],[-79.833143,-6.786663]]]}},{"type":"Feature","properties":{"ubigeo":"140112","department":"Lambayeque","province":"Chiclayo","district":"Pimentel","has_shutdown_3g":true,"carrier":"MOVISTAR","breakpoint_yearmonth":202412,"months_pre":23,"months_post":13,"pre6_4g_download_mbps":9.902416833333334,"post6_4g_download_mbps":10.110418833333334,"delta_4g_download_mbps":0.20800200000000046,"pct_4g_download_upgrade":0.021005175150760058,"pre6_4g_upload_mbps":2.69055975,"post6_4g_upload_mbps":2.6998088999999994,"delta_4g_upload_mbps":0.009249149999999595,"pct_4g_upload_upgrade":0.0034376304038590266,"pre6_4g_latency_ms":74.62515733333335,"post6_4g_latency_ms":60.88865983333333,"delta_4g_latency_ms":-13.73649750000002,"pct_4g_latency_improvement":0.22560026017324186,"pre6_4g_time_pct":95.9060465,"post6_4g_time_pct":96.036875,"delta_4g_time_pp":0.1308284999999927,"pre6_4g_packet_loss_pct":0.6982460383333334,"post6_4g_packet_loss_pct":0.492474465,"delta_4g_packet_loss_pp":-0.20577157333333346,"pct_4g_packet_loss_improvement":0.4178319648173707,"composite_upgrade_score":0.08640562065506187,"pre6_4g_download_measurements":47455.333333333336,"post6_4g_download_measurements":51927.166666666664,"last_yearmonth_available":202512},"geometry":{"type":"Polygon","coordinates":[[[-79.882209,-6.730937],[-79.856105,-6.759081],[-79.872115,-6.767234],[-79.86755,-6.801879],[-79.931568,-6.873611],[-79.942396,-6.8205],[-79.898105,-6.735154],[-79.882209,-6.730937]]]}},{"type":"Feature","properties":{"ubigeo":"150104","department":"Lima","province":"Lima","district":"Barranco","has_shutdown_3g":true,"carrier":"MOVISTAR","breakpoint_yearmonth":202511,"months_pre":34,"months_post":2,"pre6_4g_download_mbps":13.206799333333334,"post6_4g_download_mbps":14.867301000000001,"delta_4g_download_mbps":1.6605016666666668,"pct_4g_download_upgrade":0.12573081673737851,"pre6_4g_upload_mbps":3.473421633333333,"post6_4g_upload_mbps":3.1809616,"delta_4g_upload_mbps":-0.29246003333333315,"pct_4g_upload_upgrade":-0.08419940456600095,"pre6_4g_latency_ms":53.84529116666667,"post6_4g_latency_ms":45.431439,"delta_4g_latency_ms":-8.413852166666672,"pct_4g_latency_improvement":0.18519889204184503,"pre6_4g_time_pct":96.89310683333333,"post6_4g_time_pct":97.7026725,"delta_4g_time_pp":0.8095656666666713,"pre6_4g_packet_loss_pct":0.29537298333333334,"post6_4g_packet_loss_pct":0.2821941,"delta_4g_packet_loss_pp":-0.013178883333333336,"pct_4g_packet_loss_improvement":0.046701484309322305,"composite_upgrade_score":0.08751156173597864,"pre6_4g_download_measurements":35413.833333333336,"post6_4g_download_measurements":28190.0,"last_yearmonth_available":202512},"geometry":{"type":"Polygon","coordinates":[[[-77.01948291599996,-12.130611520999935],[-77.01933289599998,-12.13090885899993],[-77.01930858999998,-12.130957034999938],[-77.01917135099995,-12.13122481199997],[-77.01898425799999,-12.131221059999973],[-77.01881308199995,-12.131217627999945],[-77.01845207599996,-12.131210389999978],[-77.01833757599996,-12.131208094999977],[-77.01800094099997,-12.13120134299993],[-77.01800046299996,-12.131218205999971],[-77.01800000599997,-12.131234801999938],[-77.01798662099998,-12.13171940999996],[-77.01797706999997,-12.132035401999929],[-77.01797496099994,-12.132105198999966],[-77.01797070099997,-12.13224609699995],[-77.01797070099997,-12.132294920999982],[-77.01795508399994,-12.13280859699995],[-77.01794916199998,-12.133010733999981],[-77.01794486299997,-12.133194860999936],[-77.01793620499996,-12.133565479999959],[-77.01793571899998,-12.133586289999926],[-77.01793331599998,-12.13366999799996],[-77.01793216199997,-12.133710272999963],[-77.01793208799995,-12.133712957999933],[-77.01793168899997,-12.133726836999926],[-77.01793127899998,-12.133741098999963],[-77.01793048599995,-12.133768713999928],[-77.01792396299999,-12.133995729999981],[-77.01791796499998,-12.134204875999956],[-77.01791242599995,-12.134398096999973],[-77.01790903699998,-12.134516041999973],[-77.01790403699994,-12.134690176999982],[-77.01790270499998,-12.134736571999952],[-77.01789592599994,-12.134972950999952],[-77.01788601399994,-12.13531829599998],[-77.01787684199996,-12.135638055999948],[-77.01787547299995,-12.135685690999935],[-77.01787437699994,-12.13572172399995],[-77.01767819499997,-12.135898981999958],[-77.01763346699994,-12.135939385999961],[-77.01757464999997,-12.135987907999947],[-77.01736641599996,-12.136159686999974],[-77.01715474999997,-12.13633430799996],[-77.01711784999998,-12.136365444999967],[-77.01693285299996,-12.136521528999936],[-77.01690208999997,-12.136547485999927],[-77.01665471299998,-12.136756207999952],[-77.01663222499997,-12.136775180999962],[-77.01659147299995,-12.13680955999996],[-77.01652389799995,-12.136866580999936],[-77.01612002499996,-12.137220791999937],[-77.01606776899996,-12.13726662099998],[-77.01600414799998,-12.137321940999982],[-77.01589432799994,-12.137417450999976],[-77.01563525999995,-12.13764275899996],[-77.01551592799996,-12.137746538999977],[-77.01519765999996,-12.138023330999943],[-77.01495675599995,-12.138232838999954],[-77.01476629899997,-12.138398485999971],[-77.01461029899997,-12.13853888999995],[-77.01436785699997,-12.138734409999927],[-77.01379255899997,-12.139222612999959],[-77.01347152899996,-12.139529825999944],[-77.01327567199996,-12.139702016999934],[-77.01314451599995,-12.139815123999938],[-77.01313830299995,-12.139820483999927],[-77.01244092199994,-12.140411748999952],[-77.01244712499994,-12.140419075999944],[-77.01246856999995,-12.140444385999956],[-77.01259928499996,-12.140598668999928],[-77.01260336099995,-12.140603479999982],[-77.01264403899995,-12.140686463999941],[-77.01264437499998,-12.140687149999962],[-77.01269024999993,-12.140781059999938],[-77.01271896899993,-12.140839854999967],[-77.01272699999998,-12.140855711999961],[-77.01274368199995,-12.14088865399998],[-77.01306458999994,-12.141510319999952],[-77.01338939199997,-12.142139530999941],[-77.01340930099997,-12.142178098999977],[-77.01370414599995,-12.142766120999966],[-77.01390757399997,-12.143154385999935],[-77.01391957199996,-12.143167768999945],[-77.01402329899997,-12.143276438999976],[-77.01428310499995,-12.143548622999958],[-77.01439007199997,-12.14366068299995],[-77.01440697499999,-12.14367839199997],[-77.01417961099997,-12.143863229999965],[-77.01392836499997,-12.144077979999963],[-77.01396332199994,-12.144125760999941],[-77.01404022499997,-12.144230879999952],[-77.01443381999997,-12.144768901999953],[-77.01444798599994,-12.144789553999942],[-77.01480114999998,-12.145304461999956],[-77.01506458199998,-12.145659555999941],[-77.01511900999998,-12.145732920999933],[-77.01524090399994,-12.145897229999946],[-77.01524176399994,-12.145898391999935],[-77.01542775799999,-12.14615273399994],[-77.01549537099999,-12.14624519299997],[-77.01557292999996,-12.146351252999978],[-77.01567447499997,-12.146485932999951],[-77.01567285299996,-12.14648789599994],[-77.01523508999998,-12.147017881999943],[-77.01521239299996,-12.147045360999925],[-77.01524219099997,-12.147045756999944],[-77.01571236699994,-12.147052026999972],[-77.01573589799995,-12.147052340999949],[-77.01577655699998,-12.147187145999965],[-77.01580622099993,-12.147242911999967],[-77.01585299399994,-12.147297561999949],[-77.01586120699994,-12.147304082999938],[-77.01596251799998,-12.147384555999963],[-77.01599030899996,-12.147426817999929],[-77.01601155999998,-12.147473883999965],[-77.01604492799999,-12.147547776999943],[-77.01608080099999,-12.14762720799996],[-77.01610009799998,-12.147669936999932],[-77.01634259999997,-12.148206905999928],[-77.01643547099997,-12.148412545999975],[-77.01653367199998,-12.148629870999969],[-77.01653603299997,-12.148634975999926],[-77.01677123799999,-12.149155909999934],[-77.01700855699994,-12.149681520999934],[-77.01714528099996,-12.150010254999927],[-77.01714836699995,-12.150017678999973],[-77.01716691199994,-12.150062270999967],[-77.01763236099998,-12.151045748999934],[-77.01800165399999,-12.15185427299997],[-77.01837660499996,-12.152608311999927],[-77.01834740199996,-12.152619920999939],[-77.01819897099995,-12.15271415799998],[-77.01810884999998,-12.15277137399994],[-77.01799875199998,-12.152841274999957],[-77.01790722099997,-12.15289815999995],[-77.01776902899996,-12.152984043999936],[-77.01769711299994,-12.153028737999932],[-77.01763180499995,-12.153076831999954],[-77.01712276799998,-12.15345164599995],[-77.01711878499998,-12.15345457799998],[-77.01711062299995,-12.153460586999927],[-77.01691100399995,-12.153626729999928],[-77.01691026399999,-12.153627342999926],[-77.01688421499995,-12.153649022999957],[-77.01683809599996,-12.153687399999967],[-77.01676562299997,-12.153743973999951],[-77.01660768499994,-12.15386726099996],[-77.01656768699996,-12.153898481999931],[-77.01645364599995,-12.153996866999933],[-77.01644690799998,-12.154002159999948],[-77.01641448199996,-12.154029649999927],[-77.01641214299997,-12.154031643999929],[-77.01640000399993,-12.154041940999946],[-77.01632836099998,-12.154102684999941],[-77.01630086099993,-12.154126016999953],[-77.01623278699998,-12.15418374199993],[-77.01620234999996,-12.154209555999955],[-77.01597392399998,-12.15440326099997],[-77.01590340599995,-12.15447142499994],[-77.01586681199996,-12.154506803999936],[-77.01568927099999,-12.154665664999982],[-77.01562273599995,-12.154725198999927],[-77.01567771699996,-12.154795194999963],[-77.01574786699996,-12.154884502999948],[-77.01582222499997,-12.15500050299994],[-77.01587576399999,-12.15511055199994],[-77.01595904499999,-12.155342549999943],[-77.01605077899995,-12.155620092999982],[-77.01606112299999,-12.155614223999976],[-77.01627389099997,-12.155493473999968],[-77.01630468499997,-12.155476565999948],[-77.01664741999997,-12.155284299999948],[-77.01673331799998,-12.155236112999944],[-77.01678515399993,-12.155207034999933],[-77.01684245899997,-12.155176407999932],[-77.01685392599995,-12.155170278999947],[-77.01689844499998,-12.155146483999943],[-77.01718359399996,-12.154992182999933],[-77.01730026899997,-12.154929387999971],[-77.01754919099994,-12.154795414999967],[-77.01761140799994,-12.154761930999939],[-77.01779687299995,-12.154662112999972],[-77.01802539599998,-12.154539063999948],[-77.01819323399997,-12.154448957999932],[-77.01839648799995,-12.154339842999946],[-77.01842187899996,-12.154324211999949],[-77.01844335499999,-12.154312495999932],[-77.01871874399995,-12.154164053999978],[-77.01874023399995,-12.15415233899995],[-77.01875976599996,-12.154142579999927],[-77.01897070299998,-12.154027344999975],[-77.01920513499994,-12.153902295999956],[-77.01926361099999,-12.15387110499995],[-77.01927152899998,-12.153866252999933],[-77.01932395899996,-12.15383412999995],[-77.01934148399994,-12.15384411499997],[-77.01934733999997,-12.153847450999933],[-77.01935843199993,-12.153853768999966],[-77.01948042399994,-12.153923260999932],[-77.01959045899997,-12.154000692999944],[-77.01958094099996,-12.154095870999981],[-77.01950398599996,-12.154490682999949],[-77.01947148599999,-12.154657422999946],[-77.01952205899994,-12.154680120999956],[-77.01952904699993,-12.154683256999931],[-77.02035036699993,-12.155051854999954],[-77.02080407199998,-12.155255471999965],[-77.02109978299995,-12.155388182999957],[-77.02196435299999,-12.155778666999936],[-77.02286491199999,-12.156185407999942],[-77.02292545499995,-12.156210516999977],[-77.02294934999998,-12.156220426999937],[-77.02401149599996,-12.15666092899994],[-77.02447509399997,-12.156842795999978],[-77.02510197999999,-12.156875338999953],[-77.02510337699994,-12.156846922999932],[-77.02510755999998,-12.156761848999963],[-77.02574811899996,-12.156874721999941],[-77.02574958999998,-12.156907772999944],[-77.02572810699996,-12.157099123999956],[-77.02630861099993,-12.157306604999974],[-77.02631261099998,-12.157152354999937],[-77.02632423599994,-12.156994104999967],[-77.02633011099994,-12.156906229999947],[-77.02635161099994,-12.15672660499996],[-77.02638473599995,-12.156540979999932],[-77.02641798599996,-12.156384729999957],[-77.02644336099996,-12.156203104999975],[-77.02644711099998,-12.156140604999962],[-77.02644336099996,-12.155915979999975],[-77.02642973599995,-12.155792979999944],[-77.02656215599995,-12.155704897999954],[-77.02656046699997,-12.15566343699993],[-77.02737503299994,-12.155773090999958],[-77.02840557399998,-12.154326526999967],[-77.02863757199998,-12.153797094999959],[-77.02860188099999,-12.15370786699998],[-77.02835203499995,-12.153600789999928],[-77.02828660099993,-12.153803043999972],[-77.02836988299998,-12.15385063399998],[-77.02829255099994,-12.154148067999927],[-77.02734370499996,-12.155485903999931],[-77.02728626799995,-12.15559555599998],[-77.02604353099997,-12.155418022999982],[-77.02601742399997,-12.155350141999975],[-77.02578245099994,-12.155313590999981],[-77.02590254899997,-12.154358041999956],[-77.02590119099995,-12.15430867899994],[-77.02765009599995,-12.154522831999941],[-77.02766794099995,-12.154457397999977],[-77.02577031999994,-12.154249194999977],[-77.02576178499999,-12.154330286999937],[-77.02553181599995,-12.154284940999958],[-77.02545871499996,-12.154123071999948],[-77.02536472599996,-12.153914207999946],[-77.02534905999994,-12.153794110999968],[-77.02526551599993,-12.153632243999937],[-77.02521330099995,-12.153475594999975],[-77.02520285699995,-12.153365942999926],[-77.02523940799995,-12.15329283899996],[-77.02521852099994,-12.15317274399996],[-77.02524985099996,-12.153063090999979],[-77.02523940799995,-12.152927329999955],[-77.02520807799993,-12.152807233999965],[-77.02522374199998,-12.152718465999953],[-77.02519241399995,-12.152634920999958],[-77.02519763499998,-12.152535709999938],[-77.02522896499994,-12.152441721999935],[-77.02522374199998,-12.152332069999943],[-77.02522896499994,-12.152290295999933],[-77.02527073599998,-12.152211971999975],[-77.02527073599998,-12.152107539999975],[-77.02530206599994,-12.152029217999939],[-77.02530377099998,-12.15198190999996],[-77.02533339599995,-12.151924786999928],[-77.02556314599997,-12.15196655799997],[-77.02558403099994,-12.151867348999929],[-77.02493133399997,-12.151700256999959],[-77.02490522599999,-12.151527946999977],[-77.02489478299998,-12.151366077999967],[-77.02486345299997,-12.151183321999952],[-77.02482690199997,-12.150984901999948],[-77.02481645899996,-12.150880469999947],[-77.02484778899998,-12.150744707999934],[-77.02488956199994,-12.150635055999942],[-77.02494177699998,-12.150494073999937],[-77.02492186099994,-12.150400354999931],[-77.02493748599994,-12.150324229999967],[-77.02491986099994,-12.14980660499998],[-77.02491798599993,-12.149679729999946],[-77.02492386099993,-12.149558604999982],[-77.02493399199994,-12.149498069999936],[-77.02494177699998,-12.149188678999963],[-77.02494177699998,-12.14899547999994],[-77.02496266399999,-12.148807502999944],[-77.02498877099998,-12.148619526999937],[-77.02505665199999,-12.148499428999969],[-77.02512990799994,-12.148431313999936],[-77.02505665199999,-12.148374112999932],[-77.02498355099993,-12.148363668999934],[-77.02492611299994,-12.148337559999959],[-77.02491566999998,-12.14825923799998],[-77.02493133399997,-12.148191356999973],[-77.02494177699998,-12.14815480599998],[-77.02494699999994,-12.148092145999954],[-77.02496788499997,-12.148039930999971],[-77.02498877099998,-12.147977270999945],[-77.02500965799999,-12.147904168999958],[-77.02502532199998,-12.14783628899994],[-77.02503054499994,-12.147757965999972],[-77.02507231599998,-12.147705748999954],[-77.02508798199995,-12.14761176099995],[-77.02512453299994,-12.147512551999966],[-77.02516108399999,-12.14744989199994],[-77.02519763499998,-12.147382010999934],[-77.02521330099995,-12.147319352999943],[-77.02524462899999,-12.14728280199995],[-77.02526029499995,-12.147230584999932],[-77.02529162299999,-12.147178370999939],[-77.02536472599996,-12.147084381999946],[-77.02538039099994,-12.14700083699995],[-77.02543782799995,-12.14690162599993],[-77.02544304899999,-12.146865075999926],[-77.02548482199995,-12.146818081999982],[-77.02549004299993,-12.146760643999926],[-77.02555792399994,-12.146718870999962],[-77.02558403099994,-12.146640547999937],[-77.02561536099995,-12.14656744499996],[-77.02566757799997,-12.14648912299998],[-77.02569890599995,-12.146421241999974],[-77.02573023599996,-12.14634813799995],[-77.02577722999996,-12.146233264999978],[-77.02584511099997,-12.146092280999937],[-77.02591299199997,-12.146013957999969],[-77.02592343499998,-12.145909526999958],[-77.02597564999996,-12.145831202999943],[-77.02606441799998,-12.145742434999931],[-77.02610618899996,-12.145669332999944],[-77.02619495699997,-12.145596231999946],[-77.02625761499996,-12.145554457999935],[-77.02680661099998,-12.145789104999949],[-77.02686331799998,-12.145669332999944],[-77.02580855999997,-12.145230719999972],[-77.02590254899997,-12.145110623999926],[-77.02593387699994,-12.14496442099994],[-77.02593909999996,-12.144875653999975],[-77.02595476399995,-12.144719004999956],[-77.02596520699996,-12.14463023999997],[-77.02599653699997,-12.144562358999963],[-77.02604353099997,-12.144515364999961],[-77.02610096899997,-12.144463147999943],[-77.02608530299995,-12.144337831999962],[-77.02611141199998,-12.144275170999947],[-77.02618973399996,-12.144196848999968],[-77.02626805899996,-12.144113301999937],[-77.02632027499999,-12.144040200999939],[-77.02637248999997,-12.14397754199996],[-77.02644037099998,-12.143883553999956],[-77.02646647799997,-12.143763456999977],[-77.02653958199994,-12.143664247999936],[-77.02663356999994,-12.143491934999929],[-77.02669622799993,-12.143413610999971],[-77.02681632399998,-12.143267407999929],[-77.02697819299993,-12.143095094999978],[-77.02710548599998,-12.143017604999955],[-77.02741411699998,-12.142505360999962],[-77.02757764099994,-12.14233805799995],[-77.02772595099998,-12.142185629999972],[-77.02779440399996,-12.142003457999976],[-77.02794651899995,-12.141780389999951],[-77.02808342399999,-12.141583344999958],[-77.02819750999998,-12.141397456999925],[-77.02832680699998,-12.141219000999968],[-77.02847511899995,-12.141103747999978],[-77.02857361099996,-12.14101814999998],[-77.02859142399996,-12.14100925699995],[-77.02863692799997,-12.140980012999933],[-77.02864261099995,-12.140976604999935],[-77.02869536099996,-12.140910104999932],[-77.02874611099998,-12.140812479999965],[-77.02877348599998,-12.140749979999953],[-77.02879686099999,-12.140671854999937],[-77.02880273599999,-12.14061522999998],[-77.02884573599994,-12.140554729999963],[-77.02890423599996,-12.140503854999963],[-77.02894136099997,-12.140455104999944],[-77.02896486099996,-12.14039847999993],[-77.02901361099998,-12.140333854999938],[-77.02907393399994,-12.140273315999934],[-77.02911761499996,-12.140155887999981],[-77.02916324999995,-12.140083391999951],[-77.02921071099996,-12.140040747999933],[-77.02921570899997,-12.140028918999974],[-77.02921189799997,-12.140027309999937],[-77.02845555999994,-12.13970805799994],[-77.02845312499994,-12.139707030999944],[-77.02830272799997,-12.139626957999951],[-77.02826172099998,-12.139599612999973],[-77.02818946699995,-12.139548842999943],[-77.02809560899993,-12.139498957999933],[-77.02793948599998,-12.139415979999967],[-77.02793175799997,-12.139400844999955],[-77.02788861099998,-12.139316354999949],[-77.02776173599995,-12.139134729999967],[-77.02762498599998,-12.138964854999927],[-77.02755512699997,-12.138891336999961],[-77.02747461099995,-12.138806604999957],[-77.02741150399999,-12.138749428999972],[-77.02739327899997,-12.13873291699997],[-77.02730528699993,-12.13865319699994],[-77.02722073599995,-12.138576594999961],[-77.02709961099998,-12.138466854999933],[-77.02693510099994,-12.138281219999953],[-77.02687776899995,-12.13821652699994],[-77.02675514099997,-12.13799788199998],[-77.02675224399997,-12.137992717999964],[-77.02651749399996,-12.13758951099993],[-77.02633618499993,-12.137268358999961],[-77.02632368499997,-12.137246000999937],[-77.02607630899996,-12.136803559999976],[-77.02593075199997,-12.136618315999954],[-77.02588222299994,-12.13655655399998],[-77.02587395699999,-12.136548698999945],[-77.02573437099994,-12.136416016999931],[-77.02559946899999,-12.136292881999964],[-77.02551561699994,-12.136240231999977],[-77.02548046899994,-12.136218743999962],[-77.02544336299997,-12.136201166999967],[-77.02528320699997,-12.136121096999943],[-77.02525975999998,-12.136111323999955],[-77.02513672499998,-12.136054686999955],[-77.02499022799998,-12.136000002999936],[-77.02487434199998,-12.135971772999937],[-77.02468554699993,-12.135925778999933],[-77.02448933999995,-12.13588118299998],[-77.02426815599995,-12.135818788999927],[-77.02386573399997,-12.13564023999993],[-77.02383272799995,-12.135623580999948],[-77.02362059799998,-12.135516516999928],[-77.02319581799998,-12.135274942999956],[-77.02302904499999,-12.135177786999975],[-77.02309858999996,-12.134980748999965],[-77.02311523199995,-12.134933592999971],[-77.02308398399998,-12.134921875999964],[-77.02279174199998,-12.134817219999945],[-77.02269553499997,-12.134782766999933],[-77.02265827499997,-12.134769422999966],[-77.02250585499996,-12.134714840999948],[-77.02247070699997,-12.13469140799998],[-77.02231640799994,-12.134595704999981],[-77.02231321099998,-12.134593678999977],[-77.02210351599996,-12.13446094099993],[-77.02210115599996,-12.134458725999934],[-77.02207610299996,-12.134435233999966],[-77.02207226599995,-12.134431633999952],[-77.02204786899995,-12.134407237999937],[-77.02201562899995,-12.134374997999942],[-77.02178586699995,-12.134152330999939],[-77.02176627099993,-12.134133338999959],[-77.02169921699993,-12.134068358999968],[-77.02167415799994,-12.13403174399997],[-77.02154330299999,-12.13384053699997],[-77.02130796499995,-12.133496664999939],[-77.02127148399995,-12.13344336299997],[-77.02125178699998,-12.133410899999944],[-77.02122923399997,-12.133373727999981],[-77.02120159799995,-12.133328182999946],[-77.02117557199995,-12.133285288999957],[-77.02116601199998,-12.133269532999975],[-77.02115834999995,-12.133255739999981],[-77.02115625199997,-12.13325195799996],[-77.02113633399995,-12.133218856999974],[-77.02111606199998,-12.133185168999944],[-77.02102344099995,-12.133031248999941],[-77.02084900799997,-12.132738079999967],[-77.02079413299998,-12.132645852999929],[-77.02069921499998,-12.132486325999935],[-77.02069143899996,-12.132473344999937],[-77.02046792799996,-12.13210021599997],[-77.02036865999997,-12.131934500999932],[-77.02022070299995,-12.131687502999966],[-77.02021935699997,-12.131685256999958],[-77.02021484799997,-12.131677731999957],[-77.02020507399999,-12.131662114999926],[-77.02011328499998,-12.131507813999974],[-77.01975780999999,-12.130912112999965],[-77.01960950799997,-12.130666606999966],[-77.01952538499995,-12.130527344999962],[-77.01948291599996,-12.130611520999935]]]}},{"type":"Feature","properties":{"ubigeo":"150105","department":"Lima","province":"Lima","district":"Breña","has_shutdown_3g":true,"carrier":"MOVISTAR","breakpoint_yearmonth":202512,"months_pre":35,"months_post":1,"pre6_4g_download_mbps":12.684490333333331,"post6_4g_download_mbps":13.886901,"delta_4g_download_mbps":1.202410666666669,"pct_4g_download_upgrade":0.09479377058665706,"pre6_4g_upload_mbps":2.791607966666666,"post6_4g_upload_mbps":2.6425316,"delta_4g_upload_mbps":-0.14907636666666635,"pct_4g_upload_upgrade":-0.053401612420769684,"pre6_4g_latency_ms":51.35848116666667,"post6_4g_latency_ms":46.80234,"delta_4g_latency_ms":-4.55614116666667,"pct_4g_latency_improvement":0.09734857630337856,"pre6_4g_time_pct":97.44947483333334,"post6_4g_time_pct":98.19336,"delta_4g_time_pp":0.7438851666666579,"pre6_4g_packet_loss_pct":0.57505825,"post6_4g_packet_loss_pct":0.5077008,"delta_4g_packet_loss_pp":-0.06735745000000004,"pct_4g_packet_loss_improvement":0.1326715459183836,"composite_upgrade_score":0.061993815493311184,"pre6_4g_download_measurements":68975.16666666667,"post6_4g_download_measurements":59299.0,"last_yearmonth_available":202512},"geometry":{"type":"Polygon","coordinates":[[[-77.053347,-12.049172],[-77.042368,-12.050871],[-77.049736,-12.07019],[-77.061223,-12.067527],[-77.053347,-12.049172]]]}},{"type":"Feature","properties":{"ubigeo":"150106","department":"Lima","province":"Lima","district":"Carabayllo","has_shutdown_3g":true,"carrier":"MOVISTAR","breakpoint_yearmonth":202512,"months_pre":35,"months_post":1,"pre6_4g_download_mbps":13.384182166666667,"post6_4g_download_mbps":14.673113,"delta_4g_download_mbps":1.2889308333333336,"pct_4g_download_upgrade":0.09630254708751784,"pre6_4g_upload_mbps":3.7579709999999995,"post6_4g_upload_mbps":3.4926312,"delta_4g_upload_mbps":-0.26533979999999957,"pct_4g_upload_upgrade":-0.07060719734133114,"pre6_4g_latency_ms":48.05526366666666,"post6_4g_latency_ms":41.257046,"delta_4g_latency_ms":-6.798217666666659,"pct_4g_latency_improvement":0.1647771308364312,"pre6_4g_time_pct":96.87598583333333,"post6_4g_time_pct":98.51298,"delta_4g_time_pp":1.6369941666666676,"pre6_4g_packet_loss_pct":0.4890367850000001,"post6_4g_packet_loss_pct":0.313103,"delta_4g_packet_loss_pp":-0.17593378500000006,"pct_4g_packet_loss_improvement":0.5619038623072921,"composite_upgrade_score":0.09967490630827987,"pre6_4g_download_measurements":153186.5,"post6_4g_download_measurements":153985.0,"last_yearmonth_available":202512},"geometry":{"type":"Polygon","coordinates":[[[-76.902149,-11.728872],[-76.804868,-11.755874],[-76.851238,-11.79815],[-76.905764,-11.795364],[-76.903822,-11.823725],[-76.935643,-11.833684],[-76.942275,-11.860867],[-76.990523,-11.900129],[-77.03075,-11.910148],[-77.05406,-11.88984],[-77.062696,-11.851787],[-77.085303,-11.840896],[-77.092208,-11.803575],[-77.057014,-11.78582],[-77.032453,-11.740793],[-76.996782,-11.752358],[-76.960694,-11.73414],[-76.933288,-11.756387],[-76.902149,-11.728872]]]}},{"type":"Feature","properties":{"ubigeo":"150110","department":"Lima","province":"Lima","district":"Comas","has_shutdown_3g":true,"carrier":"MOVISTAR","breakpoint_yearmonth":202512,"months_pre":35,"months_post":1,"pre6_4g_download_mbps":12.579241666666666,"post6_4g_download_mbps":13.004336,"delta_4g_download_mbps":0.4250943333333339,"pct_4g_download_upgrade":0.03379331954960185,"pre6_4g_upload_mbps":3.3426335666666667,"post6_4g_upload_mbps":3.673811,"delta_4g_upload_mbps":0.3311774333333335,"pct_4g_upload_upgrade":0.0990767987959833,"pre6_4g_latency_ms":49.211800000000004,"post6_4g_latency_ms":43.837074,"delta_4g_latency_ms":-5.374726000000003,"pct_4g_latency_improvement":0.12260686012027167,"pre6_4g_time_pct":94.55693933333333,"post6_4g_time_pct":96.63391,"delta_4g_time_pp":2.076970666666668,"pre6_4g_packet_loss_pct":0.5988925766666666,"post6_4g_packet_loss_pct":0.40450343,"delta_4g_packet_loss_pp":-0.19438914666666662,"pct_4g_packet_loss_improvement":0.48056241863429094,"composite_upgrade_score":0.0861741396010207,"pre6_4g_download_measurements":211936.5,"post6_4g_download_measurements":180465.0,"last_yearmonth_available":202512},"geometry":{"type":"Polygon","coordinates":[[[-77.05095,-11.88781],[-77.03075,-11.910148],[-76.987955,-11.897146],[-76.988389,-11.916308],[-77.05935,-11.977031],[-77.073655,-11.91771],[-77.05095,-11.88781]]]}},{"type":"Feature","properties":{"ubigeo":"150111","department":"Lima","province":"Lima","district":"El Agustino","has_shutdown_3g":true,"carrier":"MOVISTAR","breakpoint_yearmonth":202512,"months_pre":35,"months_post":1,"pre6_4g_download_mbps":12.138266666666667,"post6_4g_download_mbps":12.872557,"delta_4g_download_mbps":0.7342903333333339,"pct_4g_download_upgrade":0.06049383767039784,"pre6_4g_upload_mbps":3.1613643499999995,"post6_4g_upload_mbps":2.9826772,"delta_4g_upload_mbps":-0.17868714999999957,"pct_4g_upload_upgrade":-0.05652216265423493,"pre6_4g_latency_ms":53.068372666666654,"post6_4g_latency_ms":46.062786,"delta_4g_latency_ms":-7.005586666666652,"pct_4g_latency_improvement":0.15208777572999277,"pre6_4g_time_pct":94.00203666666665,"post6_4g_time_pct":96.220634,"delta_4g_time_pp":2.2185973333333493,"pre6_4g_packet_loss_pct":0.8196853150000001,"post6_4g_packet_loss_pct":0.7357603,"delta_4g_packet_loss_pp":-0.08392501500000005,"pct_4g_packet_loss_improvement":0.11406570183251263,"composite_upgrade_score":0.06277233569414775,"pre6_4g_download_measurements":64546.5,"post6_4g_download_measurements":59323.0,"last_yearmonth_available":202512},"geometry":{"type":"Polygon","coordinates":[[[-76.946378,-12.021164],[-76.934948,-12.022351],[-76.98815,-12.03955],[-76.981762,-12.062968],[-77.012321,-12.053645],[-77.009852,-12.030638],[-76.946378,-12.021164]]]}},{"type":"Feature","properties":{"ubigeo":"150112","department":"Lima","province":"Lima","district":"Independencia","has_shutdown_3g":true,"carrier":"MOVISTAR","breakpoint_yearmonth":202512,"months_pre":35,"months_post":1,"pre6_4g_download_mbps":12.281675833333333,"post6_4g_download_mbps":12.623341,"delta_4g_download_mbps":0.341665166666667,"pct_4g_download_upgrade":0.027819099877181452,"pre6_4g_upload_mbps":3.2208828166666663,"post6_4g_upload_mbps":2.998987,"delta_4g_upload_mbps":-0.22189581666666625,"pct_4g_upload_upgrade":-0.06889285618168162,"pre6_4g_latency_ms":51.897371166666666,"post6_4g_latency_ms":48.073074,"delta_4g_latency_ms":-3.8242971666666676,"pct_4g_latency_improvement":0.07955175004341664,"pre6_4g_time_pct":94.90482333333334,"post6_4g_time_pct":96.16739,"delta_4g_time_pp":1.2625666666666575,"pre6_4g_packet_loss_pct":0.861433255,"post6_4g_packet_loss_pct":0.8928392,"delta_4g_packet_loss_pp":0.031405945000000046,"pct_4g_packet_loss_improvement":-0.03517536528414078,"composite_upgrade_score":0.020816730770267446,"pre6_4g_download_measurements":98229.5,"post6_4g_download_measurements":78929.0,"last_yearmonth_available":202512},"geometry":{"type":"Polygon","coordinates":[[[-77.028717,-11.962519],[-77.047661,-12.017799],[-77.066026,-11.977484],[-77.028717,-11.962519]]]}},{"type":"Feature","properties":{"ubigeo":"150117","department":"Lima","province":"Lima","district":"Los Olivos","has_shutdown_3g":true,"carrier":"MOVISTAR","breakpoint_yearmonth":202512,"months_pre":35,"months_post":1,"pre6_4g_download_mbps":13.149542833333333,"post6_4g_download_mbps":14.186612,"delta_4g_download_mbps":1.037069166666667,"pct_4g_download_upgrade":0.07886731727568175,"pre6_4g_upload_mbps":3.1477227666666665,"post6_4g_upload_mbps":3.3811545,"delta_4g_upload_mbps":0.23343173333333356,"pct_4g_upload_upgrade":0.07415892397046453,"pre6_4g_latency_ms":49.8679615,"post6_4g_latency_ms":45.78154,"delta_4g_latency_ms":-4.0864215,"pct_4g_latency_improvement":0.08925915336181345,"pre6_4g_time_pct":96.22876066666667,"post6_4g_time_pct":97.60834,"delta_4g_time_pp":1.379579333333325,"pre6_4g_packet_loss_pct":0.5827119866666667,"post6_4g_packet_loss_pct":0.37121418,"delta_4g_packet_loss_pp":-0.21149780666666668,"pct_4g_packet_loss_improvement":0.5697460335881206,"composite_upgrade_score":0.09554222452570175,"pre6_4g_download_measurements":165156.16666666666,"post6_4g_download_measurements":157474.0,"last_yearmonth_available":202512},"geometry":{"type":"Polygon","coordinates":[[[-77.073638,-11.917776],[-77.061314,-12.008485],[-77.079827,-12.012676],[-77.087951,-11.973688],[-77.073638,-11.917776]]]}},{"type":"Feature","properties":{"ubigeo":"150125","department":"Lima","province":"Lima","district":"Puente Piedra","has_shutdown_3g":true,"carrier":"MOVISTAR","breakpoint_yearmonth":202512,"months_pre":35,"months_post":1,"pre6_4g_download_mbps":12.369981083333334,"post6_4g_download_mbps":13.04161,"delta_4g_download_mbps":0.6716289166666662,"pct_4g_download_upgrade":0.054295064167202645,"pre6_4g_upload_mbps":2.9603677666666663,"post6_4g_upload_mbps":2.882837,"delta_4g_upload_mbps":-0.07753076666666647,"pct_4g_upload_upgrade":-0.026189572640146985,"pre6_4g_latency_ms":52.666148333333325,"post6_4g_latency_ms":47.783646,"delta_4g_latency_ms":-4.882502333333328,"pct_4g_latency_improvement":0.10217935930073918,"pre6_4g_time_pct":96.09226316666667,"post6_4g_time_pct":97.47865,"delta_4g_time_pp":1.386386833333333,"pre6_4g_packet_loss_pct":0.8885778683333333,"post6_4g_packet_loss_pct":0.6092508,"delta_4g_packet_loss_pp":-0.2793270683333333,"pct_4g_packet_loss_improvement":0.458476325896221,"composite_upgrade_score":0.06833782614085486,"pre6_4g_download_measurements":119452.66666666667,"post6_4g_download_measurements":103928.0,"last_yearmonth_available":202512},"geometry":{"type":"Polygon","coordinates":[[[-77.09307,-11.806857],[-77.05406,-11.88984],[-77.095244,-11.949659],[-77.092434,-11.883082],[-77.126348,-11.819728],[-77.09307,-11.806857]]]}},{"type":"Feature","properties":{"ubigeo":"150127","department":"Lima","province":"Lima","district":"Punta Negra","has_shutdown_3g":true,"carrier":"MOVISTAR","breakpoint_yearmonth":202504,"months_pre":27,"months_post":9,"pre6_4g_download_mbps":11.253182749999999,"post6_4g_download_mbps":12.357402666666667,"delta_4g_download_mbps":1.1042199166666684,"pct_4g_download_upgrade":0.09812512079452973,"pre6_4g_upload_mbps":3.8883354833333335,"post6_4g_upload_mbps":3.619099,"delta_4g_upload_mbps":-0.2692364833333336,"pct_4g_upload_upgrade":-0.06924209201787457,"pre6_4g_latency_ms":56.27126566666667,"post6_4g_latency_ms":48.36061883333334,"delta_4g_latency_ms":-7.910646833333331,"pct_4g_latency_improvement":0.16357621188835547,"pre6_4g_time_pct":87.09372333333333,"post6_4g_time_pct":97.33356666666668,"delta_4g_time_pp":10.239843333333354,"pre6_4g_packet_loss_pct":0.41907039166666665,"post6_4g_packet_loss_pct":0.38094369166666664,"delta_4g_packet_loss_pp":-0.03812670000000001,"pct_4g_packet_loss_improvement":0.10008487037334013,"composite_upgrade_score":0.09012179600588661,"pre6_4g_download_measurements":7551.5,"post6_4g_download_measurements":10016.166666666666,"last_yearmonth_available":202512},"geometry":{"type":"Polygon","coordinates":[[[-76.643051,-12.212148],[-76.620962,-12.238168],[-76.65417,-12.30506],[-76.67842,-12.33349],[-76.73214,-12.34351],[-76.789203,-12.383926],[-76.817121,-12.345972],[-76.69354,-12.26984],[-76.643051,-12.212148]]]}},{"type":"Feature","properties":{"ubigeo":"150132","department":"Lima","province":"Lima","district":"San Juan De Lurigancho","has_shutdown_3g":true,"carrier":"MOVISTAR","breakpoint_yearmonth":202512,"months_pre":35,"months_post":1,"pre6_4g_download_mbps":12.709999083333331,"post6_4g_download_mbps":12.714674,"delta_4g_download_mbps":0.004674916666669304,"pct_4g_download_upgrade":0.0003678140837004573,"pre6_4g_upload_mbps":3.3254927666666667,"post6_4g_upload_mbps":3.130512,"delta_4g_upload_mbps":-0.19498076666666675,"pct_4g_upload_upgrade":-0.058632142767252926,"pre6_4g_latency_ms":48.95463216666667,"post6_4g_latency_ms":44.029133,"delta_4g_latency_ms":-4.925499166666668,"pct_4g_latency_improvement":0.11186909282693946,"pre6_4g_time_pct":94.71556083333331,"post6_4g_time_pct":95.797874,"delta_4g_time_pp":1.0823131666666796,"pre6_4g_packet_loss_pct":0.59570462,"post6_4g_packet_loss_pct":0.4460143,"delta_4g_packet_loss_pp":-0.14969032000000004,"pct_4g_packet_loss_improvement":0.3356177593409002,"composite_upgrade_score":0.03772393514217214,"pre6_4g_download_measurements":373115.5,"post6_4g_download_measurements":350234.0,"last_yearmonth_available":202512},"geometry":{"type":"Polygon","coordinates":[[[-76.94117,-11.862157],[-76.894929,-11.865749],[-76.915024,-11.927115],[-76.950169,-11.953752],[-76.969398,-11.994927],[-76.952401,-12.021421],[-77.016877,-12.03613],[-77.028281,-11.960678],[-76.987955,-11.897146],[-76.94117,-11.862157]]]}},{"type":"Feature","properties":{"ubigeo":"150134","department":"Lima","province":"Lima","district":"San Luis","has_shutdown_3g":true,"carrier":"MOVISTAR","breakpoint_yearmonth":202510,"months_pre":33,"months_post":3,"pre6_4g_download_mbps":11.016371333333334,"post6_4g_download_mbps":12.929778166666665,"delta_4g_download_mbps":1.9134068333333314,"pct_4g_download_upgrade":0.17368757601187101,"pre6_4g_upload_mbps":3.3580240499999996,"post6_4g_upload_mbps":3.5060420000000003,"delta_4g_upload_mbps":0.14801795000000073,"pct_4g_upload_upgrade":0.044078883234919264,"pre6_4g_latency_ms":54.98450166666666,"post6_4g_latency_ms":47.829827333333334,"delta_4g_latency_ms":-7.154674333333325,"pct_4g_latency_improvement":0.14958603725393593,"pre6_4g_time_pct":96.6887175,"post6_4g_time_pct":98.59108200000001,"delta_4g_time_pp":1.9023645000000187,"pre6_4g_packet_loss_pct":0.41902680500000006,"post6_4g_packet_loss_pct":0.4518014633333334,"delta_4g_packet_loss_pp":0.03277465833333332,"pct_4g_packet_loss_improvement":-0.07254216949968706,"composite_upgrade_score":0.11270981047848595,"pre6_4g_download_measurements":50151.5,"post6_4g_download_measurements":43391.666666666664,"last_yearmonth_available":202512},"geometry":{"type":"Polygon","coordinates":[[[-76.99876,-12.060505],[-76.987305,-12.079933],[-77.004139,-12.084078],[-76.99876,-12.060505]]]}},{"type":"Feature","properties":{"ubigeo":"150135","department":"Lima","province":"Lima","district":"San Martin De Porres","has_shutdown_3g":true,"carrier":"MOVISTAR","breakpoint_yearmonth":202512,"months_pre":35,"months_post":1,"pre6_4g_download_mbps":12.848277083333334,"post6_4g_download_mbps":13.162756,"delta_4g_download_mbps":0.3144789166666655,"pct_4g_download_upgrade":0.02447634921219155,"pre6_4g_upload_mbps":2.8064050833333334,"post6_4g_upload_mbps":2.649063,"delta_4g_upload_mbps":-0.15734208333333344,"pct_4g_upload_upgrade":-0.05606535003366264,"pre6_4g_latency_ms":51.312100833333325,"post6_4g_latency_ms":46.59859,"delta_4g_latency_ms":-4.7135108333333235,"pct_4g_latency_improvement":0.10115136173290495,"pre6_4g_time_pct":94.49215500000001,"post6_4g_time_pct":96.19902,"delta_4g_time_pp":1.7068649999999934,"pre6_4g_packet_loss_pct":0.5963126,"post6_4g_packet_loss_pct":0.53800607,"delta_4g_packet_loss_pp":-0.05830652999999997,"pct_4g_packet_loss_improvement":0.10837522706760527,"composite_upgrade_score":0.03464763646643372,"pre6_4g_download_measurements":290867.8333333333,"post6_4g_download_measurements":275938.0,"last_yearmonth_available":202512},"geometry":{"type":"Polygon","coordinates":[[[-77.084028,-11.936892],[-77.081898,-12.00841],[-77.053799,-12.00741],[-77.043472,-12.03885],[-77.093481,-12.038431],[-77.087639,-12.014553],[-77.118047,-11.994862],[-77.10971,-11.976156],[-77.128502,-11.937592],[-77.096695,-11.94997],[-77.084028,-11.936892]]]}},{"type":"Feature","properties":{"ubigeo":"150502","department":"Lima","province":"Cañete","district":"Asia","has_shutdown_3g":true,"carrier":"MOVISTAR","breakpoint_yearmonth":202512,"months_pre":35,"months_post":1,"pre6_4g_download_mbps":12.396761916666668,"post6_4g_download_mbps":13.058048,"delta_4g_download_mbps":0.6612860833333318,"pct_4g_download_upgrade":0.05334345273214236,"pre6_4g_upload_mbps":2.800889983333333,"post6_4g_upload_mbps":2.6722717,"delta_4g_upload_mbps":-0.12861828333333314,"pct_4g_upload_upgrade":-0.045920505303198245,"pre6_4g_latency_ms":43.29803783333333,"post6_4g_latency_ms":39.481277,"delta_4g_latency_ms":-3.8167608333333334,"pct_4g_latency_improvement":0.09667267939011537,"pre6_4g_time_pct":91.6663515,"post6_4g_time_pct":93.469986,"delta_4g_time_pp":1.8036345000000011,"pre6_4g_packet_loss_pct":0.3155768216666667,"post6_4g_packet_loss_pct":0.27123353,"delta_4g_packet_loss_pp":-0.04434329166666667,"pct_4g_packet_loss_improvement":0.16348749974483856,"composite_upgrade_score":0.04949730188214798,"pre6_4g_download_measurements":25576.5,"post6_4g_download_measurements":30783.0,"last_yearmonth_available":202512},"geometry":{"type":"Polygon","coordinates":[[[-76.55852,-12.821364],[-76.638475,-12.740881],[-76.629768,-12.721447],[-76.593181,-12.730495],[-76.564609,-12.683793],[-76.509235,-12.712255],[-76.501776,-12.768367],[-76.402123,-12.769396],[-76.428932,-12.880801],[-76.506439,-12.923621],[-76.519478,-12.850451],[-76.55852,-12.821364]]]}},{"type":"Feature","properties":{"ubigeo":"150504","department":"Lima","province":"Cañete","district":"Cerro Azul","has_shutdown_3g":true,"carrier":"MOVISTAR","breakpoint_yearmonth":202512,"months_pre":35,"months_post":1,"pre6_4g_download_mbps":13.2613575,"post6_4g_download_mbps":11.54998,"delta_4g_download_mbps":-1.711377500000001,"pct_4g_download_upgrade":-0.1290499483178853,"pre6_4g_upload_mbps":2.7400179333333328,"post6_4g_upload_mbps":2.4792051,"delta_4g_upload_mbps":-0.2608128333333326,"pct_4g_upload_upgrade":-0.09518654245304303,"pre6_4g_latency_ms":53.03417916666667,"post6_4g_latency_ms":49.461555,"delta_4g_latency_ms":-3.572624166666671,"pct_4g_latency_improvement":0.07223032447456768,"pre6_4g_time_pct":96.67748266666668,"post6_4g_time_pct":95.47804,"delta_4g_time_pp":-1.199442666666684,"pre6_4g_packet_loss_pct":0.4065232749999999,"post6_4g_packet_loss_pct":0.73082286,"delta_4g_packet_loss_pp":0.32429958500000006,"pct_4g_packet_loss_improvement":-0.443745814136137,"composite_upgrade_score":-0.07182683428327553,"pre6_4g_download_measurements":14533.5,"post6_4g_download_measurements":9661.0,"last_yearmonth_available":202512},"geometry":{"type":"Polygon","coordinates":[[[-76.477815,-13.045661],[-76.515698,-12.954954],[-76.506439,-12.923621],[-76.431697,-12.879183],[-76.446783,-12.956354],[-76.428291,-12.95956],[-76.432426,-13.032256],[-76.467965,-13.055799],[-76.477815,-13.045661]]]}},{"type":"Feature","properties":{"ubigeo":"150505","department":"Lima","province":"Cañete","district":"Chilca","has_shutdown_3g":true,"carrier":"MOVISTAR","breakpoint_yearmonth":202510,"months_pre":33,"months_post":3,"pre6_4g_download_mbps":11.779838666666668,"post6_4g_download_mbps":12.980374833333334,"delta_4g_download_mbps":1.2005361666666658,"pct_4g_download_upgrade":0.10191448292613847,"pre6_4g_upload_mbps":2.7712387333333335,"post6_4g_upload_mbps":2.7785393999999997,"delta_4g_upload_mbps":0.007300666666666178,"pct_4g_upload_upgrade":0.0026344416231094403,"pre6_4g_latency_ms":60.32545533333333,"post6_4g_latency_ms":53.19122833333333,"delta_4g_latency_ms":-7.134227000000003,"pct_4g_latency_improvement":0.13412412579179334,"pre6_4g_time_pct":92.01589166666668,"post6_4g_time_pct":94.60561,"delta_4g_time_pp":2.589718333333323,"pre6_4g_packet_loss_pct":0.8853221866666668,"post6_4g_packet_loss_pct":1.2445645666666667,"delta_4g_packet_loss_pp":0.35924237999999986,"pct_4g_packet_loss_improvement":-0.28864905013499087,"composite_upgrade_score":0.06414411585512059,"pre6_4g_download_measurements":18221.0,"post6_4g_download_measurements":16069.666666666666,"last_yearmonth_available":202512},"geometry":{"type":"Polygon","coordinates":[[[-76.555656,-12.275937],[-76.516105,-12.385953],[-76.483281,-12.409801],[-76.452766,-12.404264],[-76.464096,-12.439713],[-76.519576,-12.451945],[-76.555454,-12.481898],[-76.579289,-12.475879],[-76.59891,-12.496544],[-76.645456,-12.485791],[-76.701191,-12.555248],[-76.726111,-12.561482],[-76.784164,-12.519932],[-76.7908,-12.50312],[-76.751916,-12.463402],[-76.755484,-12.398213],[-76.683411,-12.38211],[-76.664427,-12.357659],[-76.607074,-12.369084],[-76.589476,-12.299729],[-76.555656,-12.275937]]]}},{"type":"Feature","properties":{"ubigeo":"150509","department":"Lima","province":"Cañete","district":"Mala","has_shutdown_3g":true,"carrier":"MOVISTAR","breakpoint_yearmonth":202512,"months_pre":35,"months_post":1,"pre6_4g_download_mbps":12.043643666666666,"post6_4g_download_mbps":12.796713,"delta_4g_download_mbps":0.7530693333333343,"pct_4g_download_upgrade":0.06252836385533489,"pre6_4g_upload_mbps":4.5631910499999995,"post6_4g_upload_mbps":4.815809,"delta_4g_upload_mbps":0.2526179500000003,"pct_4g_upload_upgrade":0.055359932825955305,"pre6_4g_latency_ms":51.204088500000005,"post6_4g_latency_ms":46.94192,"delta_4g_latency_ms":-4.262168500000001,"pct_4g_latency_improvement":0.09079663763220602,"pre6_4g_time_pct":95.47308233333335,"post6_4g_time_pct":96.4607,"delta_4g_time_pp":0.987617666666651,"pre6_4g_packet_loss_pct":0.494074315,"post6_4g_packet_loss_pct":0.34457418,"delta_4g_packet_loss_pp":-0.14950013499999998,"pct_4g_packet_loss_improvement":0.43386923245380715,"composite_upgrade_score":0.07918938299676909,"pre6_4g_download_measurements":54072.0,"post6_4g_download_measurements":54257.0,"last_yearmonth_available":202512},"geometry":{"type":"Polygon","coordinates":[[[-76.598891,-12.583604],[-76.553583,-12.59036],[-76.54137,-12.607228],[-76.569959,-12.658805],[-76.572547,-12.700801],[-76.604592,-12.737054],[-76.656182,-12.699414],[-76.661162,-12.679496],[-76.61402,-12.57833],[-76.598891,-12.583604]]]}},{"type":"Feature","properties":{"ubigeo":"150806","department":"Lima","province":"Huaura","district":"Huaura","has_shutdown_3g":true,"carrier":"MOVISTAR","breakpoint_yearmonth":202512,"months_pre":35,"months_post":1,"pre6_4g_download_mbps":10.664326833333332,"post6_4g_download_mbps":10.464309,"delta_4g_download_mbps":-0.200017833333332,"pct_4g_download_upgrade":-0.01875578613252349,"pre6_4g_upload_mbps":2.7352997500000007,"post6_4g_upload_mbps":2.4512477,"delta_4g_upload_mbps":-0.28405205000000056,"pct_4g_upload_upgrade":-0.10384677218648541,"pre6_4g_latency_ms":60.45177333333333,"post6_4g_latency_ms":53.78011,"delta_4g_latency_ms":-6.671663333333328,"pct_4g_latency_improvement":0.12405447540611814,"pre6_4g_time_pct":91.255217,"post6_4g_time_pct":88.71987,"delta_4g_time_pp":-2.5353470000000016,"pre6_4g_packet_loss_pct":0.5533439216666667,"post6_4g_packet_loss_pct":0.42379656,"delta_4g_packet_loss_pp":-0.1295473616666667,"pct_4g_packet_loss_improvement":0.3056829004621149,"composite_upgrade_score":0.01941541309365307,"pre6_4g_download_measurements":13114.333333333334,"post6_4g_download_measurements":4919.0,"last_yearmonth_available":202512},"geometry":{"type":"Polygon","coordinates":[[[-77.396181,-10.878954],[-77.326316,-10.906561],[-77.336863,-10.927069],[-77.324315,-10.957883],[-77.361515,-11.042121],[-77.36106,-11.11007],[-77.44051,-11.10604],[-77.556085,-11.06624],[-77.628291,-11.08441],[-77.637312,-11.066734],[-77.601187,-11.055077],[-77.604807,-11.031893],[-77.53919,-11.01333],[-77.525711,-10.93198],[-77.419574,-10.906516],[-77.396181,-10.878954]]]}},{"type":"Feature","properties":{"ubigeo":"200101","department":"Piura","province":"Piura","district":"Piura","has_shutdown_3g":true,"carrier":"MOVISTAR","breakpoint_yearmonth":202412,"months_pre":23,"months_post":13,"pre6_4g_download_mbps":10.630088833333334,"post6_4g_download_mbps":11.070702166666669,"delta_4g_download_mbps":0.4406133333333351,"pct_4g_download_upgrade":0.04144963793262768,"pre6_4g_upload_mbps":2.8387493999999998,"post6_4g_upload_mbps":2.8198028833333333,"delta_4g_upload_mbps":-0.01894651666666647,"pct_4g_upload_upgrade":-0.006674247704523184,"pre6_4g_latency_ms":75.5501005,"post6_4g_latency_ms":61.50554066666666,"delta_4g_latency_ms":-14.044559833333338,"pct_4g_latency_improvement":0.2283462543553394,"pre6_4g_time_pct":95.38674483333334,"post6_4g_time_pct":95.225079,"delta_4g_time_pp":-0.16166583333334472,"pre6_4g_packet_loss_pct":0.534864415,"post6_4g_packet_loss_pct":0.38005257,"delta_4g_packet_loss_pp":-0.15481184500000006,"pct_4g_packet_loss_improvement":0.4073432393839622,"composite_upgrade_score":0.09278994482540553,"pre6_4g_download_measurements":151062.33333333334,"post6_4g_download_measurements":119378.16666666667,"last_yearmonth_available":202512},"geometry":{"type":"Polygon","coordinates":[[[-80.602722,-4.975108],[-80.595935,-5.006518],[-80.60918,-5.034137],[-80.630783,-5.041473],[-80.6105,-5.073016],[-80.632701,-5.103428],[-80.614289,-5.156814],[-80.648517,-5.225937],[-80.639106,-5.193256],[-80.66027,-5.185198],[-80.646782,-5.182314],[-80.66033,-5.173167],[-80.65124,-5.164902],[-80.68749,-5.117608],[-80.741604,-5.123639],[-80.700324,-5.017623],[-80.656881,-5.023554],[-80.645286,-4.978582],[-80.602722,-4.975108]]]}},{"type":"Feature","properties":{"ubigeo":"200104","department":"Piura","province":"Piura","district":"Castilla","has_shutdown_3g":true,"carrier":"MOVISTAR","breakpoint_yearmonth":202412,"months_pre":23,"months_post":13,"pre6_4g_download_mbps":10.618500583333335,"post6_4g_download_mbps":10.975581666666665,"delta_4g_download_mbps":0.35708108333333044,"pct_4g_download_upgrade":0.0336282020734453,"pre6_4g_upload_mbps":2.9523693333333334,"post6_4g_upload_mbps":2.9802624666666664,"delta_4g_upload_mbps":0.027893133333332987,"pct_4g_upload_upgrade":0.00944771137486411,"pre6_4g_latency_ms":75.23888000000001,"post6_4g_latency_ms":61.70075283333333,"delta_4g_latency_ms":-13.538127166666676,"pct_4g_latency_improvement":0.21941591544654226,"pre6_4g_time_pct":95.81653016666667,"post6_4g_time_pct":97.07412333333332,"delta_4g_time_pp":1.257593166666652,"pre6_4g_packet_loss_pct":0.5937321583333333,"post6_4g_packet_loss_pct":0.39201873833333334,"delta_4g_packet_loss_pp":-0.20171341999999992,"pct_4g_packet_loss_improvement":0.5145504545460862,"composite_upgrade_score":0.09733632887454759,"pre6_4g_download_measurements":98901.83333333333,"post6_4g_download_measurements":82830.33333333333,"last_yearmonth_available":202512},"geometry":{"type":"Polygon","coordinates":[[[-80.582671,-4.965569],[-80.57772,-4.980495],[-80.562091,-4.967827],[-80.55214,-4.996],[-80.503535,-4.999999],[-80.50243,-4.982403],[-80.420902,-5.057648],[-80.446196,-5.144572],[-80.35372,-5.140146],[-80.364265,-5.232498],[-80.516833,-5.235619],[-80.555472,-5.258151],[-80.621883,-5.24899],[-80.648517,-5.225937],[-80.614191,-5.15607],[-80.632701,-5.103428],[-80.6105,-5.073016],[-80.630783,-5.041473],[-80.606963,-5.031561],[-80.59416,-4.99699],[-80.602722,-4.975108],[-80.582671,-4.965569]]]}},{"type":"Feature","properties":{"ubigeo":"200105","department":"Piura","province":"Piura","district":"Catacaos","has_shutdown_3g":true,"carrier":"MOVISTAR","breakpoint_yearmonth":202411,"months_pre":22,"months_post":14,"pre6_4g_download_mbps":8.523658916666667,"post6_4g_download_mbps":9.294575333333333,"delta_4g_download_mbps":0.7709164166666653,"pct_4g_download_upgrade":0.0904443061604987,"pre6_4g_upload_mbps":3.5702314333333334,"post6_4g_upload_mbps":2.8185971166666666,"delta_4g_upload_mbps":-0.7516343166666668,"pct_4g_upload_upgrade":-0.21052817743103736,"pre6_4g_latency_ms":78.26095933333333,"post6_4g_latency_ms":60.83280299999999,"delta_4g_latency_ms":-17.42815633333334,"pct_4g_latency_improvement":0.28649273868464253,"pre6_4g_time_pct":96.67953516666667,"post6_4g_time_pct":98.16506233333335,"delta_4g_time_pp":1.4855271666666852,"pre6_4g_packet_loss_pct":0.6856563716666666,"post6_4g_packet_loss_pct":0.4339611399999999,"delta_4g_packet_loss_pp":-0.2516952316666667,"pct_4g_packet_loss_improvement":0.5799948623664015,"composite_upgrade_score":0.10744971438902462,"pre6_4g_download_measurements":31616.833333333332,"post6_4g_download_measurements":29030.666666666668,"last_yearmonth_available":202512},"geometry":{"type":"Polygon","coordinates":[[[-80.739316,-5.157472],[-80.621883,-5.24899],[-80.555472,-5.258151],[-80.516833,-5.235619],[-80.346659,-5.233203],[-80.351405,-5.259831],[-80.259134,-5.33033],[-80.082873,-5.560409],[-80.052579,-5.5556],[-80.069959,-5.646171],[-80.061067,-5.6844],[-80.095171,-5.702608],[-80.092134,-5.795073],[-80.253395,-5.694422],[-80.53463,-5.601606],[-80.566676,-5.476015],[-80.525635,-5.421092],[-80.493696,-5.304081],[-80.588299,-5.301271],[-80.642597,-5.321373],[-80.744393,-5.299332],[-80.78523,-5.221928],[-80.805083,-5.221934],[-80.767764,-5.151495],[-80.739316,-5.157472]]]}},{"type":"Feature","properties":{"ubigeo":"200115","department":"Piura","province":"Piura","district":"Veintiseis De Octubre","has_shutdown_3g":true,"carrier":"MOVISTAR","breakpoint_yearmonth":202412,"months_pre":23,"months_post":13,"pre6_4g_download_mbps":9.117502333333334,"post6_4g_download_mbps":10.074332333333334,"delta_4g_download_mbps":0.9568300000000001,"pct_4g_download_upgrade":0.10494431095475076,"pre6_4g_upload_mbps":3.1580780333333336,"post6_4g_upload_mbps":3.10231975,"delta_4g_upload_mbps":-0.05575828333333366,"pct_4g_upload_upgrade":-0.0176557649129655,"pre6_4g_latency_ms":76.15715166666666,"post6_4g_latency_ms":61.054985666666674,"delta_4g_latency_ms":-15.10216599999999,"pct_4g_latency_improvement":0.2473535262533868,"pre6_4g_time_pct":97.45815333333333,"post6_4g_time_pct":98.05868533333334,"delta_4g_time_pp":0.6005320000000154,"pre6_4g_packet_loss_pct":0.6655853966666666,"post6_4g_packet_loss_pct":0.4145437566666667,"delta_4g_packet_loss_pp":-0.2510416399999999,"pct_4g_packet_loss_improvement":0.605585383841305,"composite_upgrade_score":0.13234780840036747,"pre6_4g_download_measurements":84552.83333333333,"post6_4g_download_measurements":92823.33333333333,"last_yearmonth_available":202512},"geometry":{"type":"Polygon","coordinates":[[[-80.681561,-5.139534],[-80.65124,-5.164902],[-80.65422,-5.192867],[-80.639106,-5.193256],[-80.65405,-5.217451],[-80.69169,-5.202104],[-80.707324,-5.170142],[-80.767764,-5.151495],[-80.741604,-5.123639],[-80.68749,-5.117608],[-80.681561,-5.139534]]]}},{"type":"Feature","properties":{"ubigeo":"210101","department":"Puno","province":"Puno","district":"Puno","has_shutdown_3g":true,"carrier":"MOVISTAR","breakpoint_yearmonth":202511,"months_pre":34,"months_post":2,"pre6_4g_download_mbps":9.624984666666668,"post6_4g_download_mbps":11.087379,"delta_4g_download_mbps":1.4623943333333322,"pct_4g_download_upgrade":0.1519373156403987,"pre6_4g_upload_mbps":2.5910288500000003,"post6_4g_upload_mbps":3.0208756,"delta_4g_upload_mbps":0.42984674999999983,"pct_4g_upload_upgrade":0.16589809488227036,"pre6_4g_latency_ms":68.11725233333334,"post6_4g_latency_ms":61.456819499999995,"delta_4g_latency_ms":-6.660432833333346,"pct_4g_latency_improvement":0.10837581390513296,"pre6_4g_time_pct":94.988315,"post6_4g_time_pct":95.90214900000001,"delta_4g_time_pp":0.9138340000000085,"pre6_4g_packet_loss_pct":0.6497124266666667,"post6_4g_packet_loss_pct":0.51129757,"delta_4g_packet_loss_pp":-0.13841485666666675,"pct_4g_packet_loss_improvement":0.27071291707227707,"composite_upgrade_score":0.12765999081839716,"pre6_4g_download_measurements":186101.83333333334,"post6_4g_download_measurements":169136.5,"last_yearmonth_available":202512},"geometry":{"type":"Polygon","coordinates":[[[-70.028413,-15.77409],[-69.988664,-15.81906],[-70.01826,-15.829699],[-70.015081,-15.850703],[-69.995014,-15.864001],[-69.963699,-15.850638],[-69.922492,-15.872984],[-69.920206,-15.911061],[-69.958656,-15.915156],[-69.96569,-15.97715],[-70.01575,-15.96854],[-70.0671,-16.01055],[-70.143268,-16.023689],[-70.160027,-16.004782],[-70.165422,-15.94652],[-70.184416,-15.929786],[-70.177631,-15.90556],[-70.138366,-15.873775],[-70.141898,-15.814013],[-70.082082,-15.787015],[-70.051244,-15.802607],[-70.028413,-15.77409]]]}},{"type":"Feature","properties":{"ubigeo":"211101","department":"Puno","province":"San Roman","district":"Juliaca","has_shutdown_3g":true,"carrier":"MOVISTAR","breakpoint_yearmonth":202511,"months_pre":34,"months_post":2,"pre6_4g_download_mbps":9.839242,"post6_4g_download_mbps":11.4507035,"delta_4g_download_mbps":1.611461499999999,"pct_4g_download_upgrade":0.16377902891299945,"pre6_4g_upload_mbps":3.11579315,"post6_4g_upload_mbps":3.4491419,"delta_4g_upload_mbps":0.33334874999999986,"pct_4g_upload_upgrade":0.10698680366506363,"pre6_4g_latency_ms":66.65867283333334,"post6_4g_latency_ms":60.986805000000004,"delta_4g_latency_ms":-5.671867833333337,"pct_4g_latency_improvement":0.09300155719476266,"pre6_4g_time_pct":94.979786,"post6_4g_time_pct":95.4224225,"delta_4g_time_pp":0.4426364999999919,"pre6_4g_packet_loss_pct":0.94002854,"post6_4g_packet_loss_pct":0.728433425,"delta_4g_packet_loss_pp":-0.21159511500000006,"pct_4g_packet_loss_improvement":0.29047968934154844,"composite_upgrade_score":0.1199979606307274,"pre6_4g_download_measurements":226510.33333333334,"post6_4g_download_measurements":189300.5,"last_yearmonth_available":202512},"geometry":{"type":"Polygon","coordinates":[[[-70.274263,-15.314284],[-70.18074,-15.376987],[-70.190869,-15.406548],[-70.140331,-15.436363],[-70.135887,-15.481206],[-70.107077,-15.463909],[-70.076446,-15.475022],[-70.076421,-15.517171],[-70.094035,-15.512228],[-70.101271,-15.538342],[-70.142889,-15.535393],[-70.153748,-15.553911],[-70.210174,-15.568625],[-70.221435,-15.548186],[-70.265312,-15.572533],[-70.27081,-15.510943],[-70.29674,-15.48874],[-70.28877,-15.46435],[-70.32062,-15.45328],[-70.341104,-15.41516],[-70.3063,-15.386045],[-70.268696,-15.395483],[-70.266866,-15.374938],[-70.292373,-15.354217],[-70.274263,-15.314284]]]}},{"type":"Feature","properties":{"ubigeo":"211104","department":"Puno","province":"San Roman","district":"Caracoto","has_shutdown_3g":true,"carrier":"MOVISTAR","breakpoint_yearmonth":202511,"months_pre":34,"months_post":2,"pre6_4g_download_mbps":8.681847883333335,"post6_4g_download_mbps":11.31716475,"delta_4g_download_mbps":2.635316866666665,"pct_4g_download_upgrade":0.3035433126772147,"pre6_4g_upload_mbps":2.5019272166666666,"post6_4g_upload_mbps":1.340519,"delta_4g_upload_mbps":-1.1614082166666666,"pct_4g_upload_upgrade":-0.464205436884778,"pre6_4g_latency_ms":65.88405116666665,"post6_4g_latency_ms":60.5718155,"delta_4g_latency_ms":-5.312235666666652,"pct_4g_latency_improvement":0.08770144369647714,"pre6_4g_time_pct":92.1281135,"post6_4g_time_pct":91.22782749999999,"delta_4g_time_pp":-0.9002860000000084,"pre6_4g_packet_loss_pct":0.83374614,"post6_4g_packet_loss_pct":0.8540537699999999,"delta_4g_packet_loss_pp":0.02030762999999991,"pct_4g_packet_loss_improvement":-0.023777929110950335,"composite_upgrade_score":0.07117254500674093,"pre6_4g_download_measurements":12357.833333333334,"post6_4g_download_measurements":8778.5,"last_yearmonth_available":202512},"geometry":{"type":"Polygon","coordinates":[[[-70.025395,-15.437926],[-70.028186,-15.458193],[-69.991418,-15.486629],[-69.99656,-15.5061],[-69.961782,-15.546815],[-70.010704,-15.552221],[-69.998178,-15.559652],[-70.02573,-15.5655],[-70.083742,-15.642463],[-70.123444,-15.637499],[-70.14547,-15.669876],[-70.17318,-15.6277],[-70.20823,-15.62666],[-70.192922,-15.602114],[-70.210174,-15.568625],[-70.153748,-15.553911],[-70.142889,-15.535393],[-70.101271,-15.538342],[-70.094035,-15.512228],[-70.070489,-15.505904],[-70.084045,-15.455238],[-70.025395,-15.437926]]]}},{"type":"Feature","properties":{"ubigeo":"211105","department":"Puno","province":"San Roman","district":"San Miguel","has_shutdown_3g":true,"carrier":"MOVISTAR","breakpoint_yearmonth":202511,"months_pre":34,"months_post":2,"pre6_4g_download_mbps":10.766995666666666,"post6_4g_download_mbps":11.284859749999999,"delta_4g_download_mbps":0.5178640833333326,"pct_4g_download_upgrade":0.0480973615450202,"pre6_4g_upload_mbps":3.35352105,"post6_4g_upload_mbps":3.0060658499999997,"delta_4g_upload_mbps":-0.3474552000000002,"pct_4g_upload_upgrade":-0.1036090708301951,"pre6_4g_latency_ms":69.62093850000001,"post6_4g_latency_ms":63.679301,"delta_4g_latency_ms":-5.941637500000006,"pct_4g_latency_improvement":0.09330563317584173,"pre6_4g_time_pct":93.39206933333334,"post6_4g_time_pct":96.77000749999999,"delta_4g_time_pp":3.3779381666666524,"pre6_4g_packet_loss_pct":0.9441338216666667,"post6_4g_packet_loss_pct":0.79932275,"delta_4g_packet_loss_pp":-0.14481107166666674,"pct_4g_packet_loss_improvement":0.18116720894865912,"composite_upgrade_score":0.041149259984872184,"pre6_4g_download_measurements":38139.666666666664,"post6_4g_download_measurements":47186.5,"last_yearmonth_available":202512},"geometry":{"type":"Polygon","coordinates":[[[-70.12355,-15.337257],[-70.090762,-15.389971],[-70.070647,-15.397427],[-70.081295,-15.398768],[-70.071134,-15.425239],[-70.083288,-15.470449],[-70.107136,-15.463922],[-70.124431,-15.484877],[-70.140331,-15.436363],[-70.190885,-15.398476],[-70.170634,-15.36402],[-70.12355,-15.337257]]]}},{"type":"Feature","properties":{"ubigeo":"220101","department":"San Martin","province":"Moyobamba","district":"Moyobamba","has_shutdown_3g":true,"carrier":"MOVISTAR","breakpoint_yearmonth":202511,"months_pre":34,"months_post":2,"pre6_4g_download_mbps":12.064091,"post6_4g_download_mbps":12.3749085,"delta_4g_download_mbps":0.31081750000000063,"pct_4g_download_upgrade":0.025763855726884,"pre6_4g_upload_mbps":2.580598166666667,"post6_4g_upload_mbps":2.45653875,"delta_4g_upload_mbps":-0.12405941666666687,"pct_4g_upload_upgrade":-0.04807389940407236,"pre6_4g_latency_ms":75.8857475,"post6_4g_latency_ms":75.819808,"delta_4g_latency_ms":-0.06593949999999893,"pct_4g_latency_improvement":0.0008696869820614683,"pre6_4g_time_pct":92.26036850000001,"post6_4g_time_pct":94.649585,"delta_4g_time_pp":2.389216499999989,"pre6_4g_packet_loss_pct":0.6128184133333333,"post6_4g_packet_loss_pct":0.579812725,"delta_4g_packet_loss_pp":-0.03300568833333328,"pct_4g_packet_loss_improvement":0.05692473950676624,"composite_upgrade_score":0.00974194085099641,"pre6_4g_download_measurements":21837.333333333332,"post6_4g_download_measurements":20129.5,"last_yearmonth_available":202512},"geometry":{"type":"Polygon","coordinates":[[[-77.736242,-5.40857],[-77.67187,-5.408771],[-77.59481,-5.464224],[-77.558119,-5.425578],[-77.492271,-5.519704],[-77.507365,-5.552664],[-77.472752,-5.554787],[-77.460831,-5.584694],[-77.4106,-5.589754],[-77.404241,-5.574366],[-77.37182,-5.567105],[-77.337026,-5.604026],[-77.27991,-5.601085],[-77.265801,-5.613969],[-77.231941,-5.595461],[-77.202161,-5.634464],[-77.178672,-5.641424],[-77.142352,-5.625439],[-77.12691,-5.650994],[-76.995606,-5.667119],[-76.972908,-5.698953],[-76.892844,-5.747782],[-76.835451,-5.745555],[-76.816329,-5.807566],[-76.820203,-5.859286],[-76.746728,-5.954028],[-76.75923,-6.00847],[-76.84901,-6.03196],[-76.88406,-6.08113],[-76.87392,-6.09339],[-76.88499,-6.11273],[-76.913846,-6.093131],[-76.965836,-6.101227],[-77.013801,-6.082601],[-77.05566,-6.05091],[-77.02466,-6.03751],[-77.002577,-5.961318],[-77.030348,-5.939663],[-77.039104,-5.952824],[-77.05008,-5.936756],[-77.11601,-5.925123],[-77.118568,-5.935269],[-77.123553,-5.923906],[-77.148384,-5.942087],[-77.202488,-5.940347],[-77.212701,-5.907632],[-77.246467,-5.882767],[-77.237754,-5.860665],[-77.254543,-5.841838],[-77.251392,-5.804247],[-77.270282,-5.799409],[-77.267119,-5.778807],[-77.299634,-5.767444],[-77.295121,-5.757593],[-77.34027,-5.759403],[-77.359828,-5.719789],[-77.401645,-5.710207],[-77.424187,-5.677334],[-77.446069,-5.689655],[-77.50892,-5.67341],[-77.5333,-5.70444],[-77.57542,-5.71282],[-77.65901,-5.57198],[-77.64185,-5.52274],[-77.732527,-5.435382],[-77.736242,-5.40857]]]}},{"type":"Feature","properties":{"ubigeo":"230203","department":"Tacna","province":"Candarave","district":"Camilaca","has_shutdown_3g":true,"carrier":"MOVISTAR","breakpoint_yearmonth":202412,"months_pre":23,"months_post":13,"pre6_4g_download_mbps":7.522975333333332,"post6_4g_download_mbps":9.7300665,"delta_4g_download_mbps":2.2070911666666673,"pct_4g_download_upgrade":0.2933800881796502,"pre6_4g_upload_mbps":2.186151183333333,"post6_4g_upload_mbps":1.34288195,"delta_4g_upload_mbps":-0.8432692333333331,"pct_4g_upload_upgrade":-0.38573234996838546,"pre6_4g_latency_ms":95.78806100000001,"post6_4g_latency_ms":94.29317283333334,"delta_4g_latency_ms":-1.4948881666666693,"pct_4g_latency_improvement":0.01585362038149829,"pre6_4g_time_pct":66.20227666666666,"post6_4g_time_pct":90.58150666666667,"delta_4g_time_pp":24.379230000000007,"pre6_4g_packet_loss_pct":2.7626358166666662,"post6_4g_packet_loss_pct":1.963493493333333,"delta_4g_packet_loss_pp":-0.7991423233333332,"pct_4g_packet_loss_improvement":0.40700024015697944,"composite_upgrade_score":0.12037444487982583,"pre6_4g_download_measurements":4389.666666666667,"post6_4g_download_measurements":2813.5,"last_yearmonth_available":202512},"geometry":{"type":"Polygon","coordinates":[[[-70.401504,-16.990805],[-70.356766,-17.032187],[-70.347186,-17.062146],[-70.369309,-17.126406],[-70.34112,-17.19724],[-70.36047,-17.26427],[-70.439018,-17.33558],[-70.454271,-17.300643],[-70.572508,-17.194109],[-70.55505,-17.197663],[-70.527799,-17.168308],[-70.489606,-17.088447],[-70.448739,-17.080669],[-70.439201,-17.050363],[-70.461205,-16.998257],[-70.401504,-16.990805]]]}},{"type":"Feature","properties":{"ubigeo":"240101","department":"Tumbes","province":"Tumbes","district":"Tumbes","has_shutdown_3g":true,"carrier":"MOVISTAR","breakpoint_yearmonth":202511,"months_pre":34,"months_post":2,"pre6_4g_download_mbps":11.193017166666666,"post6_4g_download_mbps":12.337810999999999,"delta_4g_download_mbps":1.144793833333333,"pct_4g_download_upgrade":0.10227750179304507,"pre6_4g_upload_mbps":2.797421,"post6_4g_upload_mbps":2.3908323,"delta_4g_upload_mbps":-0.4065886999999999,"pct_4g_upload_upgrade":-0.14534412231837823,"pre6_4g_latency_ms":63.0033635,"post6_4g_latency_ms":62.056035,"delta_4g_latency_ms":-0.9473284999999976,"pct_4g_latency_improvement":0.015265694948122244,"pre6_4g_time_pct":96.95729333333334,"post6_4g_time_pct":96.533342,"delta_4g_time_pp":-0.4239513333333349,"pre6_4g_packet_loss_pct":0.4032214766666667,"post6_4g_packet_loss_pct":0.34360855999999995,"delta_4g_packet_loss_pp":-0.05961291666666674,"pct_4g_packet_loss_improvement":0.173490778770665,"composite_upgrade_score":0.030964418045025106,"pre6_4g_download_measurements":39723.833333333336,"post6_4g_download_measurements":38682.0,"last_yearmonth_available":202512},"geometry":{"type":"Polygon","coordinates":[[[-80.40901,-3.507665],[-80.37883,-3.494611],[-80.342272,-3.625089],[-80.460659,-3.597462],[-80.45681,-3.575707],[-80.495337,-3.529806],[-80.482811,-3.515942],[-80.497341,-3.503093],[-80.447425,-3.476576],[-80.398004,-3.48657],[-80.440207,-3.488989],[-80.405086,-3.491801],[-80.42472,-3.510491],[-80.40901,-3.507665]]]}},{"type":"Feature","properties":{"ubigeo":"240203","department":"Tumbes","province":"Contralmirante Villar","district":"Canoas De Punta Sal","has_shutdown_3g":true,"carrier":"MOVISTAR","breakpoint_yearmonth":202512,"months_pre":35,"months_post":1,"pre6_4g_download_mbps":12.346924833333333,"post6_4g_download_mbps":12.04685,"delta_4g_download_mbps":-0.3000748333333334,"pct_4g_download_upgrade":-0.024303608986361747,"pre6_4g_upload_mbps":2.650767066666667,"post6_4g_upload_mbps":3.6851676,"delta_4g_upload_mbps":1.0344005333333333,"pct_4g_upload_upgrade":0.3902268691734161,"pre6_4g_latency_ms":65.94695866666666,"post6_4g_latency_ms":73.07137,"delta_4g_latency_ms":7.124411333333342,"pct_4g_latency_improvement":-0.09749935348595962,"pre6_4g_time_pct":93.18567,"post6_4g_time_pct":92.08278,"delta_4g_time_pp":-1.1028900000000021,"pre6_4g_packet_loss_pct":0.3042893,"post6_4g_packet_loss_pct":0.4699248,"delta_4g_packet_loss_pp":0.1656355,"pct_4g_packet_loss_improvement":-0.3524723530232923,"composite_upgrade_score":0.005159795758813189,"pre6_4g_download_measurements":8484.166666666666,"post6_4g_download_measurements":7721.0,"last_yearmonth_available":202512},"geometry":{"type":"Polygon","coordinates":[[[-80.911921,-3.927922],[-80.842021,-3.881783],[-80.812603,-3.893284],[-80.800565,-3.953486],[-80.771097,-3.968157],[-80.784665,-3.991418],[-80.726279,-4.013426],[-80.840237,-4.100097],[-80.807958,-4.122528],[-80.860501,-4.167202],[-80.850531,-4.19099],[-80.882822,-4.192801],[-80.926887,-4.168797],[-80.967562,-4.172598],[-80.971322,-4.127117],[-81.019277,-4.112818],[-81.041911,-4.082922],[-80.987022,-3.984735],[-80.911921,-3.927922]]]}}]}