ADM_LEVEL_1_NAME,ADM_LEVEL_2_NAME,ADM_LEVEL_3_NAME,district_label,NETWORK_CARRIER,YEARMONTH,BREAKPOINT_YEARMONTH,relative_month,period,AVERAGE_THROUGHPUT_DOWNLOAD_3G,THROUGHPUT_DOWNLOAD_3G_MEASUREMENTS,AVERAGE_THROUGHPUT_DOWNLOAD_4G,THROUGHPUT_DOWNLOAD_4G_MEASUREMENTS,AVERAGE_THROUGHPUT_UPLOAD_4G,AVERAGE_LATENCY_4G,TIME_PERCENTAGE_3G,TIME_PERCENTAGE_4G,PACKET_LOSS_4G,IS_3G_ACTIVE_MONTH,IS_3G_ZERO_MONTH
Ancash,Yungay,Ranrahirca,"Ranrahirca, Yungay, Ancash",MOVISTAR,202301,202604,-39,pre_shutdown,0.0,0.0,6.3158574,647.0,0.0,94.10246,4.5261793,93.16827,1.5550239,False,True
Ancash,Yungay,Ranrahirca,"Ranrahirca, Yungay, Ancash",MOVISTAR,202302,202604,-38,pre_shutdown,0.0,0.0,5.6484966,852.0,0.0,96.2952,7.1064434,90.50653,1.0359656,False,True
Ancash,Yungay,Ranrahirca,"Ranrahirca, Yungay, Ancash",MOVISTAR,202303,202604,-37,pre_shutdown,0.0,0.0,3.3374166,837.0,0.0,97.415665,9.149783,88.463356,1.6137041,False,True
Ancash,Yungay,Ranrahirca,"Ranrahirca, Yungay, Ancash",MOVISTAR,202304,202604,-36,pre_shutdown,0.0,0.0,7.702751,1027.0,0.0,96.110085,10.167959,87.960236,1.5522876,False,True
Ancash,Yungay,Ranrahirca,"Ranrahirca, Yungay, Ancash",MOVISTAR,202305,202604,-35,pre_shutdown,0.0,0.0,5.355549,1387.0,0.0,99.14975,15.0972185,79.87584,1.5212982,False,True
Ancash,Yungay,Ranrahirca,"Ranrahirca, Yungay, Ancash",MOVISTAR,202306,202604,-34,pre_shutdown,0.0,0.0,5.221803,1944.0,0.0,92.730194,7.159617,90.464355,1.1280931,False,True
Ancash,Yungay,Ranrahirca,"Ranrahirca, Yungay, Ancash",MOVISTAR,202307,202604,-33,pre_shutdown,0.0,0.0,7.5366135,2879.0,4.4421177,92.51358,5.233068,88.94317,2.1002386,False,True
Ancash,Yungay,Ranrahirca,"Ranrahirca, Yungay, Ancash",MOVISTAR,202308,202604,-32,pre_shutdown,0.0,0.0,7.403905,2116.0,4.3712687,93.18856,4.859225,90.25339,1.5889287,False,True
Ancash,Yungay,Ranrahirca,"Ranrahirca, Yungay, Ancash",MOVISTAR,202309,202604,-31,pre_shutdown,0.0,0.0,4.7162633,519.0,0.0,97.719086,6.8459373,86.35072,1.1116601,False,True
Ancash,Yungay,Ranrahirca,"Ranrahirca, Yungay, Ancash",MOVISTAR,202310,202604,-30,pre_shutdown,0.0,0.0,16.775976,1226.0,0.0,95.50524,5.484077,87.75038,1.2593783,False,True
Ancash,Yungay,Ranrahirca,"Ranrahirca, Yungay, Ancash",MOVISTAR,202311,202604,-29,pre_shutdown,0.0,0.0,3.7398016,1854.0,0.0,95.77314,5.629879,88.81372,1.6527196,False,True
Ancash,Yungay,Ranrahirca,"Ranrahirca, Yungay, Ancash",MOVISTAR,202312,202604,-28,pre_shutdown,0.0,0.0,2.737012,3311.0,0.0,96.64579,8.22064,87.30939,1.6564952,False,True
Ancash,Yungay,Ranrahirca,"Ranrahirca, Yungay, Ancash",MOVISTAR,202401,202604,-27,pre_shutdown,0.0,0.0,3.982833,1550.0,0.0,97.91652,6.5737,85.697975,2.112069,False,True
Ancash,Yungay,Ranrahirca,"Ranrahirca, Yungay, Ancash",MOVISTAR,202402,202604,-26,pre_shutdown,0.0,0.0,5.76479,1245.0,0.0,94.20695,7.5701814,88.33751,1.6990291,False,True
Ancash,Yungay,Ranrahirca,"Ranrahirca, Yungay, Ancash",MOVISTAR,202403,202604,-25,pre_shutdown,0.0,0.0,6.0402594,916.0,0.0,90.36629,5.5443506,85.75669,1.2244898,False,True
Ancash,Yungay,Ranrahirca,"Ranrahirca, Yungay, Ancash",MOVISTAR,202404,202604,-24,pre_shutdown,0.0,0.0,9.485409,1093.0,0.0,95.545074,4.9960227,85.65035,1.2711865,False,True
Ancash,Yungay,Ranrahirca,"Ranrahirca, Yungay, Ancash",MOVISTAR,202405,202604,-23,pre_shutdown,0.0,0.0,5.88255,405.0,0.0,93.64131,6.0399847,93.09922,1.8518518,False,True
Ancash,Yungay,Ranrahirca,"Ranrahirca, Yungay, Ancash",MOVISTAR,202406,202604,-22,pre_shutdown,0.0,0.0,6.993698,676.0,0.0,95.00393,5.7954617,91.16121,1.5267175,False,True
Ancash,Yungay,Ranrahirca,"Ranrahirca, Yungay, Ancash",MOVISTAR,202407,202604,-21,pre_shutdown,0.0,0.0,6.72278,694.0,0.0,96.29194,12.426286,78.70584,2.7707007,False,True
Ancash,Yungay,Ranrahirca,"Ranrahirca, Yungay, Ancash",MOVISTAR,202408,202604,-20,pre_shutdown,0.0,0.0,5.8562236,486.0,0.0,0.0,12.390282,81.70876,1.5945331,False,True
Ancash,Yungay,Ranrahirca,"Ranrahirca, Yungay, Ancash",MOVISTAR,202409,202604,-19,pre_shutdown,0.0,0.0,10.708528,520.0,0.0,92.43896,9.820895,79.69928,1.1673151,False,True
Ancash,Yungay,Ranrahirca,"Ranrahirca, Yungay, Ancash",MOVISTAR,202410,202604,-18,pre_shutdown,2.8899088,560.0,5.912929,410.0,0.0,0.0,63.253952,34.52512,1.558753,True,False
Ancash,Yungay,Ranrahirca,"Ranrahirca, Yungay, Ancash",MOVISTAR,202411,202604,-17,pre_shutdown,3.4148965,689.0,6.8153157,672.0,0.0,79.337135,65.39734,33.95215,1.416122,True,False
Ancash,Yungay,Ranrahirca,"Ranrahirca, Yungay, Ancash",MOVISTAR,202412,202604,-16,pre_shutdown,3.0270135,584.0,4.414878,449.0,0.0,77.919975,65.03899,28.393515,1.9151139,True,False
Ancash,Yungay,Ranrahirca,"Ranrahirca, Yungay, Ancash",MOVISTAR,202501,202604,-15,pre_shutdown,2.6649399,1217.0,0.0,0.0,0.0,71.63546,64.29407,34.336796,1.6798419,True,False
Ancash,Yungay,Ranrahirca,"Ranrahirca, Yungay, Ancash",MOVISTAR,202502,202604,-14,pre_shutdown,2.4313674,905.0,0.0,0.0,0.0,68.4199,68.62705,29.361652,1.5209125,True,False
Ancash,Yungay,Ranrahirca,"Ranrahirca, Yungay, Ancash",MOVISTAR,202503,202604,-13,pre_shutdown,2.8340168,1132.0,4.751908,564.0,0.0,68.79191,62.51168,36.506332,1.1952192,True,False
Ancash,Yungay,Ranrahirca,"Ranrahirca, Yungay, Ancash",MOVISTAR,202504,202604,-12,pre_shutdown,3.4785597,1079.0,5.3762383,1523.0,0.0,75.330696,48.6829,47.183384,1.3149556,True,False
Ancash,Yungay,Ranrahirca,"Ranrahirca, Yungay, Ancash",MOVISTAR,202505,202604,-11,pre_shutdown,3.0454836,1654.0,4.0422964,3580.0,0.0,76.179695,46.040657,52.450977,1.7424525,True,False
Ancash,Yungay,Ranrahirca,"Ranrahirca, Yungay, Ancash",MOVISTAR,202506,202604,-10,pre_shutdown,2.9270172,925.0,4.3997035,2095.0,0.0,70.41981,48.851738,49.767162,1.7000527,True,False
Ancash,Yungay,Ranrahirca,"Ranrahirca, Yungay, Ancash",MOVISTAR,202507,202604,-9,pre_shutdown,3.339724,804.0,5.3771677,1114.0,0.0,61.082657,69.400665,30.39161,0.9491733,True,False
Ancash,Yungay,Ranrahirca,"Ranrahirca, Yungay, Ancash",MOVISTAR,202508,202604,-8,pre_shutdown,3.3429973,1025.0,7.202652,769.0,0.0,66.37779,64.92619,34.42964,1.3306452,True,False
Ancash,Yungay,Ranrahirca,"Ranrahirca, Yungay, Ancash",MOVISTAR,202509,202604,-7,pre_shutdown,3.7082644,1423.0,6.8821855,586.0,0.0,71.31628,70.82358,28.06284,1.1385659,True,False
Ancash,Yungay,Ranrahirca,"Ranrahirca, Yungay, Ancash",MOVISTAR,202510,202604,-6,pre_shutdown,3.7887957,1123.0,0.0,0.0,0.0,74.17033,73.18618,25.673254,0.7236842,True,False
Ancash,Yungay,Ranrahirca,"Ranrahirca, Yungay, Ancash",MOVISTAR,202511,202604,-5,pre_shutdown,3.672178,1115.0,5.5637465,705.0,0.0,71.20816,59.082443,40.375748,0.7888349,True,False
Ancash,Yungay,Ranrahirca,"Ranrahirca, Yungay, Ancash",MOVISTAR,202512,202604,-4,pre_shutdown,3.6329176,867.0,9.737804,1121.0,0.0,66.0743,53.147427,46.141235,1.0878165,True,False
Ancash,Yungay,Ranrahirca,"Ranrahirca, Yungay, Ancash",MOVISTAR,202601,202604,-3,pre_shutdown,3.2106104,816.0,6.619352,1186.0,0.0,68.86494,42.791546,55.286243,1.3020834,True,False
Ancash,Yungay,Ranrahirca,"Ranrahirca, Yungay, Ancash",MOVISTAR,202602,202604,-2,pre_shutdown,3.3257394,639.0,7.9780426,628.0,0.0,67.782234,49.840225,48.48905,0.4477251,True,False
Ancash,Yungay,Ranrahirca,"Ranrahirca, Yungay, Ancash",MOVISTAR,202603,202604,-1,pre_shutdown,3.6578572,1060.0,6.9332414,1047.0,0.0,63.366512,58.51738,40.355545,0.7012195,True,False
Ancash,Yungay,Ranrahirca,"Ranrahirca, Yungay, Ancash",MOVISTAR,202604,202604,0,post_shutdown,0.0,0.0,7.9659815,3221.0,1.868388,62.172695,21.921724,77.216934,0.58629537,False,True
Ancash,Yungay,Ranrahirca,"Ranrahirca, Yungay, Ancash",MOVISTAR,202605,202604,1,post_shutdown,0.0,0.0,8.118353,3459.0,0.0,61.90971,3.967789,95.03112,0.5581867,False,True
Ancash,Yungay,Yungay,"Yungay, Yungay, Ancash",MOVISTAR,202301,202605,-40,pre_shutdown,3.5766742,1921.0,7.8173428,17555.0,2.3892746,99.24213,6.1264277,90.40833,2.3595757,True,False
Ancash,Yungay,Yungay,"Yungay, Yungay, Ancash",MOVISTAR,202302,202605,-39,pre_shutdown,4.717564,2470.0,7.8933835,18821.0,2.7865584,98.02353,7.1990323,88.70791,1.5742006,True,False
Ancash,Yungay,Yungay,"Yungay, Yungay, Ancash",MOVISTAR,202303,202605,-38,pre_shutdown,3.6044426,1917.0,8.685361,17391.0,4.7546825,96.21578,7.7149987,88.322464,1.5514235,True,False
Ancash,Yungay,Yungay,"Yungay, Yungay, Ancash",MOVISTAR,202304,202605,-37,pre_shutdown,3.0656881,2391.0,7.581154,18429.0,2.6020703,95.150734,6.5369506,89.31281,1.359384,True,False
Ancash,Yungay,Yungay,"Yungay, Yungay, Ancash",MOVISTAR,202305,202605,-36,pre_shutdown,2.8612149,3499.0,9.203049,15665.0,4.1190934,97.05116,9.532293,85.541016,1.4116203,True,False
Ancash,Yungay,Yungay,"Yungay, Yungay, Ancash",MOVISTAR,202306,202605,-35,pre_shutdown,2.6101751,1997.0,9.900863,15720.0,2.6216018,94.55965,8.118994,87.14209,1.4368873,True,False
Ancash,Yungay,Yungay,"Yungay, Yungay, Ancash",MOVISTAR,202307,202605,-34,pre_shutdown,2.9033656,1816.0,9.5999155,19809.0,3.359839,92.96628,11.727449,83.12198,1.584284,True,False
Ancash,Yungay,Yungay,"Yungay, Yungay, Ancash",MOVISTAR,202308,202605,-33,pre_shutdown,2.0717394,3745.0,8.967482,17732.0,2.6090572,92.77822,14.60115,80.81293,1.4223871,True,False
Ancash,Yungay,Yungay,"Yungay, Yungay, Ancash",MOVISTAR,202309,202605,-32,pre_shutdown,1.9727551,2815.0,8.492648,23000.0,2.18955,95.59314,10.844621,82.69307,1.5160941,True,False
Ancash,Yungay,Yungay,"Yungay, Yungay, Ancash",MOVISTAR,202310,202605,-31,pre_shutdown,2.9384634,2913.0,8.660706,27737.0,4.227508,93.227264,9.746878,83.7143,1.6431379,True,False
Ancash,Yungay,Yungay,"Yungay, Yungay, Ancash",MOVISTAR,202311,202605,-30,pre_shutdown,3.4759283,3163.0,9.265602,26323.0,3.339028,95.24595,9.889333,85.89895,1.6879324,True,False
Ancash,Yungay,Yungay,"Yungay, Yungay, Ancash",MOVISTAR,202312,202605,-29,pre_shutdown,2.4518073,3397.0,8.57912,28745.0,2.5459824,94.33514,10.395117,83.06234,1.688621,True,False
Ancash,Yungay,Yungay,"Yungay, Yungay, Ancash",MOVISTAR,202401,202605,-28,pre_shutdown,2.5140676,2909.0,7.319517,25256.0,3.6860921,94.71856,6.0449066,87.766014,1.8032064,True,False
Ancash,Yungay,Yungay,"Yungay, Yungay, Ancash",MOVISTAR,202402,202605,-27,pre_shutdown,3.5037916,2795.0,7.8496404,23197.0,2.7829688,92.764496,4.6836963,91.58982,1.550699,True,False
Ancash,Yungay,Yungay,"Yungay, Yungay, Ancash",MOVISTAR,202403,202605,-26,pre_shutdown,3.1228664,2393.0,7.7647347,25173.0,2.8830302,90.72059,4.5015736,93.595436,1.5487217,True,False
Ancash,Yungay,Yungay,"Yungay, Yungay, Ancash",MOVISTAR,202404,202605,-25,pre_shutdown,3.31348,2514.0,7.5499983,22565.0,3.2155552,90.66752,4.375641,94.22335,1.2818663,True,False
Ancash,Yungay,Yungay,"Yungay, Yungay, Ancash",MOVISTAR,202405,202605,-24,pre_shutdown,3.8803627,2110.0,8.7210655,21101.0,3.0479064,91.29906,4.5023875,93.976295,1.3911258,True,False
Ancash,Yungay,Yungay,"Yungay, Yungay, Ancash",MOVISTAR,202406,202605,-23,pre_shutdown,3.7666502,1371.0,9.040176,24905.0,3.7344902,89.89879,4.814632,91.24117,1.4469784,True,False
Ancash,Yungay,Yungay,"Yungay, Yungay, Ancash",MOVISTAR,202407,202605,-22,pre_shutdown,3.304216,2309.0,8.8747225,28583.0,3.7814558,89.15336,4.9404182,90.21059,1.376115,True,False
Ancash,Yungay,Yungay,"Yungay, Yungay, Ancash",MOVISTAR,202408,202605,-21,pre_shutdown,4.018864,1544.0,8.428771,21362.0,3.4523413,90.61363,4.5458574,90.185295,1.3005474,True,False
Ancash,Yungay,Yungay,"Yungay, Yungay, Ancash",MOVISTAR,202409,202605,-20,pre_shutdown,3.5847483,1483.0,7.9318357,17759.0,2.5040288,86.94816,5.255613,86.604,1.090774,True,False
Ancash,Yungay,Yungay,"Yungay, Yungay, Ancash",MOVISTAR,202410,202605,-19,pre_shutdown,3.9764943,1895.0,8.736429,21612.0,2.9808,82.278465,5.19619,91.08568,0.96198756,True,False
Ancash,Yungay,Yungay,"Yungay, Yungay, Ancash",MOVISTAR,202411,202605,-18,pre_shutdown,3.5326097,1444.0,9.143446,23287.0,4.1086564,75.1228,5.077024,92.78172,0.96483624,True,False
Ancash,Yungay,Yungay,"Yungay, Yungay, Ancash",MOVISTAR,202412,202605,-17,pre_shutdown,3.647596,2226.0,9.917068,24789.0,4.4767113,71.771576,7.581416,87.80473,1.3289037,True,False
Ancash,Yungay,Yungay,"Yungay, Yungay, Ancash",MOVISTAR,202501,202605,-16,pre_shutdown,3.7675812,1611.0,8.946613,20791.0,4.3154817,72.44003,6.8330884,89.0658,1.5684142,True,False
Ancash,Yungay,Yungay,"Yungay, Yungay, Ancash",MOVISTAR,202502,202605,-15,pre_shutdown,2.9954584,2992.0,7.277808,15080.0,3.6381235,74.05483,14.644152,79.36381,1.4314506,True,False
Ancash,Yungay,Yungay,"Yungay, Yungay, Ancash",MOVISTAR,202503,202605,-14,pre_shutdown,3.5300558,2811.0,7.4849415,19296.0,3.7839987,71.99734,7.4414043,85.15748,1.2548692,True,False
Ancash,Yungay,Yungay,"Yungay, Yungay, Ancash",MOVISTAR,202504,202605,-13,pre_shutdown,3.624335,2305.0,7.384499,15143.0,2.7727869,76.500084,9.317027,85.487854,1.2579563,True,False
Ancash,Yungay,Yungay,"Yungay, Yungay, Ancash",MOVISTAR,202505,202605,-12,pre_shutdown,3.6572227,1619.0,8.250814,15036.0,2.8529644,77.67218,6.4863424,87.52991,1.2770349,True,False
Ancash,Yungay,Yungay,"Yungay, Yungay, Ancash",MOVISTAR,202506,202605,-11,pre_shutdown,3.2034805,867.0,8.327123,12539.0,2.5409896,77.59387,7.793332,87.85024,1.3462938,True,False
Ancash,Yungay,Yungay,"Yungay, Yungay, Ancash",MOVISTAR,202507,202605,-10,pre_shutdown,4.247538,819.0,9.015503,10045.0,2.1500504,69.8665,6.938959,89.51608,1.2946403,True,False
Ancash,Yungay,Yungay,"Yungay, Yungay, Ancash",MOVISTAR,202508,202605,-9,pre_shutdown,5.807727,1418.0,9.166407,11115.0,2.3128896,66.330444,7.901694,89.31584,0.9409488,True,False
Ancash,Yungay,Yungay,"Yungay, Yungay, Ancash",MOVISTAR,202509,202605,-8,pre_shutdown,5.0607915,708.0,9.706428,8203.0,2.821784,68.096405,7.97049,90.16887,0.9974425,True,False
Ancash,Yungay,Yungay,"Yungay, Yungay, Ancash",MOVISTAR,202510,202605,-7,pre_shutdown,5.925367,2644.0,9.566233,9142.0,2.2579122,72.04284,12.024971,86.28273,1.3104366,True,False
Ancash,Yungay,Yungay,"Yungay, Yungay, Ancash",MOVISTAR,202511,202605,-6,pre_shutdown,4.8564596,1758.0,9.288759,8924.0,4.6631846,74.57866,10.270333,88.22385,1.3614686,True,False
Ancash,Yungay,Yungay,"Yungay, Yungay, Ancash",MOVISTAR,202512,202605,-5,pre_shutdown,5.9004493,1449.0,8.953445,6435.0,2.8552606,70.03658,8.732681,89.60062,1.4331928,True,False
Ancash,Yungay,Yungay,"Yungay, Yungay, Ancash",MOVISTAR,202601,202605,-4,pre_shutdown,4.912697,1297.0,10.1728525,9262.0,4.1246753,65.77207,8.790123,89.43199,1.1257607,True,False
Ancash,Yungay,Yungay,"Yungay, Yungay, Ancash",MOVISTAR,202602,202605,-3,pre_shutdown,2.6566293,642.0,9.658431,7929.0,3.5150816,70.60407,5.3291984,93.3894,1.4854841,True,False
Ancash,Yungay,Yungay,"Yungay, Yungay, Ancash",MOVISTAR,202603,202605,-2,pre_shutdown,4.9756165,460.0,9.758899,9092.0,2.9010134,64.74588,5.530207,92.81548,1.2065264,True,False
Ancash,Yungay,Yungay,"Yungay, Yungay, Ancash",MOVISTAR,202604,202605,-1,pre_shutdown,4.710517,1043.0,9.588624,8155.0,2.9051557,67.11735,9.76915,88.647255,1.7516981,True,False
Ancash,Yungay,Yungay,"Yungay, Yungay, Ancash",MOVISTAR,202605,202605,0,post_shutdown,0.0,0.0,10.102738,8848.0,2.8499455,64.751396,2.9230132,95.17424,1.5573586,False,True
Arequipa,Arequipa,Alto Selva Alegre,"Alto Selva Alegre, Arequipa, Arequipa",MOVISTAR,202301,202410,-21,pre_shutdown,3.3813381,4850.0,9.109233,41996.0,3.3814652,86.3426,4.674404,94.09409,1.119515,True,False
Arequipa,Arequipa,Alto Selva Alegre,"Alto Selva Alegre, Arequipa, Arequipa",MOVISTAR,202302,202410,-20,pre_shutdown,2.9224598,3088.0,9.058788,26618.0,3.1505015,83.90632,6.54588,91.864746,1.51084,True,False
Arequipa,Arequipa,Alto Selva Alegre,"Alto Selva Alegre, Arequipa, Arequipa",MOVISTAR,202303,202410,-19,pre_shutdown,5.09113,9242.0,9.9349575,30439.0,4.207163,81.285324,10.108211,87.95696,1.327766,True,False
Arequipa,Arequipa,Alto Selva Alegre,"Alto Selva Alegre, Arequipa, Arequipa",MOVISTAR,202304,202410,-18,pre_shutdown,4.098043,5092.0,9.679121,25762.0,4.478738,82.17529,7.323466,89.23657,1.2110878,True,False
Arequipa,Arequipa,Alto Selva Alegre,"Alto Selva Alegre, Arequipa, Arequipa",MOVISTAR,202305,202410,-17,pre_shutdown,3.5238955,3478.0,8.468848,28206.0,4.6087403,83.34362,6.439308,91.289215,1.2457557,True,False
Arequipa,Arequipa,Alto Selva Alegre,"Alto Selva Alegre, Arequipa, Arequipa",MOVISTAR,202306,202410,-16,pre_shutdown,3.9405878,2598.0,10.149448,30471.0,4.2757363,82.63409,5.6336064,92.90813,1.114006,True,False
Arequipa,Arequipa,Alto Selva Alegre,"Alto Selva Alegre, Arequipa, Arequipa",MOVISTAR,202307,202410,-15,pre_shutdown,3.6010947,3564.0,10.403696,31562.0,3.6354842,82.47649,6.232379,93.207245,1.3338616,True,False
Arequipa,Arequipa,Alto Selva Alegre,"Alto Selva Alegre, Arequipa, Arequipa",MOVISTAR,202308,202410,-14,pre_shutdown,3.5804183,2338.0,10.076493,27722.0,2.872633,81.0042,5.354035,92.86423,1.2879819,True,False
Arequipa,Arequipa,Alto Selva Alegre,"Alto Selva Alegre, Arequipa, Arequipa",MOVISTAR,202309,202410,-13,pre_shutdown,4.3609147,2111.0,10.089171,26362.0,3.5629427,82.5151,3.7013977,94.761475,1.1366302,True,False
Arequipa,Arequipa,Alto Selva Alegre,"Alto Selva Alegre, Arequipa, Arequipa",MOVISTAR,202310,202410,-12,pre_shutdown,4.2316165,2508.0,9.493455,46642.0,2.156025,81.18268,4.2995257,94.80547,1.0382961,True,False
Arequipa,Arequipa,Alto Selva Alegre,"Alto Selva Alegre, Arequipa, Arequipa",MOVISTAR,202311,202410,-11,pre_shutdown,3.746599,2465.0,9.412714,31657.0,3.1514735,81.74422,4.749409,93.87285,1.1484121,True,False
Arequipa,Arequipa,Alto Selva Alegre,"Alto Selva Alegre, Arequipa, Arequipa",MOVISTAR,202312,202410,-10,pre_shutdown,4.404125,2824.0,10.1749115,38109.0,2.9225984,79.87716,5.7730336,92.899765,0.9662289,True,False
Arequipa,Arequipa,Alto Selva Alegre,"Alto Selva Alegre, Arequipa, Arequipa",MOVISTAR,202401,202410,-9,pre_shutdown,3.440756,2273.0,9.774075,41886.0,2.600924,80.17063,5.298412,91.888985,0.9521739,True,False
Arequipa,Arequipa,Alto Selva Alegre,"Alto Selva Alegre, Arequipa, Arequipa",MOVISTAR,202402,202410,-8,pre_shutdown,3.3250444,1375.0,9.815522,35123.0,2.6283145,80.43593,2.8964212,95.97994,0.8180705,True,False
Arequipa,Arequipa,Alto Selva Alegre,"Alto Selva Alegre, Arequipa, Arequipa",MOVISTAR,202403,202410,-7,pre_shutdown,3.4778101,2548.0,9.498028,43745.0,3.0944712,79.05196,4.512066,94.59296,0.8652112,True,False
Arequipa,Arequipa,Alto Selva Alegre,"Alto Selva Alegre, Arequipa, Arequipa",MOVISTAR,202404,202410,-6,pre_shutdown,3.8676589,2788.0,9.047756,43234.0,3.1569822,79.69606,5.3262362,93.94653,0.7362802,True,False
Arequipa,Arequipa,Alto Selva Alegre,"Alto Selva Alegre, Arequipa, Arequipa",MOVISTAR,202405,202410,-5,pre_shutdown,3.6087008,2506.0,8.948118,37761.0,2.8606737,79.26995,3.275433,96.10431,0.81121415,True,False
Arequipa,Arequipa,Alto Selva Alegre,"Alto Selva Alegre, Arequipa, Arequipa",MOVISTAR,202406,202410,-4,pre_shutdown,3.9466321,2940.0,9.883003,33757.0,3.3683274,80.08616,4.779248,94.89033,0.74350846,True,False
Arequipa,Arequipa,Alto Selva Alegre,"Alto Selva Alegre, Arequipa, Arequipa",MOVISTAR,202407,202410,-3,pre_shutdown,4.2373576,2416.0,10.71181,28721.0,3.604282,80.57224,5.0553637,94.53961,0.78978264,True,False
Arequipa,Arequipa,Alto Selva Alegre,"Alto Selva Alegre, Arequipa, Arequipa",MOVISTAR,202408,202410,-2,pre_shutdown,4.2647977,1568.0,10.624042,31192.0,4.275952,81.66183,3.1393192,96.552605,0.8322084,True,False
Arequipa,Arequipa,Alto Selva Alegre,"Alto Selva Alegre, Arequipa, Arequipa",MOVISTAR,202409,202410,-1,pre_shutdown,3.678654,1603.0,9.167782,34213.0,3.3893998,79.08659,2.8507915,96.49952,0.8581488,True,False
Arequipa,Arequipa,Alto Selva Alegre,"Alto Selva Alegre, Arequipa, Arequipa",MOVISTAR,202410,202410,0,post_shutdown,0.0,0.0,11.156777,40393.0,3.6233513,73.5506,1.0576304,96.76186,0.7009145,False,True
Arequipa,Arequipa,Alto Selva Alegre,"Alto Selva Alegre, Arequipa, Arequipa",MOVISTAR,202411,202410,1,post_shutdown,0.0,0.0,10.534949,49759.0,3.910704,63.950176,0.026151376,97.19853,0.5420959,False,True
Arequipa,Arequipa,Alto Selva Alegre,"Alto Selva Alegre, Arequipa, Arequipa",MOVISTAR,202412,202410,2,post_shutdown,0.0,0.0,13.005184,47978.0,3.2934296,58.843143,0.012563631,97.227264,0.43747705,False,True
Arequipa,Arequipa,Alto Selva Alegre,"Alto Selva Alegre, Arequipa, Arequipa",MOVISTAR,202501,202410,3,post_shutdown,0.0,0.0,10.855226,29958.0,3.3854964,60.792747,0.0019628042,97.22599,0.5408543,False,True
Arequipa,Arequipa,Alto Selva Alegre,"Alto Selva Alegre, Arequipa, Arequipa",MOVISTAR,202502,202410,4,post_shutdown,0.0,0.0,10.927628,39320.0,2.316962,59.934723,0.00421147,97.741714,0.38903624,False,True
Arequipa,Arequipa,Alto Selva Alegre,"Alto Selva Alegre, Arequipa, Arequipa",MOVISTAR,202503,202410,5,post_shutdown,0.0,0.0,11.466757,42676.0,2.912346,59.314217,0.0060523697,97.34498,0.669362,False,True
Arequipa,Arequipa,Alto Selva Alegre,"Alto Selva Alegre, Arequipa, Arequipa",MOVISTAR,202504,202410,6,post_shutdown,0.0,0.0,10.890972,45972.0,2.807485,64.76643,0.009972069,97.75882,0.50918263,False,True
Arequipa,Arequipa,Alto Selva Alegre,"Alto Selva Alegre, Arequipa, Arequipa",MOVISTAR,202505,202410,7,post_shutdown,0.0,0.0,10.906003,43838.0,2.699009,65.41373,0.012780523,96.944855,0.4953035,False,True
Arequipa,Arequipa,Alto Selva Alegre,"Alto Selva Alegre, Arequipa, Arequipa",MOVISTAR,202506,202410,8,post_shutdown,0.0,0.0,11.2485075,36364.0,2.3948324,64.11777,0.0007939967,97.171776,0.47323892,False,True
Arequipa,Arequipa,Alto Selva Alegre,"Alto Selva Alegre, Arequipa, Arequipa",MOVISTAR,202507,202410,9,post_shutdown,0.0,0.0,11.3498745,36154.0,2.9330347,59.33982,0.00140813,97.62804,0.6716764,False,True
Arequipa,Arequipa,Alto Selva Alegre,"Alto Selva Alegre, Arequipa, Arequipa",MOVISTAR,202508,202410,10,post_shutdown,0.0,0.0,10.980413,41469.0,2.0910692,59.581333,8.667244e-05,98.80745,1.3032455,False,True
Arequipa,Arequipa,Alto Selva Alegre,"Alto Selva Alegre, Arequipa, Arequipa",MOVISTAR,202509,202410,11,post_shutdown,0.0,0.0,11.007853,36120.0,2.4955163,56.501064,0.00029307808,99.21574,1.0277649,False,True
Arequipa,Arequipa,Alto Selva Alegre,"Alto Selva Alegre, Arequipa, Arequipa",MOVISTAR,202510,202410,12,post_shutdown,0.0,0.0,11.370555,33285.0,2.4213305,57.271248,0.0013992693,98.57954,0.7919468,False,True
Arequipa,Arequipa,Alto Selva Alegre,"Alto Selva Alegre, Arequipa, Arequipa",MOVISTAR,202511,202410,13,post_shutdown,0.0,0.0,11.824281,27942.0,2.6944888,53.573177,0.0,98.68248,0.8002751,False,True
Arequipa,Arequipa,Alto Selva Alegre,"Alto Selva Alegre, Arequipa, Arequipa",MOVISTAR,202512,202410,14,post_shutdown,0.0,0.0,12.231913,35437.0,2.4372647,51.892483,0.0,99.27874,0.8979608,False,True
Arequipa,Arequipa,Alto Selva Alegre,"Alto Selva Alegre, Arequipa, Arequipa",MOVISTAR,202601,202410,15,post_shutdown,0.0,0.0,11.819138,36100.0,2.580754,53.01505,0.007873026,98.92899,0.8067848,False,True
Arequipa,Arequipa,Alto Selva Alegre,"Alto Selva Alegre, Arequipa, Arequipa",MOVISTAR,202602,202410,16,post_shutdown,0.0,0.0,11.588561,40840.0,2.8987296,55.788147,0.001804977,98.81992,0.7945165,False,True
Arequipa,Arequipa,Alto Selva Alegre,"Alto Selva Alegre, Arequipa, Arequipa",MOVISTAR,202603,202410,17,post_shutdown,0.0,0.0,11.92043,39926.0,2.4226906,54.412346,0.00015917838,98.69851,0.6136465,False,True
Arequipa,Arequipa,Alto Selva Alegre,"Alto Selva Alegre, Arequipa, Arequipa",MOVISTAR,202604,202410,18,post_shutdown,0.0,0.0,11.51263,29749.0,3.207105,56.278507,0.011923377,99.17113,0.9225349,False,True
Arequipa,Arequipa,Alto Selva Alegre,"Alto Selva Alegre, Arequipa, Arequipa",MOVISTAR,202605,202410,19,post_shutdown,0.0,0.0,12.066959,38662.0,3.252891,56.520947,2.2296965e-05,99.54482,0.95506287,False,True
Arequipa,Arequipa,Cayma,"Cayma, Arequipa, Arequipa",MOVISTAR,202301,202411,-22,pre_shutdown,3.04604,5149.0,9.922937,52615.0,3.907795,86.72613,4.2122087,94.51709,1.6319174,True,False
Arequipa,Arequipa,Cayma,"Cayma, Arequipa, Arequipa",MOVISTAR,202302,202411,-21,pre_shutdown,3.792862,7396.0,9.03322,47023.0,3.8467367,85.09336,5.7515726,93.236046,1.7058656,True,False
Arequipa,Arequipa,Cayma,"Cayma, Arequipa, Arequipa",MOVISTAR,202303,202411,-20,pre_shutdown,3.0393887,5356.0,8.241149,42406.0,3.4238534,81.62211,5.0831733,92.619514,1.623098,True,False
Arequipa,Arequipa,Cayma,"Cayma, Arequipa, Arequipa",MOVISTAR,202304,202411,-19,pre_shutdown,3.65613,6737.0,8.386406,57840.0,4.2460732,81.99584,4.4127207,94.3013,1.6542009,True,False
Arequipa,Arequipa,Cayma,"Cayma, Arequipa, Arequipa",MOVISTAR,202305,202411,-18,pre_shutdown,3.7732682,4221.0,8.248328,47222.0,3.6770802,82.939095,3.4495597,95.65027,1.2385709,True,False
Arequipa,Arequipa,Cayma,"Cayma, Arequipa, Arequipa",MOVISTAR,202306,202411,-17,pre_shutdown,3.6596034,4420.0,9.057099,53037.0,3.587583,81.63347,3.4682844,95.92176,1.3682126,True,False
Arequipa,Arequipa,Cayma,"Cayma, Arequipa, Arequipa",MOVISTAR,202307,202411,-16,pre_shutdown,3.683921,5397.0,8.995029,60936.0,3.32466,81.29875,3.8147542,95.52478,1.4026309,True,False
Arequipa,Arequipa,Cayma,"Cayma, Arequipa, Arequipa",MOVISTAR,202308,202411,-15,pre_shutdown,3.840611,5293.0,8.305866,51596.0,3.1838937,80.61644,4.5820127,94.31813,1.4887184,True,False
Arequipa,Arequipa,Cayma,"Cayma, Arequipa, Arequipa",MOVISTAR,202309,202411,-14,pre_shutdown,3.4121056,5285.0,7.906494,56175.0,2.5439808,81.95047,4.162122,95.12857,1.3264675,True,False
Arequipa,Arequipa,Cayma,"Cayma, Arequipa, Arequipa",MOVISTAR,202310,202411,-13,pre_shutdown,3.7499962,4757.0,8.919432,67352.0,2.9836218,80.29694,6.5725594,91.64385,1.2699863,True,False
Arequipa,Arequipa,Cayma,"Cayma, Arequipa, Arequipa",MOVISTAR,202311,202411,-12,pre_shutdown,3.3230014,4543.0,9.05764,69673.0,2.9549925,81.289536,4.1444464,94.566284,1.3660188,True,False
Arequipa,Arequipa,Cayma,"Cayma, Arequipa, Arequipa",MOVISTAR,202312,202411,-11,pre_shutdown,3.851353,5076.0,9.730453,61711.0,3.0532782,81.492424,4.4499063,94.89275,1.2127999,True,False
Arequipa,Arequipa,Cayma,"Cayma, Arequipa, Arequipa",MOVISTAR,202401,202411,-10,pre_shutdown,3.7187953,3451.0,9.199151,57594.0,2.547361,81.31103,4.270412,94.895775,1.2104816,True,False
Arequipa,Arequipa,Cayma,"Cayma, Arequipa, Arequipa",MOVISTAR,202402,202411,-9,pre_shutdown,3.7683465,3638.0,8.731566,55895.0,3.2927427,80.58719,4.1083465,95.180275,1.0197604,True,False
Arequipa,Arequipa,Cayma,"Cayma, Arequipa, Arequipa",MOVISTAR,202403,202411,-8,pre_shutdown,3.2366185,3771.0,8.8693495,64693.0,2.42658,81.20764,3.8277564,95.59216,1.05206,True,False
Arequipa,Arequipa,Cayma,"Cayma, Arequipa, Arequipa",MOVISTAR,202404,202411,-7,pre_shutdown,3.5469823,4811.0,9.204122,61409.0,2.5223463,80.05993,3.1747825,96.05736,0.85412216,True,False
Arequipa,Arequipa,Cayma,"Cayma, Arequipa, Arequipa",MOVISTAR,202405,202411,-6,pre_shutdown,3.5815172,3638.0,9.922569,42005.0,3.3423386,78.504005,2.6381755,96.062706,0.9168881,True,False
Arequipa,Arequipa,Cayma,"Cayma, Arequipa, Arequipa",MOVISTAR,202406,202411,-5,pre_shutdown,3.8083565,3286.0,10.034978,49727.0,3.5380511,79.603264,2.3083074,96.68307,0.86823255,True,False
Arequipa,Arequipa,Cayma,"Cayma, Arequipa, Arequipa",MOVISTAR,202407,202411,-4,pre_shutdown,4.587809,3991.0,9.769736,53827.0,2.8328407,79.32669,2.8973296,96.22227,0.97232956,True,False
Arequipa,Arequipa,Cayma,"Cayma, Arequipa, Arequipa",MOVISTAR,202408,202411,-3,pre_shutdown,4.2707944,3188.0,10.328842,47278.0,2.180711,80.34753,1.8230656,97.96178,0.8751344,True,False
Arequipa,Arequipa,Cayma,"Cayma, Arequipa, Arequipa",MOVISTAR,202409,202411,-2,pre_shutdown,4.7738795,3966.0,10.078181,46970.0,2.956234,77.299576,2.59513,97.15229,0.93489164,True,False
Arequipa,Arequipa,Cayma,"Cayma, Arequipa, Arequipa",MOVISTAR,202410,202411,-1,pre_shutdown,3.6921322,1128.0,9.774848,59808.0,3.058449,73.69065,1.1504792,96.482285,0.90058,True,False
Arequipa,Arequipa,Cayma,"Cayma, Arequipa, Arequipa",MOVISTAR,202411,202411,0,post_shutdown,0.0,0.0,11.702968,57285.0,3.235741,64.33361,0.020048784,97.79054,0.7699531,False,True
Arequipa,Arequipa,Cayma,"Cayma, Arequipa, Arequipa",MOVISTAR,202412,202411,1,post_shutdown,0.0,0.0,10.745554,46652.0,3.2997892,60.61377,0.08225929,97.44327,0.6402612,False,True
Arequipa,Arequipa,Cayma,"Cayma, Arequipa, Arequipa",MOVISTAR,202501,202411,2,post_shutdown,0.0,0.0,11.682012,64734.0,3.2722998,61.228813,0.029311944,97.49413,0.66990143,False,True
Arequipa,Arequipa,Cayma,"Cayma, Arequipa, Arequipa",MOVISTAR,202502,202411,3,post_shutdown,0.0,0.0,10.5847025,41174.0,3.0787818,60.82486,0.05955559,96.798134,0.54911816,False,True
Arequipa,Arequipa,Cayma,"Cayma, Arequipa, Arequipa",MOVISTAR,202503,202411,4,post_shutdown,0.0,0.0,11.650059,49190.0,3.5693343,60.133167,0.020633752,97.634026,0.53671247,False,True
Arequipa,Arequipa,Cayma,"Cayma, Arequipa, Arequipa",MOVISTAR,202504,202411,5,post_shutdown,0.0,0.0,11.708547,53335.0,3.418331,64.362175,0.035606313,97.58059,0.51791644,False,True
Arequipa,Arequipa,Cayma,"Cayma, Arequipa, Arequipa",MOVISTAR,202505,202411,6,post_shutdown,0.0,0.0,12.052155,60056.0,3.388685,66.70668,0.024925629,96.28482,0.5771625,False,True
Arequipa,Arequipa,Cayma,"Cayma, Arequipa, Arequipa",MOVISTAR,202506,202411,7,post_shutdown,0.0,0.0,10.841907,41582.0,3.128108,65.24561,0.021094631,96.63054,0.6671201,False,True
Arequipa,Arequipa,Cayma,"Cayma, Arequipa, Arequipa",MOVISTAR,202507,202411,8,post_shutdown,0.0,0.0,12.717266,45186.0,3.556635,58.7754,0.014892601,98.1553,0.51168793,False,True
Arequipa,Arequipa,Cayma,"Cayma, Arequipa, Arequipa",MOVISTAR,202508,202411,9,post_shutdown,0.0,0.0,12.644851,40747.0,2.4483056,59.586918,0.019631647,98.167336,0.78122133,False,True
Arequipa,Arequipa,Cayma,"Cayma, Arequipa, Arequipa",MOVISTAR,202509,202411,10,post_shutdown,0.0,0.0,13.27423,53574.0,2.8000922,58.167244,0.0057338234,98.34292,0.7156447,False,True
Arequipa,Arequipa,Cayma,"Cayma, Arequipa, Arequipa",MOVISTAR,202510,202411,11,post_shutdown,0.0,0.0,13.437499,58707.0,3.0407622,58.657505,0.009673916,98.403694,0.6399151,False,True
Arequipa,Arequipa,Cayma,"Cayma, Arequipa, Arequipa",MOVISTAR,202511,202411,12,post_shutdown,0.0,0.0,12.9129505,55697.0,3.004259,55.990192,0.013384042,98.354454,0.8530434,False,True
Arequipa,Arequipa,Cayma,"Cayma, Arequipa, Arequipa",MOVISTAR,202512,202411,13,post_shutdown,0.0,0.0,13.127055,56732.0,4.000339,56.269978,0.008595723,98.37059,0.81353724,False,True
Arequipa,Arequipa,Cayma,"Cayma, Arequipa, Arequipa",MOVISTAR,202601,202411,14,post_shutdown,0.0,0.0,12.960597,64287.0,3.9366634,56.41684,0.05081285,98.312294,0.6916728,False,True
Arequipa,Arequipa,Cayma,"Cayma, Arequipa, Arequipa",MOVISTAR,202602,202411,15,post_shutdown,0.0,0.0,12.780647,55928.0,2.0348275,59.554184,0.0116042355,98.36428,0.82213765,False,True
Arequipa,Arequipa,Cayma,"Cayma, Arequipa, Arequipa",MOVISTAR,202603,202411,16,post_shutdown,0.0,0.0,13.101534,49807.0,2.4925902,59.388817,0.032104377,98.97733,0.6199164,False,True
Arequipa,Arequipa,Cayma,"Cayma, Arequipa, Arequipa",MOVISTAR,202604,202411,17,post_shutdown,0.0,0.0,13.057703,58357.0,2.276777,58.360493,0.023027958,99.28707,0.6631747,False,True
Arequipa,Arequipa,Cayma,"Cayma, Arequipa, Arequipa",MOVISTAR,202605,202411,18,post_shutdown,0.0,0.0,13.159081,52456.0,2.5288827,58.462467,0.017322121,99.256226,0.69112694,False,True
Arequipa,Arequipa,Jacobo Hunter,"Jacobo Hunter, Arequipa, Arequipa",MOVISTAR,202301,202410,-21,pre_shutdown,4.064708,2046.0,9.065371,28930.0,4.0948215,87.16102,3.161438,96.35426,1.4180071,True,False
Arequipa,Arequipa,Jacobo Hunter,"Jacobo Hunter, Arequipa, Arequipa",MOVISTAR,202302,202410,-20,pre_shutdown,4.139162,2486.0,9.050875,24297.0,4.4790263,87.35411,3.6536078,95.46454,1.9622167,True,False
Arequipa,Arequipa,Jacobo Hunter,"Jacobo Hunter, Arequipa, Arequipa",MOVISTAR,202303,202410,-19,pre_shutdown,3.7014387,1991.0,8.300128,24767.0,3.5679533,82.53741,4.0286956,95.216545,1.6126068,True,False
Arequipa,Arequipa,Jacobo Hunter,"Jacobo Hunter, Arequipa, Arequipa",MOVISTAR,202304,202410,-18,pre_shutdown,4.264586,2321.0,8.455832,19179.0,3.4674728,82.27076,3.727394,95.68961,1.3212214,True,False
Arequipa,Arequipa,Jacobo Hunter,"Jacobo Hunter, Arequipa, Arequipa",MOVISTAR,202305,202410,-17,pre_shutdown,3.5844393,1413.0,8.73217,23729.0,2.7420192,83.11913,2.2743711,97.060684,1.1937194,True,False
Arequipa,Arequipa,Jacobo Hunter,"Jacobo Hunter, Arequipa, Arequipa",MOVISTAR,202306,202410,-16,pre_shutdown,6.7099223,2209.0,8.680725,30471.0,3.6964688,80.97812,5.9988036,93.201294,1.2997797,True,False
Arequipa,Arequipa,Jacobo Hunter,"Jacobo Hunter, Arequipa, Arequipa",MOVISTAR,202307,202410,-15,pre_shutdown,4.841941,2388.0,7.959467,29731.0,3.435709,80.63647,3.1547754,96.350685,1.2516915,True,False
Arequipa,Arequipa,Jacobo Hunter,"Jacobo Hunter, Arequipa, Arequipa",MOVISTAR,202308,202410,-14,pre_shutdown,3.7406468,1411.0,10.232878,32089.0,2.9073436,81.25353,3.0650334,96.49176,1.4246237,True,False
Arequipa,Arequipa,Jacobo Hunter,"Jacobo Hunter, Arequipa, Arequipa",MOVISTAR,202309,202410,-13,pre_shutdown,3.4271653,1835.0,9.11571,33570.0,4.112687,83.141815,4.0080037,95.50094,1.2771233,True,False
Arequipa,Arequipa,Jacobo Hunter,"Jacobo Hunter, Arequipa, Arequipa",MOVISTAR,202310,202410,-12,pre_shutdown,3.739515,2246.0,9.932203,45158.0,3.379954,81.64355,4.308682,94.68258,1.3808788,True,False
Arequipa,Arequipa,Jacobo Hunter,"Jacobo Hunter, Arequipa, Arequipa",MOVISTAR,202311,202410,-11,pre_shutdown,3.5143075,2569.0,9.258035,42876.0,2.7938497,82.18349,3.3733463,95.82294,1.2261297,True,False
Arequipa,Arequipa,Jacobo Hunter,"Jacobo Hunter, Arequipa, Arequipa",MOVISTAR,202312,202410,-10,pre_shutdown,3.8253655,2473.0,9.53447,33654.0,3.4849496,81.55969,4.0483947,94.94512,1.1983927,True,False
Arequipa,Arequipa,Jacobo Hunter,"Jacobo Hunter, Arequipa, Arequipa",MOVISTAR,202401,202410,-9,pre_shutdown,3.844642,1710.0,9.828189,34343.0,2.7914474,81.667244,2.7902868,96.39958,1.0745244,True,False
Arequipa,Arequipa,Jacobo Hunter,"Jacobo Hunter, Arequipa, Arequipa",MOVISTAR,202402,202410,-8,pre_shutdown,3.2429857,2402.0,8.954027,38029.0,2.7498956,81.62978,3.6591704,95.22011,1.08034,True,False
Arequipa,Arequipa,Jacobo Hunter,"Jacobo Hunter, Arequipa, Arequipa",MOVISTAR,202403,202410,-7,pre_shutdown,3.957636,1246.0,9.55516,35482.0,2.8759031,80.261185,2.8235843,96.75584,0.8190068,True,False
Arequipa,Arequipa,Jacobo Hunter,"Jacobo Hunter, Arequipa, Arequipa",MOVISTAR,202404,202410,-6,pre_shutdown,3.8060553,2006.0,8.899807,28435.0,2.676591,80.36802,3.4587672,95.11841,0.85353655,True,False
Arequipa,Arequipa,Jacobo Hunter,"Jacobo Hunter, Arequipa, Arequipa",MOVISTAR,202405,202410,-5,pre_shutdown,3.4904792,1662.0,8.278817,24798.0,2.648996,80.63286,3.9525585,95.10217,1.0094688,True,False
Arequipa,Arequipa,Jacobo Hunter,"Jacobo Hunter, Arequipa, Arequipa",MOVISTAR,202406,202410,-4,pre_shutdown,4.94735,2528.0,9.4822645,30785.0,3.0478585,81.194855,3.0737262,96.717896,0.89781,True,False
Arequipa,Arequipa,Jacobo Hunter,"Jacobo Hunter, Arequipa, Arequipa",MOVISTAR,202407,202410,-3,pre_shutdown,5.209937,2743.0,9.422126,29957.0,3.225648,81.09373,4.667858,94.607025,1.001014,True,False
Arequipa,Arequipa,Jacobo Hunter,"Jacobo Hunter, Arequipa, Arequipa",MOVISTAR,202408,202410,-2,pre_shutdown,4.8337684,1463.0,9.867107,23636.0,2.9536836,81.39829,2.6372762,97.15546,0.9770213,True,False
Arequipa,Arequipa,Jacobo Hunter,"Jacobo Hunter, Arequipa, Arequipa",MOVISTAR,202409,202410,-1,pre_shutdown,4.9652333,2400.0,9.514147,37617.0,3.0518408,78.00005,3.085686,96.46559,0.9429395,True,False
Arequipa,Arequipa,Jacobo Hunter,"Jacobo Hunter, Arequipa, Arequipa",MOVISTAR,202410,202410,0,post_shutdown,0.0,0.0,10.603879,40077.0,3.0865693,74.59048,1.6304162,95.78516,0.9690884,False,True
Arequipa,Arequipa,Jacobo Hunter,"Jacobo Hunter, Arequipa, Arequipa",MOVISTAR,202411,202410,1,post_shutdown,0.0,0.0,10.571334,38127.0,3.110621,64.96409,0.052257195,98.2497,0.72642696,False,True
Arequipa,Arequipa,Jacobo Hunter,"Jacobo Hunter, Arequipa, Arequipa",MOVISTAR,202412,202410,2,post_shutdown,0.0,0.0,10.297603,39223.0,2.9360695,60.14998,0.027623313,98.35707,0.67185926,False,True
Arequipa,Arequipa,Jacobo Hunter,"Jacobo Hunter, Arequipa, Arequipa",MOVISTAR,202501,202410,3,post_shutdown,0.0,0.0,9.904442,34429.0,2.5364466,61.815407,0.072177984,98.18006,0.71305954,False,True
Arequipa,Arequipa,Jacobo Hunter,"Jacobo Hunter, Arequipa, Arequipa",MOVISTAR,202502,202410,4,post_shutdown,0.0,0.0,9.3986225,31545.0,2.6541994,60.49747,0.028333582,98.483444,0.44981885,False,True
Arequipa,Arequipa,Jacobo Hunter,"Jacobo Hunter, Arequipa, Arequipa",MOVISTAR,202503,202410,5,post_shutdown,0.0,0.0,9.5924835,35144.0,2.326678,60.31112,0.037079636,97.930504,0.64349127,False,True
Arequipa,Arequipa,Jacobo Hunter,"Jacobo Hunter, Arequipa, Arequipa",MOVISTAR,202504,202410,6,post_shutdown,0.0,0.0,9.667902,26213.0,2.3330674,65.137405,0.07844396,97.89429,0.59918183,False,True
Arequipa,Arequipa,Jacobo Hunter,"Jacobo Hunter, Arequipa, Arequipa",MOVISTAR,202505,202410,7,post_shutdown,0.0,0.0,9.642931,31486.0,2.2560565,65.76059,0.03360942,97.516335,0.60977936,False,True
Arequipa,Arequipa,Jacobo Hunter,"Jacobo Hunter, Arequipa, Arequipa",MOVISTAR,202506,202410,8,post_shutdown,0.0,0.0,9.085503,25707.0,2.3968215,65.767784,0.0026089868,97.985245,0.6910912,False,True
Arequipa,Arequipa,Jacobo Hunter,"Jacobo Hunter, Arequipa, Arequipa",MOVISTAR,202507,202410,9,post_shutdown,0.0,0.0,9.449358,24625.0,2.700525,59.980553,0.00808291,98.001625,0.70326877,False,True
Arequipa,Arequipa,Jacobo Hunter,"Jacobo Hunter, Arequipa, Arequipa",MOVISTAR,202508,202410,10,post_shutdown,0.0,0.0,11.293337,31243.0,2.0002007,59.591896,0.02403525,97.22015,0.6489672,False,True
Arequipa,Arequipa,Jacobo Hunter,"Jacobo Hunter, Arequipa, Arequipa",MOVISTAR,202509,202410,11,post_shutdown,0.0,0.0,11.539967,30201.0,2.1775346,59.10472,0.009045189,98.015785,0.8131002,False,True
Arequipa,Arequipa,Jacobo Hunter,"Jacobo Hunter, Arequipa, Arequipa",MOVISTAR,202510,202410,12,post_shutdown,0.0,0.0,11.939854,28723.0,2.6303954,58.42041,0.025267826,98.969345,0.630667,False,True
Arequipa,Arequipa,Jacobo Hunter,"Jacobo Hunter, Arequipa, Arequipa",MOVISTAR,202511,202410,13,post_shutdown,0.0,0.0,11.528824,22383.0,2.255149,56.989956,0.010225034,99.11439,0.821379,False,True
Arequipa,Arequipa,Jacobo Hunter,"Jacobo Hunter, Arequipa, Arequipa",MOVISTAR,202512,202410,14,post_shutdown,0.0,0.0,11.928463,22451.0,2.843617,57.21057,0.00695314,99.136765,0.83721876,False,True
Arequipa,Arequipa,Jacobo Hunter,"Jacobo Hunter, Arequipa, Arequipa",MOVISTAR,202601,202410,15,post_shutdown,0.0,0.0,11.214611,21911.0,2.8131278,58.10782,0.01632359,99.13925,0.76509076,False,True
Arequipa,Arequipa,Jacobo Hunter,"Jacobo Hunter, Arequipa, Arequipa",MOVISTAR,202602,202410,16,post_shutdown,0.0,0.0,10.938532,19144.0,2.0388377,59.135384,0.025435409,98.9436,0.9369233,False,True
Arequipa,Arequipa,Jacobo Hunter,"Jacobo Hunter, Arequipa, Arequipa",MOVISTAR,202603,202410,17,post_shutdown,0.0,0.0,12.136756,21277.0,2.1513076,60.485374,0.014761718,99.1908,1.085631,False,True
Arequipa,Arequipa,Jacobo Hunter,"Jacobo Hunter, Arequipa, Arequipa",MOVISTAR,202604,202410,18,post_shutdown,0.0,0.0,12.09566,21311.0,3.1641214,61.96726,0.029533727,99.364395,1.083715,False,True
Arequipa,Arequipa,Jacobo Hunter,"Jacobo Hunter, Arequipa, Arequipa",MOVISTAR,202605,202410,19,post_shutdown,0.0,0.0,12.447784,23940.0,2.9126055,62.366947,0.034224655,99.545685,1.0629297,False,True
Arequipa,Arequipa,Jose Luis Bustamante Y Rivero,"Jose Luis Bustamante Y Rivero, Arequipa, Arequipa",MOVISTAR,202301,202411,-22,pre_shutdown,4.062245,7304.0,10.5996475,83988.0,3.1012068,85.612595,4.4344964,94.4805,1.1374563,True,False
Arequipa,Arequipa,Jose Luis Bustamante Y Rivero,"Jose Luis Bustamante Y Rivero, Arequipa, Arequipa",MOVISTAR,202302,202411,-21,pre_shutdown,4.137036,6007.0,10.262942,62233.0,3.067657,82.99446,5.4565544,93.01167,1.2459356,True,False
Arequipa,Arequipa,Jose Luis Bustamante Y Rivero,"Jose Luis Bustamante Y Rivero, Arequipa, Arequipa",MOVISTAR,202303,202411,-20,pre_shutdown,3.9102514,5261.0,11.48575,64547.0,4.0719705,80.20828,5.3931246,93.459114,1.1226813,True,False
Arequipa,Arequipa,Jose Luis Bustamante Y Rivero,"Jose Luis Bustamante Y Rivero, Arequipa, Arequipa",MOVISTAR,202304,202411,-19,pre_shutdown,3.522663,3658.0,10.6329565,49883.0,3.945237,81.75865,5.081479,94.325356,1.1002984,True,False
Arequipa,Arequipa,Jose Luis Bustamante Y Rivero,"Jose Luis Bustamante Y Rivero, Arequipa, Arequipa",MOVISTAR,202305,202411,-18,pre_shutdown,3.839013,3485.0,11.53519,50807.0,3.5315251,82.36281,4.448224,94.69925,1.0957584,True,False
Arequipa,Arequipa,Jose Luis Bustamante Y Rivero,"Jose Luis Bustamante Y Rivero, Arequipa, Arequipa",MOVISTAR,202306,202411,-17,pre_shutdown,4.1205716,2568.0,10.632043,53767.0,3.3394668,79.92037,3.1817079,95.729515,1.0524087,True,False
Arequipa,Arequipa,Jose Luis Bustamante Y Rivero,"Jose Luis Bustamante Y Rivero, Arequipa, Arequipa",MOVISTAR,202307,202411,-16,pre_shutdown,5.4683223,5488.0,10.902065,65929.0,3.0719213,80.04488,3.900935,95.47948,0.9996838,True,False
Arequipa,Arequipa,Jose Luis Bustamante Y Rivero,"Jose Luis Bustamante Y Rivero, Arequipa, Arequipa",MOVISTAR,202308,202411,-15,pre_shutdown,4.4824176,5627.0,11.401812,77051.0,3.7238636,80.52361,3.8192117,94.29041,1.1361655,True,False
Arequipa,Arequipa,Jose Luis Bustamante Y Rivero,"Jose Luis Bustamante Y Rivero, Arequipa, Arequipa",MOVISTAR,202309,202411,-14,pre_shutdown,4.5865726,4580.0,9.949395,82448.0,3.6495814,82.05883,4.4276557,94.591705,1.0857955,True,False
Arequipa,Arequipa,Jose Luis Bustamante Y Rivero,"Jose Luis Bustamante Y Rivero, Arequipa, Arequipa",MOVISTAR,202310,202411,-13,pre_shutdown,3.9867728,6529.0,9.025182,99551.0,2.8168278,81.636566,5.584452,93.18052,1.0134444,True,False
Arequipa,Arequipa,Jose Luis Bustamante Y Rivero,"Jose Luis Bustamante Y Rivero, Arequipa, Arequipa",MOVISTAR,202311,202411,-12,pre_shutdown,4.497931,4570.0,9.920855,96436.0,3.1804895,81.27123,3.7659194,93.57803,0.97473496,True,False
Arequipa,Arequipa,Jose Luis Bustamante Y Rivero,"Jose Luis Bustamante Y Rivero, Arequipa, Arequipa",MOVISTAR,202312,202411,-11,pre_shutdown,4.3312654,4535.0,9.880517,87251.0,2.8589363,80.74697,4.120362,93.513374,0.9272981,True,False
Arequipa,Arequipa,Jose Luis Bustamante Y Rivero,"Jose Luis Bustamante Y Rivero, Arequipa, Arequipa",MOVISTAR,202401,202411,-10,pre_shutdown,3.929128,3459.0,9.984208,85147.0,2.568033,80.88406,3.4002404,94.136215,0.8312712,True,False
Arequipa,Arequipa,Jose Luis Bustamante Y Rivero,"Jose Luis Bustamante Y Rivero, Arequipa, Arequipa",MOVISTAR,202402,202411,-9,pre_shutdown,3.961873,3589.0,9.436681,71610.0,3.1271775,80.35804,3.4797528,93.55518,0.9346979,True,False
Arequipa,Arequipa,Jose Luis Bustamante Y Rivero,"Jose Luis Bustamante Y Rivero, Arequipa, Arequipa",MOVISTAR,202403,202411,-8,pre_shutdown,4.1368217,3899.0,10.103946,83224.0,2.9321752,81.01085,2.8818636,95.19063,0.9435315,True,False
Arequipa,Arequipa,Jose Luis Bustamante Y Rivero,"Jose Luis Bustamante Y Rivero, Arequipa, Arequipa",MOVISTAR,202404,202411,-7,pre_shutdown,4.1302724,4037.0,9.561684,78729.0,3.365336,80.55142,2.9880686,96.64806,0.9540997,True,False
Arequipa,Arequipa,Jose Luis Bustamante Y Rivero,"Jose Luis Bustamante Y Rivero, Arequipa, Arequipa",MOVISTAR,202405,202411,-6,pre_shutdown,4.070245,3348.0,9.265198,71402.0,3.5550642,79.76126,2.175877,97.41869,0.80237246,True,False
Arequipa,Arequipa,Jose Luis Bustamante Y Rivero,"Jose Luis Bustamante Y Rivero, Arequipa, Arequipa",MOVISTAR,202406,202411,-5,pre_shutdown,4.277603,3552.0,8.996387,66986.0,3.751989,79.94963,2.9496891,96.80715,0.8177246,True,False
Arequipa,Arequipa,Jose Luis Bustamante Y Rivero,"Jose Luis Bustamante Y Rivero, Arequipa, Arequipa",MOVISTAR,202407,202411,-4,pre_shutdown,8.085411,4749.0,10.292402,66888.0,3.7676852,80.44966,3.3087525,94.826385,0.81781924,True,False
Arequipa,Arequipa,Jose Luis Bustamante Y Rivero,"Jose Luis Bustamante Y Rivero, Arequipa, Arequipa",MOVISTAR,202408,202411,-3,pre_shutdown,5.146063,5216.0,9.841514,63747.0,3.232129,81.02687,4.873531,94.850464,0.7628771,True,False
Arequipa,Arequipa,Jose Luis Bustamante Y Rivero,"Jose Luis Bustamante Y Rivero, Arequipa, Arequipa",MOVISTAR,202409,202411,-2,pre_shutdown,6.7103157,6267.0,10.290199,77753.0,2.7287824,76.58523,3.494611,96.16377,0.6498657,True,False
Arequipa,Arequipa,Jose Luis Bustamante Y Rivero,"Jose Luis Bustamante Y Rivero, Arequipa, Arequipa",MOVISTAR,202410,202411,-1,pre_shutdown,4.740417,1867.0,10.331668,89621.0,3.5365045,72.994316,1.91949,95.15665,0.66575664,True,False
Arequipa,Arequipa,Jose Luis Bustamante Y Rivero,"Jose Luis Bustamante Y Rivero, Arequipa, Arequipa",MOVISTAR,202411,202411,0,post_shutdown,0.0,0.0,10.551984,76938.0,2.9775212,64.06497,0.008405423,96.30539,0.60527426,False,True
Arequipa,Arequipa,Jose Luis Bustamante Y Rivero,"Jose Luis Bustamante Y Rivero, Arequipa, Arequipa",MOVISTAR,202412,202411,1,post_shutdown,0.0,0.0,10.679064,64058.0,3.0587265,61.167377,0.0027019437,97.68375,0.5566066,False,True
Arequipa,Arequipa,Jose Luis Bustamante Y Rivero,"Jose Luis Bustamante Y Rivero, Arequipa, Arequipa",MOVISTAR,202501,202411,2,post_shutdown,0.0,0.0,11.108039,67032.0,3.7398827,62.150406,0.0057358774,97.57931,0.5551457,False,True
Arequipa,Arequipa,Jose Luis Bustamante Y Rivero,"Jose Luis Bustamante Y Rivero, Arequipa, Arequipa",MOVISTAR,202502,202411,3,post_shutdown,0.0,0.0,10.980976,70821.0,2.7324126,60.212982,0.0050122165,97.43626,0.46041435,False,True
Arequipa,Arequipa,Jose Luis Bustamante Y Rivero,"Jose Luis Bustamante Y Rivero, Arequipa, Arequipa",MOVISTAR,202503,202411,4,post_shutdown,0.0,0.0,10.679527,86463.0,3.1086838,59.313347,0.02004836,97.79193,0.5292856,False,True
Arequipa,Arequipa,Jose Luis Bustamante Y Rivero,"Jose Luis Bustamante Y Rivero, Arequipa, Arequipa",MOVISTAR,202504,202411,5,post_shutdown,0.0,0.0,11.140377,82621.0,2.7195497,63.80304,0.051382106,97.56553,0.52415735,False,True
Arequipa,Arequipa,Jose Luis Bustamante Y Rivero,"Jose Luis Bustamante Y Rivero, Arequipa, Arequipa",MOVISTAR,202505,202411,6,post_shutdown,0.0,0.0,11.394828,87902.0,2.6974463,64.789505,0.008202216,98.066864,0.38144544,False,True
Arequipa,Arequipa,Jose Luis Bustamante Y Rivero,"Jose Luis Bustamante Y Rivero, Arequipa, Arequipa",MOVISTAR,202506,202411,7,post_shutdown,0.0,0.0,10.892321,81011.0,2.548964,62.76878,0.012825813,98.084694,0.39188278,False,True
Arequipa,Arequipa,Jose Luis Bustamante Y Rivero,"Jose Luis Bustamante Y Rivero, Arequipa, Arequipa",MOVISTAR,202507,202411,8,post_shutdown,0.0,0.0,11.327875,78308.0,2.5188377,56.08538,0.0046424535,98.665474,0.34139636,False,True
Arequipa,Arequipa,Jose Luis Bustamante Y Rivero,"Jose Luis Bustamante Y Rivero, Arequipa, Arequipa",MOVISTAR,202508,202411,9,post_shutdown,0.0,0.0,12.38225,87529.0,2.201131,56.798325,0.052787147,98.832664,0.45871317,False,True
Arequipa,Arequipa,Jose Luis Bustamante Y Rivero,"Jose Luis Bustamante Y Rivero, Arequipa, Arequipa",MOVISTAR,202509,202411,10,post_shutdown,0.0,0.0,12.176,88293.0,2.0832279,57.90763,0.0169315,98.71456,0.71845454,False,True
Arequipa,Arequipa,Jose Luis Bustamante Y Rivero,"Jose Luis Bustamante Y Rivero, Arequipa, Arequipa",MOVISTAR,202510,202411,11,post_shutdown,0.0,0.0,12.28109,72187.0,2.32158,58.40028,0.018271357,98.21844,0.5210678,False,True
Arequipa,Arequipa,Jose Luis Bustamante Y Rivero,"Jose Luis Bustamante Y Rivero, Arequipa, Arequipa",MOVISTAR,202511,202411,12,post_shutdown,0.0,0.0,12.032421,55531.0,2.7900813,56.88114,0.018858908,98.47902,0.66606116,False,True
Arequipa,Arequipa,Jose Luis Bustamante Y Rivero,"Jose Luis Bustamante Y Rivero, Arequipa, Arequipa",MOVISTAR,202512,202411,13,post_shutdown,0.0,0.0,11.833756,53568.0,2.377286,56.48855,0.02780839,98.983376,0.71619505,False,True
Arequipa,Arequipa,Jose Luis Bustamante Y Rivero,"Jose Luis Bustamante Y Rivero, Arequipa, Arequipa",MOVISTAR,202601,202411,14,post_shutdown,0.0,0.0,12.287071,45249.0,2.8352318,57.68629,0.006008095,98.43967,0.68767124,False,True
Arequipa,Arequipa,Jose Luis Bustamante Y Rivero,"Jose Luis Bustamante Y Rivero, Arequipa, Arequipa",MOVISTAR,202602,202411,15,post_shutdown,0.0,0.0,12.523382,50294.0,2.5505419,61.58359,0.008724275,98.88288,0.75423217,False,True
Arequipa,Arequipa,Jose Luis Bustamante Y Rivero,"Jose Luis Bustamante Y Rivero, Arequipa, Arequipa",MOVISTAR,202603,202411,16,post_shutdown,0.0,0.0,12.281823,50994.0,3.2562277,59.72539,0.014363987,99.14132,0.6349761,False,True
Arequipa,Arequipa,Jose Luis Bustamante Y Rivero,"Jose Luis Bustamante Y Rivero, Arequipa, Arequipa",MOVISTAR,202604,202411,17,post_shutdown,0.0,0.0,13.154537,51770.0,3.2936077,59.363274,0.008544846,99.28486,0.56683505,False,True
Arequipa,Arequipa,Jose Luis Bustamante Y Rivero,"Jose Luis Bustamante Y Rivero, Arequipa, Arequipa",MOVISTAR,202605,202411,18,post_shutdown,0.0,0.0,12.757333,48139.0,3.5014086,60.255997,0.004317234,99.22843,0.74295056,False,True
Arequipa,Arequipa,Mariano Melgar,"Mariano Melgar, Arequipa, Arequipa",MOVISTAR,202301,202411,-22,pre_shutdown,3.248027,7573.0,11.98003,40807.0,4.345729,86.16471,8.272615,91.31608,1.3848358,True,False
Arequipa,Arequipa,Mariano Melgar,"Mariano Melgar, Arequipa, Arequipa",MOVISTAR,202302,202411,-21,pre_shutdown,3.331498,5203.0,12.116872,32982.0,3.6394887,84.01737,6.5719404,92.81583,1.3773806,True,False
Arequipa,Arequipa,Mariano Melgar,"Mariano Melgar, Arequipa, Arequipa",MOVISTAR,202303,202411,-20,pre_shutdown,3.9395323,5620.0,12.424136,34474.0,4.14118,80.72901,4.9307737,94.81228,1.2089151,True,False
Arequipa,Arequipa,Mariano Melgar,"Mariano Melgar, Arequipa, Arequipa",MOVISTAR,202304,202411,-19,pre_shutdown,4.2952304,6712.0,11.922545,31677.0,4.4739304,81.11629,5.9547763,93.68759,1.2946806,True,False
Arequipa,Arequipa,Mariano Melgar,"Mariano Melgar, Arequipa, Arequipa",MOVISTAR,202305,202411,-18,pre_shutdown,4.719154,3739.0,9.082821,24244.0,4.165457,82.05551,3.948953,94.6034,1.6347362,True,False
Arequipa,Arequipa,Mariano Melgar,"Mariano Melgar, Arequipa, Arequipa",MOVISTAR,202306,202411,-17,pre_shutdown,4.603295,2575.0,12.356552,33379.0,3.485138,80.31974,2.5559638,97.15352,1.4917357,True,False
Arequipa,Arequipa,Mariano Melgar,"Mariano Melgar, Arequipa, Arequipa",MOVISTAR,202307,202411,-16,pre_shutdown,4.1563683,4001.0,11.783839,43641.0,2.9706202,80.11356,3.4357874,96.40124,1.2200608,True,False
Arequipa,Arequipa,Mariano Melgar,"Mariano Melgar, Arequipa, Arequipa",MOVISTAR,202308,202411,-15,pre_shutdown,4.3454723,3388.0,10.43046,47483.0,3.3012395,79.98645,3.2265468,96.56168,1.1772617,True,False
Arequipa,Arequipa,Mariano Melgar,"Mariano Melgar, Arequipa, Arequipa",MOVISTAR,202309,202411,-14,pre_shutdown,3.8262198,2508.0,10.527992,49600.0,3.534606,80.8886,2.3462098,96.90982,1.1102595,True,False
Arequipa,Arequipa,Mariano Melgar,"Mariano Melgar, Arequipa, Arequipa",MOVISTAR,202310,202411,-13,pre_shutdown,4.013987,2881.0,10.085776,47819.0,3.035381,80.075,2.7866056,96.97027,1.384828,True,False
Arequipa,Arequipa,Mariano Melgar,"Mariano Melgar, Arequipa, Arequipa",MOVISTAR,202311,202411,-12,pre_shutdown,3.6230233,3698.0,9.369521,40261.0,2.741023,81.19947,4.1734567,95.55367,1.3003316,True,False
Arequipa,Arequipa,Mariano Melgar,"Mariano Melgar, Arequipa, Arequipa",MOVISTAR,202312,202411,-11,pre_shutdown,3.5634103,1856.0,9.937215,33692.0,2.9040701,79.896515,2.4104886,97.03968,0.91589034,True,False
Arequipa,Arequipa,Mariano Melgar,"Mariano Melgar, Arequipa, Arequipa",MOVISTAR,202401,202411,-10,pre_shutdown,3.575736,2200.0,9.682844,43671.0,3.621847,80.7498,2.8079443,97.049995,1.0458993,True,False
Arequipa,Arequipa,Mariano Melgar,"Mariano Melgar, Arequipa, Arequipa",MOVISTAR,202402,202411,-9,pre_shutdown,3.9265466,1544.0,9.74498,32480.0,2.1907966,79.45254,2.0449827,95.67529,0.9712481,True,False
Arequipa,Arequipa,Mariano Melgar,"Mariano Melgar, Arequipa, Arequipa",MOVISTAR,202403,202411,-8,pre_shutdown,4.869269,6269.0,10.171227,36882.0,2.8191931,80.08573,5.402676,91.92528,1.0210294,True,False
Arequipa,Arequipa,Mariano Melgar,"Mariano Melgar, Arequipa, Arequipa",MOVISTAR,202404,202411,-7,pre_shutdown,4.7632155,3467.0,9.776208,38844.0,2.525445,79.943825,5.0167775,94.844284,0.9284475,True,False
Arequipa,Arequipa,Mariano Melgar,"Mariano Melgar, Arequipa, Arequipa",MOVISTAR,202405,202411,-6,pre_shutdown,4.158527,2368.0,10.14616,38802.0,3.040363,79.27814,5.0673523,92.65902,0.7889291,True,False
Arequipa,Arequipa,Mariano Melgar,"Mariano Melgar, Arequipa, Arequipa",MOVISTAR,202406,202411,-5,pre_shutdown,4.449543,2392.0,8.968016,34088.0,3.4854777,80.263664,4.2018313,94.76141,0.7832726,True,False
Arequipa,Arequipa,Mariano Melgar,"Mariano Melgar, Arequipa, Arequipa",MOVISTAR,202407,202411,-4,pre_shutdown,4.4673634,4315.0,9.239058,31835.0,3.0263555,80.95961,5.8597546,93.58697,0.8172218,True,False
Arequipa,Arequipa,Mariano Melgar,"Mariano Melgar, Arequipa, Arequipa",MOVISTAR,202408,202411,-3,pre_shutdown,4.33651,2626.0,9.518664,32598.0,2.726893,82.39729,6.408635,93.22829,0.8364312,True,False
Arequipa,Arequipa,Mariano Melgar,"Mariano Melgar, Arequipa, Arequipa",MOVISTAR,202409,202411,-2,pre_shutdown,4.3043756,2848.0,10.532587,32281.0,3.1242056,76.92654,3.850623,95.952736,0.6051837,True,False
Arequipa,Arequipa,Mariano Melgar,"Mariano Melgar, Arequipa, Arequipa",MOVISTAR,202410,202411,-1,pre_shutdown,4.842422,783.0,10.35686,39360.0,3.963586,74.00849,0.7951529,97.724075,0.7219749,True,False
Arequipa,Arequipa,Mariano Melgar,"Mariano Melgar, Arequipa, Arequipa",MOVISTAR,202411,202411,0,post_shutdown,0.0,0.0,11.286306,31383.0,3.8946524,64.15919,0.005138302,98.32038,0.5292238,False,True
Arequipa,Arequipa,Mariano Melgar,"Mariano Melgar, Arequipa, Arequipa",MOVISTAR,202412,202411,1,post_shutdown,0.0,0.0,11.775856,25292.0,3.513586,61.352016,0.00015924712,98.90292,0.46811196,False,True
Arequipa,Arequipa,Mariano Melgar,"Mariano Melgar, Arequipa, Arequipa",MOVISTAR,202501,202411,2,post_shutdown,0.0,0.0,11.3040085,35541.0,4.017795,62.077515,0.0010172299,98.86922,0.5060147,False,True
Arequipa,Arequipa,Mariano Melgar,"Mariano Melgar, Arequipa, Arequipa",MOVISTAR,202502,202411,3,post_shutdown,0.0,0.0,11.227314,22991.0,3.0784998,62.079628,0.001610052,98.83635,0.49660853,False,True
Arequipa,Arequipa,Mariano Melgar,"Mariano Melgar, Arequipa, Arequipa",MOVISTAR,202503,202411,4,post_shutdown,0.0,0.0,10.59612,23475.0,2.3426838,60.579353,0.0015682621,98.557365,0.52352285,False,True
Arequipa,Arequipa,Mariano Melgar,"Mariano Melgar, Arequipa, Arequipa",MOVISTAR,202504,202411,5,post_shutdown,0.0,0.0,11.506934,23992.0,2.3314042,64.96204,0.002391696,97.1578,0.43538523,False,True
Arequipa,Arequipa,Mariano Melgar,"Mariano Melgar, Arequipa, Arequipa",MOVISTAR,202505,202411,6,post_shutdown,0.0,0.0,11.604374,33471.0,2.4852326,65.08123,0.026218466,98.456955,0.48576128,False,True
Arequipa,Arequipa,Mariano Melgar,"Mariano Melgar, Arequipa, Arequipa",MOVISTAR,202506,202411,7,post_shutdown,0.0,0.0,14.472125,23291.0,3.482445,63.34877,0.014149599,97.348785,0.47473606,False,True
Arequipa,Arequipa,Mariano Melgar,"Mariano Melgar, Arequipa, Arequipa",MOVISTAR,202507,202411,8,post_shutdown,0.0,0.0,11.802116,21872.0,2.730313,56.761833,0.0006595135,98.37098,0.50772756,False,True
Arequipa,Arequipa,Mariano Melgar,"Mariano Melgar, Arequipa, Arequipa",MOVISTAR,202508,202411,9,post_shutdown,0.0,0.0,11.419739,25677.0,2.1216135,57.521393,0.00036991562,99.24819,0.54988694,False,True
Arequipa,Arequipa,Mariano Melgar,"Mariano Melgar, Arequipa, Arequipa",MOVISTAR,202509,202411,10,post_shutdown,0.0,0.0,11.796549,31712.0,1.5957779,56.294834,0.0074520786,99.21844,0.5607515,False,True
Arequipa,Arequipa,Mariano Melgar,"Mariano Melgar, Arequipa, Arequipa",MOVISTAR,202510,202411,11,post_shutdown,0.0,0.0,12.923697,23748.0,2.573981,57.80551,0.0065889205,99.48871,0.5120247,False,True
Arequipa,Arequipa,Mariano Melgar,"Mariano Melgar, Arequipa, Arequipa",MOVISTAR,202511,202411,12,post_shutdown,0.0,0.0,11.755802,32594.0,2.1264331,55.137394,0.013521373,99.10948,0.5950893,False,True
Arequipa,Arequipa,Mariano Melgar,"Mariano Melgar, Arequipa, Arequipa",MOVISTAR,202512,202411,13,post_shutdown,0.0,0.0,13.089109,29300.0,2.5621712,52.24752,0.00045166715,99.13699,0.59451836,False,True
Arequipa,Arequipa,Mariano Melgar,"Mariano Melgar, Arequipa, Arequipa",MOVISTAR,202601,202411,14,post_shutdown,0.0,0.0,10.889894,29280.0,2.8261554,55.39045,0.0009501503,98.39892,0.70514023,False,True
Arequipa,Arequipa,Mariano Melgar,"Mariano Melgar, Arequipa, Arequipa",MOVISTAR,202602,202411,15,post_shutdown,0.0,0.0,12.098484,25843.0,3.45941,59.343163,0.0020694206,98.974686,0.9335874,False,True
Arequipa,Arequipa,Mariano Melgar,"Mariano Melgar, Arequipa, Arequipa",MOVISTAR,202603,202411,16,post_shutdown,0.0,0.0,12.439541,21549.0,2.2180068,57.949936,0.0005201003,98.943954,0.75480884,False,True
Arequipa,Arequipa,Mariano Melgar,"Mariano Melgar, Arequipa, Arequipa",MOVISTAR,202604,202411,17,post_shutdown,0.0,0.0,12.67301,17332.0,2.8652017,56.757545,0.023326553,99.402245,0.5890447,False,True
Arequipa,Arequipa,Mariano Melgar,"Mariano Melgar, Arequipa, Arequipa",MOVISTAR,202605,202411,18,post_shutdown,0.0,0.0,11.404382,18221.0,3.0449731,56.546787,0.012345442,99.21718,0.6511766,False,True
Arequipa,Arequipa,Miraflores,"Miraflores, Arequipa, Arequipa",MOVISTAR,202301,202411,-22,pre_shutdown,4.612698,3566.0,13.622182,58571.0,4.3331957,85.04867,4.412671,93.936775,1.2210726,True,False
Arequipa,Arequipa,Miraflores,"Miraflores, Arequipa, Arequipa",MOVISTAR,202302,202411,-21,pre_shutdown,4.214579,3180.0,13.857048,41966.0,5.434674,83.29927,7.7230697,89.63724,1.36306,True,False
Arequipa,Arequipa,Miraflores,"Miraflores, Arequipa, Arequipa",MOVISTAR,202303,202411,-20,pre_shutdown,4.099737,2557.0,10.62422,47509.0,5.180972,79.84687,4.546534,92.83126,1.1253885,True,False
Arequipa,Arequipa,Miraflores,"Miraflores, Arequipa, Arequipa",MOVISTAR,202304,202411,-19,pre_shutdown,4.525466,3243.0,11.514006,35151.0,5.1227326,81.18131,5.74675,91.94003,1.1080478,True,False
Arequipa,Arequipa,Miraflores,"Miraflores, Arequipa, Arequipa",MOVISTAR,202305,202411,-18,pre_shutdown,3.9639664,2452.0,12.184829,38180.0,3.8960564,82.44557,4.9897804,91.08013,1.120283,True,False
Arequipa,Arequipa,Miraflores,"Miraflores, Arequipa, Arequipa",MOVISTAR,202306,202411,-17,pre_shutdown,4.1793633,1744.0,11.722936,40152.0,3.6267228,80.51394,3.971764,94.69348,1.1350342,True,False
Arequipa,Arequipa,Miraflores,"Miraflores, Arequipa, Arequipa",MOVISTAR,202307,202411,-16,pre_shutdown,3.8284895,1910.0,10.950409,44779.0,3.4663887,79.100426,2.7938154,96.55929,0.9239766,True,False
Arequipa,Arequipa,Miraflores,"Miraflores, Arequipa, Arequipa",MOVISTAR,202308,202411,-15,pre_shutdown,4.311397,2499.0,10.23737,60686.0,3.2292178,79.054596,3.0116649,96.321236,1.093694,True,False
Arequipa,Arequipa,Miraflores,"Miraflores, Arequipa, Arequipa",MOVISTAR,202309,202411,-14,pre_shutdown,4.2041693,2457.0,11.926704,64091.0,3.9307237,81.33496,2.1552565,97.09156,0.99380285,True,False
Arequipa,Arequipa,Miraflores,"Miraflores, Arequipa, Arequipa",MOVISTAR,202310,202411,-13,pre_shutdown,3.5539525,2604.0,11.809519,57330.0,4.07575,79.162186,3.079514,96.5768,1.019233,True,False
Arequipa,Arequipa,Miraflores,"Miraflores, Arequipa, Arequipa",MOVISTAR,202311,202411,-12,pre_shutdown,4.3493423,3588.0,13.580461,61302.0,3.9315588,79.71823,3.3593454,95.1339,0.9404704,True,False
Arequipa,Arequipa,Miraflores,"Miraflores, Arequipa, Arequipa",MOVISTAR,202312,202411,-11,pre_shutdown,4.1072392,3090.0,12.117199,68463.0,4.52186,79.44161,2.9853277,96.387596,0.75647193,True,False
Arequipa,Arequipa,Miraflores,"Miraflores, Arequipa, Arequipa",MOVISTAR,202401,202411,-10,pre_shutdown,4.0821753,2501.0,11.188906,58094.0,4.135539,79.67931,3.3777013,96.17862,0.9204713,True,False
Arequipa,Arequipa,Miraflores,"Miraflores, Arequipa, Arequipa",MOVISTAR,202402,202411,-9,pre_shutdown,4.563496,1586.0,11.481639,52296.0,4.5334992,79.38827,2.34366,96.855705,0.6298076,True,False
Arequipa,Arequipa,Miraflores,"Miraflores, Arequipa, Arequipa",MOVISTAR,202403,202411,-8,pre_shutdown,4.445735,2718.0,11.019541,65727.0,3.5254047,79.28509,3.4049385,95.298515,0.7403889,True,False
Arequipa,Arequipa,Miraflores,"Miraflores, Arequipa, Arequipa",MOVISTAR,202404,202411,-7,pre_shutdown,4.338419,2376.0,9.688642,52131.0,2.9457319,79.762695,1.9986411,97.79372,0.82780993,True,False
Arequipa,Arequipa,Miraflores,"Miraflores, Arequipa, Arequipa",MOVISTAR,202405,202411,-6,pre_shutdown,3.7983062,2410.0,10.890466,41238.0,2.593202,77.96985,2.3354838,97.15527,0.69192976,True,False
Arequipa,Arequipa,Miraflores,"Miraflores, Arequipa, Arequipa",MOVISTAR,202406,202411,-5,pre_shutdown,6.6422863,2877.0,11.551138,42478.0,3.1357872,77.26307,3.0787842,96.67486,0.5781981,True,False
Arequipa,Arequipa,Miraflores,"Miraflores, Arequipa, Arequipa",MOVISTAR,202407,202411,-4,pre_shutdown,5.484738,4386.0,11.188138,51999.0,3.7923126,77.25758,4.882932,94.82338,0.55273706,True,False
Arequipa,Arequipa,Miraflores,"Miraflores, Arequipa, Arequipa",MOVISTAR,202408,202411,-3,pre_shutdown,4.987719,3961.0,12.124781,45256.0,3.0015013,79.35894,6.346162,93.54936,0.5993435,True,False
Arequipa,Arequipa,Miraflores,"Miraflores, Arequipa, Arequipa",MOVISTAR,202409,202411,-2,pre_shutdown,5.0961123,2669.0,12.062172,55391.0,3.4781077,75.20787,3.0646632,96.743546,0.50054276,True,False
Arequipa,Arequipa,Miraflores,"Miraflores, Arequipa, Arequipa",MOVISTAR,202410,202411,-1,pre_shutdown,6.15281,623.0,11.689378,44565.0,3.3276665,71.071144,0.4340405,98.3107,0.5313586,True,False
Arequipa,Arequipa,Miraflores,"Miraflores, Arequipa, Arequipa",MOVISTAR,202411,202411,0,post_shutdown,0.0,0.0,11.692499,45087.0,3.3717735,61.31905,0.0060876803,98.277534,0.48795363,False,True
Arequipa,Arequipa,Miraflores,"Miraflores, Arequipa, Arequipa",MOVISTAR,202412,202411,1,post_shutdown,0.0,0.0,11.852702,38772.0,3.2676854,58.453575,0.04003711,97.4121,0.509746,False,True
Arequipa,Arequipa,Miraflores,"Miraflores, Arequipa, Arequipa",MOVISTAR,202501,202411,2,post_shutdown,0.0,0.0,12.888568,43245.0,3.6682959,58.895336,0.015626514,97.4289,0.49744257,False,True
Arequipa,Arequipa,Miraflores,"Miraflores, Arequipa, Arequipa",MOVISTAR,202502,202411,3,post_shutdown,0.0,0.0,12.943945,56024.0,3.2359872,58.92122,0.031357177,96.22469,0.42871287,False,True
Arequipa,Arequipa,Miraflores,"Miraflores, Arequipa, Arequipa",MOVISTAR,202503,202411,4,post_shutdown,0.0,0.0,10.735552,35847.0,4.997479,58.50193,0.008633605,97.253624,0.39093947,False,True
Arequipa,Arequipa,Miraflores,"Miraflores, Arequipa, Arequipa",MOVISTAR,202504,202411,5,post_shutdown,0.0,0.0,10.853097,46101.0,3.9420877,63.714092,0.017220268,98.28717,0.42254338,False,True
Arequipa,Arequipa,Miraflores,"Miraflores, Arequipa, Arequipa",MOVISTAR,202505,202411,6,post_shutdown,0.0,0.0,11.023167,48331.0,2.7875755,66.14741,0.008438974,97.74853,0.5810943,False,True
Arequipa,Arequipa,Miraflores,"Miraflores, Arequipa, Arequipa",MOVISTAR,202506,202411,7,post_shutdown,0.0,0.0,10.548677,43408.0,3.400397,64.89774,0.009740336,96.526924,0.65689915,False,True
Arequipa,Arequipa,Miraflores,"Miraflores, Arequipa, Arequipa",MOVISTAR,202507,202411,8,post_shutdown,0.0,0.0,11.252514,38683.0,2.7395513,57.299747,0.0144142425,95.89172,0.5097758,False,True
Arequipa,Arequipa,Miraflores,"Miraflores, Arequipa, Arequipa",MOVISTAR,202508,202411,9,post_shutdown,0.0,0.0,11.965151,42533.0,2.9120626,57.176037,0.021426702,98.64494,0.573117,False,True
Arequipa,Arequipa,Miraflores,"Miraflores, Arequipa, Arequipa",MOVISTAR,202509,202411,10,post_shutdown,0.0,0.0,11.954892,26734.0,2.3739533,56.07862,0.0056221685,98.636505,1.1205077,False,True
Arequipa,Arequipa,Miraflores,"Miraflores, Arequipa, Arequipa",MOVISTAR,202510,202411,11,post_shutdown,0.0,0.0,12.215689,27422.0,2.4215415,57.368156,0.00310122,98.40113,0.57258826,False,True
Arequipa,Arequipa,Miraflores,"Miraflores, Arequipa, Arequipa",MOVISTAR,202511,202411,12,post_shutdown,0.0,0.0,13.221714,29883.0,2.2175252,54.11501,0.0076059876,98.75204,0.63245565,False,True
Arequipa,Arequipa,Miraflores,"Miraflores, Arequipa, Arequipa",MOVISTAR,202512,202411,13,post_shutdown,0.0,0.0,12.841938,32780.0,2.9906235,53.469826,0.015283883,99.16694,0.64276314,False,True
Arequipa,Arequipa,Miraflores,"Miraflores, Arequipa, Arequipa",MOVISTAR,202601,202411,14,post_shutdown,0.0,0.0,13.154278,32768.0,2.892617,55.263912,0.01576666,97.93337,0.6483376,False,True
Arequipa,Arequipa,Miraflores,"Miraflores, Arequipa, Arequipa",MOVISTAR,202602,202411,15,post_shutdown,0.0,0.0,12.38166,30185.0,3.1342025,58.684372,0.0029623576,99.23099,0.7588637,False,True
Arequipa,Arequipa,Miraflores,"Miraflores, Arequipa, Arequipa",MOVISTAR,202603,202411,16,post_shutdown,0.0,0.0,12.463116,31338.0,2.9653206,57.160484,0.00017000186,99.36045,0.78106165,False,True
Arequipa,Arequipa,Miraflores,"Miraflores, Arequipa, Arequipa",MOVISTAR,202604,202411,17,post_shutdown,0.0,0.0,12.017219,26114.0,3.5654163,55.754807,0.0025644822,99.583176,0.75424135,False,True
Arequipa,Arequipa,Miraflores,"Miraflores, Arequipa, Arequipa",MOVISTAR,202605,202411,18,post_shutdown,0.0,0.0,12.45204,26812.0,3.4730844,55.80331,0.00024941878,99.33945,0.6353735,False,True
Arequipa,Arequipa,Paucarpata,"Paucarpata, Arequipa, Arequipa",MOVISTAR,202301,202411,-22,pre_shutdown,4.7151403,13321.0,9.927331,65845.0,4.053252,86.2366,6.1149726,93.03403,1.3809128,True,False
Arequipa,Arequipa,Paucarpata,"Paucarpata, Arequipa, Arequipa",MOVISTAR,202302,202411,-21,pre_shutdown,3.4940064,5176.0,10.082622,50775.0,4.5392156,82.831406,7.0167875,91.71069,1.3656594,True,False
Arequipa,Arequipa,Paucarpata,"Paucarpata, Arequipa, Arequipa",MOVISTAR,202303,202411,-20,pre_shutdown,3.63617,8591.0,11.444171,58822.0,4.493418,80.2696,8.178176,91.04458,1.184792,True,False
Arequipa,Arequipa,Paucarpata,"Paucarpata, Arequipa, Arequipa",MOVISTAR,202304,202411,-19,pre_shutdown,3.879744,9654.0,11.65571,61701.0,4.5545583,81.10747,8.167052,90.2193,1.1792921,True,False
Arequipa,Arequipa,Paucarpata,"Paucarpata, Arequipa, Arequipa",MOVISTAR,202305,202411,-18,pre_shutdown,3.5710783,4498.0,12.254981,68552.0,5.2395735,81.42805,5.036337,93.669914,1.0189251,True,False
Arequipa,Arequipa,Paucarpata,"Paucarpata, Arequipa, Arequipa",MOVISTAR,202306,202411,-17,pre_shutdown,3.8035681,6431.0,12.372751,89249.0,5.297279,80.24032,3.87256,95.6604,1.0641514,True,False
Arequipa,Arequipa,Paucarpata,"Paucarpata, Arequipa, Arequipa",MOVISTAR,202307,202411,-16,pre_shutdown,3.8073728,8075.0,12.055704,95729.0,4.1963906,80.02979,3.77121,95.73246,0.9460906,True,False
Arequipa,Arequipa,Paucarpata,"Paucarpata, Arequipa, Arequipa",MOVISTAR,202308,202411,-15,pre_shutdown,4.056005,6223.0,11.29569,109141.0,3.9612787,80.21682,4.2712436,95.056564,0.9467108,True,False
Arequipa,Arequipa,Paucarpata,"Paucarpata, Arequipa, Arequipa",MOVISTAR,202309,202411,-14,pre_shutdown,4.1375675,9734.0,11.649144,117908.0,4.119943,81.213745,4.3969984,95.17906,0.9649441,True,False
Arequipa,Arequipa,Paucarpata,"Paucarpata, Arequipa, Arequipa",MOVISTAR,202310,202411,-13,pre_shutdown,4.2102776,10969.0,10.708123,137505.0,3.4751155,80.59598,4.71138,95.00257,0.96396977,True,False
Arequipa,Arequipa,Paucarpata,"Paucarpata, Arequipa, Arequipa",MOVISTAR,202311,202411,-12,pre_shutdown,4.2412043,8495.0,10.565987,122244.0,3.7034342,80.68163,4.1853004,95.205215,0.9699136,True,False
Arequipa,Arequipa,Paucarpata,"Paucarpata, Arequipa, Arequipa",MOVISTAR,202312,202411,-11,pre_shutdown,4.1030655,6684.0,10.42874,116234.0,2.9715135,80.09166,4.081107,94.94013,0.8754522,True,False
Arequipa,Arequipa,Paucarpata,"Paucarpata, Arequipa, Arequipa",MOVISTAR,202401,202411,-10,pre_shutdown,4.2391067,6050.0,10.244762,107669.0,3.5304239,81.125046,4.37204,95.254295,0.98562706,True,False
Arequipa,Arequipa,Paucarpata,"Paucarpata, Arequipa, Arequipa",MOVISTAR,202402,202411,-9,pre_shutdown,3.6256886,6311.0,9.08103,68006.0,3.4404743,80.63824,4.377134,95.335884,0.90436,True,False
Arequipa,Arequipa,Paucarpata,"Paucarpata, Arequipa, Arequipa",MOVISTAR,202403,202411,-8,pre_shutdown,3.7715244,5946.0,9.249138,93306.0,2.8029926,80.94588,3.552294,96.01607,0.93318224,True,False
Arequipa,Arequipa,Paucarpata,"Paucarpata, Arequipa, Arequipa",MOVISTAR,202404,202411,-7,pre_shutdown,3.8658972,7215.0,9.024909,70600.0,2.6103523,79.84955,3.9884071,95.63252,0.8785242,True,False
Arequipa,Arequipa,Paucarpata,"Paucarpata, Arequipa, Arequipa",MOVISTAR,202405,202411,-6,pre_shutdown,3.648156,5667.0,9.502547,59643.0,2.7258606,79.9837,2.6887965,96.72466,0.87391746,True,False
Arequipa,Arequipa,Paucarpata,"Paucarpata, Arequipa, Arequipa",MOVISTAR,202406,202411,-5,pre_shutdown,4.055034,5165.0,9.082611,61535.0,3.3515506,79.70413,3.9690745,95.520096,0.92250615,True,False
Arequipa,Arequipa,Paucarpata,"Paucarpata, Arequipa, Arequipa",MOVISTAR,202407,202411,-4,pre_shutdown,5.3724446,6186.0,10.251083,62188.0,3.896187,79.87912,6.5666313,93.01612,0.9505347,True,False
Arequipa,Arequipa,Paucarpata,"Paucarpata, Arequipa, Arequipa",MOVISTAR,202408,202411,-3,pre_shutdown,4.532166,9142.0,8.931963,52378.0,3.870922,81.621315,6.423878,93.26851,1.0377538,True,False
Arequipa,Arequipa,Paucarpata,"Paucarpata, Arequipa, Arequipa",MOVISTAR,202409,202411,-2,pre_shutdown,4.364194,8270.0,9.095369,55421.0,2.9357364,76.4965,5.9872212,93.71603,0.7674435,True,False
Arequipa,Arequipa,Paucarpata,"Paucarpata, Arequipa, Arequipa",MOVISTAR,202410,202411,-1,pre_shutdown,4.4792757,3821.0,10.009882,57429.0,3.7347002,72.92592,1.6268783,95.12133,0.644385,True,False
Arequipa,Arequipa,Paucarpata,"Paucarpata, Arequipa, Arequipa",MOVISTAR,202411,202411,0,post_shutdown,0.0,0.0,9.974111,52094.0,3.23621,63.16964,0.023967102,94.89502,0.6309062,False,True
Arequipa,Arequipa,Paucarpata,"Paucarpata, Arequipa, Arequipa",MOVISTAR,202412,202411,1,post_shutdown,0.0,0.0,10.575788,55663.0,3.500113,59.832485,0.015545682,94.96122,0.6294767,False,True
Arequipa,Arequipa,Paucarpata,"Paucarpata, Arequipa, Arequipa",MOVISTAR,202501,202411,2,post_shutdown,0.0,0.0,9.66472,73300.0,3.3700335,61.356262,0.0055220937,95.24665,0.5850856,False,True
Arequipa,Arequipa,Paucarpata,"Paucarpata, Arequipa, Arequipa",MOVISTAR,202502,202411,3,post_shutdown,0.0,0.0,10.656036,80701.0,4.245749,60.78855,0.0040677073,94.96376,0.44779062,False,True
Arequipa,Arequipa,Paucarpata,"Paucarpata, Arequipa, Arequipa",MOVISTAR,202503,202411,4,post_shutdown,0.0,0.0,9.815378,73250.0,4.1567903,59.478096,0.0055651665,94.501465,0.6126446,False,True
Arequipa,Arequipa,Paucarpata,"Paucarpata, Arequipa, Arequipa",MOVISTAR,202504,202411,5,post_shutdown,0.0,0.0,10.0318985,64836.0,3.9688299,64.93829,0.03778644,93.76812,0.6360591,False,True
Arequipa,Arequipa,Paucarpata,"Paucarpata, Arequipa, Arequipa",MOVISTAR,202505,202411,6,post_shutdown,0.0,0.0,10.129614,65770.0,2.9214966,66.508064,0.0054891813,94.68951,0.56666416,False,True
Arequipa,Arequipa,Paucarpata,"Paucarpata, Arequipa, Arequipa",MOVISTAR,202506,202411,7,post_shutdown,0.0,0.0,10.114936,54880.0,3.0593045,66.46164,0.025339024,95.89509,0.5937285,False,True
Arequipa,Arequipa,Paucarpata,"Paucarpata, Arequipa, Arequipa",MOVISTAR,202507,202411,8,post_shutdown,0.0,0.0,9.999841,49753.0,3.8359432,59.084,0.057441097,96.036514,0.85494465,False,True
Arequipa,Arequipa,Paucarpata,"Paucarpata, Arequipa, Arequipa",MOVISTAR,202508,202411,9,post_shutdown,0.0,0.0,11.104775,46146.0,3.3651261,57.468483,0.0050108074,96.72177,0.664299,False,True
Arequipa,Arequipa,Paucarpata,"Paucarpata, Arequipa, Arequipa",MOVISTAR,202509,202411,10,post_shutdown,0.0,0.0,11.623601,45829.0,3.1261928,56.710686,0.008582093,95.539444,0.6524971,False,True
Arequipa,Arequipa,Paucarpata,"Paucarpata, Arequipa, Arequipa",MOVISTAR,202510,202411,11,post_shutdown,0.0,0.0,11.921609,41332.0,2.219985,56.232323,0.0020796668,94.99021,0.7105602,False,True
Arequipa,Arequipa,Paucarpata,"Paucarpata, Arequipa, Arequipa",MOVISTAR,202511,202411,12,post_shutdown,0.0,0.0,11.041008,41507.0,2.3921595,53.489937,0.006946898,95.55356,0.72141963,False,True
Arequipa,Arequipa,Paucarpata,"Paucarpata, Arequipa, Arequipa",MOVISTAR,202512,202411,13,post_shutdown,0.0,0.0,11.939711,51430.0,2.6961787,52.235874,0.019626437,98.22373,0.6944018,False,True
Arequipa,Arequipa,Paucarpata,"Paucarpata, Arequipa, Arequipa",MOVISTAR,202601,202411,14,post_shutdown,0.0,0.0,11.627686,53766.0,3.3036096,54.72519,0.012238787,98.72742,0.6383296,False,True
Arequipa,Arequipa,Paucarpata,"Paucarpata, Arequipa, Arequipa",MOVISTAR,202602,202411,15,post_shutdown,0.0,0.0,12.206159,49320.0,3.2253747,58.7214,0.0071678017,98.89402,0.762857,False,True
Arequipa,Arequipa,Paucarpata,"Paucarpata, Arequipa, Arequipa",MOVISTAR,202603,202411,16,post_shutdown,0.0,0.0,11.720419,57500.0,2.9479914,56.909374,0.009816882,99.06881,0.79449475,False,True
Arequipa,Arequipa,Paucarpata,"Paucarpata, Arequipa, Arequipa",MOVISTAR,202604,202411,17,post_shutdown,0.0,0.0,12.082757,42294.0,3.5325794,55.99955,0.0037092157,99.33422,0.75961244,False,True
Arequipa,Arequipa,Paucarpata,"Paucarpata, Arequipa, Arequipa",MOVISTAR,202605,202411,18,post_shutdown,0.0,0.0,11.469226,46796.0,2.941259,57.03212,0.010092338,99.18801,0.7580855,False,True
Arequipa,Arequipa,Sachaca,"Sachaca, Arequipa, Arequipa",MOVISTAR,202301,202410,-21,pre_shutdown,3.4370182,1296.0,11.470819,21504.0,5.0088897,87.693855,4.0823483,95.18397,1.3849351,True,False
Arequipa,Arequipa,Sachaca,"Sachaca, Arequipa, Arequipa",MOVISTAR,202302,202410,-20,pre_shutdown,3.7756245,760.0,9.786402,10954.0,4.394738,84.41723,8.904073,90.550766,1.5592117,True,False
Arequipa,Arequipa,Sachaca,"Sachaca, Arequipa, Arequipa",MOVISTAR,202303,202410,-19,pre_shutdown,4.5619473,798.0,12.146077,10799.0,4.488172,80.419075,10.609462,88.54487,1.199501,True,False
Arequipa,Arequipa,Sachaca,"Sachaca, Arequipa, Arequipa",MOVISTAR,202304,202410,-18,pre_shutdown,4.5231037,1124.0,10.817825,11525.0,4.244437,80.957275,13.437955,85.05646,1.4819362,True,False
Arequipa,Arequipa,Sachaca,"Sachaca, Arequipa, Arequipa",MOVISTAR,202305,202410,-17,pre_shutdown,3.4459014,1047.0,10.972465,11305.0,3.7602446,83.09914,10.5710535,88.522224,1.2641182,True,False
Arequipa,Arequipa,Sachaca,"Sachaca, Arequipa, Arequipa",MOVISTAR,202306,202410,-16,pre_shutdown,3.741927,1208.0,11.573197,8956.0,4.936069,82.55902,11.4178915,87.30649,1.6215203,True,False
Arequipa,Arequipa,Sachaca,"Sachaca, Arequipa, Arequipa",MOVISTAR,202307,202410,-15,pre_shutdown,4.0610075,1227.0,9.962754,12229.0,4.111478,79.92577,8.616814,90.78187,1.4092863,True,False
Arequipa,Arequipa,Sachaca,"Sachaca, Arequipa, Arequipa",MOVISTAR,202308,202410,-14,pre_shutdown,4.043543,2311.0,11.340888,19459.0,2.8337471,81.718346,7.769467,91.79679,1.2516047,True,False
Arequipa,Arequipa,Sachaca,"Sachaca, Arequipa, Arequipa",MOVISTAR,202309,202410,-13,pre_shutdown,3.402948,1130.0,10.755783,24677.0,2.6971197,80.857025,5.1286225,94.55512,1.010847,True,False
Arequipa,Arequipa,Sachaca,"Sachaca, Arequipa, Arequipa",MOVISTAR,202310,202410,-12,pre_shutdown,4.243133,1505.0,11.708924,28139.0,3.4293177,80.70253,5.029883,92.49156,1.0560079,True,False
Arequipa,Arequipa,Sachaca,"Sachaca, Arequipa, Arequipa",MOVISTAR,202311,202410,-11,pre_shutdown,3.437908,2341.0,8.9527,22523.0,2.659819,83.90137,8.192345,91.14323,1.3548551,True,False
Arequipa,Arequipa,Sachaca,"Sachaca, Arequipa, Arequipa",MOVISTAR,202312,202410,-10,pre_shutdown,3.349072,2135.0,9.558881,17756.0,3.0662093,82.09693,8.854193,90.36152,1.0719345,True,False
Arequipa,Arequipa,Sachaca,"Sachaca, Arequipa, Arequipa",MOVISTAR,202401,202410,-9,pre_shutdown,3.9702997,1369.0,9.001352,16016.0,3.035073,80.36774,6.6615787,92.810875,1.0335367,True,False
Arequipa,Arequipa,Sachaca,"Sachaca, Arequipa, Arequipa",MOVISTAR,202402,202410,-8,pre_shutdown,5.186746,994.0,11.134477,13431.0,2.9796655,79.549995,4.0916533,95.40343,0.79223037,True,False
Arequipa,Arequipa,Sachaca,"Sachaca, Arequipa, Arequipa",MOVISTAR,202403,202410,-7,pre_shutdown,4.9761314,1085.0,10.2197,20299.0,2.681644,80.079315,4.636849,94.382484,1.0755801,True,False
Arequipa,Arequipa,Sachaca,"Sachaca, Arequipa, Arequipa",MOVISTAR,202404,202410,-6,pre_shutdown,4.0117702,1249.0,11.179199,19817.0,3.795246,78.97671,4.248888,95.42328,0.750669,True,False
Arequipa,Arequipa,Sachaca,"Sachaca, Arequipa, Arequipa",MOVISTAR,202405,202410,-5,pre_shutdown,3.916401,825.0,9.669377,16057.0,3.303645,78.14244,5.7569795,93.551,0.7559592,True,False
Arequipa,Arequipa,Sachaca,"Sachaca, Arequipa, Arequipa",MOVISTAR,202406,202410,-4,pre_shutdown,3.4643624,954.0,8.4811,18010.0,2.7477326,79.07941,6.4102726,93.26075,0.78363913,True,False
Arequipa,Arequipa,Sachaca,"Sachaca, Arequipa, Arequipa",MOVISTAR,202407,202410,-3,pre_shutdown,3.860109,1107.0,8.615006,16291.0,2.8853135,80.299194,4.9755473,94.450554,0.9890257,True,False
Arequipa,Arequipa,Sachaca,"Sachaca, Arequipa, Arequipa",MOVISTAR,202408,202410,-2,pre_shutdown,4.123111,905.0,9.163162,12371.0,2.3181815,81.006325,7.23027,92.44875,0.8892454,True,False
Arequipa,Arequipa,Sachaca,"Sachaca, Arequipa, Arequipa",MOVISTAR,202409,202410,-1,pre_shutdown,3.4165015,947.0,8.067303,15055.0,2.3556216,74.14041,4.929393,94.585335,0.6697291,True,False
Arequipa,Arequipa,Sachaca,"Sachaca, Arequipa, Arequipa",MOVISTAR,202410,202410,0,post_shutdown,0.0,0.0,9.90796,10765.0,3.209684,71.85356,1.2896775,97.10769,0.7860439,False,True
Arequipa,Arequipa,Sachaca,"Sachaca, Arequipa, Arequipa",MOVISTAR,202411,202410,1,post_shutdown,0.0,0.0,9.848452,12145.0,2.72268,62.827755,0.39201224,96.845474,0.722958,False,True
Arequipa,Arequipa,Sachaca,"Sachaca, Arequipa, Arequipa",MOVISTAR,202412,202410,2,post_shutdown,0.0,0.0,10.470292,13742.0,2.5905542,60.866356,0.016875332,97.39062,0.8634292,False,True
Arequipa,Arequipa,Sachaca,"Sachaca, Arequipa, Arequipa",MOVISTAR,202501,202410,3,post_shutdown,0.0,0.0,10.853322,9035.0,2.9791067,61.39651,0.08997742,97.2591,0.8098541,False,True
Arequipa,Arequipa,Sachaca,"Sachaca, Arequipa, Arequipa",MOVISTAR,202502,202410,4,post_shutdown,0.0,0.0,11.783482,10509.0,3.8282204,58.977684,0.0030066858,96.992355,0.4467101,False,True
Arequipa,Arequipa,Sachaca,"Sachaca, Arequipa, Arequipa",MOVISTAR,202503,202410,5,post_shutdown,0.0,0.0,10.779563,15255.0,2.3242033,57.876198,0.0007864504,98.38752,0.41096923,False,True
Arequipa,Arequipa,Sachaca,"Sachaca, Arequipa, Arequipa",MOVISTAR,202504,202410,6,post_shutdown,0.0,0.0,11.204188,13344.0,2.1148462,63.44238,0.039307233,97.92291,0.4612456,False,True
Arequipa,Arequipa,Sachaca,"Sachaca, Arequipa, Arequipa",MOVISTAR,202505,202410,7,post_shutdown,0.0,0.0,10.344257,12237.0,1.8908353,64.27465,0.016032808,98.42306,0.43203637,False,True
Arequipa,Arequipa,Sachaca,"Sachaca, Arequipa, Arequipa",MOVISTAR,202506,202410,8,post_shutdown,0.0,0.0,13.327507,9946.0,3.0602503,63.588417,0.031965733,98.89223,0.34709015,False,True
Arequipa,Arequipa,Sachaca,"Sachaca, Arequipa, Arequipa",MOVISTAR,202507,202410,9,post_shutdown,0.0,0.0,11.1220455,9674.0,2.250291,55.17893,0.010071415,96.695366,0.40613148,False,True
Arequipa,Arequipa,Sachaca,"Sachaca, Arequipa, Arequipa",MOVISTAR,202508,202410,10,post_shutdown,0.0,0.0,11.091903,7857.0,1.8745096,58.210293,0.020224826,92.50466,0.72703654,False,True
Arequipa,Arequipa,Sachaca,"Sachaca, Arequipa, Arequipa",MOVISTAR,202509,202410,11,post_shutdown,0.0,0.0,13.116817,13685.0,1.9322646,57.833847,0.0038221255,92.138756,1.0021865,False,True
Arequipa,Arequipa,Sachaca,"Sachaca, Arequipa, Arequipa",MOVISTAR,202510,202410,12,post_shutdown,0.0,0.0,12.608547,14291.0,2.2119327,55.4267,0.010394276,95.55359,0.6080437,False,True
Arequipa,Arequipa,Sachaca,"Sachaca, Arequipa, Arequipa",MOVISTAR,202511,202410,13,post_shutdown,0.0,0.0,11.866984,9727.0,2.605559,54.401688,0.009632083,97.77059,0.5853882,False,True
Arequipa,Arequipa,Sachaca,"Sachaca, Arequipa, Arequipa",MOVISTAR,202512,202410,14,post_shutdown,0.0,0.0,12.783636,11228.0,2.3831613,52.768894,0.009864676,94.26427,0.7113385,False,True
Arequipa,Arequipa,Sachaca,"Sachaca, Arequipa, Arequipa",MOVISTAR,202601,202410,15,post_shutdown,0.0,0.0,13.155637,13541.0,3.2156625,53.83283,0.015562986,93.54183,0.7731821,False,True
Arequipa,Arequipa,Sachaca,"Sachaca, Arequipa, Arequipa",MOVISTAR,202602,202410,16,post_shutdown,0.0,0.0,12.99845,11495.0,2.107065,56.458374,0.033600815,94.704765,0.7169838,False,True
Arequipa,Arequipa,Sachaca,"Sachaca, Arequipa, Arequipa",MOVISTAR,202603,202410,17,post_shutdown,0.0,0.0,12.176864,16424.0,5.0791564,58.31476,0.024190724,98.947296,0.85377306,False,True
Arequipa,Arequipa,Sachaca,"Sachaca, Arequipa, Arequipa",MOVISTAR,202604,202410,18,post_shutdown,0.0,0.0,11.710916,13272.0,3.2212555,57.600067,0.07961831,98.796165,0.85066164,False,True
Arequipa,Arequipa,Sachaca,"Sachaca, Arequipa, Arequipa",MOVISTAR,202605,202410,19,post_shutdown,0.0,0.0,12.000797,10220.0,3.2663317,57.907284,0.019031476,98.93051,0.8285969,False,True
Arequipa,Arequipa,Socabaya,"Socabaya, Arequipa, Arequipa",MOVISTAR,202301,202410,-21,pre_shutdown,4.2670956,2301.0,8.978243,26978.0,3.874593,86.32834,6.530846,91.000145,2.0296175,True,False
Arequipa,Arequipa,Socabaya,"Socabaya, Arequipa, Arequipa",MOVISTAR,202302,202410,-20,pre_shutdown,3.3774846,1140.0,8.171267,18359.0,3.2578726,84.76238,6.86077,92.394325,1.403533,True,False
Arequipa,Arequipa,Socabaya,"Socabaya, Arequipa, Arequipa",MOVISTAR,202303,202410,-19,pre_shutdown,3.8248117,2017.0,10.603159,16417.0,3.7074263,81.86143,7.312753,90.50349,1.6942219,True,False
Arequipa,Arequipa,Socabaya,"Socabaya, Arequipa, Arequipa",MOVISTAR,202304,202410,-18,pre_shutdown,3.151936,1741.0,9.347453,24425.0,3.0670316,83.37034,7.5988417,89.888405,1.4511698,True,False
Arequipa,Arequipa,Socabaya,"Socabaya, Arequipa, Arequipa",MOVISTAR,202305,202410,-17,pre_shutdown,3.7915444,1301.0,10.260179,21069.0,4.343715,82.613106,7.1496544,90.039825,1.3528293,True,False
Arequipa,Arequipa,Socabaya,"Socabaya, Arequipa, Arequipa",MOVISTAR,202306,202410,-16,pre_shutdown,3.9583914,1172.0,10.644674,30508.0,4.2200165,81.35821,5.6198263,91.497574,1.3257424,True,False
Arequipa,Arequipa,Socabaya,"Socabaya, Arequipa, Arequipa",MOVISTAR,202307,202410,-15,pre_shutdown,3.442386,1658.0,9.441249,29056.0,3.822287,81.888954,3.847641,95.76398,1.5221604,True,False
Arequipa,Arequipa,Socabaya,"Socabaya, Arequipa, Arequipa",MOVISTAR,202308,202410,-14,pre_shutdown,4.609502,3306.0,9.747558,31647.0,2.764423,81.15707,6.181079,91.60391,1.3948061,True,False
Arequipa,Arequipa,Socabaya,"Socabaya, Arequipa, Arequipa",MOVISTAR,202309,202410,-13,pre_shutdown,3.006237,1530.0,8.930282,26611.0,3.1582735,82.84898,4.611926,94.862335,1.2006797,True,False
Arequipa,Arequipa,Socabaya,"Socabaya, Arequipa, Arequipa",MOVISTAR,202310,202410,-12,pre_shutdown,3.2717755,2049.0,9.42057,36595.0,2.5525844,81.79505,4.454136,95.13116,1.3155493,True,False
Arequipa,Arequipa,Socabaya,"Socabaya, Arequipa, Arequipa",MOVISTAR,202311,202410,-11,pre_shutdown,3.6546633,2531.0,8.429635,27135.0,2.4100478,82.53257,4.439937,94.95816,1.3129791,True,False
Arequipa,Arequipa,Socabaya,"Socabaya, Arequipa, Arequipa",MOVISTAR,202312,202410,-10,pre_shutdown,3.7439783,1841.0,8.537264,27428.0,2.9241915,82.74952,3.7913597,95.761505,1.3186342,True,False
Arequipa,Arequipa,Socabaya,"Socabaya, Arequipa, Arequipa",MOVISTAR,202401,202410,-9,pre_shutdown,7.84839,2808.0,9.274182,20774.0,3.2040222,81.362885,5.476985,93.523125,1.2303826,True,False
Arequipa,Arequipa,Socabaya,"Socabaya, Arequipa, Arequipa",MOVISTAR,202402,202410,-8,pre_shutdown,7.117993,7244.0,9.507683,24870.0,3.5157866,81.381714,8.56691,90.35248,1.0118043,True,False
Arequipa,Arequipa,Socabaya,"Socabaya, Arequipa, Arequipa",MOVISTAR,202403,202410,-7,pre_shutdown,7.670431,5003.0,9.418036,23150.0,2.8975973,80.95215,7.593763,91.66415,1.1889036,True,False
Arequipa,Arequipa,Socabaya,"Socabaya, Arequipa, Arequipa",MOVISTAR,202404,202410,-6,pre_shutdown,3.7658448,2189.0,13.992562,32134.0,3.5556948,80.19046,3.425008,96.10612,0.9850999,True,False
Arequipa,Arequipa,Socabaya,"Socabaya, Arequipa, Arequipa",MOVISTAR,202405,202410,-5,pre_shutdown,3.368614,2010.0,13.5069065,32540.0,3.140619,78.593155,3.262926,96.38263,1.021646,True,False
Arequipa,Arequipa,Socabaya,"Socabaya, Arequipa, Arequipa",MOVISTAR,202406,202410,-4,pre_shutdown,3.8412437,2513.0,11.349991,35768.0,3.831864,78.68849,3.3091807,96.31804,0.8764004,True,False
Arequipa,Arequipa,Socabaya,"Socabaya, Arequipa, Arequipa",MOVISTAR,202407,202410,-3,pre_shutdown,3.6270614,2627.0,9.047437,29347.0,3.4639719,80.51517,3.9268842,95.48764,0.9369541,True,False
Arequipa,Arequipa,Socabaya,"Socabaya, Arequipa, Arequipa",MOVISTAR,202408,202410,-2,pre_shutdown,3.6757834,2263.0,9.310996,22064.0,2.6556275,81.84447,3.6270707,96.29354,0.9178973,True,False
Arequipa,Arequipa,Socabaya,"Socabaya, Arequipa, Arequipa",MOVISTAR,202409,202410,-1,pre_shutdown,3.9086728,2107.0,9.835673,32968.0,2.310231,79.324295,2.8755796,96.95084,1.2944567,True,False
Arequipa,Arequipa,Socabaya,"Socabaya, Arequipa, Arequipa",MOVISTAR,202410,202410,0,post_shutdown,0.0,0.0,9.906948,35970.0,1.8977506,73.873886,0.77769285,97.128365,1.1492481,False,True
Arequipa,Arequipa,Socabaya,"Socabaya, Arequipa, Arequipa",MOVISTAR,202411,202410,1,post_shutdown,0.0,0.0,10.270922,40044.0,2.5421686,65.025665,0.0019831238,97.686165,0.8496187,False,True
Arequipa,Arequipa,Socabaya,"Socabaya, Arequipa, Arequipa",MOVISTAR,202412,202410,2,post_shutdown,0.0,0.0,10.751978,40280.0,3.0962408,60.317226,0.008009619,97.7796,0.71018684,False,True
Arequipa,Arequipa,Socabaya,"Socabaya, Arequipa, Arequipa",MOVISTAR,202501,202410,3,post_shutdown,0.0,0.0,9.381789,24715.0,2.7292986,62.96293,0.005641728,98.13555,0.713963,False,True
Arequipa,Arequipa,Socabaya,"Socabaya, Arequipa, Arequipa",MOVISTAR,202502,202410,4,post_shutdown,0.0,0.0,9.851045,29623.0,3.090663,59.38721,0.0011746058,98.353645,0.33413246,False,True
Arequipa,Arequipa,Socabaya,"Socabaya, Arequipa, Arequipa",MOVISTAR,202503,202410,5,post_shutdown,0.0,0.0,10.037416,43924.0,2.945159,58.160465,0.0075560017,97.10088,0.4394249,False,True
Arequipa,Arequipa,Socabaya,"Socabaya, Arequipa, Arequipa",MOVISTAR,202504,202410,6,post_shutdown,0.0,0.0,9.745872,40434.0,2.0805018,63.824738,0.0059280596,97.29002,0.55474126,False,True
Arequipa,Arequipa,Socabaya,"Socabaya, Arequipa, Arequipa",MOVISTAR,202505,202410,7,post_shutdown,0.0,0.0,10.173679,36579.0,2.6540158,65.3855,0.005983955,97.17927,0.52075607,False,True
Arequipa,Arequipa,Socabaya,"Socabaya, Arequipa, Arequipa",MOVISTAR,202506,202410,8,post_shutdown,0.0,0.0,9.689719,33752.0,2.7577198,63.29731,0.008455738,96.97083,0.61066717,False,True
Arequipa,Arequipa,Socabaya,"Socabaya, Arequipa, Arequipa",MOVISTAR,202507,202410,9,post_shutdown,0.0,0.0,9.310895,31640.0,2.5523412,59.89954,0.004054925,97.520836,0.778026,False,True
Arequipa,Arequipa,Socabaya,"Socabaya, Arequipa, Arequipa",MOVISTAR,202508,202410,10,post_shutdown,0.0,0.0,11.335909,26275.0,2.4327905,57.96081,0.00033908233,97.51068,0.72407573,False,True
Arequipa,Arequipa,Socabaya,"Socabaya, Arequipa, Arequipa",MOVISTAR,202509,202410,11,post_shutdown,0.0,0.0,10.301198,27688.0,1.9498467,60.37874,0.0032475737,96.47898,1.171371,False,True
Arequipa,Arequipa,Socabaya,"Socabaya, Arequipa, Arequipa",MOVISTAR,202510,202410,12,post_shutdown,0.0,0.0,10.997642,33043.0,2.3427916,59.734745,0.0026812393,97.47762,0.8304976,False,True
Arequipa,Arequipa,Socabaya,"Socabaya, Arequipa, Arequipa",MOVISTAR,202511,202410,13,post_shutdown,0.0,0.0,12.705607,35062.0,2.697556,56.671783,0.0054426603,96.93158,0.8160944,False,True
Arequipa,Arequipa,Socabaya,"Socabaya, Arequipa, Arequipa",MOVISTAR,202512,202410,14,post_shutdown,0.0,0.0,11.701259,30176.0,1.904983,55.813183,0.0029502744,96.82516,0.91940534,False,True
Arequipa,Arequipa,Socabaya,"Socabaya, Arequipa, Arequipa",MOVISTAR,202601,202410,15,post_shutdown,0.0,0.0,11.925347,24344.0,2.1557257,57.06887,0.0027579812,96.0428,0.9163534,False,True
Arequipa,Arequipa,Socabaya,"Socabaya, Arequipa, Arequipa",MOVISTAR,202602,202410,16,post_shutdown,0.0,0.0,10.562494,28524.0,2.9350722,60.83651,0.0030956024,97.2578,1.2842355,False,True
Arequipa,Arequipa,Socabaya,"Socabaya, Arequipa, Arequipa",MOVISTAR,202603,202410,17,post_shutdown,0.0,0.0,11.658313,34394.0,3.5931659,61.71456,0.0032004616,98.59236,1.1808476,False,True
Arequipa,Arequipa,Socabaya,"Socabaya, Arequipa, Arequipa",MOVISTAR,202604,202410,18,post_shutdown,0.0,0.0,11.27622,23777.0,2.063528,61.09126,0.0025625783,98.189285,1.1400329,False,True
Arequipa,Arequipa,Socabaya,"Socabaya, Arequipa, Arequipa",MOVISTAR,202605,202410,19,post_shutdown,0.0,0.0,12.199694,27830.0,3.255587,59.108654,0.0016875318,96.36298,0.952386,False,True
Arequipa,Arequipa,Tiabaya,"Tiabaya, Arequipa, Arequipa",MOVISTAR,202301,202410,-21,pre_shutdown,4.5721693,1620.0,7.202629,6671.0,2.7236223,87.05008,6.3597956,93.07856,1.5071701,True,False
Arequipa,Arequipa,Tiabaya,"Tiabaya, Arequipa, Arequipa",MOVISTAR,202302,202410,-20,pre_shutdown,5.695349,3968.0,8.421404,12554.0,2.51096,84.890594,8.2450285,90.97235,1.41154,True,False
Arequipa,Arequipa,Tiabaya,"Tiabaya, Arequipa, Arequipa",MOVISTAR,202303,202410,-19,pre_shutdown,5.809391,2093.0,7.595077,11015.0,2.535793,80.59405,6.691447,91.84661,1.3180668,True,False
Arequipa,Arequipa,Tiabaya,"Tiabaya, Arequipa, Arequipa",MOVISTAR,202304,202410,-18,pre_shutdown,5.5763674,2389.0,7.8482485,13065.0,2.962665,81.34836,5.5292172,93.64576,1.0667903,True,False
Arequipa,Arequipa,Tiabaya,"Tiabaya, Arequipa, Arequipa",MOVISTAR,202305,202410,-17,pre_shutdown,4.476767,984.0,9.946254,7700.0,2.9446392,83.33365,5.9151106,93.099785,1.1984626,True,False
Arequipa,Arequipa,Tiabaya,"Tiabaya, Arequipa, Arequipa",MOVISTAR,202306,202410,-16,pre_shutdown,3.5643814,1695.0,8.189163,10545.0,3.5414324,82.60714,6.3521466,92.33409,1.3192662,True,False
Arequipa,Arequipa,Tiabaya,"Tiabaya, Arequipa, Arequipa",MOVISTAR,202307,202410,-15,pre_shutdown,3.8495493,1119.0,8.656179,16065.0,4.13611,79.82898,3.78442,95.30555,1.0139135,True,False
Arequipa,Arequipa,Tiabaya,"Tiabaya, Arequipa, Arequipa",MOVISTAR,202308,202410,-14,pre_shutdown,3.4746678,1192.0,6.7849097,21706.0,3.1979942,79.37793,3.715453,95.4463,1.057798,True,False
Arequipa,Arequipa,Tiabaya,"Tiabaya, Arequipa, Arequipa",MOVISTAR,202309,202410,-13,pre_shutdown,4.3605113,1480.0,8.229378,17031.0,4.02938,82.44527,5.6572447,93.18278,0.9043212,True,False
Arequipa,Arequipa,Tiabaya,"Tiabaya, Arequipa, Arequipa",MOVISTAR,202310,202410,-12,pre_shutdown,3.6373527,1381.0,8.78684,20918.0,2.6266499,81.019104,4.8803186,93.938095,0.85056365,True,False
Arequipa,Arequipa,Tiabaya,"Tiabaya, Arequipa, Arequipa",MOVISTAR,202311,202410,-11,pre_shutdown,5.0221806,1518.0,8.556181,21737.0,3.049534,80.78585,7.954566,91.3945,0.96583,True,False
Arequipa,Arequipa,Tiabaya,"Tiabaya, Arequipa, Arequipa",MOVISTAR,202312,202410,-10,pre_shutdown,5.171314,1749.0,9.629781,24589.0,1.7828871,80.26638,3.354872,95.835205,0.80635667,True,False
Arequipa,Arequipa,Tiabaya,"Tiabaya, Arequipa, Arequipa",MOVISTAR,202401,202410,-9,pre_shutdown,5.984735,2192.0,7.9157424,18669.0,1.2180978,81.17819,3.7492492,95.56064,0.8915797,True,False
Arequipa,Arequipa,Tiabaya,"Tiabaya, Arequipa, Arequipa",MOVISTAR,202402,202410,-8,pre_shutdown,6.393681,1309.0,8.6447,21092.0,1.8912182,80.488304,2.487211,96.83162,0.71350557,True,False
Arequipa,Arequipa,Tiabaya,"Tiabaya, Arequipa, Arequipa",MOVISTAR,202403,202410,-7,pre_shutdown,4.795362,1929.0,8.988627,19863.0,3.351537,80.363144,5.2174525,93.72914,0.94314414,True,False
Arequipa,Arequipa,Tiabaya,"Tiabaya, Arequipa, Arequipa",MOVISTAR,202404,202410,-6,pre_shutdown,4.6035643,3011.0,9.935673,13576.0,3.267106,82.03048,10.29879,88.99055,0.9307472,True,False
Arequipa,Arequipa,Tiabaya,"Tiabaya, Arequipa, Arequipa",MOVISTAR,202405,202410,-5,pre_shutdown,4.586775,1288.0,8.912277,20335.0,2.2436514,80.74012,4.4775085,94.76001,0.72412753,True,False
Arequipa,Arequipa,Tiabaya,"Tiabaya, Arequipa, Arequipa",MOVISTAR,202406,202410,-4,pre_shutdown,4.4581213,752.0,8.540198,9575.0,2.981206,81.18386,3.5235658,95.15605,0.68369454,True,False
Arequipa,Arequipa,Tiabaya,"Tiabaya, Arequipa, Arequipa",MOVISTAR,202407,202410,-3,pre_shutdown,4.8334494,1646.0,8.625727,12582.0,3.6465428,83.64667,4.8341846,94.4067,0.78838307,True,False
Arequipa,Arequipa,Tiabaya,"Tiabaya, Arequipa, Arequipa",MOVISTAR,202408,202410,-2,pre_shutdown,5.338235,1206.0,9.316548,9202.0,3.5321136,82.98777,6.6377573,93.15543,0.775277,True,False
Arequipa,Arequipa,Tiabaya,"Tiabaya, Arequipa, Arequipa",MOVISTAR,202409,202410,-1,pre_shutdown,4.6019535,843.0,8.036673,13369.0,4.5503917,77.034775,3.5719318,95.81533,0.64378417,True,False
Arequipa,Arequipa,Tiabaya,"Tiabaya, Arequipa, Arequipa",MOVISTAR,202410,202410,0,post_shutdown,0.0,0.0,8.712022,11931.0,0.0,72.50573,1.2002981,94.29573,0.63281065,False,True
Arequipa,Arequipa,Tiabaya,"Tiabaya, Arequipa, Arequipa",MOVISTAR,202411,202410,1,post_shutdown,0.0,0.0,10.345401,13961.0,5.0747166,62.367165,0.38854507,92.82285,0.615133,False,True
Arequipa,Arequipa,Tiabaya,"Tiabaya, Arequipa, Arequipa",MOVISTAR,202412,202410,2,post_shutdown,0.0,0.0,10.040492,11703.0,2.4751544,59.117058,0.30164176,92.4034,0.57448494,False,True
Arequipa,Arequipa,Tiabaya,"Tiabaya, Arequipa, Arequipa",MOVISTAR,202501,202410,3,post_shutdown,0.0,0.0,10.455103,12205.0,4.1093283,61.09695,0.19709879,89.27155,0.68117255,False,True
Arequipa,Arequipa,Tiabaya,"Tiabaya, Arequipa, Arequipa",MOVISTAR,202502,202410,4,post_shutdown,0.0,0.0,11.342083,11339.0,2.0989356,59.41307,0.19261326,90.16305,0.35834494,False,True
Arequipa,Arequipa,Tiabaya,"Tiabaya, Arequipa, Arequipa",MOVISTAR,202503,202410,5,post_shutdown,0.0,0.0,12.02738,12271.0,1.7465618,57.922974,0.14335924,90.1643,0.44451913,False,True
Arequipa,Arequipa,Tiabaya,"Tiabaya, Arequipa, Arequipa",MOVISTAR,202504,202410,6,post_shutdown,0.0,0.0,11.338155,13262.0,2.551504,62.68093,0.17668784,90.37715,0.30348557,False,True
Arequipa,Arequipa,Tiabaya,"Tiabaya, Arequipa, Arequipa",MOVISTAR,202505,202410,7,post_shutdown,0.0,0.0,13.14253,9115.0,1.9917767,64.45697,0.16527788,89.86605,0.42648426,False,True
Arequipa,Arequipa,Tiabaya,"Tiabaya, Arequipa, Arequipa",MOVISTAR,202506,202410,8,post_shutdown,0.0,0.0,11.593809,7895.0,2.1324208,61.60888,0.118950695,87.85035,0.4295751,False,True
Arequipa,Arequipa,Tiabaya,"Tiabaya, Arequipa, Arequipa",MOVISTAR,202507,202410,9,post_shutdown,0.0,0.0,9.861486,9974.0,2.0398557,55.768555,0.14371613,89.86424,0.31588075,False,True
Arequipa,Arequipa,Tiabaya,"Tiabaya, Arequipa, Arequipa",MOVISTAR,202508,202410,10,post_shutdown,0.0,0.0,9.082574,7547.0,1.6684072,58.05715,0.12586719,92.58258,0.48796165,False,True
Arequipa,Arequipa,Tiabaya,"Tiabaya, Arequipa, Arequipa",MOVISTAR,202509,202410,11,post_shutdown,0.0,0.0,9.621219,3391.0,0.0,55.838554,0.23485075,96.51979,0.6106258,False,True
Arequipa,Arequipa,Tiabaya,"Tiabaya, Arequipa, Arequipa",MOVISTAR,202510,202410,12,post_shutdown,0.0,0.0,10.5324,8646.0,2.3416352,58.293934,0.20716174,93.74561,0.61567163,False,True
Arequipa,Arequipa,Tiabaya,"Tiabaya, Arequipa, Arequipa",MOVISTAR,202511,202410,13,post_shutdown,0.0,0.0,11.581313,6963.0,2.150943,55.929684,0.16832091,93.037155,0.57651335,False,True
Arequipa,Arequipa,Tiabaya,"Tiabaya, Arequipa, Arequipa",MOVISTAR,202512,202410,14,post_shutdown,0.0,0.0,11.183681,3700.0,0.0,55.26471,0.16271059,94.05018,0.78276426,False,True
Arequipa,Arequipa,Tiabaya,"Tiabaya, Arequipa, Arequipa",MOVISTAR,202601,202410,15,post_shutdown,0.0,0.0,10.412669,6166.0,0.0,56.158207,0.17343634,93.730354,0.5222297,False,True
Arequipa,Arequipa,Tiabaya,"Tiabaya, Arequipa, Arequipa",MOVISTAR,202602,202410,16,post_shutdown,0.0,0.0,12.023021,4742.0,0.0,57.633553,0.34661874,94.21854,0.7125891,False,True
Arequipa,Arequipa,Tiabaya,"Tiabaya, Arequipa, Arequipa",MOVISTAR,202603,202410,17,post_shutdown,0.0,0.0,9.775722,4104.0,0.0,58.61914,0.35632583,94.51442,1.0781453,False,True
Arequipa,Arequipa,Tiabaya,"Tiabaya, Arequipa, Arequipa",MOVISTAR,202604,202410,18,post_shutdown,0.0,0.0,10.177803,3654.0,2.9262698,55.1423,0.18644051,94.83338,0.4576659,False,True
Arequipa,Arequipa,Tiabaya,"Tiabaya, Arequipa, Arequipa",MOVISTAR,202605,202410,19,post_shutdown,0.0,0.0,9.329965,6108.0,2.6022828,56.641914,0.09440982,94.50445,0.7636037,False,True
Arequipa,Arequipa,Yanahuara,"Yanahuara, Arequipa, Arequipa",MOVISTAR,202301,202410,-21,pre_shutdown,3.2801213,1199.0,12.141115,21458.0,3.6089926,84.911354,3.9806654,95.70552,1.4784886,True,False
Arequipa,Arequipa,Yanahuara,"Yanahuara, Arequipa, Arequipa",MOVISTAR,202302,202410,-20,pre_shutdown,3.7982013,1671.0,12.3134,25737.0,3.6352038,81.340416,3.7976987,95.78104,1.2797507,True,False
Arequipa,Arequipa,Yanahuara,"Yanahuara, Arequipa, Arequipa",MOVISTAR,202303,202410,-19,pre_shutdown,3.2956693,1221.0,12.901467,24677.0,3.9165516,78.13211,3.509466,95.82229,1.2086079,True,False
Arequipa,Arequipa,Yanahuara,"Yanahuara, Arequipa, Arequipa",MOVISTAR,202304,202410,-18,pre_shutdown,3.4751203,1557.0,13.520543,24844.0,3.073285,80.87155,5.314136,94.19003,1.417819,True,False
Arequipa,Arequipa,Yanahuara,"Yanahuara, Arequipa, Arequipa",MOVISTAR,202305,202410,-17,pre_shutdown,3.4416642,1115.0,13.344296,26337.0,3.6668394,81.09793,3.2271037,96.19864,1.291917,True,False
Arequipa,Arequipa,Yanahuara,"Yanahuara, Arequipa, Arequipa",MOVISTAR,202306,202410,-16,pre_shutdown,3.4119985,1069.0,12.293414,24693.0,2.9237325,79.93514,2.7096612,96.87919,1.5040416,True,False
Arequipa,Arequipa,Yanahuara,"Yanahuara, Arequipa, Arequipa",MOVISTAR,202307,202410,-15,pre_shutdown,4.30331,1344.0,12.796359,21893.0,3.0354223,79.26949,4.0353026,95.50199,1.397056,True,False
Arequipa,Arequipa,Yanahuara,"Yanahuara, Arequipa, Arequipa",MOVISTAR,202308,202410,-14,pre_shutdown,3.7688522,1353.0,11.1886835,22219.0,2.638462,80.178604,2.602319,97.13981,1.4982225,True,False
Arequipa,Arequipa,Yanahuara,"Yanahuara, Arequipa, Arequipa",MOVISTAR,202309,202410,-13,pre_shutdown,5.2935495,1954.0,11.59785,25912.0,2.798232,80.73087,2.9737513,96.700874,1.3404292,True,False
Arequipa,Arequipa,Yanahuara,"Yanahuara, Arequipa, Arequipa",MOVISTAR,202310,202410,-12,pre_shutdown,3.8620934,1892.0,11.876763,32488.0,2.6848512,79.41111,2.5460498,94.9956,1.2973706,True,False
Arequipa,Arequipa,Yanahuara,"Yanahuara, Arequipa, Arequipa",MOVISTAR,202311,202410,-11,pre_shutdown,3.943243,1673.0,12.05918,22030.0,3.1714303,81.86218,2.3743515,96.58665,1.8412699,True,False
Arequipa,Arequipa,Yanahuara,"Yanahuara, Arequipa, Arequipa",MOVISTAR,202312,202410,-10,pre_shutdown,4.0474696,1111.0,12.714553,24298.0,2.808022,79.79129,2.1991298,97.22506,1.1862061,True,False
Arequipa,Arequipa,Yanahuara,"Yanahuara, Arequipa, Arequipa",MOVISTAR,202401,202410,-9,pre_shutdown,3.7078197,1250.0,12.591893,22011.0,3.3919287,78.85144,2.1312182,97.052284,1.0017633,True,False
Arequipa,Arequipa,Yanahuara,"Yanahuara, Arequipa, Arequipa",MOVISTAR,202402,202410,-8,pre_shutdown,3.7257946,918.0,12.911641,22226.0,2.9697096,78.218094,2.1097968,96.62652,0.6865178,True,False
Arequipa,Arequipa,Yanahuara,"Yanahuara, Arequipa, Arequipa",MOVISTAR,202403,202410,-7,pre_shutdown,3.8223894,827.0,13.09198,24953.0,3.4019418,77.91381,1.1243874,97.97805,0.66417176,True,False
Arequipa,Arequipa,Yanahuara,"Yanahuara, Arequipa, Arequipa",MOVISTAR,202404,202410,-6,pre_shutdown,3.6967404,1016.0,12.498573,23127.0,3.6058707,77.454666,1.5421315,98.231384,0.6920848,True,False
Arequipa,Arequipa,Yanahuara,"Yanahuara, Arequipa, Arequipa",MOVISTAR,202405,202410,-5,pre_shutdown,3.444997,864.0,12.230712,21884.0,3.5883586,78.01253,1.738381,98.04056,0.71116906,True,False
Arequipa,Arequipa,Yanahuara,"Yanahuara, Arequipa, Arequipa",MOVISTAR,202406,202410,-4,pre_shutdown,3.3756807,1108.0,12.8007555,16618.0,3.348158,78.90874,2.182195,97.619484,0.8472916,True,False
Arequipa,Arequipa,Yanahuara,"Yanahuara, Arequipa, Arequipa",MOVISTAR,202407,202410,-3,pre_shutdown,4.2107844,762.0,12.741987,16216.0,3.1610887,78.42206,1.6580521,97.36784,0.6881839,True,False
Arequipa,Arequipa,Yanahuara,"Yanahuara, Arequipa, Arequipa",MOVISTAR,202408,202410,-2,pre_shutdown,3.72402,545.0,14.102812,16852.0,3.2809885,78.66003,1.7685782,98.11086,0.7615755,True,False
Arequipa,Arequipa,Yanahuara,"Yanahuara, Arequipa, Arequipa",MOVISTAR,202409,202410,-1,pre_shutdown,4.327753,812.0,12.756837,14247.0,3.0105069,75.96822,1.624485,98.134026,0.7055797,True,False
Arequipa,Arequipa,Yanahuara,"Yanahuara, Arequipa, Arequipa",MOVISTAR,202410,202410,0,post_shutdown,0.0,0.0,13.381111,18537.0,3.3893464,72.120926,0.5421312,97.94296,0.5941306,False,True
Arequipa,Arequipa,Yanahuara,"Yanahuara, Arequipa, Arequipa",MOVISTAR,202411,202410,1,post_shutdown,0.0,0.0,12.624926,16764.0,2.79023,63.167515,0.019038439,97.58831,0.5150408,False,True
Arequipa,Arequipa,Yanahuara,"Yanahuara, Arequipa, Arequipa",MOVISTAR,202412,202410,2,post_shutdown,0.0,0.0,12.9600525,16873.0,2.6834908,59.412983,0.035412278,96.587006,0.5322315,False,True
Arequipa,Arequipa,Yanahuara,"Yanahuara, Arequipa, Arequipa",MOVISTAR,202501,202410,3,post_shutdown,0.0,0.0,12.147528,18520.0,3.302778,59.957893,0.0028237735,93.24549,0.6087487,False,True
Arequipa,Arequipa,Yanahuara,"Yanahuara, Arequipa, Arequipa",MOVISTAR,202502,202410,4,post_shutdown,0.0,0.0,13.259086,18181.0,3.016055,59.52256,0.006473834,92.13588,0.42042977,False,True
Arequipa,Arequipa,Yanahuara,"Yanahuara, Arequipa, Arequipa",MOVISTAR,202503,202410,5,post_shutdown,0.0,0.0,13.062899,19456.0,2.9534538,56.769073,0.015491677,92.689445,0.34387338,False,True
Arequipa,Arequipa,Yanahuara,"Yanahuara, Arequipa, Arequipa",MOVISTAR,202504,202410,6,post_shutdown,0.0,0.0,12.37199,17285.0,2.0300872,63.047577,0.012117222,94.88962,0.5200017,False,True
Arequipa,Arequipa,Yanahuara,"Yanahuara, Arequipa, Arequipa",MOVISTAR,202505,202410,7,post_shutdown,0.0,0.0,14.214778,19736.0,2.9144232,63.296368,0.0059265136,96.73226,0.5264137,False,True
Arequipa,Arequipa,Yanahuara,"Yanahuara, Arequipa, Arequipa",MOVISTAR,202506,202410,8,post_shutdown,0.0,0.0,13.041825,21301.0,2.7146251,61.13142,0.017312255,96.803986,0.47812134,False,True
Arequipa,Arequipa,Yanahuara,"Yanahuara, Arequipa, Arequipa",MOVISTAR,202507,202410,9,post_shutdown,0.0,0.0,12.487658,15347.0,2.6346564,54.655437,0.0010981811,97.0011,0.5825053,False,True
Arequipa,Arequipa,Yanahuara,"Yanahuara, Arequipa, Arequipa",MOVISTAR,202508,202410,10,post_shutdown,0.0,0.0,13.119809,18931.0,2.3655581,53.958576,0.0015591275,98.364456,0.46309665,False,True
Arequipa,Arequipa,Yanahuara,"Yanahuara, Arequipa, Arequipa",MOVISTAR,202509,202410,11,post_shutdown,0.0,0.0,12.703981,17247.0,2.4977703,54.92406,0.0012942712,98.883804,0.7368231,False,True
Arequipa,Arequipa,Yanahuara,"Yanahuara, Arequipa, Arequipa",MOVISTAR,202510,202410,12,post_shutdown,0.0,0.0,12.914847,14763.0,2.6682088,56.406883,0.0033640298,98.75999,0.7260295,False,True
Arequipa,Arequipa,Yanahuara,"Yanahuara, Arequipa, Arequipa",MOVISTAR,202511,202410,13,post_shutdown,0.0,0.0,12.799306,13685.0,3.015478,54.05034,0.016076399,98.75386,0.90037066,False,True
Arequipa,Arequipa,Yanahuara,"Yanahuara, Arequipa, Arequipa",MOVISTAR,202512,202410,14,post_shutdown,0.0,0.0,14.069857,11574.0,2.5224032,52.66418,0.0031639368,98.75622,0.9676739,False,True
Arequipa,Arequipa,Yanahuara,"Yanahuara, Arequipa, Arequipa",MOVISTAR,202601,202410,15,post_shutdown,0.0,0.0,13.524961,13195.0,2.4636247,54.050682,0.0023251984,98.88802,0.85123307,False,True
Arequipa,Arequipa,Yanahuara,"Yanahuara, Arequipa, Arequipa",MOVISTAR,202602,202410,16,post_shutdown,0.0,0.0,14.744734,14718.0,2.1146326,57.58552,0.026808854,99.15849,0.6392275,False,True
Arequipa,Arequipa,Yanahuara,"Yanahuara, Arequipa, Arequipa",MOVISTAR,202603,202410,17,post_shutdown,0.0,0.0,14.120693,17048.0,1.9730315,58.911068,0.008113402,99.37311,0.7310584,False,True
Arequipa,Arequipa,Yanahuara,"Yanahuara, Arequipa, Arequipa",MOVISTAR,202604,202410,18,post_shutdown,0.0,0.0,13.551978,15935.0,2.3689208,59.232697,0.015021168,99.52998,0.6974438,False,True
Arequipa,Arequipa,Yanahuara,"Yanahuara, Arequipa, Arequipa",MOVISTAR,202605,202410,19,post_shutdown,0.0,0.0,13.3147545,13878.0,2.7944498,59.730904,0.0018928536,99.51293,0.7751938,False,True
Ayacucho,Huamanga,Carmen Alto,"Carmen Alto, Huamanga, Ayacucho",MOVISTAR,202301,202505,-28,pre_shutdown,3.1623945,2019.0,8.624404,10001.0,5.0103908,81.59762,7.7702813,91.48777,1.9518747,True,False
Ayacucho,Huamanga,Carmen Alto,"Carmen Alto, Huamanga, Ayacucho",MOVISTAR,202302,202505,-27,pre_shutdown,2.7112088,1476.0,7.9498825,7344.0,3.1092937,80.09624,6.350238,91.78093,1.7034806,True,False
Ayacucho,Huamanga,Carmen Alto,"Carmen Alto, Huamanga, Ayacucho",MOVISTAR,202303,202505,-26,pre_shutdown,2.8966565,1648.0,9.876105,8057.0,0.0,77.92063,6.8258142,91.44536,1.6235498,True,False
Ayacucho,Huamanga,Carmen Alto,"Carmen Alto, Huamanga, Ayacucho",MOVISTAR,202304,202505,-25,pre_shutdown,2.9360826,1416.0,10.0017185,8959.0,3.8972688,79.69836,7.785099,89.987144,1.7478111,True,False
Ayacucho,Huamanga,Carmen Alto,"Carmen Alto, Huamanga, Ayacucho",MOVISTAR,202305,202505,-24,pre_shutdown,3.1424127,1630.0,10.342665,11645.0,4.494497,79.095795,5.749837,91.18273,1.1829729,True,False
Ayacucho,Huamanga,Carmen Alto,"Carmen Alto, Huamanga, Ayacucho",MOVISTAR,202306,202505,-23,pre_shutdown,3.470791,2311.0,10.345964,11889.0,4.5261464,76.3495,8.513194,89.37581,1.1265373,True,False
Ayacucho,Huamanga,Carmen Alto,"Carmen Alto, Huamanga, Ayacucho",MOVISTAR,202307,202505,-22,pre_shutdown,3.3913753,3581.0,9.451018,9818.0,4.873171,78.61543,10.091655,82.979774,1.4527342,True,False
Ayacucho,Huamanga,Carmen Alto,"Carmen Alto, Huamanga, Ayacucho",MOVISTAR,202308,202505,-21,pre_shutdown,3.9294078,3783.0,11.032331,14818.0,3.696068,77.8266,8.484519,87.890236,1.1870627,True,False
Ayacucho,Huamanga,Carmen Alto,"Carmen Alto, Huamanga, Ayacucho",MOVISTAR,202309,202505,-20,pre_shutdown,3.2345595,3470.0,9.1160965,13727.0,2.3464522,77.84112,7.4339337,83.7601,1.215035,True,False
Ayacucho,Huamanga,Carmen Alto,"Carmen Alto, Huamanga, Ayacucho",MOVISTAR,202310,202505,-19,pre_shutdown,2.8643022,4472.0,8.549798,20886.0,2.842735,78.35865,8.144629,87.635666,1.3031956,True,False
Ayacucho,Huamanga,Carmen Alto,"Carmen Alto, Huamanga, Ayacucho",MOVISTAR,202311,202505,-18,pre_shutdown,2.729365,4522.0,8.29142,19729.0,3.2125096,79.7147,12.168341,82.904625,1.8940556,True,False
Ayacucho,Huamanga,Carmen Alto,"Carmen Alto, Huamanga, Ayacucho",MOVISTAR,202312,202505,-17,pre_shutdown,3.129245,3627.0,10.273239,11561.0,3.354692,80.321045,11.007532,85.67021,1.4602379,True,False
Ayacucho,Huamanga,Carmen Alto,"Carmen Alto, Huamanga, Ayacucho",MOVISTAR,202401,202505,-16,pre_shutdown,3.6083362,3407.0,8.599918,11383.0,3.6105082,77.49184,13.219466,83.78204,1.2794384,True,False
Ayacucho,Huamanga,Carmen Alto,"Carmen Alto, Huamanga, Ayacucho",MOVISTAR,202402,202505,-15,pre_shutdown,2.5923615,3077.0,7.950253,14957.0,0.0,77.49237,8.969875,85.12319,1.3286334,True,False
Ayacucho,Huamanga,Carmen Alto,"Carmen Alto, Huamanga, Ayacucho",MOVISTAR,202403,202505,-14,pre_shutdown,2.7188983,3753.0,7.9036136,12740.0,3.4788988,79.185196,9.128002,86.8627,1.411089,True,False
Ayacucho,Huamanga,Carmen Alto,"Carmen Alto, Huamanga, Ayacucho",MOVISTAR,202404,202505,-13,pre_shutdown,2.7196112,2420.0,6.993192,10712.0,0.0,78.358284,7.455033,90.61891,1.3718095,True,False
Ayacucho,Huamanga,Carmen Alto,"Carmen Alto, Huamanga, Ayacucho",MOVISTAR,202405,202505,-12,pre_shutdown,2.5899923,2600.0,8.568283,9799.0,2.7088463,78.81242,6.5157504,90.34516,1.5275152,True,False
Ayacucho,Huamanga,Carmen Alto,"Carmen Alto, Huamanga, Ayacucho",MOVISTAR,202406,202505,-11,pre_shutdown,3.1175907,3412.0,8.785531,12997.0,4.253945,77.97714,5.7379284,92.611855,1.1752633,True,False
Ayacucho,Huamanga,Carmen Alto,"Carmen Alto, Huamanga, Ayacucho",MOVISTAR,202407,202505,-10,pre_shutdown,2.9033437,3030.0,7.862544,8121.0,0.0,79.10723,7.7571177,91.00472,1.2608895,True,False
Ayacucho,Huamanga,Carmen Alto,"Carmen Alto, Huamanga, Ayacucho",MOVISTAR,202408,202505,-9,pre_shutdown,3.0871098,2840.0,7.350964,9693.0,1.9026954,78.163605,5.681586,93.32445,1.3034854,True,False
Ayacucho,Huamanga,Carmen Alto,"Carmen Alto, Huamanga, Ayacucho",MOVISTAR,202409,202505,-8,pre_shutdown,3.2718992,2084.0,7.93855,6935.0,0.0,75.27185,5.991685,93.56759,1.1695392,True,False
Ayacucho,Huamanga,Carmen Alto,"Carmen Alto, Huamanga, Ayacucho",MOVISTAR,202410,202505,-7,pre_shutdown,3.069422,2433.0,8.303963,9864.0,3.502109,73.5873,5.230285,93.93528,1.0344154,True,False
Ayacucho,Huamanga,Carmen Alto,"Carmen Alto, Huamanga, Ayacucho",MOVISTAR,202411,202505,-6,pre_shutdown,3.3761597,1022.0,8.432852,6521.0,0.0,66.54222,4.0828667,95.54697,1.3445978,True,False
Ayacucho,Huamanga,Carmen Alto,"Carmen Alto, Huamanga, Ayacucho",MOVISTAR,202412,202505,-5,pre_shutdown,6.6471376,507.0,8.753294,8475.0,3.102641,61.422836,2.2597692,97.22001,1.1915674,True,False
Ayacucho,Huamanga,Carmen Alto,"Carmen Alto, Huamanga, Ayacucho",MOVISTAR,202501,202505,-4,pre_shutdown,4.7860165,615.0,11.415975,11705.0,3.3782072,62.973473,2.9405026,96.63243,1.2430644,True,False
Ayacucho,Huamanga,Carmen Alto,"Carmen Alto, Huamanga, Ayacucho",MOVISTAR,202502,202505,-3,pre_shutdown,4.882385,473.0,10.490344,10953.0,3.6071272,60.34702,2.283623,96.75419,1.0686848,True,False
Ayacucho,Huamanga,Carmen Alto,"Carmen Alto, Huamanga, Ayacucho",MOVISTAR,202503,202505,-2,pre_shutdown,4.2382374,468.0,8.742088,12395.0,4.202724,61.759937,2.3153222,97.30016,1.3594954,True,False
Ayacucho,Huamanga,Carmen Alto,"Carmen Alto, Huamanga, Ayacucho",MOVISTAR,202504,202505,-1,pre_shutdown,6.7359424,445.0,8.994813,6702.0,4.937335,68.7968,3.6949656,95.34592,1.556906,True,False
Ayacucho,Huamanga,Carmen Alto,"Carmen Alto, Huamanga, Ayacucho",MOVISTAR,202505,202505,0,post_shutdown,0.0,0.0,8.107704,7632.0,4.217909,64.35791,2.9470096,95.60457,0.97859085,False,True
Ayacucho,Huamanga,Carmen Alto,"Carmen Alto, Huamanga, Ayacucho",MOVISTAR,202506,202505,1,post_shutdown,0.0,0.0,9.655705,10867.0,4.0257497,64.9708,1.6809704,98.10319,1.0395334,False,True
Ayacucho,Huamanga,Carmen Alto,"Carmen Alto, Huamanga, Ayacucho",MOVISTAR,202507,202505,2,post_shutdown,0.0,0.0,10.018561,7558.0,4.8535223,59.252666,1.5965388,97.39434,1.0840762,False,True
Ayacucho,Huamanga,Carmen Alto,"Carmen Alto, Huamanga, Ayacucho",MOVISTAR,202508,202505,3,post_shutdown,0.0,0.0,11.3821535,7317.0,4.2170877,58.872673,0.9093881,98.85603,1.1365087,False,True
Ayacucho,Huamanga,Carmen Alto,"Carmen Alto, Huamanga, Ayacucho",MOVISTAR,202509,202505,4,post_shutdown,0.0,0.0,13.577424,9928.0,2.9784374,58.307453,1.1582605,98.32522,1.1546445,False,True
Ayacucho,Huamanga,Carmen Alto,"Carmen Alto, Huamanga, Ayacucho",MOVISTAR,202510,202505,5,post_shutdown,0.0,0.0,14.60883,10396.0,2.801494,57.44168,1.3426837,98.0907,1.3179348,False,True
Ayacucho,Huamanga,Carmen Alto,"Carmen Alto, Huamanga, Ayacucho",MOVISTAR,202511,202505,6,post_shutdown,0.0,0.0,10.7320385,7796.0,3.6034715,54.471626,0.99291676,98.56471,1.4298093,False,True
Ayacucho,Huamanga,Carmen Alto,"Carmen Alto, Huamanga, Ayacucho",MOVISTAR,202512,202505,7,post_shutdown,0.0,0.0,10.259892,9472.0,3.1559925,55.732677,1.0697734,98.06931,0.9686919,False,True
Ayacucho,Huamanga,Carmen Alto,"Carmen Alto, Huamanga, Ayacucho",MOVISTAR,202601,202505,8,post_shutdown,0.0,0.0,10.340608,5943.0,3.0282013,57.04558,1.5165415,98.20245,1.1113144,False,True
Ayacucho,Huamanga,Carmen Alto,"Carmen Alto, Huamanga, Ayacucho",MOVISTAR,202602,202505,9,post_shutdown,0.0,0.0,10.952746,5153.0,0.0,60.147614,1.7608142,95.56259,1.279024,False,True
Ayacucho,Huamanga,Carmen Alto,"Carmen Alto, Huamanga, Ayacucho",MOVISTAR,202603,202505,10,post_shutdown,0.0,0.0,10.265646,4381.0,0.0,59.47825,2.8953352,96.34723,1.0486517,False,True
Ayacucho,Huamanga,Carmen Alto,"Carmen Alto, Huamanga, Ayacucho",MOVISTAR,202604,202505,11,post_shutdown,0.0,0.0,10.240774,3080.0,0.0,59.018528,2.8077712,95.97156,1.2162162,False,True
Ayacucho,Huamanga,Carmen Alto,"Carmen Alto, Huamanga, Ayacucho",MOVISTAR,202605,202505,12,post_shutdown,0.0,0.0,11.089593,3845.0,0.0,59.01427,1.595849,97.40185,1.3474422,False,True
Callao,Callao,Bellavista,"Bellavista, Callao, Callao",MOVISTAR,202301,202605,-40,pre_shutdown,3.935045,3551.0,10.08227,56150.0,3.1479006,80.754814,7.802296,90.80008,1.0088618,True,False
Callao,Callao,Bellavista,"Bellavista, Callao, Callao",MOVISTAR,202302,202605,-39,pre_shutdown,4.0934978,4735.0,9.789755,50677.0,2.9218445,77.37195,9.893985,88.65295,0.9172403,True,False
Callao,Callao,Bellavista,"Bellavista, Callao, Callao",MOVISTAR,202303,202605,-38,pre_shutdown,3.4942567,5474.0,9.860093,57803.0,2.6621249,74.568146,8.666485,90.453384,0.9517617,True,False
Callao,Callao,Bellavista,"Bellavista, Callao, Callao",MOVISTAR,202304,202605,-37,pre_shutdown,3.6245236,4315.0,10.229528,52245.0,3.355883,75.152985,7.0293884,92.31525,0.8994855,True,False
Callao,Callao,Bellavista,"Bellavista, Callao, Callao",MOVISTAR,202305,202605,-36,pre_shutdown,4.039701,3554.0,10.609618,45847.0,2.9773264,76.80855,7.461313,91.860275,0.922475,True,False
Callao,Callao,Bellavista,"Bellavista, Callao, Callao",MOVISTAR,202306,202605,-35,pre_shutdown,4.6973214,4959.0,10.435934,61860.0,3.1662798,75.35993,7.9543295,91.57828,0.92911243,True,False
Callao,Callao,Bellavista,"Bellavista, Callao, Callao",MOVISTAR,202307,202605,-34,pre_shutdown,4.5783267,6924.0,11.634669,88249.0,3.1082406,75.710464,5.8456373,92.6069,0.98752314,True,False
Callao,Callao,Bellavista,"Bellavista, Callao, Callao",MOVISTAR,202308,202605,-33,pre_shutdown,4.3125687,12132.0,9.70326,84969.0,2.956729,75.271126,5.9038477,92.874466,1.0067576,True,False
Callao,Callao,Bellavista,"Bellavista, Callao, Callao",MOVISTAR,202309,202605,-32,pre_shutdown,4.05897,10269.0,9.902491,87787.0,2.8690052,76.10955,6.9394827,92.22501,0.81871855,True,False
Callao,Callao,Bellavista,"Bellavista, Callao, Callao",MOVISTAR,202310,202605,-31,pre_shutdown,4.042168,12035.0,10.048102,99410.0,3.0565093,75.45186,6.3535876,92.69898,0.8332217,True,False
Callao,Callao,Bellavista,"Bellavista, Callao, Callao",MOVISTAR,202311,202605,-30,pre_shutdown,3.794688,12172.0,10.015467,96184.0,3.2697124,76.15934,6.415494,92.43572,0.8661302,True,False
Callao,Callao,Bellavista,"Bellavista, Callao, Callao",MOVISTAR,202312,202605,-29,pre_shutdown,3.6741433,10433.0,9.991147,88147.0,3.3924236,75.561714,6.7470255,92.57986,0.793812,True,False
Callao,Callao,Bellavista,"Bellavista, Callao, Callao",MOVISTAR,202401,202605,-28,pre_shutdown,3.6171722,9290.0,10.570789,83867.0,3.2440693,75.41309,7.4537625,90.93359,0.8087347,True,False
Callao,Callao,Bellavista,"Bellavista, Callao, Callao",MOVISTAR,202402,202605,-27,pre_shutdown,3.4305024,8302.0,10.273703,84216.0,2.907552,75.60912,7.080802,91.081894,0.71621335,True,False
Callao,Callao,Bellavista,"Bellavista, Callao, Callao",MOVISTAR,202403,202605,-26,pre_shutdown,3.442946,7047.0,10.0248785,81460.0,2.9573069,74.99819,7.188742,91.159546,0.6969255,True,False
Callao,Callao,Bellavista,"Bellavista, Callao, Callao",MOVISTAR,202404,202605,-25,pre_shutdown,3.0840333,8330.0,10.072578,78438.0,3.008373,75.16686,6.9768476,92.263336,0.68136984,True,False
Callao,Callao,Bellavista,"Bellavista, Callao, Callao",MOVISTAR,202405,202605,-24,pre_shutdown,3.5132205,6811.0,11.430355,82687.0,3.3789313,74.53381,5.560815,92.91047,0.61492485,True,False
Callao,Callao,Bellavista,"Bellavista, Callao, Callao",MOVISTAR,202406,202605,-23,pre_shutdown,3.6830919,6565.0,10.542762,69812.0,3.2995267,75.353134,4.476691,93.15334,0.49288258,True,False
Callao,Callao,Bellavista,"Bellavista, Callao, Callao",MOVISTAR,202407,202605,-22,pre_shutdown,4.057965,8548.0,10.280247,76263.0,2.8349488,75.38784,4.510474,92.69499,0.41904688,True,False
Callao,Callao,Bellavista,"Bellavista, Callao, Callao",MOVISTAR,202408,202605,-21,pre_shutdown,4.0084763,6046.0,10.677523,71526.0,3.288739,74.91244,6.414253,93.17384,0.45404914,True,False
Callao,Callao,Bellavista,"Bellavista, Callao, Callao",MOVISTAR,202409,202605,-20,pre_shutdown,4.1591105,5305.0,10.61513,71716.0,2.9460785,71.23541,4.9147825,94.36999,0.48087785,True,False
Callao,Callao,Bellavista,"Bellavista, Callao, Callao",MOVISTAR,202410,202605,-19,pre_shutdown,3.8247068,5607.0,10.462228,69018.0,2.7153466,69.500404,4.8025303,94.376945,0.43388066,True,False
Callao,Callao,Bellavista,"Bellavista, Callao, Callao",MOVISTAR,202411,202605,-18,pre_shutdown,4.215645,5632.0,10.062732,58182.0,2.7977746,59.10514,6.948513,92.42401,0.45023525,True,False
Callao,Callao,Bellavista,"Bellavista, Callao, Callao",MOVISTAR,202412,202605,-17,pre_shutdown,4.676779,4583.0,10.350445,57969.0,3.0789518,56.081078,6.1311545,93.26115,0.4266936,True,False
Callao,Callao,Bellavista,"Bellavista, Callao, Callao",MOVISTAR,202501,202605,-16,pre_shutdown,4.3387036,3963.0,10.187049,55520.0,2.4772513,58.76675,7.399588,91.63254,0.55311465,True,False
Callao,Callao,Bellavista,"Bellavista, Callao, Callao",MOVISTAR,202502,202605,-15,pre_shutdown,4.700459,4135.0,9.688991,45602.0,2.6207438,59.789173,7.358047,91.92354,0.573465,True,False
Callao,Callao,Bellavista,"Bellavista, Callao, Callao",MOVISTAR,202503,202605,-14,pre_shutdown,4.7884183,4201.0,9.739249,47056.0,2.6670096,57.82491,9.848137,89.59618,0.46783143,True,False
Callao,Callao,Bellavista,"Bellavista, Callao, Callao",MOVISTAR,202504,202605,-13,pre_shutdown,4.853404,4298.0,9.674516,51806.0,2.4053907,62.556892,8.144917,91.12722,0.5103173,True,False
Callao,Callao,Bellavista,"Bellavista, Callao, Callao",MOVISTAR,202505,202605,-12,pre_shutdown,5.9198074,2477.0,11.980289,46555.0,2.967842,62.287315,5.4909973,93.41163,0.53817594,True,False
Callao,Callao,Bellavista,"Bellavista, Callao, Callao",MOVISTAR,202506,202605,-11,pre_shutdown,5.6912594,2214.0,11.412257,54907.0,2.143848,59.72522,3.489763,95.42504,0.55658567,True,False
Callao,Callao,Bellavista,"Bellavista, Callao, Callao",MOVISTAR,202507,202605,-10,pre_shutdown,5.6889577,3140.0,12.09569,49801.0,2.1898775,52.615395,6.016029,93.0939,0.69286484,True,False
Callao,Callao,Bellavista,"Bellavista, Callao, Callao",MOVISTAR,202508,202605,-9,pre_shutdown,5.077291,798.0,12.853729,54440.0,2.4803128,52.920475,3.4070125,95.726,0.69955933,True,False
Callao,Callao,Bellavista,"Bellavista, Callao, Callao",MOVISTAR,202509,202605,-8,pre_shutdown,5.6582813,1379.0,12.790588,51126.0,2.3388474,53.58636,3.621343,95.4355,0.7596775,True,False
Callao,Callao,Bellavista,"Bellavista, Callao, Callao",MOVISTAR,202510,202605,-7,pre_shutdown,5.1221614,1273.0,13.374169,52500.0,2.4959817,55.03805,4.227929,95.24966,0.59933144,True,False
Callao,Callao,Bellavista,"Bellavista, Callao, Callao",MOVISTAR,202511,202605,-6,pre_shutdown,5.392904,1032.0,13.552548,46242.0,2.5228546,53.4893,3.6116862,96.09165,0.6904211,True,False
Callao,Callao,Bellavista,"Bellavista, Callao, Callao",MOVISTAR,202512,202605,-5,pre_shutdown,6.0006075,860.0,13.127545,42891.0,2.7674775,49.498592,1.8202053,97.41631,0.56402236,True,False
Callao,Callao,Bellavista,"Bellavista, Callao, Callao",MOVISTAR,202601,202605,-4,pre_shutdown,6.055204,760.0,13.14947,49426.0,2.8242457,51.96793,2.0455854,97.62043,0.7032841,True,False
Callao,Callao,Bellavista,"Bellavista, Callao, Callao",MOVISTAR,202602,202605,-3,pre_shutdown,6.2659526,895.0,12.543825,43235.0,2.6712768,52.98425,2.360081,96.94338,0.8606708,True,False
Callao,Callao,Bellavista,"Bellavista, Callao, Callao",MOVISTAR,202603,202605,-2,pre_shutdown,5.680182,3619.0,12.266163,48696.0,2.5469406,53.107323,2.8156092,96.77156,0.781864,True,False
Callao,Callao,Bellavista,"Bellavista, Callao, Callao",MOVISTAR,202604,202605,-1,pre_shutdown,6.5410204,658.0,12.642238,45736.0,3.0879693,51.676426,0.90107745,98.12493,0.7397705,True,False
Callao,Callao,Bellavista,"Bellavista, Callao, Callao",MOVISTAR,202605,202605,0,post_shutdown,0.0,0.0,13.730741,49701.0,2.7695422,51.467724,0.0014442309,97.4483,0.58016574,False,True
Callao,Callao,Callao,"Callao, Callao, Callao",MOVISTAR,202301,202605,-40,pre_shutdown,3.6550274,26939.0,10.929684,353512.0,3.6346068,79.450485,8.317611,89.96055,0.9757785,True,False
Callao,Callao,Callao,"Callao, Callao, Callao",MOVISTAR,202302,202605,-39,pre_shutdown,3.969495,25583.0,10.955275,300922.0,3.3342059,76.50367,8.976181,89.30239,1.0379871,True,False
Callao,Callao,Callao,"Callao, Callao, Callao",MOVISTAR,202303,202605,-38,pre_shutdown,3.5229359,24126.0,10.355518,313812.0,3.5837326,73.52176,7.58607,90.51116,0.9090237,True,False
Callao,Callao,Callao,"Callao, Callao, Callao",MOVISTAR,202304,202605,-37,pre_shutdown,3.638334,27580.0,10.623018,291194.0,3.8458695,74.42371,7.8054705,90.288956,0.92361575,True,False
Callao,Callao,Callao,"Callao, Callao, Callao",MOVISTAR,202305,202605,-36,pre_shutdown,3.4342003,28834.0,10.52763,293673.0,3.6065772,76.28201,8.080515,90.33276,0.89829427,True,False
Callao,Callao,Callao,"Callao, Callao, Callao",MOVISTAR,202306,202605,-35,pre_shutdown,3.808574,35923.0,10.624869,338861.0,3.677242,74.151886,8.118881,89.5979,0.9591398,True,False
Callao,Callao,Callao,"Callao, Callao, Callao",MOVISTAR,202307,202605,-34,pre_shutdown,3.573062,42747.0,10.578968,405951.0,3.5364134,74.39794,7.8750997,89.52657,0.9183483,True,False
Callao,Callao,Callao,"Callao, Callao, Callao",MOVISTAR,202308,202605,-33,pre_shutdown,3.6830423,41218.0,10.27604,440208.0,3.4389577,74.39426,7.5241585,90.22074,0.9265855,True,False
Callao,Callao,Callao,"Callao, Callao, Callao",MOVISTAR,202309,202605,-32,pre_shutdown,3.5978713,53597.0,10.055205,444583.0,3.3561425,75.680695,7.921177,90.68587,0.8497535,True,False
Callao,Callao,Callao,"Callao, Callao, Callao",MOVISTAR,202310,202605,-31,pre_shutdown,3.4763024,53754.0,10.274922,533449.0,3.258697,75.1314,7.801246,90.87769,0.82082826,True,False
Callao,Callao,Callao,"Callao, Callao, Callao",MOVISTAR,202311,202605,-30,pre_shutdown,3.4729462,56021.0,10.013421,459202.0,3.4900155,75.348816,7.76535,90.63954,0.89209706,True,False
Callao,Callao,Callao,"Callao, Callao, Callao",MOVISTAR,202312,202605,-29,pre_shutdown,3.9089434,58671.0,10.191724,466976.0,3.1613169,75.20396,8.3561535,90.19384,0.7666675,True,False
Callao,Callao,Callao,"Callao, Callao, Callao",MOVISTAR,202401,202605,-28,pre_shutdown,3.5164442,50590.0,10.250752,435727.0,3.3202364,74.74219,8.489015,89.73933,0.84801954,True,False
Callao,Callao,Callao,"Callao, Callao, Callao",MOVISTAR,202402,202605,-27,pre_shutdown,3.4077094,48795.0,10.129918,375338.0,3.0904691,74.97035,9.257741,88.87312,0.83087677,True,False
Callao,Callao,Callao,"Callao, Callao, Callao",MOVISTAR,202403,202605,-26,pre_shutdown,3.5332766,51941.0,10.046493,376724.0,3.3347642,74.93929,8.875723,89.61541,0.79063624,True,False
Callao,Callao,Callao,"Callao, Callao, Callao",MOVISTAR,202404,202605,-25,pre_shutdown,3.3554003,47946.0,10.070638,365269.0,3.2324133,74.76253,8.800626,89.930786,0.7060875,True,False
Callao,Callao,Callao,"Callao, Callao, Callao",MOVISTAR,202405,202605,-24,pre_shutdown,3.4148023,50894.0,10.315148,355265.0,3.2926884,74.46999,8.7283745,89.61414,0.72842044,True,False
Callao,Callao,Callao,"Callao, Callao, Callao",MOVISTAR,202406,202605,-23,pre_shutdown,3.5927489,41858.0,10.469742,317587.0,3.2986968,75.26298,8.98542,89.41485,0.6428936,True,False
Callao,Callao,Callao,"Callao, Callao, Callao",MOVISTAR,202407,202605,-22,pre_shutdown,3.918211,42136.0,10.143347,297675.0,3.2669709,75.6746,8.554936,90.18793,0.5601949,True,False
Callao,Callao,Callao,"Callao, Callao, Callao",MOVISTAR,202408,202605,-21,pre_shutdown,3.9040964,38833.0,10.211405,299337.0,3.205392,74.794075,8.616705,90.634285,0.58831626,True,False
Callao,Callao,Callao,"Callao, Callao, Callao",MOVISTAR,202409,202605,-20,pre_shutdown,3.9425554,32066.0,10.593324,322825.0,3.2435482,70.85574,8.418164,90.167786,0.583025,True,False
Callao,Callao,Callao,"Callao, Callao, Callao",MOVISTAR,202410,202605,-19,pre_shutdown,4.01925,39008.0,10.544183,387751.0,3.0541198,68.62569,7.7680244,91.27614,0.53171015,True,False
Callao,Callao,Callao,"Callao, Callao, Callao",MOVISTAR,202411,202605,-18,pre_shutdown,3.8230112,32615.0,10.50259,305758.0,3.3814666,58.117146,8.054659,91.13554,0.5009974,True,False
Callao,Callao,Callao,"Callao, Callao, Callao",MOVISTAR,202412,202605,-17,pre_shutdown,4.0876966,28716.0,10.442702,263031.0,3.113817,55.7701,7.917478,91.24923,0.4611661,True,False
Callao,Callao,Callao,"Callao, Callao, Callao",MOVISTAR,202501,202605,-16,pre_shutdown,3.6704364,32118.0,10.76606,293105.0,3.02713,56.98006,8.437171,90.869484,0.481902,True,False
Callao,Callao,Callao,"Callao, Callao, Callao",MOVISTAR,202502,202605,-15,pre_shutdown,3.9065962,25637.0,10.316392,253348.0,3.1502693,56.786156,8.502692,90.62703,0.4938804,True,False
Callao,Callao,Callao,"Callao, Callao, Callao",MOVISTAR,202503,202605,-14,pre_shutdown,4.089494,26044.0,10.604483,318276.0,3.0753314,55.69208,6.7459707,92.44788,0.52897286,True,False
Callao,Callao,Callao,"Callao, Callao, Callao",MOVISTAR,202504,202605,-13,pre_shutdown,4.292165,21771.0,11.022486,304197.0,3.032678,60.90709,6.1578135,93.12454,0.5422656,True,False
Callao,Callao,Callao,"Callao, Callao, Callao",MOVISTAR,202505,202605,-12,pre_shutdown,6.3461213,17282.0,11.707325,298862.0,3.3332093,60.236187,4.871929,94.365524,0.59007514,True,False
Callao,Callao,Callao,"Callao, Callao, Callao",MOVISTAR,202506,202605,-11,pre_shutdown,4.7701864,9008.0,12.2959795,267581.0,3.2987251,59.17715,4.9984145,94.41238,0.67962646,True,False
Callao,Callao,Callao,"Callao, Callao, Callao",MOVISTAR,202507,202605,-10,pre_shutdown,5.230884,7480.0,12.042067,275689.0,2.9414263,51.676807,4.3857183,95.08392,0.6811268,True,False
Callao,Callao,Callao,"Callao, Callao, Callao",MOVISTAR,202508,202605,-9,pre_shutdown,5.3303437,7023.0,12.45087,285642.0,3.1357057,51.38381,4.2778006,95.18611,0.62838537,True,False
Callao,Callao,Callao,"Callao, Callao, Callao",MOVISTAR,202509,202605,-8,pre_shutdown,6.6918797,8355.0,12.457905,262310.0,2.7957206,51.57493,4.343547,95.089905,0.6566878,True,False
Callao,Callao,Callao,"Callao, Callao, Callao",MOVISTAR,202510,202605,-7,pre_shutdown,6.028444,6500.0,13.234611,272119.0,2.8389997,51.239334,4.1467795,95.11028,0.6224292,True,False
Callao,Callao,Callao,"Callao, Callao, Callao",MOVISTAR,202511,202605,-6,pre_shutdown,5.954935,3700.0,13.185914,259467.0,2.6114976,48.76013,3.5924108,95.83473,0.5575162,True,False
Callao,Callao,Callao,"Callao, Callao, Callao",MOVISTAR,202512,202605,-5,pre_shutdown,5.825009,3543.0,13.43789,269513.0,2.9675531,47.28873,2.2987401,96.641945,0.50523263,True,False
Callao,Callao,Callao,"Callao, Callao, Callao",MOVISTAR,202601,202605,-4,pre_shutdown,5.6974587,2461.0,13.222501,276967.0,2.836014,47.99664,2.1925015,96.80926,0.47426128,True,False
Callao,Callao,Callao,"Callao, Callao, Callao",MOVISTAR,202602,202605,-3,pre_shutdown,6.0672045,2254.0,13.062889,246278.0,2.8126762,50.477325,2.7940989,96.36758,0.6236822,True,False
Callao,Callao,Callao,"Callao, Callao, Callao",MOVISTAR,202603,202605,-2,pre_shutdown,5.931533,3067.0,13.328058,263546.0,2.8561244,50.48499,3.671758,95.10605,0.6424897,True,False
Callao,Callao,Callao,"Callao, Callao, Callao",MOVISTAR,202604,202605,-1,pre_shutdown,6.290856,1804.0,13.726697,226541.0,3.1824362,49.79265,2.0301762,96.42091,0.46009716,True,False
Callao,Callao,Callao,"Callao, Callao, Callao",MOVISTAR,202605,202605,0,post_shutdown,0.0,0.0,13.415476,243588.0,3.274294,49.279118,0.027476268,98.04419,0.44952396,False,True
Callao,Callao,La Perla,"La Perla, Callao, Callao",MOVISTAR,202301,202602,-37,pre_shutdown,4.3306017,1647.0,11.857951,36409.0,2.9459517,77.88749,6.7586064,92.45141,1.0762825,True,False
Callao,Callao,La Perla,"La Perla, Callao, Callao",MOVISTAR,202302,202602,-36,pre_shutdown,5.4395757,1757.0,12.314915,34908.0,3.051249,75.10418,7.5743217,91.999115,1.0650368,True,False
Callao,Callao,La Perla,"La Perla, Callao, Callao",MOVISTAR,202303,202602,-35,pre_shutdown,4.3627534,1907.0,12.332444,33306.0,3.388853,71.39264,8.641817,91.04518,0.8125717,True,False
Callao,Callao,La Perla,"La Perla, Callao, Callao",MOVISTAR,202304,202602,-34,pre_shutdown,5.7017627,2036.0,12.604439,30434.0,3.2127678,72.739105,8.258029,90.66637,0.6419562,True,False
Callao,Callao,La Perla,"La Perla, Callao, Callao",MOVISTAR,202305,202602,-33,pre_shutdown,6.6459446,1851.0,11.919488,31776.0,3.221591,74.038605,8.908751,90.23456,0.96885085,True,False
Callao,Callao,La Perla,"La Perla, Callao, Callao",MOVISTAR,202306,202602,-32,pre_shutdown,4.8818297,1584.0,12.774841,33530.0,3.5332425,71.57269,7.219496,89.23677,0.7330546,True,False
Callao,Callao,La Perla,"La Perla, Callao, Callao",MOVISTAR,202307,202602,-31,pre_shutdown,5.2130623,1628.0,12.36398,42846.0,3.0582514,71.9845,6.858521,90.06451,0.76935625,True,False
Callao,Callao,La Perla,"La Perla, Callao, Callao",MOVISTAR,202308,202602,-30,pre_shutdown,4.640579,1351.0,13.000325,43916.0,3.3049042,71.9644,6.6129947,90.90861,0.64417475,True,False
Callao,Callao,La Perla,"La Perla, Callao, Callao",MOVISTAR,202309,202602,-29,pre_shutdown,4.434643,2559.0,12.8621645,41734.0,2.8735204,73.46413,8.411378,90.34013,0.6906693,True,False
Callao,Callao,La Perla,"La Perla, Callao, Callao",MOVISTAR,202310,202602,-28,pre_shutdown,5.4402237,2986.0,12.105095,44683.0,3.798428,73.48595,5.391355,93.20407,0.7322328,True,False
Callao,Callao,La Perla,"La Perla, Callao, Callao",MOVISTAR,202311,202602,-27,pre_shutdown,4.5940723,3763.0,11.49847,45264.0,3.5871441,73.407394,5.8361464,91.759186,0.77039444,True,False
Callao,Callao,La Perla,"La Perla, Callao, Callao",MOVISTAR,202312,202602,-26,pre_shutdown,4.126953,2904.0,12.275846,48257.0,3.461574,72.35795,6.4497194,92.16464,0.54418206,True,False
Callao,Callao,La Perla,"La Perla, Callao, Callao",MOVISTAR,202401,202602,-25,pre_shutdown,4.605215,3483.0,12.013828,52219.0,2.6950173,72.185135,6.3575172,89.947014,0.48402414,True,False
Callao,Callao,La Perla,"La Perla, Callao, Callao",MOVISTAR,202402,202602,-24,pre_shutdown,4.879812,3447.0,12.95609,45936.0,3.2182598,72.28117,7.54444,89.80157,0.5370336,True,False
Callao,Callao,La Perla,"La Perla, Callao, Callao",MOVISTAR,202403,202602,-23,pre_shutdown,5.229217,2624.0,11.70894,30751.0,2.826205,72.02259,8.504256,88.35058,0.5183848,True,False
Callao,Callao,La Perla,"La Perla, Callao, Callao",MOVISTAR,202404,202602,-22,pre_shutdown,4.1836004,1449.0,12.951845,27640.0,3.2595282,72.33695,4.510405,93.147934,0.4267712,True,False
Callao,Callao,La Perla,"La Perla, Callao, Callao",MOVISTAR,202405,202602,-21,pre_shutdown,4.515946,1317.0,19.736734,34203.0,4.1686106,71.52548,3.2051377,94.549324,0.40999585,True,False
Callao,Callao,La Perla,"La Perla, Callao, Callao",MOVISTAR,202406,202602,-20,pre_shutdown,4.272103,1931.0,11.827882,24221.0,3.8564148,71.43621,5.4576216,92.85594,0.40127012,True,False
Callao,Callao,La Perla,"La Perla, Callao, Callao",MOVISTAR,202407,202602,-19,pre_shutdown,4.810582,2368.0,13.008293,27931.0,4.21069,72.68425,8.112097,89.0786,0.33621702,True,False
Callao,Callao,La Perla,"La Perla, Callao, Callao",MOVISTAR,202408,202602,-18,pre_shutdown,4.939259,2208.0,12.357263,41821.0,3.9148917,72.95297,4.3467574,95.39804,0.37844336,True,False
Callao,Callao,La Perla,"La Perla, Callao, Callao",MOVISTAR,202409,202602,-17,pre_shutdown,5.20334,3103.0,12.182157,50061.0,3.0111873,68.84563,3.6633239,96.04502,0.2771492,True,False
Callao,Callao,La Perla,"La Perla, Callao, Callao",MOVISTAR,202410,202602,-16,pre_shutdown,5.056255,3026.0,12.90362,52760.0,3.098285,65.79641,3.1207607,96.52484,0.30080038,True,False
Callao,Callao,La Perla,"La Perla, Callao, Callao",MOVISTAR,202411,202602,-15,pre_shutdown,4.7267814,5509.0,11.824426,36380.0,3.0563786,54.234337,5.705416,94.00622,0.2794416,True,False
Callao,Callao,La Perla,"La Perla, Callao, Callao",MOVISTAR,202412,202602,-14,pre_shutdown,5.279016,6046.0,12.216477,32666.0,3.2675421,53.628178,5.221048,94.49381,0.28718847,True,False
Callao,Callao,La Perla,"La Perla, Callao, Callao",MOVISTAR,202501,202602,-13,pre_shutdown,6.7001867,6109.0,11.445204,45461.0,2.860043,55.361637,5.8253765,93.81662,0.37145773,True,False
Callao,Callao,La Perla,"La Perla, Callao, Callao",MOVISTAR,202502,202602,-12,pre_shutdown,5.577347,2432.0,11.372584,34117.0,3.2932878,55.7378,5.38856,94.3539,0.31238887,True,False
Callao,Callao,La Perla,"La Perla, Callao, Callao",MOVISTAR,202503,202602,-11,pre_shutdown,5.4052386,2854.0,12.462734,42932.0,4.134796,54.646576,5.720111,94.03145,0.29202566,True,False
Callao,Callao,La Perla,"La Perla, Callao, Callao",MOVISTAR,202504,202602,-10,pre_shutdown,5.971407,2645.0,12.686501,45728.0,3.0705516,60.192917,4.6044493,95.2116,0.26595265,True,False
Callao,Callao,La Perla,"La Perla, Callao, Callao",MOVISTAR,202505,202602,-9,pre_shutdown,5.856218,1974.0,11.736049,40790.0,4.4342756,61.43254,2.8316207,97.00516,0.2999636,True,False
Callao,Callao,La Perla,"La Perla, Callao, Callao",MOVISTAR,202506,202602,-8,pre_shutdown,6.203433,1757.0,12.918749,42419.0,5.0995474,59.98578,3.2637715,96.256516,0.29854023,True,False
Callao,Callao,La Perla,"La Perla, Callao, Callao",MOVISTAR,202507,202602,-7,pre_shutdown,6.1586876,1216.0,13.383015,47857.0,3.9542127,51.244534,4.0496416,95.71262,0.29509354,True,False
Callao,Callao,La Perla,"La Perla, Callao, Callao",MOVISTAR,202508,202602,-6,pre_shutdown,5.8001313,1195.0,13.416494,48042.0,3.5051258,52.90488,3.6433876,95.68502,0.3618114,True,False
Callao,Callao,La Perla,"La Perla, Callao, Callao",MOVISTAR,202509,202602,-5,pre_shutdown,5.458814,880.0,13.882504,40257.0,3.054892,53.644825,2.4963536,97.02862,0.36752713,True,False
Callao,Callao,La Perla,"La Perla, Callao, Callao",MOVISTAR,202510,202602,-4,pre_shutdown,5.4926276,1003.0,12.594412,41850.0,2.7245905,52.600716,2.142451,97.2948,0.42693326,True,False
Callao,Callao,La Perla,"La Perla, Callao, Callao",MOVISTAR,202511,202602,-3,pre_shutdown,6.7177653,1092.0,12.095019,29258.0,3.863335,51.087,2.0569496,97.83564,0.43095893,True,False
Callao,Callao,La Perla,"La Perla, Callao, Callao",MOVISTAR,202512,202602,-2,pre_shutdown,6.403743,880.0,13.732438,29891.0,3.475005,49.039448,3.2491562,96.60325,0.35711044,True,False
Callao,Callao,La Perla,"La Perla, Callao, Callao",MOVISTAR,202601,202602,-1,pre_shutdown,6.4035954,486.0,13.991963,34411.0,3.4006145,47.236763,1.33106,98.30175,0.24757771,True,False
Callao,Callao,La Perla,"La Perla, Callao, Callao",MOVISTAR,202602,202602,0,post_shutdown,0.0,0.0,13.76795,27302.0,3.2478886,46.54472,1.5206354,98.126625,0.38575256,False,True
Callao,Callao,La Perla,"La Perla, Callao, Callao",MOVISTAR,202603,202602,1,post_shutdown,0.0,0.0,13.9578495,32415.0,2.7003472,46.816547,0.8216603,98.79839,0.29755628,False,True
Callao,Callao,La Perla,"La Perla, Callao, Callao",MOVISTAR,202604,202602,2,post_shutdown,0.0,0.0,14.608242,30339.0,2.7996123,47.97709,0.6607955,98.943954,0.28639334,False,True
Callao,Callao,La Perla,"La Perla, Callao, Callao",MOVISTAR,202605,202602,3,post_shutdown,0.0,0.0,16.774658,27553.0,3.1560552,47.775837,0.03247649,99.70062,0.40556484,False,True
Cusco,Acomayo,Pomacanchi,"Pomacanchi, Acomayo, Cusco",MOVISTAR,202301,202512,-35,pre_shutdown,0.0,0.0,8.474897,741.0,0.0,0.0,3.0767808,78.87133,2.2077923,False,True
Cusco,Acomayo,Pomacanchi,"Pomacanchi, Acomayo, Cusco",MOVISTAR,202302,202512,-34,pre_shutdown,0.0,0.0,0.0,0.0,0.0,0.0,8.94698,61.122276,0.0,False,True
Cusco,Acomayo,Pomacanchi,"Pomacanchi, Acomayo, Cusco",MOVISTAR,202303,202512,-33,pre_shutdown,0.0,0.0,0.0,0.0,0.0,0.0,6.4631753,87.30518,0.6880734,False,True
Cusco,Acomayo,Pomacanchi,"Pomacanchi, Acomayo, Cusco",MOVISTAR,202304,202512,-32,pre_shutdown,0.0,0.0,17.90629,772.0,0.0,0.0,9.436993,88.70639,0.88383836,False,True
Cusco,Acomayo,Pomacanchi,"Pomacanchi, Acomayo, Cusco",MOVISTAR,202305,202512,-31,pre_shutdown,0.0,0.0,11.194569,563.0,0.0,0.0,3.8134978,93.00481,1.1524823,False,True
Cusco,Acomayo,Pomacanchi,"Pomacanchi, Acomayo, Cusco",MOVISTAR,202306,202512,-30,pre_shutdown,0.0,0.0,12.381063,1328.0,0.0,89.99132,3.9201126,92.34443,1.2693936,False,True
Cusco,Acomayo,Pomacanchi,"Pomacanchi, Acomayo, Cusco",MOVISTAR,202307,202512,-29,pre_shutdown,0.0,0.0,11.567638,1403.0,0.0,84.846306,2.645554,90.814064,0.57890224,False,True
Cusco,Acomayo,Pomacanchi,"Pomacanchi, Acomayo, Cusco",MOVISTAR,202308,202512,-28,pre_shutdown,0.0,0.0,11.678248,1564.0,0.0,87.6363,1.1390228,86.746056,0.7431874,False,True
Cusco,Acomayo,Pomacanchi,"Pomacanchi, Acomayo, Cusco",MOVISTAR,202309,202512,-27,pre_shutdown,0.0,0.0,17.20167,1392.0,0.0,90.729355,3.5189145,83.01212,0.6919155,False,True
Cusco,Acomayo,Pomacanchi,"Pomacanchi, Acomayo, Cusco",MOVISTAR,202310,202512,-26,pre_shutdown,0.0,0.0,13.625662,955.0,0.0,86.13017,2.9635031,88.050644,0.31225604,False,True
Cusco,Acomayo,Pomacanchi,"Pomacanchi, Acomayo, Cusco",MOVISTAR,202311,202512,-25,pre_shutdown,0.0,0.0,8.950341,1187.0,0.0,85.14948,0.8995954,95.263565,0.33783785,False,True
Cusco,Acomayo,Pomacanchi,"Pomacanchi, Acomayo, Cusco",MOVISTAR,202312,202512,-24,pre_shutdown,0.0,0.0,14.258737,1714.0,0.0,82.69098,0.867933,97.403114,0.34787515,False,True
Cusco,Acomayo,Pomacanchi,"Pomacanchi, Acomayo, Cusco",MOVISTAR,202401,202512,-23,pre_shutdown,0.0,0.0,10.366757,4183.0,0.0,80.61921,1.7426336,96.896996,1.7024642,False,True
Cusco,Acomayo,Pomacanchi,"Pomacanchi, Acomayo, Cusco",MOVISTAR,202402,202512,-22,pre_shutdown,0.0,0.0,9.541927,1395.0,0.0,80.66013,2.3240762,94.65307,0.27921548,False,True
Cusco,Acomayo,Pomacanchi,"Pomacanchi, Acomayo, Cusco",MOVISTAR,202403,202512,-21,pre_shutdown,0.0,0.0,16.50586,3719.0,0.0,83.56895,6.8721695,92.13601,0.4139073,False,True
Cusco,Acomayo,Pomacanchi,"Pomacanchi, Acomayo, Cusco",MOVISTAR,202404,202512,-20,pre_shutdown,0.0,0.0,9.078278,1433.0,0.0,81.35717,4.1963525,91.75218,0.91258407,False,True
Cusco,Acomayo,Pomacanchi,"Pomacanchi, Acomayo, Cusco",MOVISTAR,202405,202512,-19,pre_shutdown,0.0,0.0,13.734789,2347.0,0.0,78.63092,1.461616,97.38016,0.32450446,False,True
Cusco,Acomayo,Pomacanchi,"Pomacanchi, Acomayo, Cusco",MOVISTAR,202406,202512,-18,pre_shutdown,0.0,0.0,7.8864474,1498.0,0.0,80.35864,0.37134954,98.06151,0.33096927,False,True
Cusco,Acomayo,Pomacanchi,"Pomacanchi, Acomayo, Cusco",MOVISTAR,202407,202512,-17,pre_shutdown,0.0,0.0,12.169148,3616.0,0.0,81.82771,1.9097661,96.46408,0.26622295,False,True
Cusco,Acomayo,Pomacanchi,"Pomacanchi, Acomayo, Cusco",MOVISTAR,202408,202512,-16,pre_shutdown,0.0,0.0,8.5392685,1675.0,0.0,80.51378,2.3318694,96.94604,0.23468058,False,True
Cusco,Acomayo,Pomacanchi,"Pomacanchi, Acomayo, Cusco",MOVISTAR,202409,202512,-15,pre_shutdown,5.4309945,1483.0,9.193677,1919.0,0.0,79.08116,25.56053,73.70511,0.3873009,True,False
Cusco,Acomayo,Pomacanchi,"Pomacanchi, Acomayo, Cusco",MOVISTAR,202410,202512,-14,pre_shutdown,5.718338,2680.0,9.33609,2081.0,0.0,75.483475,25.06361,74.71651,0.44744858,True,False
Cusco,Acomayo,Pomacanchi,"Pomacanchi, Acomayo, Cusco",MOVISTAR,202411,202512,-13,pre_shutdown,5.382217,3113.0,8.819986,2256.0,0.0,70.07586,27.347837,70.968376,0.5365229,True,False
Cusco,Acomayo,Pomacanchi,"Pomacanchi, Acomayo, Cusco",MOVISTAR,202412,202512,-12,pre_shutdown,5.3484945,1549.0,10.671758,1436.0,0.0,64.23462,40.498253,58.135227,0.3649635,True,False
Cusco,Acomayo,Pomacanchi,"Pomacanchi, Acomayo, Cusco",MOVISTAR,202501,202512,-11,pre_shutdown,6.7050467,1618.0,12.563555,3616.0,0.0,66.26653,28.394104,66.30513,0.37242168,True,False
Cusco,Acomayo,Pomacanchi,"Pomacanchi, Acomayo, Cusco",MOVISTAR,202502,202512,-10,pre_shutdown,5.4256845,2088.0,8.805656,2805.0,0.0,61.06519,27.2824,71.91089,0.19816107,True,False
Cusco,Acomayo,Pomacanchi,"Pomacanchi, Acomayo, Cusco",MOVISTAR,202503,202512,-9,pre_shutdown,4.499863,1652.0,8.9739485,1286.0,0.0,61.402065,25.976032,66.811615,0.3516624,True,False
Cusco,Acomayo,Pomacanchi,"Pomacanchi, Acomayo, Cusco",MOVISTAR,202504,202512,-8,pre_shutdown,5.5118504,1570.0,10.062667,1953.0,0.0,62.467976,17.999023,81.074905,0.09736236,True,False
Cusco,Acomayo,Pomacanchi,"Pomacanchi, Acomayo, Cusco",MOVISTAR,202505,202512,-7,pre_shutdown,5.4717827,1022.0,9.533653,2727.0,0.0,62.680027,22.762327,76.46357,0.09664382,True,False
Cusco,Acomayo,Pomacanchi,"Pomacanchi, Acomayo, Cusco",MOVISTAR,202506,202512,-6,pre_shutdown,5.319847,1460.0,7.3261704,556.0,0.0,63.46016,28.537857,70.08477,0.03781195,True,False
Cusco,Acomayo,Pomacanchi,"Pomacanchi, Acomayo, Cusco",MOVISTAR,202507,202512,-5,pre_shutdown,6.1341333,1800.0,7.1835237,630.0,0.0,60.372147,33.069244,65.50239,0.14439738,True,False
Cusco,Acomayo,Pomacanchi,"Pomacanchi, Acomayo, Cusco",MOVISTAR,202508,202512,-4,pre_shutdown,6.2840295,2672.0,5.1787615,818.0,0.0,60.31976,27.49918,72.25146,0.09596929,True,False
Cusco,Acomayo,Pomacanchi,"Pomacanchi, Acomayo, Cusco",MOVISTAR,202509,202512,-3,pre_shutdown,6.0750093,2480.0,0.0,0.0,0.0,60.396736,64.53995,29.603655,0.47368422,True,False
Cusco,Acomayo,Pomacanchi,"Pomacanchi, Acomayo, Cusco",MOVISTAR,202510,202512,-2,pre_shutdown,6.861283,1562.0,11.990597,404.0,0.0,62.801647,61.46755,36.267292,0.8287293,True,False
Cusco,Acomayo,Pomacanchi,"Pomacanchi, Acomayo, Cusco",MOVISTAR,202511,202512,-1,pre_shutdown,7.2923174,831.0,0.0,0.0,0.0,0.0,61.380856,37.222805,0.08361204,True,False
Cusco,Acomayo,Pomacanchi,"Pomacanchi, Acomayo, Cusco",MOVISTAR,202512,202512,0,post_shutdown,0.0,0.0,0.0,0.0,0.0,0.0,1.335905,96.29607,0.22727273,False,True
Cusco,Acomayo,Pomacanchi,"Pomacanchi, Acomayo, Cusco",MOVISTAR,202601,202512,1,post_shutdown,0.0,0.0,0.0,0.0,0.0,59.874775,2.0807083,95.74858,0.4787234,False,True
Cusco,Acomayo,Pomacanchi,"Pomacanchi, Acomayo, Cusco",MOVISTAR,202602,202512,2,post_shutdown,0.0,0.0,0.0,0.0,0.0,0.0,0.5206647,98.65041,1.0964912,False,True
Cusco,Acomayo,Pomacanchi,"Pomacanchi, Acomayo, Cusco",MOVISTAR,202603,202512,3,post_shutdown,0.0,0.0,0.0,0.0,0.0,0.0,1.865898,17.877731,0.0,False,True
Cusco,Acomayo,Pomacanchi,"Pomacanchi, Acomayo, Cusco",MOVISTAR,202604,202512,4,post_shutdown,0.0,0.0,13.9687395,653.0,0.0,55.893024,1.6040149,97.33906,0.0,False,True
Cusco,Acomayo,Pomacanchi,"Pomacanchi, Acomayo, Cusco",MOVISTAR,202605,202512,5,post_shutdown,0.0,0.0,15.586116,740.0,0.0,62.61612,0.47430134,98.011246,0.24703558,False,True
Cusco,Chumbivilcas,Velille,"Velille, Chumbivilcas, Cusco",MOVISTAR,202301,202605,-40,pre_shutdown,4.629583,6124.0,10.575356,43559.0,4.1147814,92.23799,11.600922,85.346565,1.1981982,True,False
Cusco,Chumbivilcas,Velille,"Velille, Chumbivilcas, Cusco",MOVISTAR,202302,202605,-39,pre_shutdown,4.8680596,4849.0,11.117122,35469.0,3.5295982,89.470535,11.447666,85.280174,1.2166839,True,False
Cusco,Chumbivilcas,Velille,"Velille, Chumbivilcas, Cusco",MOVISTAR,202303,202605,-38,pre_shutdown,4.862259,11119.0,8.533512,39798.0,2.6592886,88.340965,14.415043,82.688896,1.5528272,True,False
Cusco,Chumbivilcas,Velille,"Velille, Chumbivilcas, Cusco",MOVISTAR,202304,202605,-37,pre_shutdown,4.2728963,8459.0,8.2169,35080.0,2.1228735,89.01784,13.685234,84.045906,1.3487285,True,False
Cusco,Chumbivilcas,Velille,"Velille, Chumbivilcas, Cusco",MOVISTAR,202305,202605,-36,pre_shutdown,6.0030985,13312.0,8.091632,31972.0,2.3908038,90.657776,17.96324,79.45481,1.5409584,True,False
Cusco,Chumbivilcas,Velille,"Velille, Chumbivilcas, Cusco",MOVISTAR,202306,202605,-35,pre_shutdown,4.9198527,6449.0,8.699957,29679.0,1.8916997,89.74981,12.146806,85.512405,1.5493879,True,False
Cusco,Chumbivilcas,Velille,"Velille, Chumbivilcas, Cusco",MOVISTAR,202307,202605,-34,pre_shutdown,3.9425797,14597.0,8.930307,41751.0,1.7779065,86.60705,18.683128,79.060585,1.5825974,True,False
Cusco,Chumbivilcas,Velille,"Velille, Chumbivilcas, Cusco",MOVISTAR,202308,202605,-33,pre_shutdown,4.4400654,12688.0,9.244982,46841.0,3.0502396,85.44433,16.357275,79.70792,1.4399656,True,False
Cusco,Chumbivilcas,Velille,"Velille, Chumbivilcas, Cusco",MOVISTAR,202309,202605,-32,pre_shutdown,4.315974,14782.0,7.782496,51658.0,1.7983596,87.55383,15.763205,80.113235,1.5112044,True,False
Cusco,Chumbivilcas,Velille,"Velille, Chumbivilcas, Cusco",MOVISTAR,202310,202605,-31,pre_shutdown,4.432914,10282.0,7.419038,48069.0,1.7812392,86.85116,14.641732,81.387764,1.4615648,True,False
Cusco,Chumbivilcas,Velille,"Velille, Chumbivilcas, Cusco",MOVISTAR,202311,202605,-30,pre_shutdown,4.4270415,9701.0,7.8039618,44786.0,2.5735695,87.48271,15.144582,81.260544,1.4739404,True,False
Cusco,Chumbivilcas,Velille,"Velille, Chumbivilcas, Cusco",MOVISTAR,202312,202605,-29,pre_shutdown,4.833668,10288.0,8.129045,34105.0,1.9735363,85.43769,17.995934,77.85974,1.3803681,True,False
Cusco,Chumbivilcas,Velille,"Velille, Chumbivilcas, Cusco",MOVISTAR,202401,202605,-28,pre_shutdown,4.391427,9622.0,7.975777,45151.0,2.337718,86.16625,13.964352,80.83428,1.2544385,True,False
Cusco,Chumbivilcas,Velille,"Velille, Chumbivilcas, Cusco",MOVISTAR,202402,202605,-27,pre_shutdown,5.3226433,12338.0,8.364574,37141.0,3.0974844,85.3895,14.841741,81.61108,1.125931,True,False
Cusco,Chumbivilcas,Velille,"Velille, Chumbivilcas, Cusco",MOVISTAR,202403,202605,-26,pre_shutdown,5.1806006,18601.0,7.982712,43651.0,2.3782072,85.582695,20.055979,77.26865,1.0772358,True,False
Cusco,Chumbivilcas,Velille,"Velille, Chumbivilcas, Cusco",MOVISTAR,202404,202605,-25,pre_shutdown,4.7451415,11942.0,7.938196,46404.0,3.2870924,84.19468,16.881796,80.07726,1.1311682,True,False
Cusco,Chumbivilcas,Velille,"Velille, Chumbivilcas, Cusco",MOVISTAR,202405,202605,-24,pre_shutdown,4.3900743,13924.0,7.7188544,41643.0,2.7035966,84.974815,18.816444,78.33923,1.1255965,True,False
Cusco,Chumbivilcas,Velille,"Velille, Chumbivilcas, Cusco",MOVISTAR,202406,202605,-23,pre_shutdown,5.2504787,17310.0,8.039917,44847.0,2.2331367,85.46015,20.411634,75.49508,1.1476011,True,False
Cusco,Chumbivilcas,Velille,"Velille, Chumbivilcas, Cusco",MOVISTAR,202407,202605,-22,pre_shutdown,5.2594776,18976.0,8.849799,41699.0,2.1923492,84.965385,17.046856,78.57433,1.0987421,True,False
Cusco,Chumbivilcas,Velille,"Velille, Chumbivilcas, Cusco",MOVISTAR,202408,202605,-21,pre_shutdown,4.441605,7126.0,8.490528,23963.0,1.9884045,86.639656,19.785679,78.923836,1.5154698,True,False
Cusco,Chumbivilcas,Velille,"Velille, Chumbivilcas, Cusco",MOVISTAR,202409,202605,-20,pre_shutdown,5.30691,7910.0,7.51631,29850.0,2.9920025,85.85732,15.838942,80.71826,1.6927812,True,False
Cusco,Chumbivilcas,Velille,"Velille, Chumbivilcas, Cusco",MOVISTAR,202410,202605,-19,pre_shutdown,4.4597216,10757.0,7.668192,45713.0,2.1361797,82.13392,15.250985,81.76978,1.4547129,True,False
Cusco,Chumbivilcas,Velille,"Velille, Chumbivilcas, Cusco",MOVISTAR,202411,202605,-18,pre_shutdown,4.9468174,9375.0,7.6253343,38011.0,2.1079674,73.847305,14.436548,81.981384,1.434096,True,False
Cusco,Chumbivilcas,Velille,"Velille, Chumbivilcas, Cusco",MOVISTAR,202412,202605,-17,pre_shutdown,5.315081,6900.0,8.800609,28452.0,3.205676,70.90371,13.317511,83.4962,0.9824632,True,False
Cusco,Chumbivilcas,Velille,"Velille, Chumbivilcas, Cusco",MOVISTAR,202501,202605,-16,pre_shutdown,4.690926,4346.0,8.400764,29102.0,2.8998125,71.73454,10.251872,87.29322,1.0030333,True,False
Cusco,Chumbivilcas,Velille,"Velille, Chumbivilcas, Cusco",MOVISTAR,202502,202605,-15,pre_shutdown,4.733004,5967.0,9.004571,28305.0,1.9381663,70.02173,14.418743,82.92349,1.1064179,True,False
Cusco,Chumbivilcas,Velille,"Velille, Chumbivilcas, Cusco",MOVISTAR,202503,202605,-14,pre_shutdown,4.311936,5802.0,9.438889,35738.0,2.774253,69.132774,12.732896,84.97817,1.1735643,True,False
Cusco,Chumbivilcas,Velille,"Velille, Chumbivilcas, Cusco",MOVISTAR,202504,202605,-13,pre_shutdown,4.392559,3423.0,9.2630415,42057.0,2.4879408,73.18547,10.148527,87.272026,1.0401714,True,False
Cusco,Chumbivilcas,Velille,"Velille, Chumbivilcas, Cusco",MOVISTAR,202505,202605,-12,pre_shutdown,4.365528,4228.0,8.568399,37152.0,2.396945,75.86104,12.084222,85.76749,1.3104341,True,False
Cusco,Chumbivilcas,Velille,"Velille, Chumbivilcas, Cusco",MOVISTAR,202506,202605,-11,pre_shutdown,3.572841,3082.0,9.016232,33274.0,1.9738053,74.49215,9.563262,87.531555,1.274374,True,False
Cusco,Chumbivilcas,Velille,"Velille, Chumbivilcas, Cusco",MOVISTAR,202507,202605,-10,pre_shutdown,5.9940295,3809.0,8.191048,31293.0,2.257471,67.051346,8.661464,87.538025,1.1496999,True,False
Cusco,Chumbivilcas,Velille,"Velille, Chumbivilcas, Cusco",MOVISTAR,202508,202605,-9,pre_shutdown,4.9776325,7224.0,8.549415,34133.0,2.126839,68.7937,14.696913,81.38253,1.2663064,True,False
Cusco,Chumbivilcas,Velille,"Velille, Chumbivilcas, Cusco",MOVISTAR,202509,202605,-8,pre_shutdown,5.9551044,4483.0,8.947348,24074.0,2.0042152,67.83538,13.709978,82.463394,1.512443,True,False
Cusco,Chumbivilcas,Velille,"Velille, Chumbivilcas, Cusco",MOVISTAR,202510,202605,-7,pre_shutdown,5.3328743,1350.0,7.9156265,36705.0,1.4625397,69.170204,4.7618666,92.380646,1.5437723,True,False
Cusco,Chumbivilcas,Velille,"Velille, Chumbivilcas, Cusco",MOVISTAR,202511,202605,-6,pre_shutdown,3.577988,3126.0,7.409277,26030.0,1.1647872,67.372,8.834504,88.64068,1.951877,True,False
Cusco,Chumbivilcas,Velille,"Velille, Chumbivilcas, Cusco",MOVISTAR,202512,202605,-5,pre_shutdown,5.3194904,4523.0,8.721491,29244.0,1.8222376,65.273994,8.878398,89.37049,2.0997105,True,False
Cusco,Chumbivilcas,Velille,"Velille, Chumbivilcas, Cusco",MOVISTAR,202601,202605,-4,pre_shutdown,6.218179,1429.0,8.868291,22110.0,2.4942582,67.50541,6.109466,91.633125,1.6993264,True,False
Cusco,Chumbivilcas,Velille,"Velille, Chumbivilcas, Cusco",MOVISTAR,202602,202605,-3,pre_shutdown,7.296792,2083.0,7.806884,27883.0,2.2074409,70.398674,5.084407,92.2833,1.5947037,True,False
Cusco,Chumbivilcas,Velille,"Velille, Chumbivilcas, Cusco",MOVISTAR,202603,202605,-2,pre_shutdown,5.188879,896.0,8.030157,25058.0,2.0851278,69.2932,5.0629616,92.41015,1.7186567,True,False
Cusco,Chumbivilcas,Velille,"Velille, Chumbivilcas, Cusco",MOVISTAR,202604,202605,-1,pre_shutdown,4.973967,873.0,9.555552,27456.0,2.130003,67.066055,5.9069266,91.90837,1.4515871,True,False
Cusco,Chumbivilcas,Velille,"Velille, Chumbivilcas, Cusco",MOVISTAR,202605,202605,0,post_shutdown,0.0,0.0,9.705256,21574.0,2.6445873,68.30931,3.3644054,94.73717,1.4061229,False,True
Cusco,Cusco,Cusco,"Cusco, Cusco, Cusco",MOVISTAR,202301,202509,-32,pre_shutdown,3.2835457,7769.0,8.633554,68132.0,3.8438888,92.71976,6.064842,91.81162,2.5357876,True,False
Cusco,Cusco,Cusco,"Cusco, Cusco, Cusco",MOVISTAR,202302,202509,-31,pre_shutdown,3.2349498,6215.0,8.229352,54252.0,3.3436606,90.59787,6.2917004,90.778,2.580089,True,False
Cusco,Cusco,Cusco,"Cusco, Cusco, Cusco",MOVISTAR,202303,202509,-30,pre_shutdown,3.0021994,4226.0,8.96228,45924.0,3.5027785,86.18869,7.3778844,89.64112,2.1781723,True,False
Cusco,Cusco,Cusco,"Cusco, Cusco, Cusco",MOVISTAR,202304,202509,-29,pre_shutdown,3.487915,6905.0,8.697234,45144.0,3.3160672,87.577225,7.2937665,89.873215,2.119748,True,False
Cusco,Cusco,Cusco,"Cusco, Cusco, Cusco",MOVISTAR,202305,202509,-28,pre_shutdown,3.3599992,4063.0,10.831852,48686.0,3.6676512,88.92092,5.7375627,91.73226,2.1425843,True,False
Cusco,Cusco,Cusco,"Cusco, Cusco, Cusco",MOVISTAR,202306,202509,-27,pre_shutdown,4.365989,5059.0,9.085327,47064.0,3.5094814,88.46138,6.30134,91.232315,2.6792622,True,False
Cusco,Cusco,Cusco,"Cusco, Cusco, Cusco",MOVISTAR,202307,202509,-26,pre_shutdown,3.2163165,5031.0,8.998532,60670.0,3.0654893,87.06325,6.3142934,91.61116,2.3426754,True,False
Cusco,Cusco,Cusco,"Cusco, Cusco, Cusco",MOVISTAR,202308,202509,-25,pre_shutdown,3.530311,5924.0,8.609849,63335.0,3.5938516,87.51253,6.515823,91.260956,2.4177883,True,False
Cusco,Cusco,Cusco,"Cusco, Cusco, Cusco",MOVISTAR,202309,202509,-24,pre_shutdown,3.7304251,8100.0,8.876429,74350.0,3.139775,89.65417,7.5433626,88.90612,2.42012,True,False
Cusco,Cusco,Cusco,"Cusco, Cusco, Cusco",MOVISTAR,202310,202509,-23,pre_shutdown,3.2339442,9707.0,8.453286,91349.0,3.640302,89.19902,8.566914,88.01015,2.593037,True,False
Cusco,Cusco,Cusco,"Cusco, Cusco, Cusco",MOVISTAR,202311,202509,-22,pre_shutdown,3.8145075,8101.0,9.441888,83979.0,3.285965,88.561134,8.178962,89.089096,2.1434453,True,False
Cusco,Cusco,Cusco,"Cusco, Cusco, Cusco",MOVISTAR,202312,202509,-21,pre_shutdown,3.639903,7852.0,8.622981,88542.0,3.1497548,88.4356,7.3877406,90.32515,2.233263,True,False
Cusco,Cusco,Cusco,"Cusco, Cusco, Cusco",MOVISTAR,202401,202509,-20,pre_shutdown,3.5214684,6675.0,8.482056,68094.0,3.1739173,88.60335,6.850698,90.893135,2.3640277,True,False
Cusco,Cusco,Cusco,"Cusco, Cusco, Cusco",MOVISTAR,202402,202509,-19,pre_shutdown,3.1539516,5489.0,8.016977,75760.0,2.5618303,87.36554,6.806275,91.06381,1.931144,True,False
Cusco,Cusco,Cusco,"Cusco, Cusco, Cusco",MOVISTAR,202403,202509,-18,pre_shutdown,3.7648866,9595.0,8.187986,86532.0,2.9221559,86.68809,7.4056253,89.93016,2.0164876,True,False
Cusco,Cusco,Cusco,"Cusco, Cusco, Cusco",MOVISTAR,202404,202509,-17,pre_shutdown,3.7678077,7097.0,8.530298,75245.0,2.8163486,86.93135,7.9425673,89.9277,2.1882231,True,False
Cusco,Cusco,Cusco,"Cusco, Cusco, Cusco",MOVISTAR,202405,202509,-16,pre_shutdown,3.531022,6317.0,7.797412,64816.0,2.930266,87.34952,7.812607,88.90406,2.4679236,True,False
Cusco,Cusco,Cusco,"Cusco, Cusco, Cusco",MOVISTAR,202406,202509,-15,pre_shutdown,3.1863947,6653.0,7.3493147,70308.0,2.5301251,87.96648,5.5611424,91.638245,2.468009,True,False
Cusco,Cusco,Cusco,"Cusco, Cusco, Cusco",MOVISTAR,202407,202509,-14,pre_shutdown,3.3346786,6656.0,7.6205325,66195.0,2.503394,87.845436,5.3888993,91.860115,1.7330792,True,False
Cusco,Cusco,Cusco,"Cusco, Cusco, Cusco",MOVISTAR,202408,202509,-13,pre_shutdown,3.018158,6288.0,7.3331685,62078.0,2.5647805,89.56252,5.29507,91.92119,1.8683265,True,False
Cusco,Cusco,Cusco,"Cusco, Cusco, Cusco",MOVISTAR,202409,202509,-12,pre_shutdown,2.7608502,7364.0,7.066266,62450.0,2.6585174,86.3109,5.207961,90.04384,2.143243,True,False
Cusco,Cusco,Cusco,"Cusco, Cusco, Cusco",MOVISTAR,202410,202509,-11,pre_shutdown,3.290176,7460.0,7.191631,75215.0,3.1292026,82.29879,4.6103363,90.01685,1.9221332,True,False
Cusco,Cusco,Cusco,"Cusco, Cusco, Cusco",MOVISTAR,202411,202509,-10,pre_shutdown,3.499177,5446.0,7.327703,58754.0,2.8216605,73.63041,5.321742,89.56162,1.7103486,True,False
Cusco,Cusco,Cusco,"Cusco, Cusco, Cusco",MOVISTAR,202412,202509,-9,pre_shutdown,3.2971346,4787.0,7.671145,59126.0,2.7754285,69.33247,5.8834906,89.4362,1.3983102,True,False
Cusco,Cusco,Cusco,"Cusco, Cusco, Cusco",MOVISTAR,202501,202509,-8,pre_shutdown,3.1996977,4671.0,7.55622,64483.0,2.7447336,70.18362,6.831305,87.88376,1.4111379,True,False
Cusco,Cusco,Cusco,"Cusco, Cusco, Cusco",MOVISTAR,202502,202509,-7,pre_shutdown,3.3867457,4600.0,8.185256,68875.0,2.6126142,68.47546,5.968695,89.4226,1.144054,True,False
Cusco,Cusco,Cusco,"Cusco, Cusco, Cusco",MOVISTAR,202503,202509,-6,pre_shutdown,3.3612576,5872.0,8.487446,71072.0,2.5673559,68.21375,5.217387,90.09002,1.3034806,True,False
Cusco,Cusco,Cusco,"Cusco, Cusco, Cusco",MOVISTAR,202504,202509,-5,pre_shutdown,3.09623,5988.0,8.6622095,71197.0,2.349788,73.5501,5.374614,91.09407,1.4060282,True,False
Cusco,Cusco,Cusco,"Cusco, Cusco, Cusco",MOVISTAR,202505,202509,-4,pre_shutdown,3.015765,5635.0,8.438125,60260.0,2.3370934,74.764465,7.1040163,88.31544,1.2877318,True,False
Cusco,Cusco,Cusco,"Cusco, Cusco, Cusco",MOVISTAR,202506,202509,-3,pre_shutdown,3.483087,6025.0,7.530394,43637.0,2.2202096,74.48996,5.854964,89.07479,1.4988706,True,False
Cusco,Cusco,Cusco,"Cusco, Cusco, Cusco",MOVISTAR,202507,202509,-2,pre_shutdown,3.4759548,4303.0,8.581091,50704.0,2.0379937,66.44399,5.3957853,90.70618,1.3196173,True,False
Cusco,Cusco,Cusco,"Cusco, Cusco, Cusco",MOVISTAR,202508,202509,-1,pre_shutdown,3.9822006,3364.0,8.254043,49174.0,2.2609205,66.57225,5.3175645,89.586494,1.483588,True,False
Cusco,Cusco,Cusco,"Cusco, Cusco, Cusco",MOVISTAR,202509,202509,0,post_shutdown,0.0,0.0,10.073934,43139.0,2.8018348,66.97771,0.098722726,90.76667,1.4002215,False,True
Cusco,Cusco,Cusco,"Cusco, Cusco, Cusco",MOVISTAR,202510,202509,1,post_shutdown,0.0,0.0,10.869928,39871.0,2.4052048,68.31932,0.09797794,92.386986,1.7758777,False,True
Cusco,Cusco,Cusco,"Cusco, Cusco, Cusco",MOVISTAR,202511,202509,2,post_shutdown,0.0,0.0,10.883861,38886.0,2.892624,66.23262,0.10039114,93.801636,1.7001363,False,True
Cusco,Cusco,Cusco,"Cusco, Cusco, Cusco",MOVISTAR,202512,202509,3,post_shutdown,0.0,0.0,12.620245,45064.0,2.792193,64.67366,0.074719526,93.8714,1.7004076,False,True
Cusco,Cusco,Cusco,"Cusco, Cusco, Cusco",MOVISTAR,202601,202509,4,post_shutdown,0.0,0.0,11.8972225,45754.0,2.9273531,65.06642,0.052967668,94.32131,1.7043228,False,True
Cusco,Cusco,Cusco,"Cusco, Cusco, Cusco",MOVISTAR,202602,202509,5,post_shutdown,0.0,0.0,12.623069,43045.0,2.9128237,68.30439,0.08663606,96.04327,1.7352526,False,True
Cusco,Cusco,Cusco,"Cusco, Cusco, Cusco",MOVISTAR,202603,202509,6,post_shutdown,0.0,0.0,11.856518,40595.0,2.3435175,69.715454,0.3012299,94.77021,1.8584383,False,True
Cusco,Cusco,Cusco,"Cusco, Cusco, Cusco",MOVISTAR,202604,202509,7,post_shutdown,0.0,0.0,11.351363,42154.0,3.124476,69.53466,0.3035775,94.17687,1.8098149,False,True
Cusco,Cusco,Cusco,"Cusco, Cusco, Cusco",MOVISTAR,202605,202509,8,post_shutdown,0.0,0.0,11.986299,38882.0,3.332743,69.372314,0.26823723,95.16619,1.8025066,False,True
Cusco,Cusco,San Jeronimo,"San Jeronimo, Cusco, Cusco",MOVISTAR,202301,202509,-32,pre_shutdown,4.6185493,6668.0,8.283683,40304.0,4.1758127,91.38901,7.597165,91.83594,1.4482144,True,False
Cusco,Cusco,San Jeronimo,"San Jeronimo, Cusco, Cusco",MOVISTAR,202302,202509,-31,pre_shutdown,5.6387105,4536.0,9.20715,32153.0,3.769461,88.60845,9.654378,89.73964,1.4146497,True,False
Cusco,Cusco,San Jeronimo,"San Jeronimo, Cusco, Cusco",MOVISTAR,202303,202509,-30,pre_shutdown,4.159697,3352.0,8.270367,34589.0,3.7131004,84.62643,5.5650816,93.7673,1.1499254,True,False
Cusco,Cusco,San Jeronimo,"San Jeronimo, Cusco, Cusco",MOVISTAR,202304,202509,-29,pre_shutdown,4.4025893,4832.0,9.740161,36339.0,3.9425251,85.67534,6.5126715,92.93665,1.1086375,True,False
Cusco,Cusco,San Jeronimo,"San Jeronimo, Cusco, Cusco",MOVISTAR,202305,202509,-28,pre_shutdown,4.3074384,4000.0,8.967008,42708.0,3.5468318,85.882034,7.05658,92.256996,1.0076653,True,False
Cusco,Cusco,San Jeronimo,"San Jeronimo, Cusco, Cusco",MOVISTAR,202306,202509,-27,pre_shutdown,3.6713614,6337.0,8.915346,40956.0,4.458151,86.76167,6.582613,92.79403,1.4514917,True,False
Cusco,Cusco,San Jeronimo,"San Jeronimo, Cusco, Cusco",MOVISTAR,202307,202509,-26,pre_shutdown,3.5573356,10825.0,9.500161,51380.0,4.549399,86.22414,7.274961,92.19926,1.3248717,True,False
Cusco,Cusco,San Jeronimo,"San Jeronimo, Cusco, Cusco",MOVISTAR,202308,202509,-25,pre_shutdown,4.403994,7400.0,9.386935,69823.0,4.6550126,85.599724,5.78523,93.63788,1.1576431,True,False
Cusco,Cusco,San Jeronimo,"San Jeronimo, Cusco, Cusco",MOVISTAR,202309,202509,-24,pre_shutdown,3.826802,7212.0,9.265741,61786.0,3.8963025,86.62367,7.6228924,91.731155,1.3858565,True,False
Cusco,Cusco,San Jeronimo,"San Jeronimo, Cusco, Cusco",MOVISTAR,202310,202509,-23,pre_shutdown,4.111533,10171.0,8.992236,59974.0,3.7012722,85.98988,8.556427,90.46437,1.3260489,True,False
Cusco,Cusco,San Jeronimo,"San Jeronimo, Cusco, Cusco",MOVISTAR,202311,202509,-22,pre_shutdown,4.4879994,8392.0,8.048536,54051.0,3.6750035,86.18682,9.529513,89.38637,1.1360079,True,False
Cusco,Cusco,San Jeronimo,"San Jeronimo, Cusco, Cusco",MOVISTAR,202312,202509,-21,pre_shutdown,4.370698,8481.0,8.976121,63570.0,3.662497,84.66017,7.9427166,91.33359,0.9534977,True,False
Cusco,Cusco,San Jeronimo,"San Jeronimo, Cusco, Cusco",MOVISTAR,202401,202509,-20,pre_shutdown,4.2365384,4315.0,8.720976,54599.0,3.2200327,85.212746,7.2956243,90.79207,0.99670637,True,False
Cusco,Cusco,San Jeronimo,"San Jeronimo, Cusco, Cusco",MOVISTAR,202402,202509,-19,pre_shutdown,5.3017607,6406.0,9.426335,47835.0,3.1678212,84.44241,6.1791377,92.55624,1.0907128,True,False
Cusco,Cusco,San Jeronimo,"San Jeronimo, Cusco, Cusco",MOVISTAR,202403,202509,-18,pre_shutdown,4.4072146,5583.0,9.813028,53288.0,2.9985437,85.924576,5.704307,91.35306,1.5550872,True,False
Cusco,Cusco,San Jeronimo,"San Jeronimo, Cusco, Cusco",MOVISTAR,202404,202509,-17,pre_shutdown,3.2426941,3991.0,8.44368,48878.0,3.3424733,84.879456,5.48571,92.76235,1.1409822,True,False
Cusco,Cusco,San Jeronimo,"San Jeronimo, Cusco, Cusco",MOVISTAR,202405,202509,-16,pre_shutdown,3.4660773,5541.0,8.511096,67775.0,3.4160979,84.87945,5.828937,92.87244,1.1406579,True,False
Cusco,Cusco,San Jeronimo,"San Jeronimo, Cusco, Cusco",MOVISTAR,202406,202509,-15,pre_shutdown,4.2527256,6771.0,7.8578925,71668.0,3.3994594,85.48449,4.247002,94.49997,1.1825544,True,False
Cusco,Cusco,San Jeronimo,"San Jeronimo, Cusco, Cusco",MOVISTAR,202407,202509,-14,pre_shutdown,4.3719244,5756.0,8.69526,65189.0,5.3167405,85.36046,5.5389266,93.30874,0.9942969,True,False
Cusco,Cusco,San Jeronimo,"San Jeronimo, Cusco, Cusco",MOVISTAR,202408,202509,-13,pre_shutdown,4.3575115,3512.0,7.9840875,44401.0,5.2140975,86.93129,3.539814,95.95281,1.2198076,True,False
Cusco,Cusco,San Jeronimo,"San Jeronimo, Cusco, Cusco",MOVISTAR,202409,202509,-12,pre_shutdown,3.6731045,3376.0,7.5483017,47299.0,3.1031952,84.67993,4.3648944,94.083595,1.4402485,True,False
Cusco,Cusco,San Jeronimo,"San Jeronimo, Cusco, Cusco",MOVISTAR,202410,202509,-11,pre_shutdown,4.050228,4187.0,8.198083,50243.0,4.019811,80.410736,5.3098702,92.81042,1.2628338,True,False
Cusco,Cusco,San Jeronimo,"San Jeronimo, Cusco, Cusco",MOVISTAR,202411,202509,-10,pre_shutdown,3.7118442,4436.0,8.205895,43817.0,3.9219298,72.15432,5.899764,91.59627,1.2075906,True,False
Cusco,Cusco,San Jeronimo,"San Jeronimo, Cusco, Cusco",MOVISTAR,202412,202509,-9,pre_shutdown,3.252167,2478.0,8.581018,37574.0,4.367738,68.6577,4.8931518,92.6305,1.1930063,True,False
Cusco,Cusco,San Jeronimo,"San Jeronimo, Cusco, Cusco",MOVISTAR,202501,202509,-8,pre_shutdown,3.3828585,3856.0,8.811521,39208.0,3.0524423,67.81901,4.985615,92.41327,1.0033786,True,False
Cusco,Cusco,San Jeronimo,"San Jeronimo, Cusco, Cusco",MOVISTAR,202502,202509,-7,pre_shutdown,3.4137325,3559.0,8.094978,42805.0,3.11212,66.60816,3.6398325,93.69644,0.9692769,True,False
Cusco,Cusco,San Jeronimo,"San Jeronimo, Cusco, Cusco",MOVISTAR,202503,202509,-6,pre_shutdown,3.3688357,2265.0,8.514113,39788.0,2.6726305,66.37313,4.5253944,92.41695,0.9069037,True,False
Cusco,Cusco,San Jeronimo,"San Jeronimo, Cusco, Cusco",MOVISTAR,202504,202509,-5,pre_shutdown,3.2988586,3434.0,7.8616686,41054.0,3.0668736,70.92331,4.2993073,93.11769,0.8862085,True,False
Cusco,Cusco,San Jeronimo,"San Jeronimo, Cusco, Cusco",MOVISTAR,202505,202509,-4,pre_shutdown,3.3942282,1924.0,9.379876,39716.0,2.9911296,72.212845,3.7567866,93.77744,0.84857905,True,False
Cusco,Cusco,San Jeronimo,"San Jeronimo, Cusco, Cusco",MOVISTAR,202506,202509,-3,pre_shutdown,4.3935914,1527.0,8.957711,28818.0,2.7606585,70.74125,2.7111123,95.58711,0.53589743,True,False
Cusco,Cusco,San Jeronimo,"San Jeronimo, Cusco, Cusco",MOVISTAR,202507,202509,-2,pre_shutdown,3.827029,1802.0,8.458097,31276.0,2.4673164,63.84417,3.488886,95.54963,0.8844975,True,False
Cusco,Cusco,San Jeronimo,"San Jeronimo, Cusco, Cusco",MOVISTAR,202508,202509,-1,pre_shutdown,4.5858417,1828.0,9.406281,38293.0,2.507255,64.30907,2.787778,95.24059,0.794525,True,False
Cusco,Cusco,San Jeronimo,"San Jeronimo, Cusco, Cusco",MOVISTAR,202509,202509,0,post_shutdown,0.0,0.0,10.959391,28127.0,3.5307398,62.848186,0.015828084,94.482155,0.88683695,False,True
Cusco,Cusco,San Jeronimo,"San Jeronimo, Cusco, Cusco",MOVISTAR,202510,202509,1,post_shutdown,0.0,0.0,12.462194,32113.0,3.8545756,63.94286,0.011627937,95.537704,1.0160328,False,True
Cusco,Cusco,San Jeronimo,"San Jeronimo, Cusco, Cusco",MOVISTAR,202511,202509,2,post_shutdown,0.0,0.0,12.578215,32196.0,3.0505269,60.76739,0.012803982,96.618385,1.0300144,False,True
Cusco,Cusco,San Jeronimo,"San Jeronimo, Cusco, Cusco",MOVISTAR,202512,202509,3,post_shutdown,0.0,0.0,12.377484,29615.0,3.2983067,56.8859,0.014835586,97.17023,0.87312394,False,True
Cusco,Cusco,San Jeronimo,"San Jeronimo, Cusco, Cusco",MOVISTAR,202601,202509,4,post_shutdown,0.0,0.0,12.322173,29279.0,2.5731049,60.502655,0.00772155,96.872,0.9884816,False,True
Cusco,Cusco,San Jeronimo,"San Jeronimo, Cusco, Cusco",MOVISTAR,202602,202509,5,post_shutdown,0.0,0.0,12.6577635,32178.0,2.6970193,64.47058,0.020331353,97.463455,1.1567116,False,True
Cusco,Cusco,San Jeronimo,"San Jeronimo, Cusco, Cusco",MOVISTAR,202603,202509,6,post_shutdown,0.0,0.0,12.965443,35180.0,2.6375542,67.17622,0.05213582,98.190994,1.2473232,False,True
Cusco,Cusco,San Jeronimo,"San Jeronimo, Cusco, Cusco",MOVISTAR,202604,202509,7,post_shutdown,0.0,0.0,11.818126,25900.0,3.1902447,65.75923,0.096533805,95.60676,1.0669726,False,True
Cusco,Cusco,San Jeronimo,"San Jeronimo, Cusco, Cusco",MOVISTAR,202605,202509,8,post_shutdown,0.0,0.0,11.252792,18481.0,2.8810594,64.61206,0.034826744,98.38375,0.94081825,False,True
Cusco,Cusco,San Sebastian,"San Sebastian, Cusco, Cusco",MOVISTAR,202301,202509,-32,pre_shutdown,2.9008765,3147.0,7.1943207,41699.0,2.9361477,94.39373,6.379623,92.05008,2.3641536,True,False
Cusco,Cusco,San Sebastian,"San Sebastian, Cusco, Cusco",MOVISTAR,202302,202509,-31,pre_shutdown,3.1266413,3584.0,7.787582,36024.0,3.4062536,91.03653,6.9578333,91.313805,2.2704942,True,False
Cusco,Cusco,San Sebastian,"San Sebastian, Cusco, Cusco",MOVISTAR,202303,202509,-30,pre_shutdown,3.285106,3285.0,7.6671066,28519.0,3.7958784,89.314224,7.676917,91.14304,2.4213827,True,False
Cusco,Cusco,San Sebastian,"San Sebastian, Cusco, Cusco",MOVISTAR,202304,202509,-29,pre_shutdown,4.1636558,10358.0,8.5106535,37189.0,4.0365877,90.607216,9.592427,89.43109,2.149395,True,False
Cusco,Cusco,San Sebastian,"San Sebastian, Cusco, Cusco",MOVISTAR,202305,202509,-28,pre_shutdown,3.3535526,4532.0,8.586494,49090.0,4.2807145,91.13624,6.197607,92.7117,2.088239,True,False
Cusco,Cusco,San Sebastian,"San Sebastian, Cusco, Cusco",MOVISTAR,202306,202509,-27,pre_shutdown,3.1094983,4128.0,7.9084253,45508.0,3.9376514,90.323524,6.852794,91.89347,2.5766788,True,False
Cusco,Cusco,San Sebastian,"San Sebastian, Cusco, Cusco",MOVISTAR,202307,202509,-26,pre_shutdown,3.973229,8393.0,8.93119,58005.0,3.2908003,88.85437,7.852536,90.86063,2.2666268,True,False
Cusco,Cusco,San Sebastian,"San Sebastian, Cusco, Cusco",MOVISTAR,202308,202509,-25,pre_shutdown,3.7815888,6320.0,8.631914,68284.0,2.7638998,88.462776,6.861167,91.690926,2.2349923,True,False
Cusco,Cusco,San Sebastian,"San Sebastian, Cusco, Cusco",MOVISTAR,202309,202509,-24,pre_shutdown,3.4234562,6047.0,8.604055,67322.0,3.2583764,90.3598,7.1915708,90.618835,2.42505,True,False
Cusco,Cusco,San Sebastian,"San Sebastian, Cusco, Cusco",MOVISTAR,202310,202509,-23,pre_shutdown,3.75898,6979.0,8.381458,69166.0,3.458965,89.29277,7.8499365,90.56008,2.5052192,True,False
Cusco,Cusco,San Sebastian,"San Sebastian, Cusco, Cusco",MOVISTAR,202311,202509,-22,pre_shutdown,3.31867,4750.0,8.670547,73218.0,4.4779468,88.50328,7.2495246,91.50145,1.9692907,True,False
Cusco,Cusco,San Sebastian,"San Sebastian, Cusco, Cusco",MOVISTAR,202312,202509,-21,pre_shutdown,3.6558642,4545.0,9.029859,58336.0,3.721756,87.316826,6.307147,92.729965,1.6602993,True,False
Cusco,Cusco,San Sebastian,"San Sebastian, Cusco, Cusco",MOVISTAR,202401,202509,-20,pre_shutdown,3.832118,4988.0,8.833374,42415.0,3.4594827,89.71294,7.932657,90.28376,2.2644603,True,False
Cusco,Cusco,San Sebastian,"San Sebastian, Cusco, Cusco",MOVISTAR,202402,202509,-19,pre_shutdown,4.790869,11250.0,8.790963,42738.0,3.593715,89.18876,8.114301,90.337845,2.142485,True,False
Cusco,Cusco,San Sebastian,"San Sebastian, Cusco, Cusco",MOVISTAR,202403,202509,-18,pre_shutdown,5.1421943,13432.0,8.740168,48305.0,3.6977196,88.60312,8.950164,89.47123,1.9366553,True,False
Cusco,Cusco,San Sebastian,"San Sebastian, Cusco, Cusco",MOVISTAR,202404,202509,-17,pre_shutdown,3.9612615,7053.0,8.1304,46651.0,3.8009477,89.39551,8.905888,89.37919,1.8890383,True,False
Cusco,Cusco,San Sebastian,"San Sebastian, Cusco, Cusco",MOVISTAR,202405,202509,-16,pre_shutdown,4.804974,6984.0,8.458837,57101.0,3.4144986,88.23385,7.0871716,91.004,2.1352515,True,False
Cusco,Cusco,San Sebastian,"San Sebastian, Cusco, Cusco",MOVISTAR,202406,202509,-15,pre_shutdown,5.0594044,10944.0,8.848578,52250.0,3.5151815,87.24474,7.321143,90.27836,1.9121467,True,False
Cusco,Cusco,San Sebastian,"San Sebastian, Cusco, Cusco",MOVISTAR,202407,202509,-14,pre_shutdown,4.5983377,5797.0,9.455156,55737.0,3.057533,86.129585,6.5988407,91.268326,1.3728051,True,False
Cusco,Cusco,San Sebastian,"San Sebastian, Cusco, Cusco",MOVISTAR,202408,202509,-13,pre_shutdown,4.0550594,6268.0,8.915886,46800.0,2.765154,87.35709,7.467311,91.58855,1.4285845,True,False
Cusco,Cusco,San Sebastian,"San Sebastian, Cusco, Cusco",MOVISTAR,202409,202509,-12,pre_shutdown,3.7807229,4699.0,8.870271,53380.0,2.973703,84.04477,6.011712,92.18382,1.4489431,True,False
Cusco,Cusco,San Sebastian,"San Sebastian, Cusco, Cusco",MOVISTAR,202410,202509,-11,pre_shutdown,3.2551115,3567.0,8.465903,44187.0,2.9794722,81.73392,6.981465,89.444984,1.434505,True,False
Cusco,Cusco,San Sebastian,"San Sebastian, Cusco, Cusco",MOVISTAR,202411,202509,-10,pre_shutdown,3.6136913,3447.0,8.517675,37233.0,3.3234596,73.10842,7.3320327,89.1349,1.6495818,True,False
Cusco,Cusco,San Sebastian,"San Sebastian, Cusco, Cusco",MOVISTAR,202412,202509,-9,pre_shutdown,3.6593614,2938.0,9.008166,35050.0,2.7283735,69.19913,7.1051435,89.91769,1.34551,True,False
Cusco,Cusco,San Sebastian,"San Sebastian, Cusco, Cusco",MOVISTAR,202501,202509,-8,pre_shutdown,4.880218,4667.0,8.815727,37076.0,3.0256538,70.76632,9.705901,87.11067,1.2395204,True,False
Cusco,Cusco,San Sebastian,"San Sebastian, Cusco, Cusco",MOVISTAR,202502,202509,-7,pre_shutdown,5.2363787,4944.0,9.101151,43946.0,3.0652082,68.94656,8.214438,88.4241,1.2025952,True,False
Cusco,Cusco,San Sebastian,"San Sebastian, Cusco, Cusco",MOVISTAR,202503,202509,-6,pre_shutdown,3.6654372,4756.0,9.232636,38426.0,2.4682665,69.02681,8.280354,87.97375,1.3214818,True,False
Cusco,Cusco,San Sebastian,"San Sebastian, Cusco, Cusco",MOVISTAR,202504,202509,-5,pre_shutdown,5.211986,5995.0,9.268161,40125.0,2.6732278,74.98878,7.711623,88.283226,1.4021279,True,False
Cusco,Cusco,San Sebastian,"San Sebastian, Cusco, Cusco",MOVISTAR,202505,202509,-4,pre_shutdown,3.6958044,2690.0,8.843009,37526.0,2.5959375,76.30212,6.4415894,89.97008,1.4180475,True,False
Cusco,Cusco,San Sebastian,"San Sebastian, Cusco, Cusco",MOVISTAR,202506,202509,-3,pre_shutdown,3.749577,2782.0,8.517965,27478.0,2.844427,74.38328,6.169136,89.89956,1.3497483,True,False
Cusco,Cusco,San Sebastian,"San Sebastian, Cusco, Cusco",MOVISTAR,202507,202509,-2,pre_shutdown,6.084764,3653.0,9.097605,27771.0,2.6262515,67.06872,7.409649,89.012695,1.1214827,True,False
Cusco,Cusco,San Sebastian,"San Sebastian, Cusco, Cusco",MOVISTAR,202508,202509,-1,pre_shutdown,4.5303984,2508.0,9.245584,26233.0,2.8117967,67.20143,6.7905226,88.891785,1.4177765,True,False
Cusco,Cusco,San Sebastian,"San Sebastian, Cusco, Cusco",MOVISTAR,202509,202509,0,post_shutdown,0.0,0.0,9.528024,23464.0,2.5000105,69.56677,0.17681098,92.8319,1.3354589,False,True
Cusco,Cusco,San Sebastian,"San Sebastian, Cusco, Cusco",MOVISTAR,202510,202509,1,post_shutdown,0.0,0.0,11.306966,17309.0,2.6379318,68.04447,0.1806329,93.12602,1.7119894,False,True
Cusco,Cusco,San Sebastian,"San Sebastian, Cusco, Cusco",MOVISTAR,202511,202509,2,post_shutdown,0.0,0.0,10.974449,21210.0,2.8019593,62.974606,0.14650944,92.24464,1.4796317,False,True
Cusco,Cusco,San Sebastian,"San Sebastian, Cusco, Cusco",MOVISTAR,202512,202509,3,post_shutdown,0.0,0.0,11.667233,28098.0,3.5688138,60.995842,0.24519567,94.48289,1.5919437,False,True
Cusco,Cusco,San Sebastian,"San Sebastian, Cusco, Cusco",MOVISTAR,202601,202509,4,post_shutdown,0.0,0.0,12.194193,31206.0,4.378011,63.724216,0.37801695,93.535034,1.5278887,False,True
Cusco,Cusco,San Sebastian,"San Sebastian, Cusco, Cusco",MOVISTAR,202602,202509,5,post_shutdown,0.0,0.0,12.085918,26402.0,3.7019134,67.50808,0.19929047,95.86352,1.6556449,False,True
Cusco,Cusco,San Sebastian,"San Sebastian, Cusco, Cusco",MOVISTAR,202603,202509,6,post_shutdown,0.0,0.0,12.264394,24927.0,3.3943532,67.04043,0.47833902,97.237755,1.441202,False,True
Cusco,Cusco,San Sebastian,"San Sebastian, Cusco, Cusco",MOVISTAR,202604,202509,7,post_shutdown,0.0,0.0,11.109649,28053.0,3.636064,67.77535,0.14890975,97.10987,1.6912035,False,True
Cusco,Cusco,San Sebastian,"San Sebastian, Cusco, Cusco",MOVISTAR,202605,202509,8,post_shutdown,0.0,0.0,11.721482,23880.0,3.804249,64.89263,0.21913612,96.02039,1.3297484,False,True
Cusco,Cusco,Santiago,"Santiago, Cusco, Cusco",MOVISTAR,202301,202509,-32,pre_shutdown,2.714624,4169.0,6.9747043,38109.0,3.4371965,93.39899,4.894353,93.73478,2.7617707,True,False
Cusco,Cusco,Santiago,"Santiago, Cusco, Cusco",MOVISTAR,202302,202509,-31,pre_shutdown,3.7303371,3499.0,8.4290905,32771.0,4.077366,91.061676,5.2680197,93.57735,2.6534507,True,False
Cusco,Cusco,Santiago,"Santiago, Cusco, Cusco",MOVISTAR,202303,202509,-30,pre_shutdown,3.5398145,5074.0,7.8558574,30074.0,3.6854389,86.74572,7.1420326,91.13239,2.337594,True,False
Cusco,Cusco,Santiago,"Santiago, Cusco, Cusco",MOVISTAR,202304,202509,-29,pre_shutdown,2.9733052,2740.0,7.5021853,25404.0,3.7515926,89.03551,6.450843,89.91847,2.8504193,True,False
Cusco,Cusco,Santiago,"Santiago, Cusco, Cusco",MOVISTAR,202305,202509,-28,pre_shutdown,2.7724347,1748.0,7.286429,27837.0,3.1435583,88.9204,4.768042,92.941414,2.1985502,True,False
Cusco,Cusco,Santiago,"Santiago, Cusco, Cusco",MOVISTAR,202306,202509,-27,pre_shutdown,4.0750628,3295.0,7.8047347,36557.0,3.4372637,88.14151,4.7303042,93.85588,2.5276637,True,False
Cusco,Cusco,Santiago,"Santiago, Cusco, Cusco",MOVISTAR,202307,202509,-26,pre_shutdown,3.5896277,2302.0,9.010587,40793.0,3.6426525,87.87956,3.8248537,93.68906,2.9204812,True,False
Cusco,Cusco,Santiago,"Santiago, Cusco, Cusco",MOVISTAR,202308,202509,-25,pre_shutdown,5.5496283,7921.0,8.896736,53763.0,3.3603818,87.38963,4.370371,94.13259,2.729333,True,False
Cusco,Cusco,Santiago,"Santiago, Cusco, Cusco",MOVISTAR,202309,202509,-24,pre_shutdown,3.5309198,3969.0,9.010396,54630.0,3.7044673,88.96621,3.9249384,93.57205,2.9114137,True,False
Cusco,Cusco,Santiago,"Santiago, Cusco, Cusco",MOVISTAR,202310,202509,-23,pre_shutdown,3.6942794,5148.0,9.481541,58461.0,3.4909725,89.18243,4.453727,93.79083,2.9873705,True,False
Cusco,Cusco,Santiago,"Santiago, Cusco, Cusco",MOVISTAR,202311,202509,-22,pre_shutdown,3.5966935,4708.0,9.355169,60513.0,4.105789,89.605354,5.1551857,92.6234,2.889048,True,False
Cusco,Cusco,Santiago,"Santiago, Cusco, Cusco",MOVISTAR,202312,202509,-21,pre_shutdown,2.8901267,4336.0,9.213281,56581.0,4.0440316,87.92886,4.839135,92.33702,1.7369016,True,False
Cusco,Cusco,Santiago,"Santiago, Cusco, Cusco",MOVISTAR,202401,202509,-20,pre_shutdown,3.4699636,4107.0,8.092538,66115.0,3.8585172,86.85013,3.757789,94.50975,1.524066,True,False
Cusco,Cusco,Santiago,"Santiago, Cusco, Cusco",MOVISTAR,202402,202509,-19,pre_shutdown,3.2085042,3389.0,9.2512245,60279.0,4.1500416,85.80975,3.9758434,94.028534,1.3228554,True,False
Cusco,Cusco,Santiago,"Santiago, Cusco, Cusco",MOVISTAR,202403,202509,-18,pre_shutdown,3.445867,5394.0,8.722449,62088.0,2.501384,86.61668,4.524013,93.94258,1.3887539,True,False
Cusco,Cusco,Santiago,"Santiago, Cusco, Cusco",MOVISTAR,202404,202509,-17,pre_shutdown,3.78724,4480.0,8.837194,55234.0,2.8849168,86.10646,6.1321955,90.48116,1.4131819,True,False
Cusco,Cusco,Santiago,"Santiago, Cusco, Cusco",MOVISTAR,202405,202509,-16,pre_shutdown,3.9211955,5628.0,9.091152,57233.0,2.6492627,85.810616,5.083036,91.56757,1.3723652,True,False
Cusco,Cusco,Santiago,"Santiago, Cusco, Cusco",MOVISTAR,202406,202509,-15,pre_shutdown,4.1803985,4449.0,8.320815,53246.0,2.7131717,86.1595,4.83373,92.53118,1.393383,True,False
Cusco,Cusco,Santiago,"Santiago, Cusco, Cusco",MOVISTAR,202407,202509,-14,pre_shutdown,3.7449353,3121.0,7.6901455,42730.0,3.592703,86.65637,3.8679016,94.3263,1.3763319,True,False
Cusco,Cusco,Santiago,"Santiago, Cusco, Cusco",MOVISTAR,202408,202509,-13,pre_shutdown,3.5240178,3733.0,8.614565,39927.0,2.9968545,88.04264,5.071725,93.588646,1.5247011,True,False
Cusco,Cusco,Santiago,"Santiago, Cusco, Cusco",MOVISTAR,202409,202509,-12,pre_shutdown,4.1721044,4867.0,8.0593405,49453.0,3.150665,84.51837,5.619449,92.472,1.38674,True,False
Cusco,Cusco,Santiago,"Santiago, Cusco, Cusco",MOVISTAR,202410,202509,-11,pre_shutdown,3.5702267,4656.0,8.103115,54066.0,3.8851411,80.34678,5.327159,91.73984,1.1637084,True,False
Cusco,Cusco,Santiago,"Santiago, Cusco, Cusco",MOVISTAR,202411,202509,-10,pre_shutdown,3.8671422,4900.0,8.60391,51295.0,3.1173542,70.93097,6.863189,90.791435,1.0902139,True,False
Cusco,Cusco,Santiago,"Santiago, Cusco, Cusco",MOVISTAR,202412,202509,-9,pre_shutdown,4.0217743,3879.0,7.917317,44716.0,2.9852793,67.45188,6.57449,91.062416,0.85172266,True,False
Cusco,Cusco,Santiago,"Santiago, Cusco, Cusco",MOVISTAR,202501,202509,-8,pre_shutdown,3.389958,2585.0,7.2450695,36621.0,2.1735842,68.84209,4.614901,92.77968,0.8457478,True,False
Cusco,Cusco,Santiago,"Santiago, Cusco, Cusco",MOVISTAR,202502,202509,-7,pre_shutdown,3.0052016,2040.0,7.636817,29993.0,2.5405278,69.22844,4.205487,93.80379,0.82734936,True,False
Cusco,Cusco,Santiago,"Santiago, Cusco, Cusco",MOVISTAR,202503,202509,-6,pre_shutdown,4.2390027,4680.0,7.2087774,49951.0,2.3120184,68.52479,8.20875,89.41433,1.0547142,True,False
Cusco,Cusco,Santiago,"Santiago, Cusco, Cusco",MOVISTAR,202504,202509,-5,pre_shutdown,3.8937206,5588.0,7.616478,58175.0,2.7065308,72.69493,6.821405,90.79667,0.94812006,True,False
Cusco,Cusco,Santiago,"Santiago, Cusco, Cusco",MOVISTAR,202505,202509,-4,pre_shutdown,3.6340077,3828.0,7.8616176,49512.0,2.5315073,73.10621,6.3612375,90.277695,1.0000305,True,False
Cusco,Cusco,Santiago,"Santiago, Cusco, Cusco",MOVISTAR,202506,202509,-3,pre_shutdown,3.770972,3643.0,7.2660475,38645.0,2.6326609,74.31286,6.2105656,90.776886,1.0237224,True,False
Cusco,Cusco,Santiago,"Santiago, Cusco, Cusco",MOVISTAR,202507,202509,-2,pre_shutdown,3.554506,2691.0,7.5894914,36937.0,2.6136758,65.10439,6.476142,91.01423,0.853693,True,False
Cusco,Cusco,Santiago,"Santiago, Cusco, Cusco",MOVISTAR,202508,202509,-1,pre_shutdown,4.2344823,2514.0,8.674397,41668.0,2.4547555,65.05637,6.1657143,91.02023,0.89930433,True,False
Cusco,Cusco,Santiago,"Santiago, Cusco, Cusco",MOVISTAR,202509,202509,0,post_shutdown,0.0,0.0,10.135578,34905.0,2.5888839,65.88082,0.047334593,93.359924,0.90346503,False,True
Cusco,Cusco,Santiago,"Santiago, Cusco, Cusco",MOVISTAR,202510,202509,1,post_shutdown,0.0,0.0,9.449486,29711.0,2.5480785,68.44863,0.025943402,95.240166,1.4500136,False,True
Cusco,Cusco,Santiago,"Santiago, Cusco, Cusco",MOVISTAR,202511,202509,2,post_shutdown,0.0,0.0,10.248128,37057.0,2.0583713,64.20731,0.02217407,94.571686,1.1175385,False,True
Cusco,Cusco,Santiago,"Santiago, Cusco, Cusco",MOVISTAR,202512,202509,3,post_shutdown,0.0,0.0,10.335024,35582.0,2.7251697,64.31069,0.016147781,93.66163,1.284423,False,True
Cusco,Cusco,Santiago,"Santiago, Cusco, Cusco",MOVISTAR,202601,202509,4,post_shutdown,0.0,0.0,10.029629,36632.0,2.800051,66.57886,0.007126981,94.77891,1.4514956,False,True
Cusco,Cusco,Santiago,"Santiago, Cusco, Cusco",MOVISTAR,202602,202509,5,post_shutdown,0.0,0.0,12.453595,46764.0,3.1478136,69.29879,0.02374204,96.05361,1.4578034,False,True
Cusco,Cusco,Santiago,"Santiago, Cusco, Cusco",MOVISTAR,202603,202509,6,post_shutdown,0.0,0.0,11.190019,52441.0,2.4877381,69.2726,0.011426842,98.804474,1.639917,False,True
Cusco,Cusco,Santiago,"Santiago, Cusco, Cusco",MOVISTAR,202604,202509,7,post_shutdown,0.0,0.0,11.291161,45196.0,2.8801558,68.83125,0.0025823032,97.94151,1.3954812,False,True
Cusco,Cusco,Santiago,"Santiago, Cusco, Cusco",MOVISTAR,202605,202509,8,post_shutdown,0.0,0.0,10.400738,31038.0,2.4063683,68.36814,0.027563464,97.688965,1.441556,False,True
Cusco,Cusco,Wanchaq,"Wanchaq, Cusco, Cusco",MOVISTAR,202301,202509,-32,pre_shutdown,3.6810498,5778.0,9.033437,73255.0,3.1365185,92.06487,4.4027486,94.006775,1.9504008,True,False
Cusco,Cusco,Wanchaq,"Wanchaq, Cusco, Cusco",MOVISTAR,202302,202509,-31,pre_shutdown,3.5485437,3705.0,9.506183,53579.0,2.9822564,89.03521,4.475556,94.43946,2.1163948,True,False
Cusco,Cusco,Wanchaq,"Wanchaq, Cusco, Cusco",MOVISTAR,202303,202509,-30,pre_shutdown,3.917337,5170.0,8.619486,50040.0,3.6481092,86.24289,4.805712,94.02318,2.0181293,True,False
Cusco,Cusco,Wanchaq,"Wanchaq, Cusco, Cusco",MOVISTAR,202304,202509,-29,pre_shutdown,3.5823188,4041.0,10.875916,46911.0,3.7398212,87.55126,5.020558,94.21144,1.6080551,True,False
Cusco,Cusco,Wanchaq,"Wanchaq, Cusco, Cusco",MOVISTAR,202305,202509,-28,pre_shutdown,4.176441,3940.0,10.085774,57792.0,3.30396,88.18199,3.6512532,94.89335,1.8022511,True,False
Cusco,Cusco,Wanchaq,"Wanchaq, Cusco, Cusco",MOVISTAR,202306,202509,-27,pre_shutdown,4.105118,4860.0,9.326586,51140.0,3.7911947,87.448395,4.7235823,93.89559,1.9741501,True,False
Cusco,Cusco,Wanchaq,"Wanchaq, Cusco, Cusco",MOVISTAR,202307,202509,-26,pre_shutdown,3.7524362,5901.0,9.862681,58948.0,3.6736367,86.888115,5.2315917,94.07712,1.8031162,True,False
Cusco,Cusco,Wanchaq,"Wanchaq, Cusco, Cusco",MOVISTAR,202308,202509,-25,pre_shutdown,3.5754006,5169.0,8.7902565,72247.0,2.9038103,86.55014,4.713168,93.94837,1.7127318,True,False
Cusco,Cusco,Wanchaq,"Wanchaq, Cusco, Cusco",MOVISTAR,202309,202509,-24,pre_shutdown,3.5543919,6669.0,8.809105,72407.0,3.371729,88.601326,4.716233,94.212234,1.6837256,True,False
Cusco,Cusco,Wanchaq,"Wanchaq, Cusco, Cusco",MOVISTAR,202310,202509,-23,pre_shutdown,3.406304,7940.0,8.337417,82483.0,3.2163625,88.152855,4.94797,93.850876,1.9391685,True,False
Cusco,Cusco,Wanchaq,"Wanchaq, Cusco, Cusco",MOVISTAR,202311,202509,-22,pre_shutdown,4.0852976,9675.0,8.309232,80101.0,2.8584292,88.15146,5.897061,92.27019,1.6643314,True,False
Cusco,Cusco,Wanchaq,"Wanchaq, Cusco, Cusco",MOVISTAR,202312,202509,-21,pre_shutdown,3.946234,6492.0,8.424419,79092.0,2.6591606,87.681305,4.961607,93.987465,1.7302277,True,False
Cusco,Cusco,Wanchaq,"Wanchaq, Cusco, Cusco",MOVISTAR,202401,202509,-20,pre_shutdown,4.6974573,7024.0,8.407201,73330.0,2.4326522,88.38806,4.6783433,94.34594,1.9252694,True,False
Cusco,Cusco,Wanchaq,"Wanchaq, Cusco, Cusco",MOVISTAR,202402,202509,-19,pre_shutdown,3.2726736,4035.0,8.571423,56130.0,2.399243,87.85487,4.357056,94.835236,1.8613311,True,False
Cusco,Cusco,Wanchaq,"Wanchaq, Cusco, Cusco",MOVISTAR,202403,202509,-18,pre_shutdown,3.554391,6346.0,8.57724,72553.0,2.3966074,87.64086,5.9420714,92.98631,1.592078,True,False
Cusco,Cusco,Wanchaq,"Wanchaq, Cusco, Cusco",MOVISTAR,202404,202509,-17,pre_shutdown,3.4737747,5749.0,7.8363786,66071.0,2.59596,87.07143,5.5636168,93.47197,1.657814,True,False
Cusco,Cusco,Wanchaq,"Wanchaq, Cusco, Cusco",MOVISTAR,202405,202509,-16,pre_shutdown,3.2967439,5437.0,8.0213585,72811.0,2.7238073,85.93931,4.5886173,94.21412,1.5814323,True,False
Cusco,Cusco,Wanchaq,"Wanchaq, Cusco, Cusco",MOVISTAR,202406,202509,-15,pre_shutdown,4.130348,8061.0,8.588311,71028.0,2.7957776,85.93142,3.7056842,95.39485,1.4030879,True,False
Cusco,Cusco,Wanchaq,"Wanchaq, Cusco, Cusco",MOVISTAR,202407,202509,-14,pre_shutdown,3.5993338,7292.0,8.759349,67982.0,2.8735352,85.89433,4.1824408,95.06174,1.3081974,True,False
Cusco,Cusco,Wanchaq,"Wanchaq, Cusco, Cusco",MOVISTAR,202408,202509,-13,pre_shutdown,3.726792,5338.0,8.1985445,58029.0,2.4519665,87.87641,4.4517965,94.767746,1.4683774,True,False
Cusco,Cusco,Wanchaq,"Wanchaq, Cusco, Cusco",MOVISTAR,202409,202509,-12,pre_shutdown,3.6387436,4831.0,8.602365,62048.0,2.261298,85.06952,3.6451573,95.03253,1.7540473,True,False
Cusco,Cusco,Wanchaq,"Wanchaq, Cusco, Cusco",MOVISTAR,202410,202509,-11,pre_shutdown,3.2105956,4129.0,8.501995,60054.0,2.4898217,82.31049,4.098848,93.97,1.8158168,True,False
Cusco,Cusco,Wanchaq,"Wanchaq, Cusco, Cusco",MOVISTAR,202411,202509,-10,pre_shutdown,3.2661655,2977.0,8.569134,55020.0,2.1209433,73.670876,3.8504934,93.75471,1.4380715,True,False
Cusco,Cusco,Wanchaq,"Wanchaq, Cusco, Cusco",MOVISTAR,202412,202509,-9,pre_shutdown,3.5238566,3251.0,8.917186,55766.0,2.2653542,69.07498,3.913342,93.63117,1.2304775,True,False
Cusco,Cusco,Wanchaq,"Wanchaq, Cusco, Cusco",MOVISTAR,202501,202509,-8,pre_shutdown,3.2311907,3657.0,8.308335,62105.0,2.5149364,70.07186,4.336666,93.19567,1.2202616,True,False
Cusco,Cusco,Wanchaq,"Wanchaq, Cusco, Cusco",MOVISTAR,202502,202509,-7,pre_shutdown,3.217022,3274.0,8.063329,52183.0,2.3459315,68.97078,2.948878,94.799675,1.0832797,True,False
Cusco,Cusco,Wanchaq,"Wanchaq, Cusco, Cusco",MOVISTAR,202503,202509,-6,pre_shutdown,3.2706153,3702.0,8.806412,56159.0,2.4733765,67.39923,3.3184876,94.41798,1.2332191,True,False
Cusco,Cusco,Wanchaq,"Wanchaq, Cusco, Cusco",MOVISTAR,202504,202509,-5,pre_shutdown,3.4336133,2981.0,9.122438,45343.0,2.8096187,73.48827,4.2206526,93.75899,1.3284664,True,False
Cusco,Cusco,Wanchaq,"Wanchaq, Cusco, Cusco",MOVISTAR,202505,202509,-4,pre_shutdown,3.8033154,3214.0,9.423478,46816.0,2.3561468,73.95967,4.331922,93.59422,1.3081633,True,False
Cusco,Cusco,Wanchaq,"Wanchaq, Cusco, Cusco",MOVISTAR,202506,202509,-3,pre_shutdown,4.0099077,2211.0,9.606815,37080.0,2.4567258,72.42737,4.7132688,92.90608,1.1783233,True,False
Cusco,Cusco,Wanchaq,"Wanchaq, Cusco, Cusco",MOVISTAR,202507,202509,-2,pre_shutdown,4.9781346,2642.0,10.301829,39033.0,2.2141411,64.59467,6.171461,91.36321,1.0725045,True,False
Cusco,Cusco,Wanchaq,"Wanchaq, Cusco, Cusco",MOVISTAR,202508,202509,-1,pre_shutdown,4.2359138,2433.0,9.709489,40925.0,2.8008423,65.411575,5.259061,92.11575,1.1020513,True,False
Cusco,Cusco,Wanchaq,"Wanchaq, Cusco, Cusco",MOVISTAR,202509,202509,0,post_shutdown,0.0,0.0,10.761202,36817.0,2.79629,66.35145,0.058869075,93.050934,0.99857044,False,True
Cusco,Cusco,Wanchaq,"Wanchaq, Cusco, Cusco",MOVISTAR,202510,202509,1,post_shutdown,0.0,0.0,11.635831,36826.0,2.8265216,67.30004,0.097592235,93.91105,1.2210697,False,True
Cusco,Cusco,Wanchaq,"Wanchaq, Cusco, Cusco",MOVISTAR,202511,202509,2,post_shutdown,0.0,0.0,11.917878,34768.0,2.7463524,65.66054,0.03527034,94.53655,1.1813576,False,True
Cusco,Cusco,Wanchaq,"Wanchaq, Cusco, Cusco",MOVISTAR,202512,202509,3,post_shutdown,0.0,0.0,13.09315,43229.0,3.7187197,63.648453,0.057126004,96.652336,1.1138263,False,True
Cusco,Cusco,Wanchaq,"Wanchaq, Cusco, Cusco",MOVISTAR,202601,202509,4,post_shutdown,0.0,0.0,12.825691,43797.0,3.1204472,64.60851,0.07529646,96.46296,1.1279069,False,True
Cusco,Cusco,Wanchaq,"Wanchaq, Cusco, Cusco",MOVISTAR,202602,202509,5,post_shutdown,0.0,0.0,11.665837,33529.0,2.7864065,68.83415,0.039007545,93.87727,1.2955422,False,True
Cusco,Cusco,Wanchaq,"Wanchaq, Cusco, Cusco",MOVISTAR,202603,202509,6,post_shutdown,0.0,0.0,12.878313,33879.0,2.9077516,68.2977,0.13072692,97.16917,1.3882188,False,True
Cusco,Cusco,Wanchaq,"Wanchaq, Cusco, Cusco",MOVISTAR,202604,202509,7,post_shutdown,0.0,0.0,12.010237,33581.0,3.430653,67.372894,0.03139446,99.254074,1.1001396,False,True
Cusco,Cusco,Wanchaq,"Wanchaq, Cusco, Cusco",MOVISTAR,202605,202509,8,post_shutdown,0.0,0.0,12.568783,28082.0,3.0116708,66.79123,0.04261335,99.21325,1.0472529,False,True
Cusco,Espinar,Espinar,"Espinar, Espinar, Cusco",MOVISTAR,202301,202602,-37,pre_shutdown,3.907465,1412.0,9.138367,40498.0,4.2140102,85.045395,4.3477383,92.22649,1.5114202,True,False
Cusco,Espinar,Espinar,"Espinar, Espinar, Cusco",MOVISTAR,202302,202602,-36,pre_shutdown,4.103002,2315.0,7.978642,37416.0,3.3105438,88.10936,5.7218366,91.59286,1.2640952,True,False
Cusco,Espinar,Espinar,"Espinar, Espinar, Cusco",MOVISTAR,202303,202602,-35,pre_shutdown,3.3166006,2189.0,8.782244,31234.0,4.586513,84.162,8.477891,89.149704,1.1072845,True,False
Cusco,Espinar,Espinar,"Espinar, Espinar, Cusco",MOVISTAR,202304,202602,-34,pre_shutdown,3.340016,2852.0,8.930305,27366.0,4.3200555,83.86221,10.270752,87.51222,1.0453109,True,False
Cusco,Espinar,Espinar,"Espinar, Espinar, Cusco",MOVISTAR,202305,202602,-33,pre_shutdown,4.636081,2307.0,8.842992,24739.0,3.9835887,85.65093,7.953859,89.998634,1.1983918,True,False
Cusco,Espinar,Espinar,"Espinar, Espinar, Cusco",MOVISTAR,202306,202602,-32,pre_shutdown,4.34177,3272.0,10.495091,29801.0,3.2902803,86.95478,10.380196,86.04751,1.3214552,True,False
Cusco,Espinar,Espinar,"Espinar, Espinar, Cusco",MOVISTAR,202307,202602,-31,pre_shutdown,3.615564,2732.0,8.913556,39693.0,3.8371477,85.35094,7.7332683,89.49441,1.3462487,True,False
Cusco,Espinar,Espinar,"Espinar, Espinar, Cusco",MOVISTAR,202308,202602,-30,pre_shutdown,5.0708437,2880.0,9.483954,33103.0,3.987028,84.455444,7.3653865,90.43464,1.1504173,True,False
Cusco,Espinar,Espinar,"Espinar, Espinar, Cusco",MOVISTAR,202309,202602,-29,pre_shutdown,3.9588895,4897.0,9.152516,37317.0,3.8967028,86.280365,8.757313,89.25659,1.2861123,True,False
Cusco,Espinar,Espinar,"Espinar, Espinar, Cusco",MOVISTAR,202310,202602,-28,pre_shutdown,3.9857826,2176.0,8.153196,41437.0,2.4190643,86.813034,8.366649,89.06736,1.5532632,True,False
Cusco,Espinar,Espinar,"Espinar, Espinar, Cusco",MOVISTAR,202311,202602,-27,pre_shutdown,4.1813416,2373.0,8.439753,33115.0,2.3059916,87.470375,8.780766,88.27472,1.8393191,True,False
Cusco,Espinar,Espinar,"Espinar, Espinar, Cusco",MOVISTAR,202312,202602,-26,pre_shutdown,3.9780538,2361.0,9.040045,41982.0,2.6037235,86.549934,7.945613,89.731,1.3652451,True,False
Cusco,Espinar,Espinar,"Espinar, Espinar, Cusco",MOVISTAR,202401,202602,-25,pre_shutdown,3.60362,1325.0,9.441667,32946.0,2.6366692,86.16799,8.608256,89.21915,1.6212952,True,False
Cusco,Espinar,Espinar,"Espinar, Espinar, Cusco",MOVISTAR,202402,202602,-24,pre_shutdown,4.9635468,745.0,9.612488,16218.0,2.7522612,84.5834,7.7731547,88.65952,1.129837,True,False
Cusco,Espinar,Espinar,"Espinar, Espinar, Cusco",MOVISTAR,202403,202602,-23,pre_shutdown,3.6403687,944.0,8.386916,21431.0,2.63652,83.81198,8.176985,88.83707,0.9729064,True,False
Cusco,Espinar,Espinar,"Espinar, Espinar, Cusco",MOVISTAR,202404,202602,-22,pre_shutdown,3.661481,1053.0,8.486493,17680.0,2.3905332,83.42067,6.708961,90.84351,0.9076456,True,False
Cusco,Espinar,Espinar,"Espinar, Espinar, Cusco",MOVISTAR,202405,202602,-21,pre_shutdown,3.0490727,1390.0,8.138452,27009.0,2.3727267,83.01215,5.7746563,92.426155,1.4067183,True,False
Cusco,Espinar,Espinar,"Espinar, Espinar, Cusco",MOVISTAR,202406,202602,-20,pre_shutdown,3.5308394,2794.0,8.07158,31144.0,2.099435,85.1116,5.3620653,92.727844,1.5816634,True,False
Cusco,Espinar,Espinar,"Espinar, Espinar, Cusco",MOVISTAR,202407,202602,-19,pre_shutdown,4.4994154,1482.0,7.6518397,22056.0,2.4824092,83.23045,4.451229,93.157814,1.2408986,True,False
Cusco,Espinar,Espinar,"Espinar, Espinar, Cusco",MOVISTAR,202408,202602,-18,pre_shutdown,3.8713374,3589.0,8.394599,30099.0,2.7047648,85.004196,8.045768,90.79273,1.6909213,True,False
Cusco,Espinar,Espinar,"Espinar, Espinar, Cusco",MOVISTAR,202409,202602,-17,pre_shutdown,4.7704353,3250.0,10.9692545,41893.0,2.64329,81.43396,7.994128,90.36865,1.8367289,True,False
Cusco,Espinar,Espinar,"Espinar, Espinar, Cusco",MOVISTAR,202410,202602,-16,pre_shutdown,4.228327,1746.0,10.770558,35978.0,3.534059,78.29361,5.938095,91.627365,0.9421216,True,False
Cusco,Espinar,Espinar,"Espinar, Espinar, Cusco",MOVISTAR,202411,202602,-15,pre_shutdown,5.678234,2569.0,9.665276,37422.0,2.9917476,66.733795,5.6915894,92.40738,0.88569736,True,False
Cusco,Espinar,Espinar,"Espinar, Espinar, Cusco",MOVISTAR,202412,202602,-14,pre_shutdown,3.9143965,660.0,8.5408535,30108.0,2.1165373,62.921276,5.946315,92.4839,0.65936136,True,False
Cusco,Espinar,Espinar,"Espinar, Espinar, Cusco",MOVISTAR,202501,202602,-13,pre_shutdown,4.024091,488.0,8.574891,21064.0,2.4961727,64.71541,6.6758666,91.53129,0.8295643,True,False
Cusco,Espinar,Espinar,"Espinar, Espinar, Cusco",MOVISTAR,202502,202602,-12,pre_shutdown,4.843301,805.0,8.677771,27522.0,3.0034301,63.550083,5.1987305,92.96513,0.824185,True,False
Cusco,Espinar,Espinar,"Espinar, Espinar, Cusco",MOVISTAR,202503,202602,-11,pre_shutdown,3.0423567,1203.0,8.478899,26583.0,2.2892556,62.39396,6.1913757,92.15748,0.8192749,True,False
Cusco,Espinar,Espinar,"Espinar, Espinar, Cusco",MOVISTAR,202504,202602,-10,pre_shutdown,3.6458893,489.0,10.99845,22510.0,3.4039476,66.409164,5.310479,93.1436,0.6403143,True,False
Cusco,Espinar,Espinar,"Espinar, Espinar, Cusco",MOVISTAR,202505,202602,-9,pre_shutdown,4.8376613,2898.0,10.605615,30131.0,2.5736578,67.5849,5.738552,92.79249,0.5521956,True,False
Cusco,Espinar,Espinar,"Espinar, Espinar, Cusco",MOVISTAR,202506,202602,-8,pre_shutdown,4.0246763,491.0,12.067959,26844.0,2.9438276,67.257225,2.6259627,96.011185,0.45742327,True,False
Cusco,Espinar,Espinar,"Espinar, Espinar, Cusco",MOVISTAR,202507,202602,-7,pre_shutdown,3.4370065,804.0,11.061217,19113.0,2.7967844,60.74187,3.0932417,95.906044,0.6680011,True,False
Cusco,Espinar,Espinar,"Espinar, Espinar, Cusco",MOVISTAR,202508,202602,-6,pre_shutdown,3.8720522,887.0,12.454374,20824.0,2.4151292,61.72809,6.411225,91.49441,0.6924261,True,False
Cusco,Espinar,Espinar,"Espinar, Espinar, Cusco",MOVISTAR,202509,202602,-5,pre_shutdown,4.088413,1021.0,11.051596,15557.0,3.1585643,59.35973,7.2051525,91.72077,0.7104889,True,False
Cusco,Espinar,Espinar,"Espinar, Espinar, Cusco",MOVISTAR,202510,202602,-4,pre_shutdown,4.9980025,1201.0,11.94387,15142.0,1.8466824,58.42703,7.0269575,91.92932,0.58654684,True,False
Cusco,Espinar,Espinar,"Espinar, Espinar, Cusco",MOVISTAR,202511,202602,-3,pre_shutdown,5.4443536,1011.0,11.82371,12725.0,2.7606084,59.622425,7.5707293,91.07996,0.90388733,True,False
Cusco,Espinar,Espinar,"Espinar, Espinar, Cusco",MOVISTAR,202512,202602,-2,pre_shutdown,4.955144,662.0,11.4362545,17138.0,2.447245,59.119545,5.3549466,93.67115,1.0600401,True,False
Cusco,Espinar,Espinar,"Espinar, Espinar, Cusco",MOVISTAR,202601,202602,-1,pre_shutdown,4.7496014,603.0,12.623478,26772.0,4.453578,58.08399,4.098543,94.71452,0.8498077,True,False
Cusco,Espinar,Espinar,"Espinar, Espinar, Cusco",MOVISTAR,202602,202602,0,post_shutdown,0.0,0.0,10.915232,8454.0,2.3667412,60.28898,10.890556,87.66207,0.85308814,False,True
Cusco,Espinar,Espinar,"Espinar, Espinar, Cusco",MOVISTAR,202603,202602,1,post_shutdown,0.0,0.0,12.898672,19514.0,3.4553006,58.990025,4.7486215,93.56894,0.68654436,False,True
Cusco,Espinar,Espinar,"Espinar, Espinar, Cusco",MOVISTAR,202604,202602,2,post_shutdown,0.0,0.0,12.154775,15923.0,3.7977545,59.556778,4.5823164,93.52284,0.69384557,False,True
Cusco,Espinar,Espinar,"Espinar, Espinar, Cusco",MOVISTAR,202605,202602,3,post_shutdown,0.0,0.0,12.184074,17230.0,4.573731,60.266216,5.7899923,92.2227,0.68426627,False,True
Ica,Chincha,Alto Laran,"Alto Laran, Chincha, Ica",MOVISTAR,202301,202406,-17,pre_shutdown,2.9422002,614.0,8.651714,5808.0,4.041231,81.61512,3.1901338,95.53293,1.803539,True,False
Ica,Chincha,Alto Laran,"Alto Laran, Chincha, Ica",MOVISTAR,202302,202406,-16,pre_shutdown,3.9112136,499.0,8.659921,3165.0,0.0,75.70141,5.3369184,90.99481,1.1432655,True,False
Ica,Chincha,Alto Laran,"Alto Laran, Chincha, Ica",MOVISTAR,202303,202406,-15,pre_shutdown,4.634535,1963.0,9.450407,8342.0,3.0038888,73.705185,12.68589,86.47348,0.89594877,True,False
Ica,Chincha,Alto Laran,"Alto Laran, Chincha, Ica",MOVISTAR,202304,202406,-14,pre_shutdown,4.622626,855.0,8.681231,8702.0,2.630342,73.68392,7.9478693,90.97074,0.90147084,True,False
Ica,Chincha,Alto Laran,"Alto Laran, Chincha, Ica",MOVISTAR,202305,202406,-13,pre_shutdown,5.913348,2905.0,12.024588,17661.0,3.4861815,74.66572,10.862584,88.48373,0.86883956,True,False
Ica,Chincha,Alto Laran,"Alto Laran, Chincha, Ica",MOVISTAR,202306,202406,-12,pre_shutdown,3.546954,846.0,8.823681,12862.0,4.202357,75.895355,8.374318,90.86871,1.0587623,True,False
Ica,Chincha,Alto Laran,"Alto Laran, Chincha, Ica",MOVISTAR,202307,202406,-11,pre_shutdown,3.2170815,967.0,8.5951,10702.0,2.5713978,77.26472,8.150699,88.040504,1.6312629,True,False
Ica,Chincha,Alto Laran,"Alto Laran, Chincha, Ica",MOVISTAR,202308,202406,-10,pre_shutdown,4.8431735,1762.0,10.33232,18087.0,2.7353458,75.29798,9.594289,87.95537,1.5533612,True,False
Ica,Chincha,Alto Laran,"Alto Laran, Chincha, Ica",MOVISTAR,202309,202406,-9,pre_shutdown,5.1979513,1435.0,9.435462,16586.0,4.3288846,75.47537,8.384759,89.9971,0.8493696,True,False
Ica,Chincha,Alto Laran,"Alto Laran, Chincha, Ica",MOVISTAR,202310,202406,-8,pre_shutdown,6.1196113,2023.0,9.880943,19226.0,2.9673567,73.50333,9.271618,89.41952,0.72315353,True,False
Ica,Chincha,Alto Laran,"Alto Laran, Chincha, Ica",MOVISTAR,202311,202406,-7,pre_shutdown,4.781879,2174.0,9.258362,21761.0,3.5837743,74.96524,7.943673,90.97816,0.7385763,True,False
Ica,Chincha,Alto Laran,"Alto Laran, Chincha, Ica",MOVISTAR,202312,202406,-6,pre_shutdown,4.315619,1539.0,9.543307,15786.0,2.8269577,74.65644,7.752057,91.3473,0.6339504,True,False
Ica,Chincha,Alto Laran,"Alto Laran, Chincha, Ica",MOVISTAR,202401,202406,-5,pre_shutdown,4.3574486,1878.0,8.802107,16424.0,2.2634478,75.65324,5.8624306,92.74004,0.83679116,True,False
Ica,Chincha,Alto Laran,"Alto Laran, Chincha, Ica",MOVISTAR,202402,202406,-4,pre_shutdown,5.31543,3372.0,9.192681,17851.0,3.2840793,75.27644,11.987215,87.059715,0.77709174,True,False
Ica,Chincha,Alto Laran,"Alto Laran, Chincha, Ica",MOVISTAR,202403,202406,-3,pre_shutdown,4.8272886,1522.0,10.436034,16286.0,3.0717862,75.27031,7.710548,89.86961,0.61834043,True,False
Ica,Chincha,Alto Laran,"Alto Laran, Chincha, Ica",MOVISTAR,202404,202406,-2,pre_shutdown,4.8015885,2614.0,10.250779,16837.0,1.8358907,75.54722,9.617219,86.44718,0.651778,True,False
Ica,Chincha,Alto Laran,"Alto Laran, Chincha, Ica",MOVISTAR,202405,202406,-1,pre_shutdown,4.541617,783.0,11.907031,16587.0,4.0427103,85.84869,2.7779963,91.470764,0.5791132,True,False
Ica,Chincha,Alto Laran,"Alto Laran, Chincha, Ica",MOVISTAR,202406,202406,0,post_shutdown,0.0,0.0,12.639191,15824.0,3.484222,91.49268,0.26921192,93.4191,0.56129575,False,True
Ica,Chincha,Alto Laran,"Alto Laran, Chincha, Ica",MOVISTAR,202407,202406,1,post_shutdown,0.0,0.0,10.519789,19716.0,3.202719,90.58842,0.3971755,92.23777,0.45981723,False,True
Ica,Chincha,Alto Laran,"Alto Laran, Chincha, Ica",MOVISTAR,202408,202406,2,post_shutdown,0.0,0.0,10.439318,12950.0,2.9618485,89.476456,0.39240804,93.78834,0.57281554,False,True
Ica,Chincha,Alto Laran,"Alto Laran, Chincha, Ica",MOVISTAR,202409,202406,3,post_shutdown,0.0,0.0,11.249017,21821.0,3.4478595,87.25921,0.6636633,93.23782,0.4881885,False,True
Ica,Chincha,Alto Laran,"Alto Laran, Chincha, Ica",MOVISTAR,202410,202406,4,post_shutdown,0.0,0.0,11.817059,26986.0,3.2619908,83.70093,0.43728656,94.5779,0.36146095,False,True
Ica,Chincha,Alto Laran,"Alto Laran, Chincha, Ica",MOVISTAR,202411,202406,5,post_shutdown,0.0,0.0,10.681344,21741.0,3.2081258,77.012375,0.33958888,95.31684,0.5805207,False,True
Ica,Chincha,Alto Laran,"Alto Laran, Chincha, Ica",MOVISTAR,202412,202406,6,post_shutdown,0.0,0.0,11.525928,21006.0,2.7343578,74.02392,0.4184735,94.02065,0.565605,False,True
Ica,Chincha,Alto Laran,"Alto Laran, Chincha, Ica",MOVISTAR,202501,202406,7,post_shutdown,0.0,0.0,10.576993,15935.0,3.4740918,66.08678,0.8706541,93.40481,0.62086415,False,True
Ica,Chincha,Alto Laran,"Alto Laran, Chincha, Ica",MOVISTAR,202502,202406,8,post_shutdown,0.0,0.0,11.107927,15713.0,2.982384,57.812466,0.32782185,92.85817,0.6038558,False,True
Ica,Chincha,Alto Laran,"Alto Laran, Chincha, Ica",MOVISTAR,202503,202406,9,post_shutdown,0.0,0.0,11.237184,17458.0,3.2337427,57.58457,0.12569235,95.579346,0.76731414,False,True
Ica,Chincha,Alto Laran,"Alto Laran, Chincha, Ica",MOVISTAR,202504,202406,10,post_shutdown,0.0,0.0,10.817869,12689.0,4.0602846,66.04615,0.14591283,96.36469,0.44855666,False,True
Ica,Chincha,Alto Laran,"Alto Laran, Chincha, Ica",MOVISTAR,202505,202406,11,post_shutdown,0.0,0.0,10.626912,11603.0,4.166796,66.557976,0.089682974,96.40868,0.45858636,False,True
Ica,Chincha,Alto Laran,"Alto Laran, Chincha, Ica",MOVISTAR,202506,202406,12,post_shutdown,0.0,0.0,10.5788145,11650.0,4.5204644,59.6521,0.09595637,96.334496,0.4366011,False,True
Ica,Chincha,Alto Laran,"Alto Laran, Chincha, Ica",MOVISTAR,202507,202406,13,post_shutdown,0.0,0.0,12.63902,7250.0,3.1690898,48.753143,0.08576165,94.99731,0.25584334,False,True
Ica,Chincha,Alto Laran,"Alto Laran, Chincha, Ica",MOVISTAR,202508,202406,14,post_shutdown,0.0,0.0,10.168,10959.0,4.928204,51.872425,0.053875547,96.20225,0.42910084,False,True
Ica,Chincha,Alto Laran,"Alto Laran, Chincha, Ica",MOVISTAR,202509,202406,15,post_shutdown,0.0,0.0,10.110423,12172.0,3.5520818,53.235718,0.19621167,94.75214,0.6554579,False,True
Ica,Chincha,Alto Laran,"Alto Laran, Chincha, Ica",MOVISTAR,202510,202406,16,post_shutdown,0.0,0.0,9.570687,13706.0,3.5783038,54.597237,0.17533301,94.23981,0.48715678,False,True
Ica,Chincha,Alto Laran,"Alto Laran, Chincha, Ica",MOVISTAR,202511,202406,17,post_shutdown,0.0,0.0,11.050062,15673.0,3.6374903,53.874275,0.66295797,95.810135,0.4344221,False,True
Ica,Chincha,Alto Laran,"Alto Laran, Chincha, Ica",MOVISTAR,202512,202406,18,post_shutdown,0.0,0.0,11.751371,14955.0,2.1396468,51.90424,0.28833225,94.42427,0.55344486,False,True
Ica,Chincha,Alto Laran,"Alto Laran, Chincha, Ica",MOVISTAR,202601,202406,19,post_shutdown,0.0,0.0,11.209206,10162.0,2.2033684,57.01385,0.1004562,94.09567,0.53795415,False,True
Ica,Chincha,Alto Laran,"Alto Laran, Chincha, Ica",MOVISTAR,202602,202406,20,post_shutdown,0.0,0.0,11.574964,10797.0,4.8373485,54.663708,0.1546987,97.36596,0.7734531,False,True
Ica,Chincha,Alto Laran,"Alto Laran, Chincha, Ica",MOVISTAR,202603,202406,21,post_shutdown,0.0,0.0,12.335734,13006.0,4.167007,55.727184,0.21384743,95.35938,0.6285592,False,True
Ica,Chincha,Alto Laran,"Alto Laran, Chincha, Ica",MOVISTAR,202604,202406,22,post_shutdown,0.0,0.0,12.749172,11334.0,3.438742,53.995094,0.35279524,96.21208,0.5360765,False,True
Ica,Chincha,Alto Laran,"Alto Laran, Chincha, Ica",MOVISTAR,202605,202406,23,post_shutdown,0.0,0.0,11.512677,12184.0,2.0938945,54.565006,0.19546308,95.63274,0.54547346,False,True
Ica,Chincha,Chincha Alta,"Chincha Alta, Chincha, Ica",MOVISTAR,202301,202406,-17,pre_shutdown,4.268188,3852.0,11.242568,79122.0,3.784161,77.671776,4.343927,93.68163,0.982472,True,False
Ica,Chincha,Chincha Alta,"Chincha Alta, Chincha, Ica",MOVISTAR,202302,202406,-16,pre_shutdown,4.081054,2725.0,12.513954,61758.0,3.7921922,74.219284,3.933499,94.272575,0.8626486,True,False
Ica,Chincha,Chincha Alta,"Chincha Alta, Chincha, Ica",MOVISTAR,202303,202406,-15,pre_shutdown,3.463751,2797.0,12.620566,53574.0,3.829414,71.86345,4.2075152,94.13493,0.9982891,True,False
Ica,Chincha,Chincha Alta,"Chincha Alta, Chincha, Ica",MOVISTAR,202304,202406,-14,pre_shutdown,4.455255,2903.0,11.791687,45443.0,3.392436,72.164696,4.228118,94.469406,0.7627259,True,False
Ica,Chincha,Chincha Alta,"Chincha Alta, Chincha, Ica",MOVISTAR,202305,202406,-13,pre_shutdown,5.376401,3364.0,12.840944,65410.0,4.001402,73.51516,3.2447906,95.86505,0.68721604,True,False
Ica,Chincha,Chincha Alta,"Chincha Alta, Chincha, Ica",MOVISTAR,202306,202406,-12,pre_shutdown,4.222731,2742.0,11.96008,82309.0,4.419729,72.32258,2.4078834,96.77054,0.71034276,True,False
Ica,Chincha,Chincha Alta,"Chincha Alta, Chincha, Ica",MOVISTAR,202307,202406,-11,pre_shutdown,4.162629,3052.0,11.60072,95316.0,2.9413207,72.16268,2.6243973,96.96829,0.93412817,True,False
Ica,Chincha,Chincha Alta,"Chincha Alta, Chincha, Ica",MOVISTAR,202308,202406,-10,pre_shutdown,4.5248866,4318.0,12.299938,116700.0,3.4138618,72.43991,2.3300178,97.27071,0.87384176,True,False
Ica,Chincha,Chincha Alta,"Chincha Alta, Chincha, Ica",MOVISTAR,202309,202406,-9,pre_shutdown,4.8683004,5583.0,11.055296,130952.0,3.581844,73.801506,2.3341472,97.42324,0.7268805,True,False
Ica,Chincha,Chincha Alta,"Chincha Alta, Chincha, Ica",MOVISTAR,202310,202406,-8,pre_shutdown,5.7060184,10540.0,11.008888,151165.0,3.495855,72.28452,2.9828713,96.77197,0.6822907,True,False
Ica,Chincha,Chincha Alta,"Chincha Alta, Chincha, Ica",MOVISTAR,202311,202406,-7,pre_shutdown,7.2634892,14247.0,10.794546,131546.0,2.9737625,72.77444,3.6654437,95.60914,0.87972367,True,False
Ica,Chincha,Chincha Alta,"Chincha Alta, Chincha, Ica",MOVISTAR,202312,202406,-6,pre_shutdown,6.3079305,12520.0,11.153985,133507.0,2.89916,71.83906,3.4354355,95.947426,0.6665518,True,False
Ica,Chincha,Chincha Alta,"Chincha Alta, Chincha, Ica",MOVISTAR,202401,202406,-5,pre_shutdown,4.8658023,5535.0,12.465149,119426.0,2.8707705,72.217964,3.1651592,96.65133,0.53526056,True,False
Ica,Chincha,Chincha Alta,"Chincha Alta, Chincha, Ica",MOVISTAR,202402,202406,-4,pre_shutdown,5.1836815,4761.0,11.390753,94055.0,2.939291,73.639404,2.4695632,97.33111,0.5738015,True,False
Ica,Chincha,Chincha Alta,"Chincha Alta, Chincha, Ica",MOVISTAR,202403,202406,-3,pre_shutdown,4.788858,3931.0,11.01099,110687.0,2.664013,73.96182,2.403563,96.96146,0.62836826,True,False
Ica,Chincha,Chincha Alta,"Chincha Alta, Chincha, Ica",MOVISTAR,202404,202406,-2,pre_shutdown,4.1057854,4602.0,11.179429,112558.0,3.3150558,73.371666,3.6043108,95.922745,0.5581594,True,False
Ica,Chincha,Chincha Alta,"Chincha Alta, Chincha, Ica",MOVISTAR,202405,202406,-1,pre_shutdown,3.9357698,1369.0,11.194546,98635.0,3.2882395,84.53905,1.9954808,94.678925,0.37982377,True,False
Ica,Chincha,Chincha Alta,"Chincha Alta, Chincha, Ica",MOVISTAR,202406,202406,0,post_shutdown,0.0,0.0,11.967137,121608.0,3.9274569,88.5963,0.024780916,97.227905,0.39064106,False,True
Ica,Chincha,Chincha Alta,"Chincha Alta, Chincha, Ica",MOVISTAR,202407,202406,1,post_shutdown,0.0,0.0,12.6970415,113810.0,3.789967,88.99782,0.01486316,98.15902,0.37220082,False,True
Ica,Chincha,Chincha Alta,"Chincha Alta, Chincha, Ica",MOVISTAR,202408,202406,2,post_shutdown,0.0,0.0,12.067212,121548.0,3.7332282,88.64203,0.012054196,98.560715,0.49895203,False,True
Ica,Chincha,Chincha Alta,"Chincha Alta, Chincha, Ica",MOVISTAR,202409,202406,3,post_shutdown,0.0,0.0,11.8343725,108059.0,3.86128,85.38723,0.018014973,98.289734,0.4229023,False,True
Ica,Chincha,Chincha Alta,"Chincha Alta, Chincha, Ica",MOVISTAR,202410,202406,4,post_shutdown,0.0,0.0,12.18456,104587.0,3.7740424,82.22449,0.05225439,98.37785,0.43758297,False,True
Ica,Chincha,Chincha Alta,"Chincha Alta, Chincha, Ica",MOVISTAR,202411,202406,5,post_shutdown,0.0,0.0,11.754725,100874.0,4.4863844,71.71193,0.0522108,98.62374,0.44709292,False,True
Ica,Chincha,Chincha Alta,"Chincha Alta, Chincha, Ica",MOVISTAR,202412,202406,6,post_shutdown,0.0,0.0,11.007625,87755.0,3.0558975,67.90241,0.012449675,98.281105,0.48345774,False,True
Ica,Chincha,Chincha Alta,"Chincha Alta, Chincha, Ica",MOVISTAR,202501,202406,7,post_shutdown,0.0,0.0,11.49979,93842.0,3.5512404,61.72267,0.0033310784,98.57191,0.4533376,False,True
Ica,Chincha,Chincha Alta,"Chincha Alta, Chincha, Ica",MOVISTAR,202502,202406,8,post_shutdown,0.0,0.0,11.407822,84063.0,3.1928916,56.8812,0.006771847,98.790016,0.34283122,False,True
Ica,Chincha,Chincha Alta,"Chincha Alta, Chincha, Ica",MOVISTAR,202503,202406,9,post_shutdown,0.0,0.0,11.324433,103268.0,2.9842381,55.35903,0.026261987,97.873405,0.45469895,False,True
Ica,Chincha,Chincha Alta,"Chincha Alta, Chincha, Ica",MOVISTAR,202504,202406,10,post_shutdown,0.0,0.0,12.034646,106964.0,2.977639,59.758045,0.011726928,96.92871,0.28026676,False,True
Ica,Chincha,Chincha Alta,"Chincha Alta, Chincha, Ica",MOVISTAR,202505,202406,11,post_shutdown,0.0,0.0,12.444202,107272.0,2.9748154,60.81089,0.032672536,95.45575,0.2790601,False,True
Ica,Chincha,Chincha Alta,"Chincha Alta, Chincha, Ica",MOVISTAR,202506,202406,12,post_shutdown,0.0,0.0,12.715448,110594.0,2.8504167,58.834686,0.006246413,96.3274,0.269154,False,True
Ica,Chincha,Chincha Alta,"Chincha Alta, Chincha, Ica",MOVISTAR,202507,202406,13,post_shutdown,0.0,0.0,11.901276,105421.0,2.6277184,51.722706,0.0043662963,97.17283,0.27549452,False,True
Ica,Chincha,Chincha Alta,"Chincha Alta, Chincha, Ica",MOVISTAR,202508,202406,14,post_shutdown,0.0,0.0,12.128134,126550.0,2.6573935,52.15035,0.027755966,97.59897,0.26529303,False,True
Ica,Chincha,Chincha Alta,"Chincha Alta, Chincha, Ica",MOVISTAR,202509,202406,15,post_shutdown,0.0,0.0,12.315959,108010.0,3.053028,51.99393,0.005847891,96.65872,0.37085387,False,True
Ica,Chincha,Chincha Alta,"Chincha Alta, Chincha, Ica",MOVISTAR,202510,202406,16,post_shutdown,0.0,0.0,12.592005,117280.0,2.627842,52.0861,0.012284677,97.91215,0.32536048,False,True
Ica,Chincha,Chincha Alta,"Chincha Alta, Chincha, Ica",MOVISTAR,202511,202406,17,post_shutdown,0.0,0.0,12.470721,90274.0,2.2893355,51.550686,0.020544054,97.131454,0.36919922,False,True
Ica,Chincha,Chincha Alta,"Chincha Alta, Chincha, Ica",MOVISTAR,202512,202406,18,post_shutdown,0.0,0.0,12.574446,92042.0,2.283864,52.149097,0.005798712,97.8343,0.35068068,False,True
Ica,Chincha,Chincha Alta,"Chincha Alta, Chincha, Ica",MOVISTAR,202601,202406,19,post_shutdown,0.0,0.0,12.444847,104508.0,2.3364782,52.36547,0.0059212046,98.722015,0.30893618,False,True
Ica,Chincha,Chincha Alta,"Chincha Alta, Chincha, Ica",MOVISTAR,202602,202406,20,post_shutdown,0.0,0.0,12.067474,95747.0,4.1643753,53.094013,0.009949287,97.89103,0.36228183,False,True
Ica,Chincha,Chincha Alta,"Chincha Alta, Chincha, Ica",MOVISTAR,202603,202406,21,post_shutdown,0.0,0.0,12.100206,82703.0,3.2797918,53.066372,0.016508056,97.88021,0.5362922,False,True
Ica,Chincha,Chincha Alta,"Chincha Alta, Chincha, Ica",MOVISTAR,202604,202406,22,post_shutdown,0.0,0.0,11.735335,89183.0,3.14186,52.64193,0.011564671,98.53221,0.40510044,False,True
Ica,Chincha,Chincha Alta,"Chincha Alta, Chincha, Ica",MOVISTAR,202605,202406,23,post_shutdown,0.0,0.0,11.969256,94831.0,2.7584062,53.123714,0.008598442,98.75767,0.3460356,False,True
Ica,Chincha,Chincha Baja,"Chincha Baja, Chincha, Ica",MOVISTAR,202301,202406,-17,pre_shutdown,3.4048324,1398.0,11.32138,12163.0,4.7127113,81.53219,7.9635196,91.16369,1.3807262,True,False
Ica,Chincha,Chincha Baja,"Chincha Baja, Chincha, Ica",MOVISTAR,202302,202406,-16,pre_shutdown,3.8579037,1157.0,10.3727665,12392.0,4.142829,79.98592,4.2974186,93.69398,1.2618396,True,False
Ica,Chincha,Chincha Baja,"Chincha Baja, Chincha, Ica",MOVISTAR,202303,202406,-15,pre_shutdown,3.8460803,862.0,12.823765,14210.0,4.3151436,75.42944,4.3937964,93.874084,1.2013952,True,False
Ica,Chincha,Chincha Baja,"Chincha Baja, Chincha, Ica",MOVISTAR,202304,202406,-14,pre_shutdown,3.5425138,606.0,11.434979,9231.0,3.279533,77.66359,4.1558285,95.05769,1.2511942,True,False
Ica,Chincha,Chincha Baja,"Chincha Baja, Chincha, Ica",MOVISTAR,202305,202406,-13,pre_shutdown,3.5941176,859.0,11.6239395,13600.0,5.260088,77.50308,4.670171,93.44904,1.3012373,True,False
Ica,Chincha,Chincha Baja,"Chincha Baja, Chincha, Ica",MOVISTAR,202306,202406,-12,pre_shutdown,3.0339332,1119.0,10.111678,13896.0,5.099312,74.230125,6.499119,91.62764,1.1949391,True,False
Ica,Chincha,Chincha Baja,"Chincha Baja, Chincha, Ica",MOVISTAR,202307,202406,-11,pre_shutdown,3.2112057,1109.0,10.349746,19897.0,5.1382318,74.56511,5.962575,92.601555,1.5847483,True,False
Ica,Chincha,Chincha Baja,"Chincha Baja, Chincha, Ica",MOVISTAR,202308,202406,-10,pre_shutdown,3.6934507,1568.0,10.674178,22328.0,3.9514825,73.98279,5.822209,93.28608,1.3237295,True,False
Ica,Chincha,Chincha Baja,"Chincha Baja, Chincha, Ica",MOVISTAR,202309,202406,-9,pre_shutdown,2.8957565,1374.0,8.965357,15106.0,2.9292889,77.19392,6.524562,92.5203,1.0593374,True,False
Ica,Chincha,Chincha Baja,"Chincha Baja, Chincha, Ica",MOVISTAR,202310,202406,-8,pre_shutdown,2.636034,5509.0,8.726924,15550.0,2.8492625,77.85661,16.64922,81.61186,1.213902,True,False
Ica,Chincha,Chincha Baja,"Chincha Baja, Chincha, Ica",MOVISTAR,202311,202406,-7,pre_shutdown,2.9629083,6531.0,8.397829,15053.0,4.2182474,77.41117,18.296886,80.49483,1.2216046,True,False
Ica,Chincha,Chincha Baja,"Chincha Baja, Chincha, Ica",MOVISTAR,202312,202406,-6,pre_shutdown,3.577964,2375.0,9.9244795,12996.0,3.101614,77.0463,13.384083,85.454124,1.166042,True,False
Ica,Chincha,Chincha Baja,"Chincha Baja, Chincha, Ica",MOVISTAR,202401,202406,-5,pre_shutdown,3.7679868,1406.0,9.555333,11293.0,3.8879192,74.304825,10.726586,88.7381,0.9466643,True,False
Ica,Chincha,Chincha Baja,"Chincha Baja, Chincha, Ica",MOVISTAR,202402,202406,-4,pre_shutdown,4.2919703,1711.0,10.470365,10588.0,4.1528096,76.03456,7.9096956,91.37754,1.032911,True,False
Ica,Chincha,Chincha Baja,"Chincha Baja, Chincha, Ica",MOVISTAR,202403,202406,-3,pre_shutdown,3.0042014,1485.0,10.863718,16180.0,4.039642,76.19546,7.5361576,91.49857,0.93860924,True,False
Ica,Chincha,Chincha Baja,"Chincha Baja, Chincha, Ica",MOVISTAR,202404,202406,-2,pre_shutdown,3.2986991,1336.0,8.545991,8814.0,2.3443055,79.05907,8.530549,89.189316,1.2074155,True,False
Ica,Chincha,Chincha Baja,"Chincha Baja, Chincha, Ica",MOVISTAR,202405,202406,-1,pre_shutdown,3.9812531,1083.0,10.694646,11263.0,4.368643,86.215195,5.14906,86.929115,0.84997207,True,False
Ica,Chincha,Chincha Baja,"Chincha Baja, Chincha, Ica",MOVISTAR,202406,202406,0,post_shutdown,0.0,0.0,11.555594,17816.0,4.258933,89.55477,0.5680789,88.79131,0.67501694,False,True
Ica,Chincha,Chincha Baja,"Chincha Baja, Chincha, Ica",MOVISTAR,202407,202406,1,post_shutdown,0.0,0.0,10.261781,16471.0,2.306769,92.37381,1.0126758,89.95472,0.77128106,False,True
Ica,Chincha,Chincha Baja,"Chincha Baja, Chincha, Ica",MOVISTAR,202408,202406,2,post_shutdown,0.0,0.0,12.009458,15047.0,3.723205,91.01011,0.47489205,94.28868,1.0046088,False,True
Ica,Chincha,Chincha Baja,"Chincha Baja, Chincha, Ica",MOVISTAR,202409,202406,3,post_shutdown,0.0,0.0,10.524443,16616.0,3.4211354,88.11813,0.23591572,94.744225,0.8344586,False,True
Ica,Chincha,Chincha Baja,"Chincha Baja, Chincha, Ica",MOVISTAR,202410,202406,4,post_shutdown,0.0,0.0,10.768674,25187.0,3.7350042,85.50848,0.25925353,93.208084,0.777495,False,True
Ica,Chincha,Chincha Baja,"Chincha Baja, Chincha, Ica",MOVISTAR,202411,202406,5,post_shutdown,0.0,0.0,10.83258,19716.0,3.1119957,79.955475,0.34607694,95.03905,0.7970423,False,True
Ica,Chincha,Chincha Baja,"Chincha Baja, Chincha, Ica",MOVISTAR,202412,202406,6,post_shutdown,0.0,0.0,11.157448,16812.0,2.4562833,78.28391,0.1662233,95.662895,0.702536,False,True
Ica,Chincha,Chincha Baja,"Chincha Baja, Chincha, Ica",MOVISTAR,202501,202406,7,post_shutdown,0.0,0.0,12.143872,19258.0,2.3566444,66.62554,0.14825179,94.30605,0.6866389,False,True
Ica,Chincha,Chincha Baja,"Chincha Baja, Chincha, Ica",MOVISTAR,202502,202406,8,post_shutdown,0.0,0.0,10.82557,12457.0,3.2211974,64.91505,0.22780576,94.65628,0.61595994,False,True
Ica,Chincha,Chincha Baja,"Chincha Baja, Chincha, Ica",MOVISTAR,202503,202406,9,post_shutdown,0.0,0.0,10.912275,9766.0,2.8317375,63.621956,0.120862305,95.0744,0.6920145,False,True
Ica,Chincha,Chincha Baja,"Chincha Baja, Chincha, Ica",MOVISTAR,202504,202406,10,post_shutdown,0.0,0.0,12.097334,8070.0,0.0,65.42295,0.18720378,87.19544,0.4743238,False,True
Ica,Chincha,Chincha Baja,"Chincha Baja, Chincha, Ica",MOVISTAR,202505,202406,11,post_shutdown,0.0,0.0,11.436821,9343.0,3.0397298,66.83917,0.28350142,89.39238,0.78300166,False,True
Ica,Chincha,Chincha Baja,"Chincha Baja, Chincha, Ica",MOVISTAR,202506,202406,12,post_shutdown,0.0,0.0,10.617754,8431.0,2.336025,64.29682,0.3517313,91.41972,0.9112792,False,True
Ica,Chincha,Chincha Baja,"Chincha Baja, Chincha, Ica",MOVISTAR,202507,202406,13,post_shutdown,0.0,0.0,10.734395,11008.0,2.3688235,59.957108,0.2337913,92.926636,0.7237728,False,True
Ica,Chincha,Chincha Baja,"Chincha Baja, Chincha, Ica",MOVISTAR,202508,202406,14,post_shutdown,0.0,0.0,11.986955,10931.0,2.7146025,59.699825,0.20970646,94.77042,0.76989186,False,True
Ica,Chincha,Chincha Baja,"Chincha Baja, Chincha, Ica",MOVISTAR,202509,202406,15,post_shutdown,0.0,0.0,11.24439,8873.0,2.7228448,58.516026,0.2900312,95.42257,0.7190071,False,True
Ica,Chincha,Chincha Baja,"Chincha Baja, Chincha, Ica",MOVISTAR,202510,202406,16,post_shutdown,0.0,0.0,12.062136,11362.0,3.339895,56.01911,0.2318425,92.81998,0.5176863,False,True
Ica,Chincha,Chincha Baja,"Chincha Baja, Chincha, Ica",MOVISTAR,202511,202406,17,post_shutdown,0.0,0.0,12.017634,8996.0,2.1961436,57.945606,0.19290124,95.42112,0.75737906,False,True
Ica,Chincha,Chincha Baja,"Chincha Baja, Chincha, Ica",MOVISTAR,202512,202406,18,post_shutdown,0.0,0.0,13.021788,10480.0,2.5210924,54.503696,0.20733328,96.020195,0.4971673,False,True
Ica,Chincha,Chincha Baja,"Chincha Baja, Chincha, Ica",MOVISTAR,202601,202406,19,post_shutdown,0.0,0.0,11.378012,7939.0,4.0090284,55.154648,0.21572277,93.86884,0.62781435,False,True
Ica,Chincha,Chincha Baja,"Chincha Baja, Chincha, Ica",MOVISTAR,202602,202406,20,post_shutdown,0.0,0.0,12.038544,9419.0,3.5385892,55.636856,0.54206944,93.61712,0.56674427,False,True
Ica,Chincha,Chincha Baja,"Chincha Baja, Chincha, Ica",MOVISTAR,202603,202406,21,post_shutdown,0.0,0.0,11.882689,7962.0,3.6412082,58.736343,1.0512313,91.593475,0.61026937,False,True
Ica,Chincha,Chincha Baja,"Chincha Baja, Chincha, Ica",MOVISTAR,202604,202406,22,post_shutdown,0.0,0.0,12.517907,11373.0,3.765194,54.721382,0.605411,94.4299,0.52256894,False,True
Ica,Chincha,Chincha Baja,"Chincha Baja, Chincha, Ica",MOVISTAR,202605,202406,23,post_shutdown,0.0,0.0,12.3712845,13614.0,3.9143147,51.65044,0.43771452,94.958176,0.31369978,False,True
Ica,Chincha,El Carmen,"El Carmen, Chincha, Ica",MOVISTAR,202301,202406,-17,pre_shutdown,4.314983,1435.0,10.590589,7241.0,3.281666,83.693375,16.79349,81.809395,1.9248921,True,False
Ica,Chincha,El Carmen,"El Carmen, Chincha, Ica",MOVISTAR,202302,202406,-16,pre_shutdown,3.7061992,945.0,10.694204,5991.0,0.0,75.91713,15.12784,83.88226,1.3845738,True,False
Ica,Chincha,El Carmen,"El Carmen, Chincha, Ica",MOVISTAR,202303,202406,-15,pre_shutdown,4.8088484,2118.0,12.7849655,6062.0,1.2559451,73.62432,17.380398,79.149796,0.93886465,True,False
Ica,Chincha,El Carmen,"El Carmen, Chincha, Ica",MOVISTAR,202304,202406,-14,pre_shutdown,3.6314836,4573.0,10.928203,7303.0,0.0,75.01094,23.181496,72.30045,1.069192,True,False
Ica,Chincha,El Carmen,"El Carmen, Chincha, Ica",MOVISTAR,202305,202406,-13,pre_shutdown,3.5513096,956.0,10.005743,6852.0,0.0,76.05282,14.806434,84.235565,1.1293634,True,False
Ica,Chincha,El Carmen,"El Carmen, Chincha, Ica",MOVISTAR,202306,202406,-12,pre_shutdown,3.3032863,932.0,13.532745,8509.0,4.9668174,73.35258,14.8440695,84.82895,1.1072019,True,False
Ica,Chincha,El Carmen,"El Carmen, Chincha, Ica",MOVISTAR,202307,202406,-11,pre_shutdown,3.692565,1418.0,13.201905,15485.0,3.0994272,75.96607,6.412292,93.05237,1.3662628,True,False
Ica,Chincha,El Carmen,"El Carmen, Chincha, Ica",MOVISTAR,202308,202406,-10,pre_shutdown,3.9290414,1096.0,13.950347,12042.0,3.427313,74.3582,10.161339,88.66308,1.1884282,True,False
Ica,Chincha,El Carmen,"El Carmen, Chincha, Ica",MOVISTAR,202309,202406,-9,pre_shutdown,4.142467,997.0,13.478856,12057.0,3.1607082,72.08663,11.260785,84.0787,0.71903574,True,False
Ica,Chincha,El Carmen,"El Carmen, Chincha, Ica",MOVISTAR,202310,202406,-8,pre_shutdown,4.0924697,2046.0,12.024993,21346.0,4.260778,71.075226,16.878225,81.54841,0.56215984,True,False
Ica,Chincha,El Carmen,"El Carmen, Chincha, Ica",MOVISTAR,202311,202406,-7,pre_shutdown,4.077094,2118.0,12.903142,20500.0,4.396421,72.39782,10.6699295,88.80228,0.75726324,True,False
Ica,Chincha,El Carmen,"El Carmen, Chincha, Ica",MOVISTAR,202312,202406,-6,pre_shutdown,4.2644987,1298.0,10.842712,16660.0,2.5428972,73.326035,5.870837,93.58101,0.62794894,True,False
Ica,Chincha,El Carmen,"El Carmen, Chincha, Ica",MOVISTAR,202401,202406,-5,pre_shutdown,3.658445,720.0,13.065069,14669.0,3.6157844,72.45882,6.6526284,92.82243,0.58477664,True,False
Ica,Chincha,El Carmen,"El Carmen, Chincha, Ica",MOVISTAR,202402,202406,-4,pre_shutdown,3.3727736,1050.0,11.637532,12908.0,0.0,74.11314,6.171339,93.534935,0.5893001,True,False
Ica,Chincha,El Carmen,"El Carmen, Chincha, Ica",MOVISTAR,202403,202406,-3,pre_shutdown,3.1423123,972.0,10.460665,11968.0,3.4574118,74.12019,9.156375,90.26658,0.66354257,True,False
Ica,Chincha,El Carmen,"El Carmen, Chincha, Ica",MOVISTAR,202404,202406,-2,pre_shutdown,3.6497736,1376.0,11.809213,16882.0,3.2737365,72.51989,13.452399,84.94571,0.57664365,True,False
Ica,Chincha,El Carmen,"El Carmen, Chincha, Ica",MOVISTAR,202405,202406,-1,pre_shutdown,3.317107,709.0,11.462976,18295.0,2.5648928,84.7193,5.648765,86.76824,0.57111996,True,False
Ica,Chincha,El Carmen,"El Carmen, Chincha, Ica",MOVISTAR,202406,202406,0,post_shutdown,0.0,0.0,14.4389515,19906.0,3.2113223,91.16455,2.0707436,88.75144,0.40184236,False,True
Ica,Chincha,El Carmen,"El Carmen, Chincha, Ica",MOVISTAR,202407,202406,1,post_shutdown,0.0,0.0,14.423996,13218.0,2.8474193,91.375206,2.760602,87.22082,0.4547195,False,True
Ica,Chincha,El Carmen,"El Carmen, Chincha, Ica",MOVISTAR,202408,202406,2,post_shutdown,0.0,0.0,12.563802,9812.0,2.682558,90.6472,7.274144,84.0644,0.62080705,False,True
Ica,Chincha,El Carmen,"El Carmen, Chincha, Ica",MOVISTAR,202409,202406,3,post_shutdown,0.0,0.0,12.038738,7720.0,3.5796225,89.92256,7.4701285,85.25325,0.4060938,False,True
Ica,Chincha,El Carmen,"El Carmen, Chincha, Ica",MOVISTAR,202410,202406,4,post_shutdown,0.0,0.0,13.470652,7800.0,0.0,84.17328,6.8147516,84.367,0.4616849,False,True
Ica,Chincha,El Carmen,"El Carmen, Chincha, Ica",MOVISTAR,202411,202406,5,post_shutdown,0.0,0.0,12.072207,8567.0,0.0,77.58317,3.9900653,83.01504,0.40437874,False,True
Ica,Chincha,El Carmen,"El Carmen, Chincha, Ica",MOVISTAR,202412,202406,6,post_shutdown,0.0,0.0,12.406802,5802.0,0.0,76.45995,4.376049,87.46551,0.31122747,False,True
Ica,Chincha,El Carmen,"El Carmen, Chincha, Ica",MOVISTAR,202501,202406,7,post_shutdown,0.0,0.0,23.675516,14747.0,5.5298285,62.79529,4.34639,87.00525,0.5152386,False,True
Ica,Chincha,El Carmen,"El Carmen, Chincha, Ica",MOVISTAR,202502,202406,8,post_shutdown,0.0,0.0,23.048405,15292.0,5.295903,54.908466,1.8456103,90.538734,0.5416667,False,True
Ica,Chincha,El Carmen,"El Carmen, Chincha, Ica",MOVISTAR,202503,202406,9,post_shutdown,0.0,0.0,12.794856,7345.0,2.2390137,57.595844,1.6394787,92.05205,0.7677205,False,True
Ica,Chincha,El Carmen,"El Carmen, Chincha, Ica",MOVISTAR,202504,202406,10,post_shutdown,0.0,0.0,12.873132,7352.0,2.8287768,64.100914,1.6109884,95.863144,0.6444037,False,True
Ica,Chincha,El Carmen,"El Carmen, Chincha, Ica",MOVISTAR,202505,202406,11,post_shutdown,0.0,0.0,11.24905,6490.0,2.8453066,66.65646,1.8832955,95.74522,0.5298786,False,True
Ica,Chincha,El Carmen,"El Carmen, Chincha, Ica",MOVISTAR,202506,202406,12,post_shutdown,0.0,0.0,9.905537,3361.0,0.0,61.14931,2.7969794,93.38322,0.5173445,False,True
Ica,Chincha,El Carmen,"El Carmen, Chincha, Ica",MOVISTAR,202507,202406,13,post_shutdown,0.0,0.0,16.441368,3986.0,4.856235,55.011875,2.9393957,90.983444,0.91635716,False,True
Ica,Chincha,El Carmen,"El Carmen, Chincha, Ica",MOVISTAR,202508,202406,14,post_shutdown,0.0,0.0,21.396624,8619.0,5.1861253,48.764023,3.0605092,88.33869,0.6999227,False,True
Ica,Chincha,El Carmen,"El Carmen, Chincha, Ica",MOVISTAR,202509,202406,15,post_shutdown,0.0,0.0,14.688907,2577.0,3.9957821,55.40574,1.5508038,88.77593,0.7208048,False,True
Ica,Chincha,El Carmen,"El Carmen, Chincha, Ica",MOVISTAR,202510,202406,16,post_shutdown,0.0,0.0,11.524503,4114.0,0.0,59.703167,0.8260376,93.45952,0.52213496,False,True
Ica,Chincha,El Carmen,"El Carmen, Chincha, Ica",MOVISTAR,202511,202406,17,post_shutdown,0.0,0.0,11.516803,4532.0,0.0,59.783077,1.7384455,88.44001,0.53745925,False,True
Ica,Chincha,El Carmen,"El Carmen, Chincha, Ica",MOVISTAR,202512,202406,18,post_shutdown,0.0,0.0,13.322537,2204.0,0.0,55.382336,1.6065933,93.65434,0.545405,False,True
Ica,Chincha,El Carmen,"El Carmen, Chincha, Ica",MOVISTAR,202601,202406,19,post_shutdown,0.0,0.0,14.560531,3048.0,0.0,55.83558,1.0957155,79.16705,1.0585439,False,True
Ica,Chincha,El Carmen,"El Carmen, Chincha, Ica",MOVISTAR,202602,202406,20,post_shutdown,0.0,0.0,14.617063,2288.0,0.0,55.709553,1.8227705,86.76507,0.59281844,False,True
Ica,Chincha,El Carmen,"El Carmen, Chincha, Ica",MOVISTAR,202603,202406,21,post_shutdown,0.0,0.0,12.748711,9982.0,1.9377888,56.207016,1.4166875,95.50047,0.3222836,False,True
Ica,Chincha,El Carmen,"El Carmen, Chincha, Ica",MOVISTAR,202604,202406,22,post_shutdown,0.0,0.0,12.273699,4405.0,0.0,55.561993,2.2134535,90.33394,0.5424955,False,True
Ica,Chincha,El Carmen,"El Carmen, Chincha, Ica",MOVISTAR,202605,202406,23,post_shutdown,0.0,0.0,13.694952,2619.0,0.0,55.240517,3.4599755,84.075096,0.6461087,False,True
Ica,Chincha,Pueblo Nuevo,"Pueblo Nuevo, Chincha, Ica",MOVISTAR,202301,202406,-17,pre_shutdown,4.9403114,1641.0,11.067461,41291.0,2.9367924,78.466545,2.9431884,96.86587,1.0091164,True,False
Ica,Chincha,Pueblo Nuevo,"Pueblo Nuevo, Chincha, Ica",MOVISTAR,202302,202406,-16,pre_shutdown,5.23945,1887.0,11.697852,36516.0,4.23816,75.73076,4.3533044,94.660355,0.83285517,True,False
Ica,Chincha,Pueblo Nuevo,"Pueblo Nuevo, Chincha, Ica",MOVISTAR,202303,202406,-15,pre_shutdown,5.779708,2571.0,9.452007,33519.0,2.6871073,72.46676,2.70225,96.883194,0.9169303,True,False
Ica,Chincha,Pueblo Nuevo,"Pueblo Nuevo, Chincha, Ica",MOVISTAR,202304,202406,-14,pre_shutdown,5.1929326,2513.0,9.83732,37066.0,3.1017673,73.596375,2.944059,96.37512,0.6812841,True,False
Ica,Chincha,Pueblo Nuevo,"Pueblo Nuevo, Chincha, Ica",MOVISTAR,202305,202406,-13,pre_shutdown,4.873896,2277.0,10.041547,40469.0,2.82253,75.29221,3.5904496,96.10507,0.80234486,True,False
Ica,Chincha,Pueblo Nuevo,"Pueblo Nuevo, Chincha, Ica",MOVISTAR,202306,202406,-12,pre_shutdown,4.4062862,1997.0,10.857033,37009.0,2.8452055,72.28628,3.5361917,95.70598,0.91075814,True,False
Ica,Chincha,Pueblo Nuevo,"Pueblo Nuevo, Chincha, Ica",MOVISTAR,202307,202406,-11,pre_shutdown,4.54778,3407.0,9.4351,56011.0,3.0496569,73.50886,3.3017423,96.09361,0.83507854,True,False
Ica,Chincha,Pueblo Nuevo,"Pueblo Nuevo, Chincha, Ica",MOVISTAR,202308,202406,-10,pre_shutdown,4.616822,1865.0,9.381128,60706.0,3.6590958,73.763084,2.9283793,96.47073,0.91549563,True,False
Ica,Chincha,Pueblo Nuevo,"Pueblo Nuevo, Chincha, Ica",MOVISTAR,202309,202406,-9,pre_shutdown,4.680586,2901.0,9.723896,69671.0,3.3909266,73.77264,2.4643128,97.19393,0.65105224,True,False
Ica,Chincha,Pueblo Nuevo,"Pueblo Nuevo, Chincha, Ica",MOVISTAR,202310,202406,-8,pre_shutdown,4.644877,3605.0,9.523275,57951.0,3.7578187,72.8728,3.9888568,95.708565,0.7526692,True,False
Ica,Chincha,Pueblo Nuevo,"Pueblo Nuevo, Chincha, Ica",MOVISTAR,202311,202406,-7,pre_shutdown,4.7638006,1930.0,9.894586,56214.0,3.378007,74.20602,2.9902022,96.49571,0.92302483,True,False
Ica,Chincha,Pueblo Nuevo,"Pueblo Nuevo, Chincha, Ica",MOVISTAR,202312,202406,-6,pre_shutdown,3.3577693,4095.0,10.077128,59275.0,3.4228897,73.034996,3.9920669,95.7421,0.5105537,True,False
Ica,Chincha,Pueblo Nuevo,"Pueblo Nuevo, Chincha, Ica",MOVISTAR,202401,202406,-5,pre_shutdown,3.3618221,3328.0,10.070448,52566.0,2.9331987,74.187836,2.6204045,96.095055,0.5672243,True,False
Ica,Chincha,Pueblo Nuevo,"Pueblo Nuevo, Chincha, Ica",MOVISTAR,202402,202406,-4,pre_shutdown,3.8332841,3823.0,9.5771,46722.0,3.234793,74.25681,3.2726588,95.39039,0.62921524,True,False
Ica,Chincha,Pueblo Nuevo,"Pueblo Nuevo, Chincha, Ica",MOVISTAR,202403,202406,-3,pre_shutdown,4.3127084,2449.0,10.902409,56638.0,3.7968473,74.51099,2.9109044,96.525375,0.575509,True,False
Ica,Chincha,Pueblo Nuevo,"Pueblo Nuevo, Chincha, Ica",MOVISTAR,202404,202406,-2,pre_shutdown,4.103111,2275.0,10.275131,60452.0,3.095842,73.0272,4.2915645,95.09682,0.5304141,True,False
Ica,Chincha,Pueblo Nuevo,"Pueblo Nuevo, Chincha, Ica",MOVISTAR,202405,202406,-1,pre_shutdown,5.4015245,1009.0,11.238846,53884.0,3.7105153,83.810074,1.6702545,95.134674,0.4189734,True,False
Ica,Chincha,Pueblo Nuevo,"Pueblo Nuevo, Chincha, Ica",MOVISTAR,202406,202406,0,post_shutdown,0.0,0.0,10.961832,50107.0,3.076458,88.94018,0.014012009,96.98907,0.40126976,False,True
Ica,Chincha,Pueblo Nuevo,"Pueblo Nuevo, Chincha, Ica",MOVISTAR,202407,202406,1,post_shutdown,0.0,0.0,11.613693,46497.0,3.851359,88.60376,0.026359636,97.0463,0.3980295,False,True
Ica,Chincha,Pueblo Nuevo,"Pueblo Nuevo, Chincha, Ica",MOVISTAR,202408,202406,2,post_shutdown,0.0,0.0,10.117809,38910.0,3.8428376,88.67847,0.0032561622,97.041336,0.45338926,False,True
Ica,Chincha,Pueblo Nuevo,"Pueblo Nuevo, Chincha, Ica",MOVISTAR,202409,202406,3,post_shutdown,0.0,0.0,10.934334,40362.0,3.4844613,85.35148,0.02049534,96.42901,0.37824318,False,True
Ica,Chincha,Pueblo Nuevo,"Pueblo Nuevo, Chincha, Ica",MOVISTAR,202410,202406,4,post_shutdown,0.0,0.0,10.293138,38677.0,3.6085374,82.650955,0.004574719,96.82867,0.43327385,False,True
Ica,Chincha,Pueblo Nuevo,"Pueblo Nuevo, Chincha, Ica",MOVISTAR,202411,202406,5,post_shutdown,0.0,0.0,10.317636,45999.0,3.933478,73.0437,0.011225437,97.70907,0.53268784,False,True
Ica,Chincha,Pueblo Nuevo,"Pueblo Nuevo, Chincha, Ica",MOVISTAR,202412,202406,6,post_shutdown,0.0,0.0,9.501956,49961.0,3.6366205,67.35616,0.029147064,97.93649,0.4705392,False,True
Ica,Chincha,Pueblo Nuevo,"Pueblo Nuevo, Chincha, Ica",MOVISTAR,202501,202406,7,post_shutdown,0.0,0.0,9.325994,47299.0,4.1154947,61.271244,0.0057445876,97.488235,0.4223091,False,True
Ica,Chincha,Pueblo Nuevo,"Pueblo Nuevo, Chincha, Ica",MOVISTAR,202502,202406,8,post_shutdown,0.0,0.0,9.931472,35952.0,3.6621041,58.909187,0.007121922,98.090256,0.43033355,False,True
Ica,Chincha,Pueblo Nuevo,"Pueblo Nuevo, Chincha, Ica",MOVISTAR,202503,202406,9,post_shutdown,0.0,0.0,10.334697,42372.0,3.2198582,58.011127,0.12632197,98.66941,0.4542726,False,True
Ica,Chincha,Pueblo Nuevo,"Pueblo Nuevo, Chincha, Ica",MOVISTAR,202504,202406,10,post_shutdown,0.0,0.0,8.464224,34520.0,2.5734835,65.32284,0.4091764,96.87431,0.3773458,False,True
Ica,Chincha,Pueblo Nuevo,"Pueblo Nuevo, Chincha, Ica",MOVISTAR,202505,202406,11,post_shutdown,0.0,0.0,8.887979,42038.0,2.4917252,61.76519,0.0029813596,95.53409,0.3320913,False,True
Ica,Chincha,Pueblo Nuevo,"Pueblo Nuevo, Chincha, Ica",MOVISTAR,202506,202406,12,post_shutdown,0.0,0.0,9.439685,34329.0,2.390567,59.974834,0.0055539375,98.08366,0.37753516,False,True
Ica,Chincha,Pueblo Nuevo,"Pueblo Nuevo, Chincha, Ica",MOVISTAR,202507,202406,13,post_shutdown,0.0,0.0,10.352112,34236.0,2.6083748,52.9151,0.0037626962,96.87458,0.33420503,False,True
Ica,Chincha,Pueblo Nuevo,"Pueblo Nuevo, Chincha, Ica",MOVISTAR,202508,202406,14,post_shutdown,0.0,0.0,10.369222,42279.0,3.1576889,55.379486,0.00992843,98.0059,0.28677008,False,True
Ica,Chincha,Pueblo Nuevo,"Pueblo Nuevo, Chincha, Ica",MOVISTAR,202509,202406,15,post_shutdown,0.0,0.0,10.243517,41864.0,2.7204685,55.75141,0.00060469797,98.25784,0.34123528,False,True
Ica,Chincha,Pueblo Nuevo,"Pueblo Nuevo, Chincha, Ica",MOVISTAR,202510,202406,16,post_shutdown,0.0,0.0,10.676243,42412.0,2.6985312,54.229557,0.00053873076,98.37631,0.35321897,False,True
Ica,Chincha,Pueblo Nuevo,"Pueblo Nuevo, Chincha, Ica",MOVISTAR,202511,202406,17,post_shutdown,0.0,0.0,10.158469,30870.0,2.1718755,50.617226,0.008128311,98.06009,0.39355642,False,True
Ica,Chincha,Pueblo Nuevo,"Pueblo Nuevo, Chincha, Ica",MOVISTAR,202512,202406,18,post_shutdown,0.0,0.0,11.289237,39594.0,2.3528008,50.722595,0.010064293,98.77947,0.2954525,False,True
Ica,Chincha,Pueblo Nuevo,"Pueblo Nuevo, Chincha, Ica",MOVISTAR,202601,202406,19,post_shutdown,0.0,0.0,11.494383,38245.0,2.4627426,52.222813,0.008512313,98.80205,0.28540394,False,True
Ica,Chincha,Pueblo Nuevo,"Pueblo Nuevo, Chincha, Ica",MOVISTAR,202602,202406,20,post_shutdown,0.0,0.0,10.526561,27364.0,3.0377104,53.193314,0.0077251177,98.05552,0.31310472,False,True
Ica,Chincha,Pueblo Nuevo,"Pueblo Nuevo, Chincha, Ica",MOVISTAR,202603,202406,21,post_shutdown,0.0,0.0,11.013307,33357.0,3.6087298,54.055046,0.011967051,98.68871,0.39644462,False,True
Ica,Chincha,Pueblo Nuevo,"Pueblo Nuevo, Chincha, Ica",MOVISTAR,202604,202406,22,post_shutdown,0.0,0.0,11.57442,27548.0,3.1387722,52.62723,0.004968861,97.76381,0.40543702,False,True
Ica,Chincha,Pueblo Nuevo,"Pueblo Nuevo, Chincha, Ica",MOVISTAR,202605,202406,23,post_shutdown,0.0,0.0,11.909512,28811.0,3.180376,51.01178,0.007209495,97.552216,0.2364845,False,True
Ica,Chincha,Sunampe,"Sunampe, Chincha, Ica",MOVISTAR,202301,202405,-16,pre_shutdown,4.8777266,768.0,12.898039,31332.0,2.6402066,77.659584,5.8952656,93.88952,0.8974052,True,False
Ica,Chincha,Sunampe,"Sunampe, Chincha, Ica",MOVISTAR,202302,202405,-15,pre_shutdown,5.195924,1012.0,14.183367,27209.0,3.4203107,74.90208,5.897788,93.33118,0.9042983,True,False
Ica,Chincha,Sunampe,"Sunampe, Chincha, Ica",MOVISTAR,202303,202405,-14,pre_shutdown,4.926763,1305.0,12.802878,26132.0,2.8560708,72.40461,6.619585,92.281204,0.86262774,True,False
Ica,Chincha,Sunampe,"Sunampe, Chincha, Ica",MOVISTAR,202304,202405,-13,pre_shutdown,4.904506,811.0,13.81377,25551.0,2.3352315,72.50087,6.663579,93.13044,0.62203676,True,False
Ica,Chincha,Sunampe,"Sunampe, Chincha, Ica",MOVISTAR,202305,202405,-12,pre_shutdown,4.726513,547.0,13.188106,24697.0,2.8653495,74.024574,5.4089975,94.37298,0.72766507,True,False
Ica,Chincha,Sunampe,"Sunampe, Chincha, Ica",MOVISTAR,202306,202405,-11,pre_shutdown,4.8153243,1092.0,12.6644335,33594.0,4.6144133,71.66974,8.74367,91.14855,0.75799835,True,False
Ica,Chincha,Sunampe,"Sunampe, Chincha, Ica",MOVISTAR,202307,202405,-10,pre_shutdown,5.1335397,1901.0,12.587157,42800.0,4.3507547,72.50986,7.2488456,92.57017,0.8381182,True,False
Ica,Chincha,Sunampe,"Sunampe, Chincha, Ica",MOVISTAR,202308,202405,-9,pre_shutdown,5.8147793,1866.0,11.94695,38934.0,4.8136535,72.238235,3.781921,95.98787,0.8850569,True,False
Ica,Chincha,Sunampe,"Sunampe, Chincha, Ica",MOVISTAR,202309,202405,-8,pre_shutdown,4.3360615,1799.0,12.148876,38854.0,5.013847,72.93021,5.6710215,94.073166,0.64664644,True,False
Ica,Chincha,Sunampe,"Sunampe, Chincha, Ica",MOVISTAR,202310,202405,-7,pre_shutdown,5.757625,1586.0,11.478579,44338.0,4.1402807,72.438034,2.4390695,97.39433,0.62646264,True,False
Ica,Chincha,Sunampe,"Sunampe, Chincha, Ica",MOVISTAR,202311,202405,-6,pre_shutdown,4.149082,1747.0,11.530546,40265.0,4.3589444,72.49619,3.782743,96.01902,0.7557842,True,False
Ica,Chincha,Sunampe,"Sunampe, Chincha, Ica",MOVISTAR,202312,202405,-5,pre_shutdown,3.461994,1486.0,13.140054,52965.0,3.5288587,70.741936,2.3032534,95.87731,0.40339208,True,False
Ica,Chincha,Sunampe,"Sunampe, Chincha, Ica",MOVISTAR,202401,202405,-4,pre_shutdown,5.5152483,2307.0,11.746307,49029.0,3.6465158,71.53651,2.8470848,95.70794,0.4654899,True,False
Ica,Chincha,Sunampe,"Sunampe, Chincha, Ica",MOVISTAR,202402,202405,-3,pre_shutdown,4.4124813,2336.0,11.873064,42469.0,3.4274347,72.1589,4.0895886,95.2259,0.57267964,True,False
Ica,Chincha,Sunampe,"Sunampe, Chincha, Ica",MOVISTAR,202403,202405,-2,pre_shutdown,3.7821455,1341.0,11.438472,46286.0,3.765868,73.35167,4.056011,95.0403,0.35671702,True,False
Ica,Chincha,Sunampe,"Sunampe, Chincha, Ica",MOVISTAR,202404,202405,-1,pre_shutdown,3.8566873,949.0,12.129997,55462.0,3.1800182,73.36684,2.6066287,97.05279,0.74068964,True,False
Ica,Chincha,Sunampe,"Sunampe, Chincha, Ica",MOVISTAR,202405,202405,0,post_shutdown,0.0,0.0,12.545376,46784.0,3.4173863,81.652374,0.34218746,98.853485,0.46395472,False,True
Ica,Chincha,Sunampe,"Sunampe, Chincha, Ica",MOVISTAR,202406,202405,1,post_shutdown,0.0,0.0,12.719716,42976.0,3.8256133,85.184044,0.15642282,96.13698,0.33512387,False,True
Ica,Chincha,Sunampe,"Sunampe, Chincha, Ica",MOVISTAR,202407,202405,2,post_shutdown,0.0,0.0,11.351917,34509.0,3.73201,85.36023,0.12714165,97.47625,0.32426125,False,True
Ica,Chincha,Sunampe,"Sunampe, Chincha, Ica",MOVISTAR,202408,202405,3,post_shutdown,0.0,0.0,12.00538,37443.0,3.7196789,85.10835,0.03376725,98.165596,0.29986444,False,True
Ica,Chincha,Sunampe,"Sunampe, Chincha, Ica",MOVISTAR,202409,202405,4,post_shutdown,0.0,0.0,12.109469,40319.0,3.7146788,81.74449,0.06036068,97.54518,0.28822464,False,True
Ica,Chincha,Sunampe,"Sunampe, Chincha, Ica",MOVISTAR,202410,202405,5,post_shutdown,0.0,0.0,11.924708,42020.0,3.9145977,79.34164,0.053121757,97.77801,0.33414775,False,True
Ica,Chincha,Sunampe,"Sunampe, Chincha, Ica",MOVISTAR,202411,202405,6,post_shutdown,0.0,0.0,11.687888,31881.0,4.232795,70.2277,0.11709502,97.057495,0.30682302,False,True
Ica,Chincha,Sunampe,"Sunampe, Chincha, Ica",MOVISTAR,202412,202405,7,post_shutdown,0.0,0.0,11.98213,28969.0,4.143352,67.52843,0.1997368,95.45055,0.22225524,False,True
Ica,Chincha,Sunampe,"Sunampe, Chincha, Ica",MOVISTAR,202501,202405,8,post_shutdown,0.0,0.0,11.966063,36974.0,2.9455903,61.335712,0.2071301,96.223335,0.26461595,False,True
Ica,Chincha,Sunampe,"Sunampe, Chincha, Ica",MOVISTAR,202502,202405,9,post_shutdown,0.0,0.0,11.431902,25319.0,3.3288977,55.88438,0.11646136,95.61765,0.24985094,False,True
Ica,Chincha,Sunampe,"Sunampe, Chincha, Ica",MOVISTAR,202503,202405,10,post_shutdown,0.0,0.0,11.340706,30823.0,2.4539955,55.08143,0.075780444,98.86169,0.26087987,False,True
Ica,Chincha,Sunampe,"Sunampe, Chincha, Ica",MOVISTAR,202504,202405,11,post_shutdown,0.0,0.0,10.575775,29354.0,3.2121089,58.57482,0.06572668,95.68933,0.17633285,False,True
Ica,Chincha,Sunampe,"Sunampe, Chincha, Ica",MOVISTAR,202505,202405,12,post_shutdown,0.0,0.0,11.207232,27777.0,3.9455767,60.121185,0.09488871,97.5764,0.1741951,False,True
Ica,Chincha,Sunampe,"Sunampe, Chincha, Ica",MOVISTAR,202506,202405,13,post_shutdown,0.0,0.0,11.342917,29554.0,3.0929062,58.18221,0.083517715,98.26437,0.21482585,False,True
Ica,Chincha,Sunampe,"Sunampe, Chincha, Ica",MOVISTAR,202507,202405,14,post_shutdown,0.0,0.0,12.582429,37375.0,3.2113187,52.509335,0.07272886,97.771126,0.2264921,False,True
Ica,Chincha,Sunampe,"Sunampe, Chincha, Ica",MOVISTAR,202508,202405,15,post_shutdown,0.0,0.0,12.35411,26011.0,2.6568427,51.680233,0.115916684,98.57612,0.29772913,False,True
Ica,Chincha,Sunampe,"Sunampe, Chincha, Ica",MOVISTAR,202509,202405,16,post_shutdown,0.0,0.0,11.425232,23417.0,3.5453355,52.15941,0.07460422,98.385414,0.3487506,False,True
Ica,Chincha,Sunampe,"Sunampe, Chincha, Ica",MOVISTAR,202510,202405,17,post_shutdown,0.0,0.0,12.657267,28129.0,3.1624444,50.21694,0.059618592,98.223175,0.25771195,False,True
Ica,Chincha,Sunampe,"Sunampe, Chincha, Ica",MOVISTAR,202511,202405,18,post_shutdown,0.0,0.0,12.575248,22463.0,2.2622972,51.14213,0.08940588,98.12466,0.29342547,False,True
Ica,Chincha,Sunampe,"Sunampe, Chincha, Ica",MOVISTAR,202512,202405,19,post_shutdown,0.0,0.0,13.585769,20467.0,2.7297082,50.902935,0.23935845,96.90157,0.29003987,False,True
Ica,Chincha,Sunampe,"Sunampe, Chincha, Ica",MOVISTAR,202601,202405,20,post_shutdown,0.0,0.0,11.753204,28502.0,3.4234645,51.607277,0.088435724,97.77605,0.2977119,False,True
Ica,Chincha,Sunampe,"Sunampe, Chincha, Ica",MOVISTAR,202602,202405,21,post_shutdown,0.0,0.0,13.002799,26801.0,3.2536736,52.24186,0.046212092,97.03195,0.25447497,False,True
Ica,Chincha,Sunampe,"Sunampe, Chincha, Ica",MOVISTAR,202603,202405,22,post_shutdown,0.0,0.0,12.716677,24270.0,3.2323775,51.576138,0.05526621,97.09886,0.3092837,False,True
Ica,Chincha,Sunampe,"Sunampe, Chincha, Ica",MOVISTAR,202604,202405,23,post_shutdown,0.0,0.0,12.543365,31636.0,4.0158296,51.48347,0.051653583,96.64669,0.2431055,False,True
Ica,Chincha,Sunampe,"Sunampe, Chincha, Ica",MOVISTAR,202605,202405,24,post_shutdown,0.0,0.0,12.011895,31461.0,4.250708,51.610115,0.062340602,97.3242,0.27657416,False,True
Ica,Ica,Ica,"Ica, Ica, Ica",MOVISTAR,202301,202510,-33,pre_shutdown,4.9904523,6794.0,10.918385,179943.0,3.8378088,76.715096,4.383823,95.141716,0.98014945,True,False
Ica,Ica,Ica,"Ica, Ica, Ica",MOVISTAR,202302,202510,-32,pre_shutdown,9.877917,16165.0,11.830176,135934.0,3.987587,74.058395,6.0095096,93.5943,0.8884858,True,False
Ica,Ica,Ica,"Ica, Ica, Ica",MOVISTAR,202303,202510,-31,pre_shutdown,7.197699,15485.0,10.972329,131732.0,3.1559525,71.65366,5.2791424,94.0716,0.71371955,True,False
Ica,Ica,Ica,"Ica, Ica, Ica",MOVISTAR,202304,202510,-30,pre_shutdown,8.854521,15372.0,10.877966,115443.0,3.0509129,73.856964,5.3118324,93.19621,0.7342526,True,False
Ica,Ica,Ica,"Ica, Ica, Ica",MOVISTAR,202305,202510,-29,pre_shutdown,4.629575,6292.0,10.8219595,114272.0,3.464566,74.02883,4.36339,95.00518,0.74233836,True,False
Ica,Ica,Ica,"Ica, Ica, Ica",MOVISTAR,202306,202510,-28,pre_shutdown,3.994173,6960.0,11.285502,144335.0,3.0953608,73.231636,3.7005312,94.72599,0.79300463,True,False
Ica,Ica,Ica,"Ica, Ica, Ica",MOVISTAR,202307,202510,-27,pre_shutdown,4.95748,12142.0,11.326575,197244.0,3.22696,72.81126,5.1586876,94.01387,0.8063824,True,False
Ica,Ica,Ica,"Ica, Ica, Ica",MOVISTAR,202308,202510,-26,pre_shutdown,5.570532,13718.0,11.078885,204306.0,2.8196237,72.44962,4.364367,94.87912,0.87256014,True,False
Ica,Ica,Ica,"Ica, Ica, Ica",MOVISTAR,202309,202510,-25,pre_shutdown,5.4853697,14474.0,10.86245,206737.0,3.0051281,74.10987,5.081586,94.30562,0.7686253,True,False
Ica,Ica,Ica,"Ica, Ica, Ica",MOVISTAR,202310,202510,-24,pre_shutdown,5.663787,21855.0,10.814854,250590.0,2.9799178,73.56489,5.6747174,93.55027,0.8446301,True,False
Ica,Ica,Ica,"Ica, Ica, Ica",MOVISTAR,202311,202510,-23,pre_shutdown,5.3618217,19704.0,10.274536,206206.0,2.4746397,73.60656,5.930764,93.199326,0.94076824,True,False
Ica,Ica,Ica,"Ica, Ica, Ica",MOVISTAR,202312,202510,-22,pre_shutdown,5.4723287,19741.0,10.900457,220905.0,2.6693628,73.049736,4.9379306,93.85353,0.67896235,True,False
Ica,Ica,Ica,"Ica, Ica, Ica",MOVISTAR,202401,202510,-21,pre_shutdown,5.0282054,16204.0,10.603525,210399.0,2.506533,72.50307,5.64842,93.387436,0.7011927,True,False
Ica,Ica,Ica,"Ica, Ica, Ica",MOVISTAR,202402,202510,-20,pre_shutdown,4.670452,15441.0,10.598517,190480.0,2.871498,73.887115,6.557075,92.46209,0.67682433,True,False
Ica,Ica,Ica,"Ica, Ica, Ica",MOVISTAR,202403,202510,-19,pre_shutdown,4.343249,13097.0,10.411355,182894.0,2.8274016,74.38166,5.5844293,93.39628,0.77406865,True,False
Ica,Ica,Ica,"Ica, Ica, Ica",MOVISTAR,202404,202510,-18,pre_shutdown,4.279716,11638.0,10.257892,193061.0,2.7512589,73.74232,4.627547,94.13022,0.7088498,True,False
Ica,Ica,Ica,"Ica, Ica, Ica",MOVISTAR,202405,202510,-17,pre_shutdown,4.4576917,13836.0,10.036438,161318.0,2.5327656,73.881775,4.871846,94.13535,0.69306993,True,False
Ica,Ica,Ica,"Ica, Ica, Ica",MOVISTAR,202406,202510,-16,pre_shutdown,4.7619243,19961.0,10.034521,144871.0,2.4363592,74.42902,5.325953,93.58788,0.6832017,True,False
Ica,Ica,Ica,"Ica, Ica, Ica",MOVISTAR,202407,202510,-15,pre_shutdown,5.488392,14890.0,10.266493,141733.0,3.012997,75.75025,4.9048934,93.60065,0.8294081,True,False
Ica,Ica,Ica,"Ica, Ica, Ica",MOVISTAR,202408,202510,-14,pre_shutdown,4.5333214,9394.0,9.988231,138153.0,2.6546566,74.86115,5.6779385,94.18634,0.7335347,True,False
Ica,Ica,Ica,"Ica, Ica, Ica",MOVISTAR,202409,202510,-13,pre_shutdown,5.8440456,16337.0,10.110525,165593.0,3.5926907,70.72833,5.908082,93.77459,0.58410317,True,False
Ica,Ica,Ica,"Ica, Ica, Ica",MOVISTAR,202410,202510,-12,pre_shutdown,5.101369,16046.0,10.004693,190915.0,3.625515,68.43518,4.245626,95.18578,0.5521969,True,False
Ica,Ica,Ica,"Ica, Ica, Ica",MOVISTAR,202411,202510,-11,pre_shutdown,4.5054603,10632.0,10.292846,202369.0,3.1698096,58.767162,3.7316563,95.918495,0.4864324,True,False
Ica,Ica,Ica,"Ica, Ica, Ica",MOVISTAR,202412,202510,-10,pre_shutdown,4.630862,8497.0,10.099505,167902.0,2.9722886,56.538,3.3906934,96.40074,0.4050692,True,False
Ica,Ica,Ica,"Ica, Ica, Ica",MOVISTAR,202501,202510,-9,pre_shutdown,4.5946364,7236.0,10.127059,172388.0,2.8167336,57.105053,3.6721485,96.023506,0.42537525,True,False
Ica,Ica,Ica,"Ica, Ica, Ica",MOVISTAR,202502,202510,-8,pre_shutdown,4.4617696,5510.0,10.601594,158398.0,2.856625,55.855606,4.9182153,94.74913,0.37743172,True,False
Ica,Ica,Ica,"Ica, Ica, Ica",MOVISTAR,202503,202510,-7,pre_shutdown,4.4758873,5411.0,10.4949665,181089.0,2.793489,55.34439,4.281396,95.427505,0.48734435,True,False
Ica,Ica,Ica,"Ica, Ica, Ica",MOVISTAR,202504,202510,-6,pre_shutdown,4.5591526,5510.0,10.782593,189540.0,2.9308336,59.638603,4.5389194,95.17468,0.42300302,True,False
Ica,Ica,Ica,"Ica, Ica, Ica",MOVISTAR,202505,202510,-5,pre_shutdown,5.4949684,8790.0,10.416319,159678.0,2.8355625,60.76132,4.8937273,94.93705,0.44593677,True,False
Ica,Ica,Ica,"Ica, Ica, Ica",MOVISTAR,202506,202510,-4,pre_shutdown,4.9409537,5459.0,10.985179,173248.0,2.7828207,59.2147,3.4229336,96.28562,0.41255414,True,False
Ica,Ica,Ica,"Ica, Ica, Ica",MOVISTAR,202507,202510,-3,pre_shutdown,4.410085,4939.0,10.346629,163795.0,2.5434241,52.119728,3.8752186,96.00006,0.42413756,True,False
Ica,Ica,Ica,"Ica, Ica, Ica",MOVISTAR,202508,202510,-2,pre_shutdown,5.039417,5234.0,10.306702,168945.0,2.447761,52.8855,4.2318406,95.55042,0.4469143,True,False
Ica,Ica,Ica,"Ica, Ica, Ica",MOVISTAR,202509,202510,-1,pre_shutdown,4.417913,2876.0,10.891795,149267.0,2.6329343,53.008877,2.6308541,95.956,0.5100923,True,False
Ica,Ica,Ica,"Ica, Ica, Ica",MOVISTAR,202510,202510,0,post_shutdown,0.0,0.0,11.459638,162870.0,2.68116,51.09696,0.11608034,96.601814,0.4652895,False,True
Ica,Ica,Ica,"Ica, Ica, Ica",MOVISTAR,202511,202510,1,post_shutdown,0.0,0.0,11.330895,161209.0,2.5437326,50.339577,0.10916731,96.72457,0.46294266,False,True
Ica,Ica,Ica,"Ica, Ica, Ica",MOVISTAR,202512,202510,2,post_shutdown,0.0,0.0,11.8067465,150362.0,2.662308,51.358845,0.06007339,96.79,0.41786852,False,True
Ica,Ica,Ica,"Ica, Ica, Ica",MOVISTAR,202601,202510,3,post_shutdown,0.0,0.0,11.506156,132873.0,3.1694546,51.501076,0.1020171,96.17538,0.39391062,False,True
Ica,Ica,Ica,"Ica, Ica, Ica",MOVISTAR,202602,202510,4,post_shutdown,0.0,0.0,11.408929,147834.0,2.6124012,53.895348,0.0531734,97.05965,0.5361649,False,True
Ica,Ica,Ica,"Ica, Ica, Ica",MOVISTAR,202603,202510,5,post_shutdown,0.0,0.0,12.235784,180908.0,3.078592,55.972477,0.12352172,97.49828,0.5621826,False,True
Ica,Ica,Ica,"Ica, Ica, Ica",MOVISTAR,202604,202510,6,post_shutdown,0.0,0.0,11.950211,148819.0,3.0087202,57.509686,0.06598505,98.47187,0.94437456,False,True
Ica,Ica,Ica,"Ica, Ica, Ica",MOVISTAR,202605,202510,7,post_shutdown,0.0,0.0,12.72821,148982.0,3.3873909,56.516193,0.023124406,99.00547,0.60413295,False,True
Ica,Ica,La Tinguiña,"La Tinguiña, Ica, Ica",MOVISTAR,202301,202508,-31,pre_shutdown,4.919153,1118.0,10.186623,14978.0,4.3843856,76.3802,3.917324,95.47193,0.95372105,True,False
Ica,Ica,La Tinguiña,"La Tinguiña, Ica, Ica",MOVISTAR,202302,202508,-30,pre_shutdown,5.653191,813.0,11.179694,10628.0,5.1492267,73.29863,5.8178368,94.09616,0.846248,True,False
Ica,Ica,La Tinguiña,"La Tinguiña, Ica, Ica",MOVISTAR,202303,202508,-29,pre_shutdown,6.2847767,540.0,13.967758,13254.0,4.615342,69.436134,7.0562906,92.877426,0.67973,True,False
Ica,Ica,La Tinguiña,"La Tinguiña, Ica, Ica",MOVISTAR,202304,202508,-28,pre_shutdown,5.0044594,821.0,11.999272,14438.0,4.011701,72.29039,6.3341208,92.921394,0.72392297,True,False
Ica,Ica,La Tinguiña,"La Tinguiña, Ica, Ica",MOVISTAR,202305,202508,-27,pre_shutdown,5.462348,757.0,10.6604395,22994.0,4.399857,74.35491,7.2747746,92.17914,0.53493166,True,False
Ica,Ica,La Tinguiña,"La Tinguiña, Ica, Ica",MOVISTAR,202306,202508,-26,pre_shutdown,5.237985,737.0,10.734205,18190.0,3.2182174,72.512146,7.8324904,91.41426,0.73787445,True,False
Ica,Ica,La Tinguiña,"La Tinguiña, Ica, Ica",MOVISTAR,202307,202508,-25,pre_shutdown,5.6232514,851.0,11.398863,19741.0,3.2560174,73.41824,2.7900214,95.69014,0.7383076,True,False
Ica,Ica,La Tinguiña,"La Tinguiña, Ica, Ica",MOVISTAR,202308,202508,-24,pre_shutdown,4.7922406,539.0,10.62028,20015.0,3.2176745,72.362595,2.7466872,96.15249,0.94675666,True,False
Ica,Ica,La Tinguiña,"La Tinguiña, Ica, Ica",MOVISTAR,202309,202508,-23,pre_shutdown,4.8680706,902.0,10.53965,27710.0,3.0160093,74.90564,3.131433,96.22113,0.76822084,True,False
Ica,Ica,La Tinguiña,"La Tinguiña, Ica, Ica",MOVISTAR,202310,202508,-22,pre_shutdown,5.5469923,1897.0,9.521847,28599.0,3.7368948,73.81393,4.981562,94.068245,0.8909181,True,False
Ica,Ica,La Tinguiña,"La Tinguiña, Ica, Ica",MOVISTAR,202311,202508,-21,pre_shutdown,5.046049,1362.0,9.350632,32630.0,3.840354,72.2425,3.6185408,95.89788,0.9460222,True,False
Ica,Ica,La Tinguiña,"La Tinguiña, Ica, Ica",MOVISTAR,202312,202508,-20,pre_shutdown,4.4465985,1135.0,8.152229,27906.0,3.3542469,72.19778,3.396466,96.03258,0.57997715,True,False
Ica,Ica,La Tinguiña,"La Tinguiña, Ica, Ica",MOVISTAR,202401,202508,-19,pre_shutdown,4.375262,882.0,10.441736,27450.0,3.2406425,71.3297,3.4746544,95.866745,0.6375785,True,False
Ica,Ica,La Tinguiña,"La Tinguiña, Ica, Ica",MOVISTAR,202402,202508,-18,pre_shutdown,4.85538,1221.0,8.703483,22213.0,2.1723776,72.641685,3.6076014,95.827286,0.62734497,True,False
Ica,Ica,La Tinguiña,"La Tinguiña, Ica, Ica",MOVISTAR,202403,202508,-17,pre_shutdown,4.6683125,1122.0,7.6898627,22170.0,2.4172363,72.31244,3.8214025,93.90197,0.6460156,True,False
Ica,Ica,La Tinguiña,"La Tinguiña, Ica, Ica",MOVISTAR,202404,202508,-16,pre_shutdown,4.0814576,877.0,8.558565,22195.0,2.702883,72.01066,2.408407,94.95999,0.5063361,True,False
Ica,Ica,La Tinguiña,"La Tinguiña, Ica, Ica",MOVISTAR,202405,202508,-15,pre_shutdown,4.4334674,1122.0,7.8000574,27474.0,2.966748,73.20604,2.813312,95.96227,0.9398496,True,False
Ica,Ica,La Tinguiña,"La Tinguiña, Ica, Ica",MOVISTAR,202406,202508,-14,pre_shutdown,5.1489077,1436.0,8.413295,29017.0,3.7206838,74.29824,4.17629,95.432,0.47729957,True,False
Ica,Ica,La Tinguiña,"La Tinguiña, Ica, Ica",MOVISTAR,202407,202508,-13,pre_shutdown,4.5947466,1302.0,8.41125,26140.0,2.8574677,75.533844,4.1706805,95.63689,0.5093739,True,False
Ica,Ica,La Tinguiña,"La Tinguiña, Ica, Ica",MOVISTAR,202408,202508,-12,pre_shutdown,4.1105256,1769.0,9.95832,24977.0,4.21974,74.67652,3.6234002,96.22295,0.5163219,True,False
Ica,Ica,La Tinguiña,"La Tinguiña, Ica, Ica",MOVISTAR,202409,202508,-11,pre_shutdown,4.3739576,1421.0,9.403891,26849.0,4.886565,71.43166,3.627149,96.02347,0.5392608,True,False
Ica,Ica,La Tinguiña,"La Tinguiña, Ica, Ica",MOVISTAR,202410,202508,-10,pre_shutdown,4.769528,1050.0,8.850688,18156.0,4.137382,70.08101,3.3773453,96.06409,0.47290763,True,False
Ica,Ica,La Tinguiña,"La Tinguiña, Ica, Ica",MOVISTAR,202411,202508,-9,pre_shutdown,4.125406,1307.0,8.508616,16246.0,4.0875936,61.37095,4.384761,95.28067,0.70969296,True,False
Ica,Ica,La Tinguiña,"La Tinguiña, Ica, Ica",MOVISTAR,202412,202508,-8,pre_shutdown,5.1568475,1303.0,7.9820375,20692.0,3.080379,60.24874,3.7506092,95.888,0.5013872,True,False
Ica,Ica,La Tinguiña,"La Tinguiña, Ica, Ica",MOVISTAR,202501,202508,-7,pre_shutdown,5.7269616,1253.0,7.995844,26941.0,3.022662,61.190304,1.8099481,97.83172,0.73435086,True,False
Ica,Ica,La Tinguiña,"La Tinguiña, Ica, Ica",MOVISTAR,202502,202508,-6,pre_shutdown,5.677325,2039.0,7.7936225,25465.0,3.3470464,58.239883,2.798232,97.09781,0.84118044,True,False
Ica,Ica,La Tinguiña,"La Tinguiña, Ica, Ica",MOVISTAR,202503,202508,-5,pre_shutdown,5.23417,1121.0,8.156985,18733.0,3.6177168,56.806065,2.5041444,97.06052,0.74563384,True,False
Ica,Ica,La Tinguiña,"La Tinguiña, Ica, Ica",MOVISTAR,202504,202508,-4,pre_shutdown,4.325194,532.0,9.140835,19126.0,3.994912,58.747704,6.358013,93.55606,0.47923887,True,False
Ica,Ica,La Tinguiña,"La Tinguiña, Ica, Ica",MOVISTAR,202505,202508,-3,pre_shutdown,3.3772767,897.0,9.006671,18265.0,3.3456862,61.586998,3.3032186,96.123405,0.65060014,True,False
Ica,Ica,La Tinguiña,"La Tinguiña, Ica, Ica",MOVISTAR,202506,202508,-2,pre_shutdown,3.1440375,855.0,8.538438,14081.0,3.2234294,60.588417,3.589604,95.49614,0.79184127,True,False
Ica,Ica,La Tinguiña,"La Tinguiña, Ica, Ica",MOVISTAR,202507,202508,-1,pre_shutdown,3.8543644,964.0,8.525358,16201.0,3.4199958,52.771683,3.165534,95.812546,0.8947776,True,False
Ica,Ica,La Tinguiña,"La Tinguiña, Ica, Ica",MOVISTAR,202508,202508,0,post_shutdown,0.0,0.0,9.379902,19234.0,3.830171,52.114574,1.793224,97.62484,0.7263806,False,True
Ica,Ica,La Tinguiña,"La Tinguiña, Ica, Ica",MOVISTAR,202509,202508,1,post_shutdown,0.0,0.0,10.43303,17621.0,2.7168827,51.428642,1.1246268,97.92681,0.6391286,False,True
Ica,Ica,La Tinguiña,"La Tinguiña, Ica, Ica",MOVISTAR,202510,202508,2,post_shutdown,0.0,0.0,11.470205,22630.0,2.479388,52.822952,0.007175772,97.315834,0.43206295,False,True
Ica,Ica,La Tinguiña,"La Tinguiña, Ica, Ica",MOVISTAR,202511,202508,3,post_shutdown,0.0,0.0,11.552966,24880.0,2.7414453,49.612915,0.0132195195,98.35701,0.45495835,False,True
Ica,Ica,La Tinguiña,"La Tinguiña, Ica, Ica",MOVISTAR,202512,202508,4,post_shutdown,0.0,0.0,10.727754,22971.0,2.4656777,52.885902,0.038545843,93.43458,0.6211982,False,True
Ica,Ica,La Tinguiña,"La Tinguiña, Ica, Ica",MOVISTAR,202601,202508,5,post_shutdown,0.0,0.0,10.08758,21519.0,2.2795315,54.931557,0.021924531,98.499275,0.6173432,False,True
Ica,Ica,La Tinguiña,"La Tinguiña, Ica, Ica",MOVISTAR,202602,202508,6,post_shutdown,0.0,0.0,11.648405,29496.0,1.9337683,52.21352,0.012066405,98.37429,0.37629676,False,True
Ica,Ica,La Tinguiña,"La Tinguiña, Ica, Ica",MOVISTAR,202603,202508,7,post_shutdown,0.0,0.0,12.558959,24607.0,2.2944498,52.82405,0.05005397,99.21551,0.37763137,False,True
Ica,Ica,La Tinguiña,"La Tinguiña, Ica, Ica",MOVISTAR,202604,202508,8,post_shutdown,0.0,0.0,13.367156,21883.0,2.8644297,55.490376,0.033386804,99.52906,0.40705562,False,True
Ica,Ica,La Tinguiña,"La Tinguiña, Ica, Ica",MOVISTAR,202605,202508,9,post_shutdown,0.0,0.0,13.290296,17462.0,2.6750567,54.97946,0.019312814,99.12695,0.30945757,False,True
Ica,Ica,Parcona,"Parcona, Ica, Ica",MOVISTAR,202301,202510,-33,pre_shutdown,6.3516307,8155.0,10.691666,21025.0,4.730023,77.151054,14.271957,84.6853,1.0141193,True,False
Ica,Ica,Parcona,"Parcona, Ica, Ica",MOVISTAR,202302,202510,-32,pre_shutdown,5.4731274,5696.0,11.595715,20656.0,5.1496167,73.93641,16.223124,83.503654,1.1864853,True,False
Ica,Ica,Parcona,"Parcona, Ica, Ica",MOVISTAR,202303,202510,-31,pre_shutdown,5.13723,3923.0,9.030075,16612.0,3.0622487,73.32727,12.0055485,87.69724,1.0304085,True,False
Ica,Ica,Parcona,"Parcona, Ica, Ica",MOVISTAR,202304,202510,-30,pre_shutdown,5.64566,3984.0,9.049561,15469.0,2.8632767,74.0167,15.354821,84.15932,1.0095643,True,False
Ica,Ica,Parcona,"Parcona, Ica, Ica",MOVISTAR,202305,202510,-29,pre_shutdown,3.3146858,1112.0,8.789285,15685.0,2.9496405,75.32909,8.498941,91.306244,1.185738,True,False
Ica,Ica,Parcona,"Parcona, Ica, Ica",MOVISTAR,202306,202510,-28,pre_shutdown,4.580025,2463.0,11.255232,17156.0,2.8744125,72.62361,8.505196,90.649704,0.8963192,True,False
Ica,Ica,Parcona,"Parcona, Ica, Ica",MOVISTAR,202307,202510,-27,pre_shutdown,4.2019777,3629.0,9.96617,22483.0,3.2259722,72.862366,6.136691,93.50337,0.9574916,True,False
Ica,Ica,Parcona,"Parcona, Ica, Ica",MOVISTAR,202308,202510,-26,pre_shutdown,4.353924,3015.0,12.671967,29718.0,3.0998037,72.09227,8.659177,90.21754,0.8151622,True,False
Ica,Ica,Parcona,"Parcona, Ica, Ica",MOVISTAR,202309,202510,-25,pre_shutdown,4.672698,3594.0,10.118343,36633.0,4.2630816,75.361115,6.1873407,93.09614,0.7881428,True,False
Ica,Ica,Parcona,"Parcona, Ica, Ica",MOVISTAR,202310,202510,-24,pre_shutdown,3.620784,3243.0,10.01934,36733.0,4.4845324,74.32986,4.906067,93.83207,0.81857485,True,False
Ica,Ica,Parcona,"Parcona, Ica, Ica",MOVISTAR,202311,202510,-23,pre_shutdown,4.9522033,2735.0,10.216735,37694.0,2.8135562,73.32168,4.31196,94.73132,0.94965255,True,False
Ica,Ica,Parcona,"Parcona, Ica, Ica",MOVISTAR,202312,202510,-22,pre_shutdown,4.4245753,2724.0,11.020906,47719.0,5.039068,72.17976,4.914476,94.25209,0.5458731,True,False
Ica,Ica,Parcona,"Parcona, Ica, Ica",MOVISTAR,202401,202510,-21,pre_shutdown,6.017574,4437.0,9.675002,40025.0,4.6862473,71.41429,5.5092072,92.80285,0.75768346,True,False
Ica,Ica,Parcona,"Parcona, Ica, Ica",MOVISTAR,202402,202510,-20,pre_shutdown,3.8802676,1893.0,10.088893,29230.0,4.3407693,73.04246,4.685138,93.97034,0.664511,True,False
Ica,Ica,Parcona,"Parcona, Ica, Ica",MOVISTAR,202403,202510,-19,pre_shutdown,4.1646748,3776.0,9.866154,34007.0,4.4897795,73.88738,8.6009245,89.685875,0.63327074,True,False
Ica,Ica,Parcona,"Parcona, Ica, Ica",MOVISTAR,202404,202510,-18,pre_shutdown,5.1978383,3009.0,9.057882,30978.0,4.4468346,74.111275,6.797059,91.877975,0.66065055,True,False
Ica,Ica,Parcona,"Parcona, Ica, Ica",MOVISTAR,202405,202510,-17,pre_shutdown,3.595618,1917.0,10.306986,34102.0,4.6741385,73.66181,4.5880895,94.41422,0.57292056,True,False
Ica,Ica,Parcona,"Parcona, Ica, Ica",MOVISTAR,202406,202510,-16,pre_shutdown,4.9296756,3313.0,11.410059,27074.0,5.1519446,73.709755,5.673484,92.50521,0.5101876,True,False
Ica,Ica,Parcona,"Parcona, Ica, Ica",MOVISTAR,202407,202510,-15,pre_shutdown,4.4768767,1834.0,9.695201,23837.0,4.787932,74.657776,5.5841465,91.629555,0.53028166,True,False
Ica,Ica,Parcona,"Parcona, Ica, Ica",MOVISTAR,202408,202510,-14,pre_shutdown,4.006411,1288.0,9.126798,23768.0,5.1575265,75.58624,8.438934,91.380325,0.7329915,True,False
Ica,Ica,Parcona,"Parcona, Ica, Ica",MOVISTAR,202409,202510,-13,pre_shutdown,5.1124988,2805.0,9.372052,23014.0,4.621489,71.387184,10.318068,89.21841,0.69069415,True,False
Ica,Ica,Parcona,"Parcona, Ica, Ica",MOVISTAR,202410,202510,-12,pre_shutdown,5.1016083,2927.0,9.059972,30844.0,2.1410837,68.33912,6.717005,92.822784,0.3933727,True,False
Ica,Ica,Parcona,"Parcona, Ica, Ica",MOVISTAR,202411,202510,-11,pre_shutdown,4.9851613,2219.0,10.415377,29015.0,2.3757625,59.139675,7.1214957,92.45223,0.48541462,True,False
Ica,Ica,Parcona,"Parcona, Ica, Ica",MOVISTAR,202412,202510,-10,pre_shutdown,5.406717,2431.0,10.562608,30463.0,3.8778768,56.6769,6.8276873,92.871605,0.4292923,True,False
Ica,Ica,Parcona,"Parcona, Ica, Ica",MOVISTAR,202501,202510,-9,pre_shutdown,4.7254333,1945.0,8.711342,33716.0,4.6713343,59.382103,6.4219947,93.29317,0.410583,True,False
Ica,Ica,Parcona,"Parcona, Ica, Ica",MOVISTAR,202502,202510,-8,pre_shutdown,5.410864,1757.0,9.070587,34333.0,3.7867172,60.079247,4.1774907,95.6656,0.49258393,True,False
Ica,Ica,Parcona,"Parcona, Ica, Ica",MOVISTAR,202503,202510,-7,pre_shutdown,4.0866838,1110.0,8.4374275,32543.0,2.4312813,59.442604,5.7023597,94.089645,0.4796727,True,False
Ica,Ica,Parcona,"Parcona, Ica, Ica",MOVISTAR,202504,202510,-6,pre_shutdown,4.837887,1088.0,8.925073,29339.0,4.968379,66.273415,5.8200645,93.99293,0.40820527,True,False
Ica,Ica,Parcona,"Parcona, Ica, Ica",MOVISTAR,202505,202510,-5,pre_shutdown,3.9246373,1167.0,8.695896,35291.0,4.1229234,66.22254,4.58474,95.33384,0.3758862,True,False
Ica,Ica,Parcona,"Parcona, Ica, Ica",MOVISTAR,202506,202510,-4,pre_shutdown,3.9316308,1329.0,10.054624,35420.0,3.5740478,64.92671,2.5743606,97.33557,0.4718347,True,False
Ica,Ica,Parcona,"Parcona, Ica, Ica",MOVISTAR,202507,202510,-3,pre_shutdown,3.955562,1388.0,9.057802,36184.0,2.4100544,55.93381,3.6627738,96.21253,0.59017,True,False
Ica,Ica,Parcona,"Parcona, Ica, Ica",MOVISTAR,202508,202510,-2,pre_shutdown,4.171571,1199.0,9.411378,33141.0,2.735932,57.41094,2.8236868,97.00115,0.49485695,True,False
Ica,Ica,Parcona,"Parcona, Ica, Ica",MOVISTAR,202509,202510,-1,pre_shutdown,3.7919967,595.0,8.988439,26283.0,2.5312226,56.20547,2.5179646,96.362686,0.4098766,True,False
Ica,Ica,Parcona,"Parcona, Ica, Ica",MOVISTAR,202510,202510,0,post_shutdown,0.0,0.0,9.896399,29698.0,3.8355944,55.545803,0.02642567,98.52398,0.39158663,False,True
Ica,Ica,Parcona,"Parcona, Ica, Ica",MOVISTAR,202511,202510,1,post_shutdown,0.0,0.0,10.61738,31259.0,3.0606382,53.414047,0.02160593,97.77465,0.5306526,False,True
Ica,Ica,Parcona,"Parcona, Ica, Ica",MOVISTAR,202512,202510,2,post_shutdown,0.0,0.0,10.722209,30214.0,2.7845984,55.286114,0.0023390276,96.81123,0.42290995,False,True
Ica,Ica,Parcona,"Parcona, Ica, Ica",MOVISTAR,202601,202510,3,post_shutdown,0.0,0.0,11.0104685,39897.0,2.634495,56.832916,0.102997884,96.732994,0.5506139,False,True
Ica,Ica,Parcona,"Parcona, Ica, Ica",MOVISTAR,202602,202510,4,post_shutdown,0.0,0.0,10.378873,36578.0,2.9724088,58.64488,0.022814,97.73322,0.6642592,False,True
Ica,Ica,Parcona,"Parcona, Ica, Ica",MOVISTAR,202603,202510,5,post_shutdown,0.0,0.0,11.567594,39936.0,2.3500051,58.398293,0.017557435,98.18819,0.6466773,False,True
Ica,Ica,Parcona,"Parcona, Ica, Ica",MOVISTAR,202604,202510,6,post_shutdown,0.0,0.0,12.008555,41321.0,2.8136787,58.89421,0.004508556,97.59334,0.55799776,False,True
Ica,Ica,Parcona,"Parcona, Ica, Ica",MOVISTAR,202605,202510,7,post_shutdown,0.0,0.0,11.375205,36973.0,2.505587,59.06,0.00769987,97.48582,0.6196664,False,True
Ica,Ica,Subtanjalla,"Subtanjalla, Ica, Ica",MOVISTAR,202301,202507,-30,pre_shutdown,4.0748696,952.0,6.5994506,11946.0,2.6351588,77.55035,6.883468,92.188194,1.4579978,True,False
Ica,Ica,Subtanjalla,"Subtanjalla, Ica, Ica",MOVISTAR,202302,202507,-29,pre_shutdown,3.357791,2470.0,9.545178,12695.0,4.7905803,77.909096,14.686217,84.03639,1.0024407,True,False
Ica,Ica,Subtanjalla,"Subtanjalla, Ica, Ica",MOVISTAR,202303,202507,-28,pre_shutdown,4.4782124,4116.0,9.462633,15359.0,4.343059,74.407265,17.009865,81.93044,0.7887465,True,False
Ica,Ica,Subtanjalla,"Subtanjalla, Ica, Ica",MOVISTAR,202304,202507,-27,pre_shutdown,4.6707153,3241.0,8.982748,8409.0,2.601925,75.313095,15.5816555,83.92139,0.9487512,True,False
Ica,Ica,Subtanjalla,"Subtanjalla, Ica, Ica",MOVISTAR,202305,202507,-26,pre_shutdown,6.487243,1321.0,10.021519,8145.0,3.497723,76.05537,13.305578,85.86521,0.84678334,True,False
Ica,Ica,Subtanjalla,"Subtanjalla, Ica, Ica",MOVISTAR,202306,202507,-25,pre_shutdown,6.662633,1402.0,9.959995,12565.0,3.0113761,74.87703,12.725764,86.46604,1.0398197,True,False
Ica,Ica,Subtanjalla,"Subtanjalla, Ica, Ica",MOVISTAR,202307,202507,-24,pre_shutdown,6.4687295,1746.0,9.147012,14947.0,2.4709463,73.21151,4.277265,95.51519,1.1022325,True,False
Ica,Ica,Subtanjalla,"Subtanjalla, Ica, Ica",MOVISTAR,202308,202507,-23,pre_shutdown,3.9333882,1303.0,7.7065363,11589.0,2.644291,72.545845,10.434643,88.527565,1.0811658,True,False
Ica,Ica,Subtanjalla,"Subtanjalla, Ica, Ica",MOVISTAR,202309,202507,-22,pre_shutdown,3.6523783,1674.0,8.060545,16687.0,3.5891235,74.33478,10.774588,88.56552,1.0955716,True,False
Ica,Ica,Subtanjalla,"Subtanjalla, Ica, Ica",MOVISTAR,202310,202507,-21,pre_shutdown,4.86284,1776.0,8.015013,19346.0,2.51598,73.97229,9.229894,89.82436,1.0930902,True,False
Ica,Ica,Subtanjalla,"Subtanjalla, Ica, Ica",MOVISTAR,202311,202507,-20,pre_shutdown,4.26307,1368.0,6.1018004,16001.0,2.012551,74.35091,10.044469,88.607506,1.1681886,True,False
Ica,Ica,Subtanjalla,"Subtanjalla, Ica, Ica",MOVISTAR,202312,202507,-19,pre_shutdown,4.355447,1238.0,6.3913107,16129.0,3.1307402,73.85511,14.02849,85.28682,0.7894476,True,False
Ica,Ica,Subtanjalla,"Subtanjalla, Ica, Ica",MOVISTAR,202401,202507,-18,pre_shutdown,4.1596217,1434.0,6.465178,8076.0,2.3583183,73.91966,13.119734,80.96895,0.9966908,True,False
Ica,Ica,Subtanjalla,"Subtanjalla, Ica, Ica",MOVISTAR,202402,202507,-17,pre_shutdown,3.67219,717.0,9.161398,12140.0,2.3455555,72.68141,5.9277687,87.06413,0.8611885,True,False
Ica,Ica,Subtanjalla,"Subtanjalla, Ica, Ica",MOVISTAR,202403,202507,-16,pre_shutdown,3.6928582,596.0,8.008181,10189.0,2.5303242,72.811844,10.596293,85.18904,0.6770183,True,False
Ica,Ica,Subtanjalla,"Subtanjalla, Ica, Ica",MOVISTAR,202404,202507,-15,pre_shutdown,4.4469213,739.0,7.1790037,11277.0,2.449614,73.5889,13.259223,85.21651,0.74132,True,False
Ica,Ica,Subtanjalla,"Subtanjalla, Ica, Ica",MOVISTAR,202405,202507,-14,pre_shutdown,4.1188636,776.0,6.4688005,7935.0,2.7663987,74.02419,16.572067,82.86927,0.73436654,True,False
Ica,Ica,Subtanjalla,"Subtanjalla, Ica, Ica",MOVISTAR,202406,202507,-13,pre_shutdown,3.3290503,1286.0,6.1722,12393.0,3.5125911,76.49991,10.041988,89.535126,0.9421074,True,False
Ica,Ica,Subtanjalla,"Subtanjalla, Ica, Ica",MOVISTAR,202407,202507,-12,pre_shutdown,4.0243545,1300.0,8.199811,15464.0,3.2063026,76.68753,10.341123,88.5851,0.835611,True,False
Ica,Ica,Subtanjalla,"Subtanjalla, Ica, Ica",MOVISTAR,202408,202507,-11,pre_shutdown,3.3784742,668.0,9.117851,15319.0,2.6973593,74.20653,7.3583536,92.090744,0.73670053,True,False
Ica,Ica,Subtanjalla,"Subtanjalla, Ica, Ica",MOVISTAR,202409,202507,-10,pre_shutdown,6.333117,1997.0,10.399481,13798.0,2.6161447,69.805374,13.170117,86.36197,0.57789093,True,False
Ica,Ica,Subtanjalla,"Subtanjalla, Ica, Ica",MOVISTAR,202410,202507,-9,pre_shutdown,3.4668443,1127.0,9.665489,14177.0,2.854961,69.06255,14.235611,85.26532,0.6258163,True,False
Ica,Ica,Subtanjalla,"Subtanjalla, Ica, Ica",MOVISTAR,202411,202507,-8,pre_shutdown,5.188864,1586.0,8.416873,17840.0,2.5728338,60.671722,17.338047,81.55656,0.7481998,True,False
Ica,Ica,Subtanjalla,"Subtanjalla, Ica, Ica",MOVISTAR,202412,202507,-7,pre_shutdown,3.4711833,829.0,9.327118,14720.0,3.1572714,62.0133,12.9688015,86.79758,0.7108135,True,False
Ica,Ica,Subtanjalla,"Subtanjalla, Ica, Ica",MOVISTAR,202501,202507,-6,pre_shutdown,3.1341643,579.0,9.234443,16890.0,2.7691624,58.213783,8.650805,90.872314,0.6504551,True,False
Ica,Ica,Subtanjalla,"Subtanjalla, Ica, Ica",MOVISTAR,202502,202507,-5,pre_shutdown,3.4631994,968.0,9.915938,12503.0,2.8121781,57.52011,10.146141,88.92925,0.71927553,True,False
Ica,Ica,Subtanjalla,"Subtanjalla, Ica, Ica",MOVISTAR,202503,202507,-4,pre_shutdown,3.6366603,746.0,8.799234,17650.0,3.5487585,56.4006,9.218388,90.002945,0.76816887,True,False
Ica,Ica,Subtanjalla,"Subtanjalla, Ica, Ica",MOVISTAR,202504,202507,-3,pre_shutdown,3.587103,919.0,7.2857714,10807.0,3.6607635,61.467037,11.037556,88.60851,0.6865491,True,False
Ica,Ica,Subtanjalla,"Subtanjalla, Ica, Ica",MOVISTAR,202505,202507,-2,pre_shutdown,4.1196303,553.0,7.863396,8589.0,2.8225267,63.41708,16.715302,82.768364,0.6922482,True,False
Ica,Ica,Subtanjalla,"Subtanjalla, Ica, Ica",MOVISTAR,202506,202507,-1,pre_shutdown,3.4556122,423.0,7.480756,9659.0,3.1064327,59.441216,8.106248,90.87377,0.74419,True,False
Ica,Ica,Subtanjalla,"Subtanjalla, Ica, Ica",MOVISTAR,202507,202507,0,post_shutdown,0.0,0.0,7.704569,6494.0,2.7158391,54.14784,8.914519,90.42308,0.7764909,False,True
Ica,Ica,Subtanjalla,"Subtanjalla, Ica, Ica",MOVISTAR,202508,202507,1,post_shutdown,0.0,0.0,9.443135,8237.0,3.491611,52.84778,7.395104,92.23791,0.6847167,False,True
Ica,Ica,Subtanjalla,"Subtanjalla, Ica, Ica",MOVISTAR,202509,202507,2,post_shutdown,0.0,0.0,11.330921,8255.0,2.8397813,53.110413,6.657142,86.381325,0.68065196,False,True
Ica,Ica,Subtanjalla,"Subtanjalla, Ica, Ica",MOVISTAR,202510,202507,3,post_shutdown,0.0,0.0,12.6808405,13107.0,2.4945116,54.422066,0.031480037,90.61103,0.6229172,False,True
Ica,Ica,Subtanjalla,"Subtanjalla, Ica, Ica",MOVISTAR,202511,202507,4,post_shutdown,0.0,0.0,13.37549,14929.0,2.9690962,50.789883,0.003044604,93.68592,0.48767167,False,True
Ica,Ica,Subtanjalla,"Subtanjalla, Ica, Ica",MOVISTAR,202512,202507,5,post_shutdown,0.0,0.0,14.370419,11334.0,2.7407582,54.652878,0.027321823,95.47286,0.5221401,False,True
Ica,Ica,Subtanjalla,"Subtanjalla, Ica, Ica",MOVISTAR,202601,202507,6,post_shutdown,0.0,0.0,14.587702,16235.0,3.3270187,53.06889,0.007600297,96.773834,0.4106776,False,True
Ica,Ica,Subtanjalla,"Subtanjalla, Ica, Ica",MOVISTAR,202602,202507,7,post_shutdown,0.0,0.0,14.62695,13527.0,4.5350933,61.30255,0.010625082,95.11942,0.5901092,False,True
Ica,Ica,Subtanjalla,"Subtanjalla, Ica, Ica",MOVISTAR,202603,202507,8,post_shutdown,0.0,0.0,14.043311,16184.0,3.879967,62.4854,0.011662327,93.069145,0.44958252,False,True
Ica,Ica,Subtanjalla,"Subtanjalla, Ica, Ica",MOVISTAR,202604,202507,9,post_shutdown,0.0,0.0,15.710889,12926.0,3.7411172,62.25063,0.007278018,94.49318,0.4759875,False,True
Ica,Ica,Subtanjalla,"Subtanjalla, Ica, Ica",MOVISTAR,202605,202507,10,post_shutdown,0.0,0.0,13.438095,11290.0,2.8343985,58.068455,0.018024672,92.771965,0.7024125,False,True
Junin,Huancayo,Chilca,"Chilca, Huancayo, Junin",MOVISTAR,202301,202501,-24,pre_shutdown,3.68378,1747.0,6.19303,35213.0,3.5120056,80.83745,4.4854684,93.28055,2.0057142,True,False
Junin,Huancayo,Chilca,"Chilca, Huancayo, Junin",MOVISTAR,202302,202501,-23,pre_shutdown,3.1789873,2203.0,7.3445096,38567.0,3.1863856,78.39492,4.8595486,92.67821,2.2109141,True,False
Junin,Huancayo,Chilca,"Chilca, Huancayo, Junin",MOVISTAR,202303,202501,-22,pre_shutdown,3.4025378,1884.0,6.5782633,32834.0,2.5671456,75.61143,4.8809304,93.65627,1.7246706,True,False
Junin,Huancayo,Chilca,"Chilca, Huancayo, Junin",MOVISTAR,202304,202501,-21,pre_shutdown,3.4492354,1848.0,6.8185444,27711.0,3.190897,76.805725,5.0333595,93.41518,1.9360976,True,False
Junin,Huancayo,Chilca,"Chilca, Huancayo, Junin",MOVISTAR,202305,202501,-20,pre_shutdown,5.290124,3314.0,7.417787,31980.0,2.371584,77.218254,6.5121355,92.19003,1.5711962,True,False
Junin,Huancayo,Chilca,"Chilca, Huancayo, Junin",MOVISTAR,202306,202501,-19,pre_shutdown,3.785101,3431.0,8.751068,43448.0,3.1916578,75.551125,7.165501,92.40746,1.5665456,True,False
Junin,Huancayo,Chilca,"Chilca, Huancayo, Junin",MOVISTAR,202307,202501,-18,pre_shutdown,3.771729,4341.0,7.079285,54053.0,3.0278685,77.14708,6.057838,93.21673,1.6465261,True,False
Junin,Huancayo,Chilca,"Chilca, Huancayo, Junin",MOVISTAR,202308,202501,-17,pre_shutdown,3.9843993,4551.0,6.920688,57414.0,3.2891567,77.99688,6.0766063,93.55556,1.8697145,True,False
Junin,Huancayo,Chilca,"Chilca, Huancayo, Junin",MOVISTAR,202309,202501,-16,pre_shutdown,4.297221,6238.0,7.0834107,54848.0,3.209513,79.38076,7.0485888,92.604904,1.783363,True,False
Junin,Huancayo,Chilca,"Chilca, Huancayo, Junin",MOVISTAR,202310,202501,-15,pre_shutdown,3.587372,5837.0,6.7022567,67216.0,3.6131597,78.241875,5.1338444,94.09767,1.7025429,True,False
Junin,Huancayo,Chilca,"Chilca, Huancayo, Junin",MOVISTAR,202311,202501,-14,pre_shutdown,3.9655623,3732.0,7.321846,62028.0,3.4313757,77.676926,4.6540055,94.204445,1.7311202,True,False
Junin,Huancayo,Chilca,"Chilca, Huancayo, Junin",MOVISTAR,202312,202501,-13,pre_shutdown,3.7464194,3926.0,7.797976,59652.0,2.8428354,77.86936,4.3625,94.36807,1.4480778,True,False
Junin,Huancayo,Chilca,"Chilca, Huancayo, Junin",MOVISTAR,202401,202501,-12,pre_shutdown,4.123622,5370.0,7.154814,42478.0,2.9711833,78.13723,6.264543,91.956345,1.7565345,True,False
Junin,Huancayo,Chilca,"Chilca, Huancayo, Junin",MOVISTAR,202402,202501,-11,pre_shutdown,3.9620194,9659.0,7.954128,44186.0,2.8916588,77.976326,7.358191,91.08796,1.6956382,True,False
Junin,Huancayo,Chilca,"Chilca, Huancayo, Junin",MOVISTAR,202403,202501,-10,pre_shutdown,4.00548,10351.0,7.7046785,58709.0,2.4397712,78.03852,6.673931,92.34427,1.1708298,True,False
Junin,Huancayo,Chilca,"Chilca, Huancayo, Junin",MOVISTAR,202404,202501,-9,pre_shutdown,4.73252,15160.0,8.43035,58928.0,2.9773226,77.739555,7.3136554,91.51131,1.1941702,True,False
Junin,Huancayo,Chilca,"Chilca, Huancayo, Junin",MOVISTAR,202405,202501,-8,pre_shutdown,4.7633414,16346.0,8.113789,56222.0,2.9628909,77.68728,7.8531647,89.56801,1.1090511,True,False
Junin,Huancayo,Chilca,"Chilca, Huancayo, Junin",MOVISTAR,202406,202501,-7,pre_shutdown,4.626898,13846.0,8.033196,64575.0,3.0139048,77.32644,7.48623,90.88816,1.0515065,True,False
Junin,Huancayo,Chilca,"Chilca, Huancayo, Junin",MOVISTAR,202407,202501,-6,pre_shutdown,4.886394,16648.0,8.060274,67424.0,2.5201237,77.75652,7.4777765,90.61359,1.1082444,True,False
Junin,Huancayo,Chilca,"Chilca, Huancayo, Junin",MOVISTAR,202408,202501,-5,pre_shutdown,4.961753,14854.0,7.2048106,60948.0,2.7274256,78.23123,8.205058,90.88302,1.1808798,True,False
Junin,Huancayo,Chilca,"Chilca, Huancayo, Junin",MOVISTAR,202409,202501,-4,pre_shutdown,5.045286,13643.0,6.787959,60111.0,2.3649678,74.854546,8.352654,91.125336,1.0911993,True,False
Junin,Huancayo,Chilca,"Chilca, Huancayo, Junin",MOVISTAR,202410,202501,-3,pre_shutdown,5.8591166,14950.0,6.95111,61414.0,3.0733044,73.575645,8.3750925,91.110855,1.0844262,True,False
Junin,Huancayo,Chilca,"Chilca, Huancayo, Junin",MOVISTAR,202411,202501,-2,pre_shutdown,5.576025,16013.0,7.832471,60275.0,3.0244036,63.222153,9.182998,90.12696,0.9464639,True,False
Junin,Huancayo,Chilca,"Chilca, Huancayo, Junin",MOVISTAR,202412,202501,-1,pre_shutdown,5.156116,3531.0,8.055121,53691.0,3.3299224,58.36198,3.2478492,91.620285,0.63663554,True,False
Junin,Huancayo,Chilca,"Chilca, Huancayo, Junin",MOVISTAR,202501,202501,0,post_shutdown,0.0,0.0,7.8611774,54217.0,3.3228967,60.351448,0.0045859367,92.902695,0.8316334,False,True
Junin,Huancayo,Chilca,"Chilca, Huancayo, Junin",MOVISTAR,202502,202501,1,post_shutdown,0.0,0.0,8.286011,49834.0,2.8152587,59.823357,0.014904086,90.95307,0.7837216,False,True
Junin,Huancayo,Chilca,"Chilca, Huancayo, Junin",MOVISTAR,202503,202501,2,post_shutdown,0.0,0.0,8.772371,68325.0,3.3051558,57.687943,0.007592967,93.072205,0.68619937,False,True
Junin,Huancayo,Chilca,"Chilca, Huancayo, Junin",MOVISTAR,202504,202501,3,post_shutdown,0.0,0.0,8.788669,63187.0,2.7487698,61.19455,0.0056718015,96.19574,0.630112,False,True
Junin,Huancayo,Chilca,"Chilca, Huancayo, Junin",MOVISTAR,202505,202501,4,post_shutdown,0.0,0.0,9.019004,64267.0,2.8736835,62.399166,0.030848905,97.48799,0.7055092,False,True
Junin,Huancayo,Chilca,"Chilca, Huancayo, Junin",MOVISTAR,202506,202501,5,post_shutdown,0.0,0.0,8.206965,62054.0,2.8517368,61.0258,0.030079084,96.89295,0.75816756,False,True
Junin,Huancayo,Chilca,"Chilca, Huancayo, Junin",MOVISTAR,202507,202501,6,post_shutdown,0.0,0.0,8.427336,46223.0,3.2755017,55.56913,0.00659752,97.42474,0.7347512,False,True
Junin,Huancayo,Chilca,"Chilca, Huancayo, Junin",MOVISTAR,202508,202501,7,post_shutdown,0.0,0.0,9.446004,55900.0,3.1583374,57.083374,0.01817746,96.768036,0.8604286,False,True
Junin,Huancayo,Chilca,"Chilca, Huancayo, Junin",MOVISTAR,202509,202501,8,post_shutdown,0.0,0.0,10.829027,34140.0,3.315544,57.057682,0.00654384,96.67204,0.73047775,False,True
Junin,Huancayo,Chilca,"Chilca, Huancayo, Junin",MOVISTAR,202510,202501,9,post_shutdown,0.0,0.0,10.217131,39998.0,2.5617352,56.259804,0.004608502,96.67831,0.8070896,False,True
Junin,Huancayo,Chilca,"Chilca, Huancayo, Junin",MOVISTAR,202511,202501,10,post_shutdown,0.0,0.0,11.3523245,36888.0,3.0439928,55.69261,0.01773342,95.715775,0.90082306,False,True
Junin,Huancayo,Chilca,"Chilca, Huancayo, Junin",MOVISTAR,202512,202501,11,post_shutdown,0.0,0.0,11.510009,39851.0,2.3408952,52.25127,0.009253618,96.71886,0.80171305,False,True
Junin,Huancayo,Chilca,"Chilca, Huancayo, Junin",MOVISTAR,202601,202501,12,post_shutdown,0.0,0.0,11.631074,36182.0,2.7331972,55.07245,0.015995763,96.06504,1.1434276,False,True
Junin,Huancayo,Chilca,"Chilca, Huancayo, Junin",MOVISTAR,202602,202501,13,post_shutdown,0.0,0.0,10.955149,47099.0,2.2922,58.201614,0.014895781,96.84222,1.0125535,False,True
Junin,Huancayo,Chilca,"Chilca, Huancayo, Junin",MOVISTAR,202603,202501,14,post_shutdown,0.0,0.0,11.798948,40115.0,3.1066446,58.839027,0.01188757,95.84867,0.9953174,False,True
Junin,Huancayo,Chilca,"Chilca, Huancayo, Junin",MOVISTAR,202604,202501,15,post_shutdown,0.0,0.0,10.908107,30738.0,3.3284595,57.147625,0.014032049,97.16316,1.1190541,False,True
Junin,Huancayo,Chilca,"Chilca, Huancayo, Junin",MOVISTAR,202605,202501,16,post_shutdown,0.0,0.0,12.34803,30532.0,3.6521282,54.774933,0.011890202,98.81192,0.6749512,False,True
Junin,Huancayo,El Tambo,"El Tambo, Huancayo, Junin",MOVISTAR,202301,202501,-24,pre_shutdown,4.1784425,14391.0,8.658912,189314.0,3.7746463,81.109924,7.57137,91.28204,1.1222514,True,False
Junin,Huancayo,El Tambo,"El Tambo, Huancayo, Junin",MOVISTAR,202302,202501,-23,pre_shutdown,5.0037427,12236.0,8.981864,165416.0,3.7923946,78.30485,7.8527374,90.82651,1.1530582,True,False
Junin,Huancayo,El Tambo,"El Tambo, Huancayo, Junin",MOVISTAR,202303,202501,-22,pre_shutdown,4.9652934,15062.0,9.815635,176142.0,4.184158,75.02514,7.6544776,91.06101,0.9955825,True,False
Junin,Huancayo,El Tambo,"El Tambo, Huancayo, Junin",MOVISTAR,202304,202501,-21,pre_shutdown,5.4502645,18280.0,10.75674,166224.0,4.4205923,76.52913,8.102767,90.61266,1.0179442,True,False
Junin,Huancayo,El Tambo,"El Tambo, Huancayo, Junin",MOVISTAR,202305,202501,-20,pre_shutdown,4.9137483,14062.0,10.155627,157615.0,4.0016418,77.67196,7.3630795,91.53366,1.0796049,True,False
Junin,Huancayo,El Tambo,"El Tambo, Huancayo, Junin",MOVISTAR,202306,202501,-19,pre_shutdown,4.0482388,14080.0,9.623904,197112.0,4.2898393,75.73231,5.888163,92.414696,1.0319967,True,False
Junin,Huancayo,El Tambo,"El Tambo, Huancayo, Junin",MOVISTAR,202307,202501,-18,pre_shutdown,4.6997795,19447.0,9.88108,256340.0,3.5571628,75.45961,5.401902,92.82164,1.0151584,True,False
Junin,Huancayo,El Tambo,"El Tambo, Huancayo, Junin",MOVISTAR,202308,202501,-17,pre_shutdown,4.2802596,16996.0,9.4763,278391.0,3.0761895,75.465836,5.2122564,93.31254,1.0072004,True,False
Junin,Huancayo,El Tambo,"El Tambo, Huancayo, Junin",MOVISTAR,202309,202501,-16,pre_shutdown,4.403419,20369.0,9.070566,264330.0,3.711071,77.55848,5.682497,93.39678,1.1669166,True,False
Junin,Huancayo,El Tambo,"El Tambo, Huancayo, Junin",MOVISTAR,202310,202501,-15,pre_shutdown,4.212287,20982.0,9.720351,348895.0,3.379343,76.52368,5.254669,93.99184,0.97643906,True,False
Junin,Huancayo,El Tambo,"El Tambo, Huancayo, Junin",MOVISTAR,202311,202501,-14,pre_shutdown,4.6280313,23200.0,9.654046,273020.0,3.6632261,75.82125,6.6562715,92.16028,1.0855023,True,False
Junin,Huancayo,El Tambo,"El Tambo, Huancayo, Junin",MOVISTAR,202312,202501,-13,pre_shutdown,4.1593323,21112.0,9.948067,287237.0,3.0217147,75.72865,6.180289,93.19942,0.85677636,True,False
Junin,Huancayo,El Tambo,"El Tambo, Huancayo, Junin",MOVISTAR,202401,202501,-12,pre_shutdown,4.205889,17606.0,10.200084,262674.0,3.2293975,75.167885,6.071416,93.09973,0.8208572,True,False
Junin,Huancayo,El Tambo,"El Tambo, Huancayo, Junin",MOVISTAR,202402,202501,-11,pre_shutdown,4.501854,11945.0,10.279538,248869.0,3.045426,75.14701,5.3806286,93.70756,0.82925373,True,False
Junin,Huancayo,El Tambo,"El Tambo, Huancayo, Junin",MOVISTAR,202403,202501,-10,pre_shutdown,4.5197535,12884.0,10.369786,267015.0,3.2170568,74.42142,3.9823248,94.4379,0.62467045,True,False
Junin,Huancayo,El Tambo,"El Tambo, Huancayo, Junin",MOVISTAR,202404,202501,-9,pre_shutdown,4.5935726,13208.0,10.2188225,246669.0,3.1909466,74.35803,3.9046865,94.93646,0.62944216,True,False
Junin,Huancayo,El Tambo,"El Tambo, Huancayo, Junin",MOVISTAR,202405,202501,-8,pre_shutdown,4.3059597,13596.0,10.473825,261735.0,3.2384393,73.564026,4.028475,94.58521,0.6092303,True,False
Junin,Huancayo,El Tambo,"El Tambo, Huancayo, Junin",MOVISTAR,202406,202501,-7,pre_shutdown,4.4517465,10817.0,10.230418,239450.0,3.370307,74.34363,3.7127535,95.48983,0.57445395,True,False
Junin,Huancayo,El Tambo,"El Tambo, Huancayo, Junin",MOVISTAR,202407,202501,-6,pre_shutdown,4.3664393,12264.0,10.004545,220481.0,2.9594378,75.20751,3.8566153,95.26719,0.5683199,True,False
Junin,Huancayo,El Tambo,"El Tambo, Huancayo, Junin",MOVISTAR,202408,202501,-5,pre_shutdown,4.0427284,10030.0,9.415447,182048.0,2.9954584,75.22106,3.938954,95.57394,0.7094577,True,False
Junin,Huancayo,El Tambo,"El Tambo, Huancayo, Junin",MOVISTAR,202409,202501,-4,pre_shutdown,4.725546,15285.0,9.435624,187806.0,2.8955324,72.326805,5.4699807,94.13055,0.8619324,True,False
Junin,Huancayo,El Tambo,"El Tambo, Huancayo, Junin",MOVISTAR,202410,202501,-3,pre_shutdown,4.524591,18737.0,9.768194,227176.0,3.4515138,70.265785,5.400438,94.31166,0.7427429,True,False
Junin,Huancayo,El Tambo,"El Tambo, Huancayo, Junin",MOVISTAR,202411,202501,-2,pre_shutdown,4.685227,13667.0,9.8947735,208278.0,2.9379926,60.04106,3.9916348,95.493835,0.57029784,True,False
Junin,Huancayo,El Tambo,"El Tambo, Huancayo, Junin",MOVISTAR,202412,202501,-1,pre_shutdown,4.7718844,5355.0,10.190379,194519.0,3.3085344,55.956223,1.4410735,95.921234,0.36742702,True,False
Junin,Huancayo,El Tambo,"El Tambo, Huancayo, Junin",MOVISTAR,202501,202501,0,post_shutdown,0.0,0.0,10.679802,207048.0,3.3949735,56.04559,0.04439521,95.70694,0.3447911,False,True
Junin,Huancayo,El Tambo,"El Tambo, Huancayo, Junin",MOVISTAR,202502,202501,1,post_shutdown,0.0,0.0,10.804317,208787.0,3.3209434,54.961132,0.02499411,96.19144,0.27284747,False,True
Junin,Huancayo,El Tambo,"El Tambo, Huancayo, Junin",MOVISTAR,202503,202501,2,post_shutdown,0.0,0.0,10.634776,219263.0,2.9016223,54.50686,0.034413185,96.07753,0.38892975,False,True
Junin,Huancayo,El Tambo,"El Tambo, Huancayo, Junin",MOVISTAR,202504,202501,3,post_shutdown,0.0,0.0,10.942519,220053.0,3.125578,59.589855,0.029939698,95.931,0.35023996,False,True
Junin,Huancayo,El Tambo,"El Tambo, Huancayo, Junin",MOVISTAR,202505,202501,4,post_shutdown,0.0,0.0,11.053322,273564.0,2.8471034,60.01938,0.03147086,97.1185,0.32869655,False,True
Junin,Huancayo,El Tambo,"El Tambo, Huancayo, Junin",MOVISTAR,202506,202501,5,post_shutdown,0.0,0.0,11.027875,239304.0,2.8326926,58.58154,0.023524838,96.80996,0.3237164,False,True
Junin,Huancayo,El Tambo,"El Tambo, Huancayo, Junin",MOVISTAR,202507,202501,6,post_shutdown,0.0,0.0,10.952107,237159.0,2.5631075,51.262524,0.038610354,96.51738,0.35050434,False,True
Junin,Huancayo,El Tambo,"El Tambo, Huancayo, Junin",MOVISTAR,202508,202501,7,post_shutdown,0.0,0.0,10.970504,235232.0,2.3866506,52.504517,0.036714938,96.822754,0.36234426,False,True
Junin,Huancayo,El Tambo,"El Tambo, Huancayo, Junin",MOVISTAR,202509,202501,8,post_shutdown,0.0,0.0,11.416909,196847.0,2.4599652,52.82387,0.022452766,95.47542,0.45782432,False,True
Junin,Huancayo,El Tambo,"El Tambo, Huancayo, Junin",MOVISTAR,202510,202501,9,post_shutdown,0.0,0.0,12.422327,201463.0,2.38497,52.707203,0.014844634,96.33789,0.4473402,False,True
Junin,Huancayo,El Tambo,"El Tambo, Huancayo, Junin",MOVISTAR,202511,202501,10,post_shutdown,0.0,0.0,12.949238,187835.0,2.4908319,51.452164,0.012751326,95.40556,0.5152337,False,True
Junin,Huancayo,El Tambo,"El Tambo, Huancayo, Junin",MOVISTAR,202512,202501,11,post_shutdown,0.0,0.0,12.48923,192097.0,2.5652509,49.271767,0.024095597,96.13062,0.39024594,False,True
Junin,Huancayo,El Tambo,"El Tambo, Huancayo, Junin",MOVISTAR,202601,202501,12,post_shutdown,0.0,0.0,12.859874,200163.0,2.915256,50.898987,0.01531375,96.40425,0.42969543,False,True
Junin,Huancayo,El Tambo,"El Tambo, Huancayo, Junin",MOVISTAR,202602,202501,13,post_shutdown,0.0,0.0,12.571566,192784.0,2.9158967,53.81333,0.018361906,97.15104,0.4971151,False,True
Junin,Huancayo,El Tambo,"El Tambo, Huancayo, Junin",MOVISTAR,202603,202501,14,post_shutdown,0.0,0.0,12.581639,191309.0,2.7550344,55.10187,0.023347666,98.04027,0.52979964,False,True
Junin,Huancayo,El Tambo,"El Tambo, Huancayo, Junin",MOVISTAR,202604,202501,15,post_shutdown,0.0,0.0,13.040041,173169.0,3.227917,55.654274,0.028042758,98.902725,0.5547865,False,True
Junin,Huancayo,El Tambo,"El Tambo, Huancayo, Junin",MOVISTAR,202605,202501,16,post_shutdown,0.0,0.0,13.44763,154419.0,3.3360841,53.814526,0.02517268,99.32494,0.3967622,False,True
Junin,Huancayo,Huancayo,"Huancayo, Huancayo, Junin",MOVISTAR,202301,202501,-24,pre_shutdown,4.743481,7531.0,9.264376,154982.0,3.491821,80.26903,4.043258,95.4659,1.2091066,True,False
Junin,Huancayo,Huancayo,"Huancayo, Huancayo, Junin",MOVISTAR,202302,202501,-23,pre_shutdown,4.43409,5709.0,9.548716,119109.0,3.4853828,77.33962,3.9024444,95.38545,1.3369035,True,False
Junin,Huancayo,Huancayo,"Huancayo, Huancayo, Junin",MOVISTAR,202303,202501,-22,pre_shutdown,3.7626865,7732.0,9.572278,142646.0,3.2315676,74.28539,4.707029,94.18665,1.0634589,True,False
Junin,Huancayo,Huancayo,"Huancayo, Huancayo, Junin",MOVISTAR,202304,202501,-21,pre_shutdown,4.4868894,8194.0,9.354465,141575.0,3.807725,74.91708,4.8883653,94.36962,1.0730435,True,False
Junin,Huancayo,Huancayo,"Huancayo, Huancayo, Junin",MOVISTAR,202305,202501,-20,pre_shutdown,4.609093,8002.0,9.134809,128111.0,3.8969324,75.93918,4.5453987,94.87309,0.93568087,True,False
Junin,Huancayo,Huancayo,"Huancayo, Huancayo, Junin",MOVISTAR,202306,202501,-19,pre_shutdown,5.0294647,8780.0,9.46374,169467.0,3.80396,74.70842,3.6020758,95.785194,1.0100744,True,False
Junin,Huancayo,Huancayo,"Huancayo, Huancayo, Junin",MOVISTAR,202307,202501,-18,pre_shutdown,4.506029,12133.0,9.831626,214646.0,3.5984232,75.854004,3.78033,95.25897,1.1104496,True,False
Junin,Huancayo,Huancayo,"Huancayo, Huancayo, Junin",MOVISTAR,202308,202501,-17,pre_shutdown,4.3352275,11349.0,9.551344,211618.0,3.17285,75.104645,3.6919053,95.75828,1.0516758,True,False
Junin,Huancayo,Huancayo,"Huancayo, Huancayo, Junin",MOVISTAR,202309,202501,-16,pre_shutdown,4.25629,15843.0,9.079816,201078.0,2.9660501,77.43025,4.3209066,95.038574,1.1330315,True,False
Junin,Huancayo,Huancayo,"Huancayo, Huancayo, Junin",MOVISTAR,202310,202501,-15,pre_shutdown,4.3570695,15570.0,9.206847,236255.0,3.2201877,76.70285,4.3397326,95.16614,1.1600419,True,False
Junin,Huancayo,Huancayo,"Huancayo, Huancayo, Junin",MOVISTAR,202311,202501,-14,pre_shutdown,4.609824,12757.0,8.621702,212038.0,3.0222545,77.131134,4.5924854,94.50809,1.242424,True,False
Junin,Huancayo,Huancayo,"Huancayo, Huancayo, Junin",MOVISTAR,202312,202501,-13,pre_shutdown,4.0457816,14329.0,9.246012,207940.0,3.00409,77.43773,5.0934505,94.00674,1.201746,True,False
Junin,Huancayo,Huancayo,"Huancayo, Huancayo, Junin",MOVISTAR,202401,202501,-12,pre_shutdown,4.259693,10446.0,9.515516,199472.0,2.6729805,76.35983,4.79046,94.55011,1.007005,True,False
Junin,Huancayo,Huancayo,"Huancayo, Huancayo, Junin",MOVISTAR,202402,202501,-11,pre_shutdown,4.540625,9903.0,9.188439,170431.0,2.7551198,76.491615,4.863193,94.25521,0.9428205,True,False
Junin,Huancayo,Huancayo,"Huancayo, Huancayo, Junin",MOVISTAR,202403,202501,-10,pre_shutdown,4.02569,8645.0,9.384906,204162.0,3.0109901,76.0748,4.0434437,94.84883,0.82004154,True,False
Junin,Huancayo,Huancayo,"Huancayo, Huancayo, Junin",MOVISTAR,202404,202501,-9,pre_shutdown,4.34684,10927.0,8.831644,186162.0,2.5926337,75.31531,4.346184,94.47981,0.7360581,True,False
Junin,Huancayo,Huancayo,"Huancayo, Huancayo, Junin",MOVISTAR,202405,202501,-8,pre_shutdown,5.049975,15920.0,8.749604,174283.0,2.6903589,74.746864,4.381401,94.16076,0.7320749,True,False
Junin,Huancayo,Huancayo,"Huancayo, Huancayo, Junin",MOVISTAR,202406,202501,-7,pre_shutdown,4.2613254,20042.0,9.004854,188661.0,2.776906,75.60032,3.635959,95.402054,0.678524,True,False
Junin,Huancayo,Huancayo,"Huancayo, Huancayo, Junin",MOVISTAR,202407,202501,-6,pre_shutdown,4.3732557,12593.0,9.104504,178995.0,2.8454063,75.996284,3.4457493,94.37355,0.67665887,True,False
Junin,Huancayo,Huancayo,"Huancayo, Huancayo, Junin",MOVISTAR,202408,202501,-5,pre_shutdown,4.3384843,8093.0,8.992458,162558.0,2.885524,75.79059,3.2493222,96.44499,0.6700734,True,False
Junin,Huancayo,Huancayo,"Huancayo, Huancayo, Junin",MOVISTAR,202409,202501,-4,pre_shutdown,4.5975113,11506.0,8.668825,188043.0,3.1030025,71.86672,4.091518,95.51373,0.70954007,True,False
Junin,Huancayo,Huancayo,"Huancayo, Huancayo, Junin",MOVISTAR,202410,202501,-3,pre_shutdown,5.4105434,14369.0,8.615699,220606.0,3.1280253,70.59247,4.31502,95.12555,0.7302756,True,False
Junin,Huancayo,Huancayo,"Huancayo, Huancayo, Junin",MOVISTAR,202411,202501,-2,pre_shutdown,4.749119,9627.0,8.626726,201340.0,3.2820652,61.02165,3.942532,95.41318,0.6936261,True,False
Junin,Huancayo,Huancayo,"Huancayo, Huancayo, Junin",MOVISTAR,202412,202501,-1,pre_shutdown,4.2430115,2866.0,9.486815,205162.0,3.0273905,57.11906,1.029964,96.88873,0.4914226,True,False
Junin,Huancayo,Huancayo,"Huancayo, Huancayo, Junin",MOVISTAR,202501,202501,0,post_shutdown,0.0,0.0,10.012398,182803.0,3.316038,56.39781,0.014639918,97.37491,0.39739314,False,True
Junin,Huancayo,Huancayo,"Huancayo, Huancayo, Junin",MOVISTAR,202502,202501,1,post_shutdown,0.0,0.0,10.989732,157796.0,3.2458947,54.707542,0.018293917,97.22056,0.4218109,False,True
Junin,Huancayo,Huancayo,"Huancayo, Huancayo, Junin",MOVISTAR,202503,202501,2,post_shutdown,0.0,0.0,10.42119,176212.0,2.9422734,54.836807,0.018303659,96.69812,0.51160514,False,True
Junin,Huancayo,Huancayo,"Huancayo, Huancayo, Junin",MOVISTAR,202504,202501,3,post_shutdown,0.0,0.0,10.337937,171556.0,2.947065,59.21197,0.0147182755,97.37403,0.39694256,False,True
Junin,Huancayo,Huancayo,"Huancayo, Huancayo, Junin",MOVISTAR,202505,202501,4,post_shutdown,0.0,0.0,9.957248,176480.0,3.240958,59.720257,0.010769275,96.16451,0.3928695,False,True
Junin,Huancayo,Huancayo,"Huancayo, Huancayo, Junin",MOVISTAR,202506,202501,5,post_shutdown,0.0,0.0,10.213061,160592.0,3.0238636,58.444607,0.005582022,95.908,0.4441708,False,True
Junin,Huancayo,Huancayo,"Huancayo, Huancayo, Junin",MOVISTAR,202507,202501,6,post_shutdown,0.0,0.0,10.722441,167856.0,2.9170082,51.14039,0.019921567,97.344894,0.44444916,False,True
Junin,Huancayo,Huancayo,"Huancayo, Huancayo, Junin",MOVISTAR,202508,202501,7,post_shutdown,0.0,0.0,11.310932,171378.0,2.9919748,51.450954,0.012087724,97.502266,0.4195234,False,True
Junin,Huancayo,Huancayo,"Huancayo, Huancayo, Junin",MOVISTAR,202509,202501,8,post_shutdown,0.0,0.0,11.294485,148055.0,2.9189618,52.993027,0.0058881175,97.56791,0.51094604,False,True
Junin,Huancayo,Huancayo,"Huancayo, Huancayo, Junin",MOVISTAR,202510,202501,9,post_shutdown,0.0,0.0,11.769971,159566.0,2.6978748,53.5371,0.015655203,97.77363,0.556387,False,True
Junin,Huancayo,Huancayo,"Huancayo, Huancayo, Junin",MOVISTAR,202511,202501,10,post_shutdown,0.0,0.0,11.592613,142595.0,2.7645586,51.67559,0.021605654,97.5313,0.65175754,False,True
Junin,Huancayo,Huancayo,"Huancayo, Huancayo, Junin",MOVISTAR,202512,202501,11,post_shutdown,0.0,0.0,12.092616,147959.0,2.9552162,50.514435,0.006380071,97.820435,0.50662106,False,True
Junin,Huancayo,Huancayo,"Huancayo, Huancayo, Junin",MOVISTAR,202601,202501,12,post_shutdown,0.0,0.0,11.807182,144073.0,2.9378107,51.92487,0.00653573,97.41278,0.6145048,False,True
Junin,Huancayo,Huancayo,"Huancayo, Huancayo, Junin",MOVISTAR,202602,202501,13,post_shutdown,0.0,0.0,12.608127,138615.0,2.8058875,54.56797,0.008127107,97.46025,0.67631096,False,True
Junin,Huancayo,Huancayo,"Huancayo, Huancayo, Junin",MOVISTAR,202603,202501,14,post_shutdown,0.0,0.0,13.546477,135465.0,2.7765002,56.336906,0.032211218,97.72772,0.806312,False,True
Junin,Huancayo,Huancayo,"Huancayo, Huancayo, Junin",MOVISTAR,202604,202501,15,post_shutdown,0.0,0.0,13.137506,129287.0,2.9822514,56.19064,0.015451082,97.584785,0.7658022,False,True
Junin,Huancayo,Huancayo,"Huancayo, Huancayo, Junin",MOVISTAR,202605,202501,16,post_shutdown,0.0,0.0,13.265743,135584.0,3.124501,55.246525,0.015988152,97.44331,0.62727964,False,True
Junin,Huancayo,Pilcomayo,"Pilcomayo, Huancayo, Junin",MOVISTAR,202301,202501,-24,pre_shutdown,2.5029233,579.0,5.8714995,8606.0,0.0,82.353546,7.7241697,91.33025,1.505417,True,False
Junin,Huancayo,Pilcomayo,"Pilcomayo, Huancayo, Junin",MOVISTAR,202302,202501,-23,pre_shutdown,2.9434266,895.0,5.9430037,10472.0,2.863262,80.585815,7.259077,91.970116,1.5892372,True,False
Junin,Huancayo,Pilcomayo,"Pilcomayo, Huancayo, Junin",MOVISTAR,202303,202501,-22,pre_shutdown,3.608937,965.0,6.602135,12345.0,3.528924,78.31222,8.248793,90.54951,1.4496416,True,False
Junin,Huancayo,Pilcomayo,"Pilcomayo, Huancayo, Junin",MOVISTAR,202304,202501,-21,pre_shutdown,2.9271781,758.0,6.3189726,14608.0,3.3508258,76.74597,8.4706545,89.345604,1.302938,True,False
Junin,Huancayo,Pilcomayo,"Pilcomayo, Huancayo, Junin",MOVISTAR,202305,202501,-20,pre_shutdown,3.4930854,641.0,6.2668505,12847.0,2.5699453,77.72559,3.028163,95.8401,1.3425108,True,False
Junin,Huancayo,Pilcomayo,"Pilcomayo, Huancayo, Junin",MOVISTAR,202306,202501,-19,pre_shutdown,2.9199674,892.0,6.3351774,15033.0,2.4468493,75.771736,2.7027917,95.39139,1.2587843,True,False
Junin,Huancayo,Pilcomayo,"Pilcomayo, Huancayo, Junin",MOVISTAR,202307,202501,-18,pre_shutdown,2.997735,1043.0,6.5013065,17844.0,2.56279,77.44241,2.511337,96.11864,1.2951841,True,False
Junin,Huancayo,Pilcomayo,"Pilcomayo, Huancayo, Junin",MOVISTAR,202308,202501,-17,pre_shutdown,2.8918788,1291.0,6.1000214,15184.0,2.6389084,76.53002,7.5227923,89.36879,1.3275499,True,False
Junin,Huancayo,Pilcomayo,"Pilcomayo, Huancayo, Junin",MOVISTAR,202309,202501,-16,pre_shutdown,2.9438972,872.0,6.2148743,19614.0,2.897066,78.55313,8.355479,90.97848,1.0837601,True,False
Junin,Huancayo,Pilcomayo,"Pilcomayo, Huancayo, Junin",MOVISTAR,202310,202501,-15,pre_shutdown,3.0782356,1140.0,6.9094663,22682.0,2.6458032,77.203125,10.539409,88.999435,1.2265155,True,False
Junin,Huancayo,Pilcomayo,"Pilcomayo, Huancayo, Junin",MOVISTAR,202311,202501,-14,pre_shutdown,2.9426897,1128.0,6.800065,18044.0,1.9980453,78.183136,13.298389,86.19891,1.3165246,True,False
Junin,Huancayo,Pilcomayo,"Pilcomayo, Huancayo, Junin",MOVISTAR,202312,202501,-13,pre_shutdown,3.2824593,2553.0,6.820261,22510.0,1.9787148,79.159836,11.516573,87.67314,0.99563926,True,False
Junin,Huancayo,Pilcomayo,"Pilcomayo, Huancayo, Junin",MOVISTAR,202401,202501,-12,pre_shutdown,2.6424878,1250.0,5.643676,17213.0,2.0046015,79.286514,12.694953,85.592865,1.1803031,True,False
Junin,Huancayo,Pilcomayo,"Pilcomayo, Huancayo, Junin",MOVISTAR,202402,202501,-11,pre_shutdown,2.573092,780.0,6.425524,12311.0,3.8094556,78.64499,13.49106,85.999725,1.2783276,True,False
Junin,Huancayo,Pilcomayo,"Pilcomayo, Huancayo, Junin",MOVISTAR,202403,202501,-10,pre_shutdown,3.1594665,1131.0,6.7186174,20031.0,3.0076203,79.562035,11.875585,87.62467,1.2312,True,False
Junin,Huancayo,Pilcomayo,"Pilcomayo, Huancayo, Junin",MOVISTAR,202404,202501,-9,pre_shutdown,3.7974718,1219.0,6.6549296,17478.0,2.4867165,77.331825,11.8685055,87.6112,1.0422891,True,False
Junin,Huancayo,Pilcomayo,"Pilcomayo, Huancayo, Junin",MOVISTAR,202405,202501,-8,pre_shutdown,3.1716778,1431.0,5.8580413,16493.0,2.7128463,77.64709,3.8777878,95.24274,1.0989424,True,False
Junin,Huancayo,Pilcomayo,"Pilcomayo, Huancayo, Junin",MOVISTAR,202406,202501,-7,pre_shutdown,4.2839375,733.0,6.3395314,14988.0,3.2952235,79.265495,2.4970489,97.2811,1.0470618,True,False
Junin,Huancayo,Pilcomayo,"Pilcomayo, Huancayo, Junin",MOVISTAR,202407,202501,-6,pre_shutdown,3.3180594,2317.0,6.2245474,20906.0,2.7745953,78.75766,5.5774713,94.1905,1.1836921,True,False
Junin,Huancayo,Pilcomayo,"Pilcomayo, Huancayo, Junin",MOVISTAR,202408,202501,-5,pre_shutdown,4.158805,1735.0,6.634368,16116.0,1.9544027,79.15261,8.514431,90.54628,1.2687837,True,False
Junin,Huancayo,Pilcomayo,"Pilcomayo, Huancayo, Junin",MOVISTAR,202409,202501,-4,pre_shutdown,3.750863,939.0,8.836031,21114.0,3.370142,71.57047,3.0240922,96.34964,0.67631704,True,False
Junin,Huancayo,Pilcomayo,"Pilcomayo, Huancayo, Junin",MOVISTAR,202410,202501,-3,pre_shutdown,4.0042515,1213.0,9.510125,26649.0,2.6840453,70.01371,3.8691094,95.7297,0.7104224,True,False
Junin,Huancayo,Pilcomayo,"Pilcomayo, Huancayo, Junin",MOVISTAR,202411,202501,-2,pre_shutdown,3.8905702,681.0,8.168598,17274.0,3.645873,61.09851,5.2269135,93.68749,0.7948498,True,False
Junin,Huancayo,Pilcomayo,"Pilcomayo, Huancayo, Junin",MOVISTAR,202412,202501,-1,pre_shutdown,3.6487179,1065.0,7.3207088,20389.0,4.1996627,58.708237,1.9832677,94.16943,0.5332552,True,False
Junin,Huancayo,Pilcomayo,"Pilcomayo, Huancayo, Junin",MOVISTAR,202501,202501,0,post_shutdown,0.0,0.0,8.016126,16866.0,3.8938494,59.86176,0.06057478,95.987946,0.47833797,False,True
Junin,Huancayo,Pilcomayo,"Pilcomayo, Huancayo, Junin",MOVISTAR,202502,202501,1,post_shutdown,0.0,0.0,8.502329,16354.0,2.6249352,59.958862,0.036826037,95.77713,0.50479233,False,True
Junin,Huancayo,Pilcomayo,"Pilcomayo, Huancayo, Junin",MOVISTAR,202503,202501,2,post_shutdown,0.0,0.0,9.439853,18347.0,2.6372242,56.465855,0.030826034,94.20401,0.7497683,False,True
Junin,Huancayo,Pilcomayo,"Pilcomayo, Huancayo, Junin",MOVISTAR,202504,202501,3,post_shutdown,0.0,0.0,8.642329,13277.0,2.393324,61.899452,0.16951157,95.77236,0.977039,False,True
Junin,Huancayo,Pilcomayo,"Pilcomayo, Huancayo, Junin",MOVISTAR,202505,202501,4,post_shutdown,0.0,0.0,8.922225,17378.0,2.375022,61.67055,0.013841392,96.47216,0.5779039,False,True
Junin,Huancayo,Pilcomayo,"Pilcomayo, Huancayo, Junin",MOVISTAR,202506,202501,5,post_shutdown,0.0,0.0,8.635998,13247.0,2.2753334,59.497444,0.00843918,96.842125,0.54166245,False,True
Junin,Huancayo,Pilcomayo,"Pilcomayo, Huancayo, Junin",MOVISTAR,202507,202501,6,post_shutdown,0.0,0.0,9.3186865,12385.0,2.5488617,52.71614,0.02139762,97.52466,0.47771397,False,True
Junin,Huancayo,Pilcomayo,"Pilcomayo, Huancayo, Junin",MOVISTAR,202508,202501,7,post_shutdown,0.0,0.0,10.691876,14759.0,2.72939,56.400417,0.01998926,98.31144,0.47478455,False,True
Junin,Huancayo,Pilcomayo,"Pilcomayo, Huancayo, Junin",MOVISTAR,202509,202501,8,post_shutdown,0.0,0.0,9.876103,16982.0,2.2037911,55.95822,0.016468747,98.3802,0.3988932,False,True
Junin,Huancayo,Pilcomayo,"Pilcomayo, Huancayo, Junin",MOVISTAR,202510,202501,9,post_shutdown,0.0,0.0,9.939408,14189.0,2.2295713,52.299526,0.016832951,97.301796,0.51056933,False,True
Junin,Huancayo,Pilcomayo,"Pilcomayo, Huancayo, Junin",MOVISTAR,202511,202501,10,post_shutdown,0.0,0.0,10.539756,8247.0,2.4345293,51.963573,0.08377365,97.80866,0.6302521,False,True
Junin,Huancayo,Pilcomayo,"Pilcomayo, Huancayo, Junin",MOVISTAR,202512,202501,11,post_shutdown,0.0,0.0,12.037354,11112.0,3.3046577,52.86297,0.06386958,98.185646,0.5259166,False,True
Junin,Huancayo,Pilcomayo,"Pilcomayo, Huancayo, Junin",MOVISTAR,202601,202501,12,post_shutdown,0.0,0.0,9.103066,13148.0,3.240746,55.401062,0.039818242,97.17947,0.6382009,False,True
Junin,Huancayo,Pilcomayo,"Pilcomayo, Huancayo, Junin",MOVISTAR,202602,202501,13,post_shutdown,0.0,0.0,11.129816,11247.0,3.0118906,53.344803,0.005686257,96.93595,0.60062736,False,True
Junin,Huancayo,Pilcomayo,"Pilcomayo, Huancayo, Junin",MOVISTAR,202603,202501,14,post_shutdown,0.0,0.0,14.116858,18003.0,3.3342345,57.12463,0.007176969,97.31782,0.6301323,False,True
Junin,Huancayo,Pilcomayo,"Pilcomayo, Huancayo, Junin",MOVISTAR,202604,202501,15,post_shutdown,0.0,0.0,12.214518,13856.0,3.564122,53.447044,0.18586487,98.941376,0.8331512,False,True
Junin,Huancayo,Pilcomayo,"Pilcomayo, Huancayo, Junin",MOVISTAR,202605,202501,16,post_shutdown,0.0,0.0,13.429029,10295.0,2.9411278,54.079247,0.03250353,99.64963,0.5521942,False,True
Junin,Huancayo,San Agustin,"San Agustin, Huancayo, Junin",MOVISTAR,202301,202412,-23,pre_shutdown,5.0977163,973.0,5.9482207,28987.0,3.5325255,78.61474,2.122394,97.11134,1.5224816,True,False
Junin,Huancayo,San Agustin,"San Agustin, Huancayo, Junin",MOVISTAR,202302,202412,-22,pre_shutdown,4.1672773,481.0,6.4462156,23261.0,4.301852,77.42446,1.678233,97.90903,1.9822994,True,False
Junin,Huancayo,San Agustin,"San Agustin, Huancayo, Junin",MOVISTAR,202303,202412,-21,pre_shutdown,3.38406,666.0,6.818915,26079.0,3.4571772,74.90568,1.8463334,97.78833,1.838376,True,False
Junin,Huancayo,San Agustin,"San Agustin, Huancayo, Junin",MOVISTAR,202304,202412,-20,pre_shutdown,3.7765012,912.0,6.7266183,22910.0,2.26391,76.13194,2.5068474,96.33572,1.7418082,True,False
Junin,Huancayo,San Agustin,"San Agustin, Huancayo, Junin",MOVISTAR,202305,202412,-19,pre_shutdown,4.133898,774.0,6.146436,19260.0,2.205542,76.54201,2.2409375,97.18442,1.3739309,True,False
Junin,Huancayo,San Agustin,"San Agustin, Huancayo, Junin",MOVISTAR,202306,202412,-18,pre_shutdown,7.2944126,3979.0,8.792979,28361.0,4.2119727,74.29436,3.6920009,95.961525,1.6057354,True,False
Junin,Huancayo,San Agustin,"San Agustin, Huancayo, Junin",MOVISTAR,202307,202412,-17,pre_shutdown,6.43065,3684.0,8.197156,37383.0,3.778955,75.72206,6.1313586,93.48431,1.4757029,True,False
Junin,Huancayo,San Agustin,"San Agustin, Huancayo, Junin",MOVISTAR,202308,202412,-16,pre_shutdown,5.5578604,4143.0,9.309633,42044.0,3.8683124,76.26433,6.049089,92.98888,1.3741817,True,False
Junin,Huancayo,San Agustin,"San Agustin, Huancayo, Junin",MOVISTAR,202309,202412,-15,pre_shutdown,5.936362,3068.0,8.670575,32204.0,3.5581791,78.99898,6.0211763,93.48583,1.4160854,True,False
Junin,Huancayo,San Agustin,"San Agustin, Huancayo, Junin",MOVISTAR,202310,202412,-14,pre_shutdown,3.4601161,1402.0,8.792845,39402.0,3.8513355,77.9499,2.9984875,96.722885,1.6675323,True,False
Junin,Huancayo,San Agustin,"San Agustin, Huancayo, Junin",MOVISTAR,202311,202412,-13,pre_shutdown,3.9683616,1867.0,8.945353,34144.0,3.3863466,77.39635,3.5678728,94.814186,1.9431345,True,False
Junin,Huancayo,San Agustin,"San Agustin, Huancayo, Junin",MOVISTAR,202312,202412,-12,pre_shutdown,6.2965164,1971.0,9.757801,33071.0,2.1461058,75.195656,2.8187563,96.08817,1.3341151,True,False
Junin,Huancayo,San Agustin,"San Agustin, Huancayo, Junin",MOVISTAR,202401,202412,-11,pre_shutdown,3.4664807,1956.0,8.179369,43019.0,2.629186,76.02641,4.421959,95.306854,1.2982721,True,False
Junin,Huancayo,San Agustin,"San Agustin, Huancayo, Junin",MOVISTAR,202402,202412,-10,pre_shutdown,3.8286579,1992.0,7.8279066,38745.0,2.729553,74.66474,6.615998,92.77859,1.2949798,True,False
Junin,Huancayo,San Agustin,"San Agustin, Huancayo, Junin",MOVISTAR,202403,202412,-9,pre_shutdown,3.0593896,1562.0,7.6925697,46109.0,2.95055,73.648506,3.5118358,96.196815,0.9509035,True,False
Junin,Huancayo,San Agustin,"San Agustin, Huancayo, Junin",MOVISTAR,202404,202412,-8,pre_shutdown,3.4571297,3087.0,8.196996,43604.0,3.4060142,72.52831,4.3881516,94.65987,0.85337144,True,False
Junin,Huancayo,San Agustin,"San Agustin, Huancayo, Junin",MOVISTAR,202405,202412,-7,pre_shutdown,3.4534128,1910.0,10.329546,32134.0,3.4931314,70.6279,3.322999,92.188,0.59769875,True,False
Junin,Huancayo,San Agustin,"San Agustin, Huancayo, Junin",MOVISTAR,202406,202412,-6,pre_shutdown,3.4922528,1377.0,9.347518,28651.0,3.6396425,73.505,3.0953887,92.98468,0.6693787,True,False
Junin,Huancayo,San Agustin,"San Agustin, Huancayo, Junin",MOVISTAR,202407,202412,-5,pre_shutdown,4.8947554,881.0,9.520856,25399.0,3.7755773,74.19365,2.6433861,93.54194,0.76241916,True,False
Junin,Huancayo,San Agustin,"San Agustin, Huancayo, Junin",MOVISTAR,202408,202412,-4,pre_shutdown,3.9476898,972.0,9.551263,24839.0,3.3971007,73.756645,2.988277,96.68504,0.83120686,True,False
Junin,Huancayo,San Agustin,"San Agustin, Huancayo, Junin",MOVISTAR,202409,202412,-3,pre_shutdown,5.1823635,1473.0,9.347602,26871.0,3.6333272,68.934166,3.217195,96.660194,0.6827267,True,False
Junin,Huancayo,San Agustin,"San Agustin, Huancayo, Junin",MOVISTAR,202410,202412,-2,pre_shutdown,3.7021232,1730.0,8.973726,28055.0,3.7090602,68.641914,3.9106414,95.61183,0.76731163,True,False
Junin,Huancayo,San Agustin,"San Agustin, Huancayo, Junin",MOVISTAR,202411,202412,-1,pre_shutdown,5.1443634,1063.0,8.692002,30677.0,3.4187343,58.216583,3.0103576,96.47919,0.79752016,True,False
Junin,Huancayo,San Agustin,"San Agustin, Huancayo, Junin",MOVISTAR,202412,202412,0,post_shutdown,0.0,0.0,9.4032545,27904.0,4.030639,54.092224,0.6739756,97.68233,0.46624914,False,True
Junin,Huancayo,San Agustin,"San Agustin, Huancayo, Junin",MOVISTAR,202501,202412,1,post_shutdown,0.0,0.0,7.8046346,25468.0,2.7319078,55.89057,0.19874397,97.19893,0.55149126,False,True
Junin,Huancayo,San Agustin,"San Agustin, Huancayo, Junin",MOVISTAR,202502,202412,2,post_shutdown,0.0,0.0,8.323155,22510.0,2.8137774,55.90675,0.08543763,97.56742,0.66637135,False,True
Junin,Huancayo,San Agustin,"San Agustin, Huancayo, Junin",MOVISTAR,202503,202412,3,post_shutdown,0.0,0.0,8.376029,25193.0,3.755418,54.64817,0.10692622,96.7212,0.48834702,False,True
Junin,Huancayo,San Agustin,"San Agustin, Huancayo, Junin",MOVISTAR,202504,202412,4,post_shutdown,0.0,0.0,8.748566,20040.0,3.6461277,59.222282,0.1591498,96.75799,0.39396986,False,True
Junin,Huancayo,San Agustin,"San Agustin, Huancayo, Junin",MOVISTAR,202505,202412,5,post_shutdown,0.0,0.0,9.667667,14406.0,2.799607,59.659264,0.67144835,96.65483,0.3991141,False,True
Junin,Huancayo,San Agustin,"San Agustin, Huancayo, Junin",MOVISTAR,202506,202412,6,post_shutdown,0.0,0.0,9.003099,15812.0,2.8232086,58.174522,0.15500155,97.3881,0.44433528,False,True
Junin,Huancayo,San Agustin,"San Agustin, Huancayo, Junin",MOVISTAR,202507,202412,7,post_shutdown,0.0,0.0,9.132474,17747.0,2.4412546,52.19741,0.22483,96.377686,0.4653986,False,True
Junin,Huancayo,San Agustin,"San Agustin, Huancayo, Junin",MOVISTAR,202508,202412,8,post_shutdown,0.0,0.0,8.510493,16421.0,2.3730886,52.701305,0.19809794,95.82216,0.46395433,False,True
Junin,Huancayo,San Agustin,"San Agustin, Huancayo, Junin",MOVISTAR,202509,202412,9,post_shutdown,0.0,0.0,9.378714,21997.0,2.5084949,53.664574,0.05282085,98.57864,0.4593176,False,True
Junin,Huancayo,San Agustin,"San Agustin, Huancayo, Junin",MOVISTAR,202510,202412,10,post_shutdown,0.0,0.0,8.994318,18841.0,2.8925056,54.75781,0.027666746,99.33832,0.62035954,False,True
Junin,Huancayo,San Agustin,"San Agustin, Huancayo, Junin",MOVISTAR,202511,202412,11,post_shutdown,0.0,0.0,8.431895,13090.0,2.5663497,52.68136,0.111508355,98.10458,0.4880602,False,True
Junin,Huancayo,San Agustin,"San Agustin, Huancayo, Junin",MOVISTAR,202512,202412,12,post_shutdown,0.0,0.0,9.219667,17721.0,2.6004496,52.802017,0.2518789,97.60403,0.3113879,False,True
Junin,Huancayo,San Agustin,"San Agustin, Huancayo, Junin",MOVISTAR,202601,202412,13,post_shutdown,0.0,0.0,11.128063,21803.0,2.4157481,52.237877,0.12694722,96.60395,0.40521047,False,True
Junin,Huancayo,San Agustin,"San Agustin, Huancayo, Junin",MOVISTAR,202602,202412,14,post_shutdown,0.0,0.0,10.034183,21909.0,2.71621,54.450493,0.044335473,98.533035,0.506435,False,True
Junin,Huancayo,San Agustin,"San Agustin, Huancayo, Junin",MOVISTAR,202603,202412,15,post_shutdown,0.0,0.0,8.729724,18846.0,2.623984,56.743114,0.05151744,98.872734,1.1764311,False,True
Junin,Huancayo,San Agustin,"San Agustin, Huancayo, Junin",MOVISTAR,202604,202412,16,post_shutdown,0.0,0.0,11.748465,18529.0,3.04596,56.976715,0.036351703,99.14973,2.608705,False,True
Junin,Huancayo,San Agustin,"San Agustin, Huancayo, Junin",MOVISTAR,202605,202412,17,post_shutdown,0.0,0.0,12.727755,20039.0,3.3201072,53.930504,0.028170405,99.59977,0.42366108,False,True
Junin,Jauja,Jauja,"Jauja, Jauja, Junin",MOVISTAR,202301,202604,-39,pre_shutdown,3.6824138,2976.0,7.357254,37287.0,3.4848154,80.87799,6.942953,91.7209,1.6896477,True,False
Junin,Jauja,Jauja,"Jauja, Jauja, Junin",MOVISTAR,202302,202604,-38,pre_shutdown,4.012914,3181.0,6.625374,26533.0,3.7818546,78.282104,7.9053354,91.042595,1.4421062,True,False
Junin,Jauja,Jauja,"Jauja, Jauja, Junin",MOVISTAR,202303,202604,-37,pre_shutdown,3.9752674,2523.0,6.778516,29213.0,3.0748558,73.97863,7.6545987,91.07114,1.3415612,True,False
Junin,Jauja,Jauja,"Jauja, Jauja, Junin",MOVISTAR,202304,202604,-36,pre_shutdown,3.2767246,1341.0,7.876747,26049.0,3.84071,74.395424,6.663539,92.13765,1.6237131,True,False
Junin,Jauja,Jauja,"Jauja, Jauja, Junin",MOVISTAR,202305,202604,-35,pre_shutdown,3.8234103,1068.0,8.737537,21684.0,3.8069167,74.64954,6.7632027,91.07836,1.1124744,True,False
Junin,Jauja,Jauja,"Jauja, Jauja, Junin",MOVISTAR,202306,202604,-34,pre_shutdown,3.8994713,1518.0,7.7066746,20844.0,3.2024145,73.44561,11.688636,85.56262,0.9579334,True,False
Junin,Jauja,Jauja,"Jauja, Jauja, Junin",MOVISTAR,202307,202604,-33,pre_shutdown,3.7821252,2550.0,7.673182,30513.0,3.8725553,75.05842,9.260806,89.05877,0.9617822,True,False
Junin,Jauja,Jauja,"Jauja, Jauja, Junin",MOVISTAR,202308,202604,-32,pre_shutdown,3.8105989,3972.0,7.8926315,29589.0,3.6879187,75.4329,6.314537,90.92129,1.0665839,True,False
Junin,Jauja,Jauja,"Jauja, Jauja, Junin",MOVISTAR,202309,202604,-31,pre_shutdown,3.8683686,3405.0,8.092056,37862.0,3.6058946,77.60842,2.5106378,94.43338,1.037249,True,False
Junin,Jauja,Jauja,"Jauja, Jauja, Junin",MOVISTAR,202310,202604,-30,pre_shutdown,3.9108365,2947.0,8.164114,42671.0,3.4704268,77.33374,2.740273,95.431274,1.2446562,True,False
Junin,Jauja,Jauja,"Jauja, Jauja, Junin",MOVISTAR,202311,202604,-29,pre_shutdown,3.8641443,3552.0,7.263187,48360.0,3.2714534,76.88826,3.5354843,95.16395,1.2202386,True,False
Junin,Jauja,Jauja,"Jauja, Jauja, Junin",MOVISTAR,202312,202604,-28,pre_shutdown,4.174477,3339.0,6.6517043,41312.0,2.2598352,76.14445,4.3993883,93.83019,1.0797794,True,False
Junin,Jauja,Jauja,"Jauja, Jauja, Junin",MOVISTAR,202401,202604,-27,pre_shutdown,3.1597278,1426.0,6.6141887,31695.0,2.4634142,76.49815,4.6401534,92.99294,1.3564881,True,False
Junin,Jauja,Jauja,"Jauja, Jauja, Junin",MOVISTAR,202402,202604,-26,pre_shutdown,3.5619185,1278.0,7.421137,26512.0,2.5261562,75.248375,5.329457,93.24056,0.90586895,True,False
Junin,Jauja,Jauja,"Jauja, Jauja, Junin",MOVISTAR,202403,202604,-25,pre_shutdown,5.637072,1820.0,7.4728947,42406.0,4.0242925,74.59811,2.3158758,95.66969,0.883035,True,False
Junin,Jauja,Jauja,"Jauja, Jauja, Junin",MOVISTAR,202404,202604,-24,pre_shutdown,4.6657434,3555.0,8.19333,36956.0,3.7718134,74.89928,3.230595,94.95486,0.88685447,True,False
Junin,Jauja,Jauja,"Jauja, Jauja, Junin",MOVISTAR,202405,202604,-23,pre_shutdown,3.4012773,1271.0,7.5815306,32359.0,3.0536563,73.28808,2.6039028,94.63588,0.74767476,True,False
Junin,Jauja,Jauja,"Jauja, Jauja, Junin",MOVISTAR,202406,202604,-22,pre_shutdown,3.6685357,958.0,7.0803895,32793.0,1.7859672,73.90636,1.4522693,97.46992,0.7011866,True,False
Junin,Jauja,Jauja,"Jauja, Jauja, Junin",MOVISTAR,202407,202604,-21,pre_shutdown,5.2307014,961.0,8.614507,36593.0,3.6577137,73.28119,1.352106,97.64533,0.60615176,True,False
Junin,Jauja,Jauja,"Jauja, Jauja, Junin",MOVISTAR,202408,202604,-20,pre_shutdown,5.4278545,1898.0,8.779195,42268.0,3.0043862,73.86711,2.5670733,95.70572,0.7107579,True,False
Junin,Jauja,Jauja,"Jauja, Jauja, Junin",MOVISTAR,202409,202604,-19,pre_shutdown,5.6850176,1885.0,8.855813,45967.0,2.941326,68.98871,1.9010066,96.53569,0.5900685,True,False
Junin,Jauja,Jauja,"Jauja, Jauja, Junin",MOVISTAR,202410,202604,-18,pre_shutdown,5.4640493,3967.0,8.816843,55790.0,3.0152764,68.40325,2.9052322,95.46202,0.5436225,True,False
Junin,Jauja,Jauja,"Jauja, Jauja, Junin",MOVISTAR,202411,202604,-17,pre_shutdown,4.1672864,2643.0,8.561205,46002.0,3.0205648,59.581642,2.3831923,95.531975,0.67258865,True,False
Junin,Jauja,Jauja,"Jauja, Jauja, Junin",MOVISTAR,202412,202604,-16,pre_shutdown,3.8763032,1383.0,8.550602,44821.0,2.7937267,54.563915,1.443811,96.641754,0.4782097,True,False
Junin,Jauja,Jauja,"Jauja, Jauja, Junin",MOVISTAR,202501,202604,-15,pre_shutdown,5.170934,1826.0,7.517761,40514.0,2.6183815,56.250927,1.8447508,96.47001,0.68521935,True,False
Junin,Jauja,Jauja,"Jauja, Jauja, Junin",MOVISTAR,202502,202604,-14,pre_shutdown,4.2291408,968.0,8.282815,34639.0,2.4067328,55.340218,2.724753,94.46192,0.47670963,True,False
Junin,Jauja,Jauja,"Jauja, Jauja, Junin",MOVISTAR,202503,202604,-13,pre_shutdown,3.657044,1334.0,7.8296056,40231.0,2.2183423,55.25066,1.7926768,97.64904,0.6030873,True,False
Junin,Jauja,Jauja,"Jauja, Jauja, Junin",MOVISTAR,202504,202604,-12,pre_shutdown,3.8249786,1177.0,8.781332,41901.0,2.4216383,59.635036,1.5393329,98.19252,0.63571656,True,False
Junin,Jauja,Jauja,"Jauja, Jauja, Junin",MOVISTAR,202505,202604,-11,pre_shutdown,4.3200035,1427.0,7.3615093,44613.0,2.214356,59.50241,2.0717587,97.67464,0.5707409,True,False
Junin,Jauja,Jauja,"Jauja, Jauja, Junin",MOVISTAR,202506,202604,-10,pre_shutdown,4.6545405,2233.0,7.6676693,40308.0,2.1927142,58.64709,2.5223637,97.274055,0.6861247,True,False
Junin,Jauja,Jauja,"Jauja, Jauja, Junin",MOVISTAR,202507,202604,-9,pre_shutdown,4.322963,3102.0,7.4286976,42264.0,2.3731709,52.24615,2.8759577,96.94223,0.48782176,True,False
Junin,Jauja,Jauja,"Jauja, Jauja, Junin",MOVISTAR,202508,202604,-8,pre_shutdown,4.663815,895.0,8.9861355,50333.0,2.6629534,52.279232,1.2560695,98.68132,0.49301594,True,False
Junin,Jauja,Jauja,"Jauja, Jauja, Junin",MOVISTAR,202509,202604,-7,pre_shutdown,5.9924564,1615.0,9.392394,40887.0,2.4611855,52.14586,1.5477809,98.34999,0.49079326,True,False
Junin,Jauja,Jauja,"Jauja, Jauja, Junin",MOVISTAR,202510,202604,-6,pre_shutdown,4.7773056,986.0,9.374575,46092.0,2.340421,55.76274,1.7301973,98.11458,0.8336708,True,False
Junin,Jauja,Jauja,"Jauja, Jauja, Junin",MOVISTAR,202511,202604,-5,pre_shutdown,4.9503636,1408.0,8.241833,38196.0,2.197037,52.56573,1.0267762,98.46539,0.8002052,True,False
Junin,Jauja,Jauja,"Jauja, Jauja, Junin",MOVISTAR,202512,202604,-4,pre_shutdown,4.5559883,597.0,8.352734,50276.0,2.59478,50.58976,0.6918778,99.0151,0.54903394,True,False
Junin,Jauja,Jauja,"Jauja, Jauja, Junin",MOVISTAR,202601,202604,-3,pre_shutdown,5.4756703,589.0,8.235939,42968.0,2.3937213,52.62521,1.0745044,98.75788,0.6501227,True,False
Junin,Jauja,Jauja,"Jauja, Jauja, Junin",MOVISTAR,202602,202604,-2,pre_shutdown,5.8202267,490.0,9.343361,40744.0,3.4397821,52.37159,1.0422932,98.85474,0.45529202,True,False
Junin,Jauja,Jauja,"Jauja, Jauja, Junin",MOVISTAR,202603,202604,-1,pre_shutdown,6.0200567,785.0,9.890542,46350.0,2.3035944,53.197083,1.5173868,98.281425,0.4556655,True,False
Junin,Jauja,Jauja,"Jauja, Jauja, Junin",MOVISTAR,202604,202604,0,post_shutdown,0.0,0.0,10.127765,37735.0,2.3918052,53.774757,1.2046856,98.61929,0.4792226,False,True
Junin,Jauja,Jauja,"Jauja, Jauja, Junin",MOVISTAR,202605,202604,1,post_shutdown,0.0,0.0,11.187642,24742.0,2.3690212,50.885666,0.9060777,98.68799,0.41713014,False,True
La Libertad,Ascope,Casa Grande,"Casa Grande, Ascope, La Libertad",MOVISTAR,202301,202604,-39,pre_shutdown,2.7401848,6806.0,6.3566194,41684.0,3.6977856,85.60695,11.456168,87.25657,1.3055646,True,False
La Libertad,Ascope,Casa Grande,"Casa Grande, Ascope, La Libertad",MOVISTAR,202302,202604,-38,pre_shutdown,3.2840667,5248.0,6.629297,36049.0,2.4263554,83.80211,10.747646,87.06296,1.1399635,True,False
La Libertad,Ascope,Casa Grande,"Casa Grande, Ascope, La Libertad",MOVISTAR,202303,202604,-37,pre_shutdown,3.1230607,7769.0,6.081746,30484.0,1.7781398,80.59696,13.776019,83.827484,1.25353,True,False
La Libertad,Ascope,Casa Grande,"Casa Grande, Ascope, La Libertad",MOVISTAR,202304,202604,-36,pre_shutdown,2.9173372,7382.0,6.3811264,37237.0,2.6641312,80.75373,12.746244,84.07625,0.9988943,True,False
La Libertad,Ascope,Casa Grande,"Casa Grande, Ascope, La Libertad",MOVISTAR,202305,202604,-35,pre_shutdown,3.145578,7934.0,7.4179235,35900.0,2.6308675,82.49741,13.933911,84.53074,1.4063584,True,False
La Libertad,Ascope,Casa Grande,"Casa Grande, Ascope, La Libertad",MOVISTAR,202306,202604,-34,pre_shutdown,3.027609,5328.0,7.082487,31939.0,2.6418455,81.242226,10.951249,86.94568,1.3913475,True,False
La Libertad,Ascope,Casa Grande,"Casa Grande, Ascope, La Libertad",MOVISTAR,202307,202604,-33,pre_shutdown,3.1057353,6152.0,7.453408,46786.0,3.2990427,82.87172,14.07059,83.08114,1.3490709,True,False
La Libertad,Ascope,Casa Grande,"Casa Grande, Ascope, La Libertad",MOVISTAR,202308,202604,-32,pre_shutdown,2.9269292,9535.0,7.367499,48482.0,2.7336287,82.239456,14.836143,84.24729,0.79011124,True,False
La Libertad,Ascope,Casa Grande,"Casa Grande, Ascope, La Libertad",MOVISTAR,202309,202604,-31,pre_shutdown,2.5226815,8252.0,7.823453,49051.0,3.3463378,84.99703,12.763165,86.34261,0.7004219,True,False
La Libertad,Ascope,Casa Grande,"Casa Grande, Ascope, La Libertad",MOVISTAR,202310,202604,-30,pre_shutdown,2.5662026,10233.0,9.118689,52562.0,3.230692,79.89403,13.1306305,85.11491,0.7079078,True,False
La Libertad,Ascope,Casa Grande,"Casa Grande, Ascope, La Libertad",MOVISTAR,202311,202604,-29,pre_shutdown,3.0268586,4726.0,9.622381,42884.0,2.9878533,78.27363,11.657634,84.97036,0.7441762,True,False
La Libertad,Ascope,Casa Grande,"Casa Grande, Ascope, La Libertad",MOVISTAR,202312,202604,-28,pre_shutdown,3.5680878,6277.0,10.178205,51914.0,2.9720736,78.1121,10.706638,87.418144,0.6664271,True,False
La Libertad,Ascope,Casa Grande,"Casa Grande, Ascope, La Libertad",MOVISTAR,202401,202604,-27,pre_shutdown,3.1081798,7820.0,9.215944,56414.0,2.286189,77.56092,11.914414,86.29432,0.83004194,True,False
La Libertad,Ascope,Casa Grande,"Casa Grande, Ascope, La Libertad",MOVISTAR,202402,202604,-26,pre_shutdown,3.186955,7587.0,10.194287,45235.0,2.804642,78.92129,11.197218,86.09671,0.92609346,True,False
La Libertad,Ascope,Casa Grande,"Casa Grande, Ascope, La Libertad",MOVISTAR,202403,202604,-25,pre_shutdown,4.2908154,4403.0,11.122631,45945.0,3.6587164,77.44704,10.854077,88.09962,0.76628554,True,False
La Libertad,Ascope,Casa Grande,"Casa Grande, Ascope, La Libertad",MOVISTAR,202404,202604,-24,pre_shutdown,4.0930486,4617.0,8.783811,49104.0,2.8333461,76.99567,9.972168,88.0051,0.58625007,True,False
La Libertad,Ascope,Casa Grande,"Casa Grande, Ascope, La Libertad",MOVISTAR,202405,202604,-23,pre_shutdown,3.549074,6915.0,9.508474,59213.0,2.320994,75.35675,13.749535,84.81708,0.5396082,True,False
La Libertad,Ascope,Casa Grande,"Casa Grande, Ascope, La Libertad",MOVISTAR,202406,202604,-22,pre_shutdown,3.5170884,3573.0,9.710579,54827.0,2.497243,75.90786,12.667142,85.396706,0.69794774,True,False
La Libertad,Ascope,Casa Grande,"Casa Grande, Ascope, La Libertad",MOVISTAR,202407,202604,-21,pre_shutdown,4.1303287,3549.0,9.688627,53400.0,2.9364803,75.64068,12.996073,86.43069,0.5620579,True,False
La Libertad,Ascope,Casa Grande,"Casa Grande, Ascope, La Libertad",MOVISTAR,202408,202604,-20,pre_shutdown,4.1060066,3285.0,9.445951,46500.0,3.1354904,76.26774,11.148205,87.92478,0.8500828,True,False
La Libertad,Ascope,Casa Grande,"Casa Grande, Ascope, La Libertad",MOVISTAR,202409,202604,-19,pre_shutdown,4.763329,3895.0,10.13507,42336.0,3.1346684,73.50001,14.270214,85.05045,0.6743383,True,False
La Libertad,Ascope,Casa Grande,"Casa Grande, Ascope, La Libertad",MOVISTAR,202410,202604,-18,pre_shutdown,4.333456,2503.0,9.491944,49333.0,3.2442796,70.749054,10.52372,88.94008,0.69381255,True,False
La Libertad,Ascope,Casa Grande,"Casa Grande, Ascope, La Libertad",MOVISTAR,202411,202604,-17,pre_shutdown,4.9566665,2737.0,9.459254,37877.0,3.0511012,63.14394,12.087991,87.19166,0.79809564,True,False
La Libertad,Ascope,Casa Grande,"Casa Grande, Ascope, La Libertad",MOVISTAR,202412,202604,-16,pre_shutdown,4.333622,1147.0,9.657201,38566.0,2.6499388,57.173107,8.582927,90.8602,0.6763189,True,False
La Libertad,Ascope,Casa Grande,"Casa Grande, Ascope, La Libertad",MOVISTAR,202501,202604,-15,pre_shutdown,4.4883747,2018.0,10.324327,26682.0,2.8055007,57.7218,9.513367,89.95613,0.7077662,True,False
La Libertad,Ascope,Casa Grande,"Casa Grande, Ascope, La Libertad",MOVISTAR,202502,202604,-14,pre_shutdown,3.8224785,1505.0,10.3405075,31490.0,3.0113912,59.450447,9.030834,89.83231,0.80764306,True,False
La Libertad,Ascope,Casa Grande,"Casa Grande, Ascope, La Libertad",MOVISTAR,202503,202604,-13,pre_shutdown,4.1156507,1333.0,9.938907,35335.0,2.6612556,55.527737,5.4506125,93.82895,0.5005595,True,False
La Libertad,Ascope,Casa Grande,"Casa Grande, Ascope, La Libertad",MOVISTAR,202504,202604,-12,pre_shutdown,4.2761297,1808.0,11.49743,33390.0,2.4195454,60.886284,7.129088,91.07298,0.47434267,True,False
La Libertad,Ascope,Casa Grande,"Casa Grande, Ascope, La Libertad",MOVISTAR,202505,202604,-11,pre_shutdown,4.6474867,1533.0,10.775349,36225.0,3.1784694,61.891193,6.9178424,91.98433,0.4764717,True,False
La Libertad,Ascope,Casa Grande,"Casa Grande, Ascope, La Libertad",MOVISTAR,202506,202604,-10,pre_shutdown,4.3630395,826.0,11.636201,27130.0,3.1740658,60.627052,5.6350293,93.7838,0.46906498,True,False
La Libertad,Ascope,Casa Grande,"Casa Grande, Ascope, La Libertad",MOVISTAR,202507,202604,-9,pre_shutdown,4.9852057,1769.0,11.726572,31412.0,2.1027186,53.0506,7.1397476,91.4022,0.5214354,True,False
La Libertad,Ascope,Casa Grande,"Casa Grande, Ascope, La Libertad",MOVISTAR,202508,202604,-8,pre_shutdown,5.0316243,1458.0,10.866529,24371.0,1.9945109,52.550407,5.832136,92.86623,0.42132047,True,False
La Libertad,Ascope,Casa Grande,"Casa Grande, Ascope, La Libertad",MOVISTAR,202509,202604,-7,pre_shutdown,4.450811,1485.0,11.637324,28445.0,3.8209703,53.98797,8.914065,89.79871,0.41755745,True,False
La Libertad,Ascope,Casa Grande,"Casa Grande, Ascope, La Libertad",MOVISTAR,202510,202604,-6,pre_shutdown,4.8580055,1571.0,11.439085,30778.0,3.540984,58.508224,8.63622,89.831566,0.54156274,True,False
La Libertad,Ascope,Casa Grande,"Casa Grande, Ascope, La Libertad",MOVISTAR,202511,202604,-5,pre_shutdown,4.64771,1418.0,11.188613,27050.0,2.24798,57.748703,8.559949,88.98404,0.5351791,True,False
La Libertad,Ascope,Casa Grande,"Casa Grande, Ascope, La Libertad",MOVISTAR,202512,202604,-4,pre_shutdown,5.1898866,1755.0,12.809291,32664.0,2.439198,56.704742,5.6443787,92.66007,0.57376224,True,False
La Libertad,Ascope,Casa Grande,"Casa Grande, Ascope, La Libertad",MOVISTAR,202601,202604,-3,pre_shutdown,4.70129,1067.0,11.210489,23516.0,2.5585797,56.466206,9.418603,89.659836,0.5395017,True,False
La Libertad,Ascope,Casa Grande,"Casa Grande, Ascope, La Libertad",MOVISTAR,202602,202604,-2,pre_shutdown,5.0830126,797.0,11.724195,24866.0,3.0022109,57.83169,5.8656726,92.975136,0.58798647,True,False
La Libertad,Ascope,Casa Grande,"Casa Grande, Ascope, La Libertad",MOVISTAR,202603,202604,-1,pre_shutdown,4.581751,600.0,12.856765,20371.0,2.0032563,53.721024,4.2939215,95.309074,0.6058958,True,False
La Libertad,Ascope,Casa Grande,"Casa Grande, Ascope, La Libertad",MOVISTAR,202604,202604,0,post_shutdown,0.0,0.0,13.140805,15943.0,2.6248755,53.408108,3.7518427,95.77067,0.527748,False,True
La Libertad,Ascope,Casa Grande,"Casa Grande, Ascope, La Libertad",MOVISTAR,202605,202604,1,post_shutdown,0.0,0.0,12.610093,15876.0,2.6123848,54.215897,2.231788,96.406136,0.5727879,False,True
La Libertad,Chepen,Pacanga,"Pacanga, Chepen, La Libertad",MOVISTAR,202301,202605,-40,pre_shutdown,2.8034995,1013.0,10.659614,16274.0,3.0579965,84.13567,4.953339,92.408325,1.9937587,True,False
La Libertad,Chepen,Pacanga,"Pacanga, Chepen, La Libertad",MOVISTAR,202302,202605,-39,pre_shutdown,2.482367,1105.0,9.764139,11751.0,2.2112358,84.514946,5.253159,92.84442,2.1498387,True,False
La Libertad,Chepen,Pacanga,"Pacanga, Chepen, La Libertad",MOVISTAR,202303,202605,-38,pre_shutdown,3.1058896,1087.0,9.386373,7940.0,5.2168665,83.451065,6.741079,89.56973,2.3129573,True,False
La Libertad,Chepen,Pacanga,"Pacanga, Chepen, La Libertad",MOVISTAR,202304,202605,-37,pre_shutdown,3.1152186,1618.0,12.126856,10929.0,4.072548,82.71181,9.867818,84.680534,1.9328378,True,False
La Libertad,Chepen,Pacanga,"Pacanga, Chepen, La Libertad",MOVISTAR,202305,202605,-36,pre_shutdown,2.521862,1642.0,11.358096,10602.0,0.0,82.159294,15.927518,80.72119,1.8401455,True,False
La Libertad,Chepen,Pacanga,"Pacanga, Chepen, La Libertad",MOVISTAR,202306,202605,-35,pre_shutdown,3.416855,1208.0,12.2207,17312.0,2.9503279,79.624084,10.320711,86.750404,1.6933733,True,False
La Libertad,Chepen,Pacanga,"Pacanga, Chepen, La Libertad",MOVISTAR,202307,202605,-34,pre_shutdown,2.7524846,1526.0,10.575046,17623.0,3.07643,80.43402,12.229479,85.01264,2.3110087,True,False
La Libertad,Chepen,Pacanga,"Pacanga, Chepen, La Libertad",MOVISTAR,202308,202605,-33,pre_shutdown,2.8335578,1352.0,9.151868,17367.0,3.6783304,80.98553,10.248982,87.2223,2.4360385,True,False
La Libertad,Chepen,Pacanga,"Pacanga, Chepen, La Libertad",MOVISTAR,202309,202605,-32,pre_shutdown,2.8560462,1837.0,8.964317,19047.0,3.3235688,87.77817,12.127931,86.451454,3.1876352,True,False
La Libertad,Chepen,Pacanga,"Pacanga, Chepen, La Libertad",MOVISTAR,202310,202605,-31,pre_shutdown,3.0531714,1535.0,8.4754305,20852.0,3.9311216,84.79739,6.9288993,91.49798,2.8766918,True,False
La Libertad,Chepen,Pacanga,"Pacanga, Chepen, La Libertad",MOVISTAR,202311,202605,-30,pre_shutdown,3.8024585,1039.0,9.543154,15697.0,2.8035538,84.17609,4.9026694,93.833694,1.9486071,True,False
La Libertad,Chepen,Pacanga,"Pacanga, Chepen, La Libertad",MOVISTAR,202312,202605,-29,pre_shutdown,2.7207336,1334.0,11.767103,15632.0,2.1659236,80.48422,5.6084447,92.229004,1.44427,True,False
La Libertad,Chepen,Pacanga,"Pacanga, Chepen, La Libertad",MOVISTAR,202401,202605,-28,pre_shutdown,3.050316,1290.0,10.142574,23643.0,2.8884554,80.78163,5.737457,92.57739,1.4951321,True,False
La Libertad,Chepen,Pacanga,"Pacanga, Chepen, La Libertad",MOVISTAR,202402,202605,-27,pre_shutdown,3.8043334,1619.0,12.148999,24770.0,2.915297,77.967674,7.1956544,91.1605,1.5312777,True,False
La Libertad,Chepen,Pacanga,"Pacanga, Chepen, La Libertad",MOVISTAR,202403,202605,-26,pre_shutdown,3.3611467,1529.0,11.557394,21702.0,2.6458883,77.367935,7.964929,90.93142,1.1886476,True,False
La Libertad,Chepen,Pacanga,"Pacanga, Chepen, La Libertad",MOVISTAR,202404,202605,-25,pre_shutdown,3.4947264,1566.0,11.994729,26507.0,2.5460353,77.12293,5.815834,93.55187,0.8200586,True,False
La Libertad,Chepen,Pacanga,"Pacanga, Chepen, La Libertad",MOVISTAR,202405,202605,-24,pre_shutdown,3.4147995,1863.0,12.135992,27559.0,3.340616,76.976036,8.545916,90.27311,0.98780924,True,False
La Libertad,Chepen,Pacanga,"Pacanga, Chepen, La Libertad",MOVISTAR,202406,202605,-23,pre_shutdown,3.9774392,1670.0,12.232296,29034.0,2.241498,75.93662,6.57331,91.71398,0.9717186,True,False
La Libertad,Chepen,Pacanga,"Pacanga, Chepen, La Libertad",MOVISTAR,202407,202605,-22,pre_shutdown,3.4818926,1053.0,11.996104,23586.0,3.2210772,74.89743,6.2179613,92.71781,0.9783779,True,False
La Libertad,Chepen,Pacanga,"Pacanga, Chepen, La Libertad",MOVISTAR,202408,202605,-21,pre_shutdown,3.8977633,1529.0,11.480075,17142.0,2.4357731,76.22642,5.1223874,94.13584,1.1442661,True,False
La Libertad,Chepen,Pacanga,"Pacanga, Chepen, La Libertad",MOVISTAR,202409,202605,-20,pre_shutdown,3.577971,1136.0,9.320092,18751.0,2.552118,75.06919,5.5590963,93.98489,1.4460384,True,False
La Libertad,Chepen,Pacanga,"Pacanga, Chepen, La Libertad",MOVISTAR,202410,202605,-19,pre_shutdown,3.402546,1896.0,9.190251,20314.0,2.5826733,73.76908,8.796698,90.13754,1.5041554,True,False
La Libertad,Chepen,Pacanga,"Pacanga, Chepen, La Libertad",MOVISTAR,202411,202605,-18,pre_shutdown,3.5671558,835.0,9.838025,16088.0,2.019554,64.583984,7.4656134,90.68702,1.3937781,True,False
La Libertad,Chepen,Pacanga,"Pacanga, Chepen, La Libertad",MOVISTAR,202412,202605,-17,pre_shutdown,3.468733,1262.0,8.790338,20659.0,2.607591,64.35733,6.0328417,93.525246,1.1881355,True,False
La Libertad,Chepen,Pacanga,"Pacanga, Chepen, La Libertad",MOVISTAR,202501,202605,-16,pre_shutdown,3.5186572,972.0,9.067195,18405.0,2.6928895,61.014046,5.7570367,92.146996,1.3576012,True,False
La Libertad,Chepen,Pacanga,"Pacanga, Chepen, La Libertad",MOVISTAR,202502,202605,-15,pre_shutdown,3.4912071,1215.0,9.812905,22909.0,2.367411,58.07363,11.362012,87.23746,1.0842946,True,False
La Libertad,Chepen,Pacanga,"Pacanga, Chepen, La Libertad",MOVISTAR,202503,202605,-14,pre_shutdown,3.5665781,650.0,9.372155,19380.0,2.5468123,58.72947,10.008916,87.65182,0.8069674,True,False
La Libertad,Chepen,Pacanga,"Pacanga, Chepen, La Libertad",MOVISTAR,202504,202605,-13,pre_shutdown,3.8911889,1463.0,9.4815235,14506.0,2.5669277,63.989357,9.46858,89.141235,1.1646733,True,False
La Libertad,Chepen,Pacanga,"Pacanga, Chepen, La Libertad",MOVISTAR,202505,202605,-12,pre_shutdown,4.049028,838.0,10.211779,15285.0,2.4326546,70.98819,7.377648,91.81602,1.8460003,True,False
La Libertad,Chepen,Pacanga,"Pacanga, Chepen, La Libertad",MOVISTAR,202506,202605,-11,pre_shutdown,5.005239,779.0,10.441872,16136.0,2.8721576,66.69628,6.5898433,92.04993,1.5639309,True,False
La Libertad,Chepen,Pacanga,"Pacanga, Chepen, La Libertad",MOVISTAR,202507,202605,-10,pre_shutdown,4.907332,705.0,10.515628,18107.0,2.7687898,60.619637,5.7267604,93.73576,1.6465625,True,False
La Libertad,Chepen,Pacanga,"Pacanga, Chepen, La Libertad",MOVISTAR,202508,202605,-9,pre_shutdown,5.8117256,3315.0,12.234838,28135.0,2.3977401,55.825394,8.661812,90.70325,1.0321059,True,False
La Libertad,Chepen,Pacanga,"Pacanga, Chepen, La Libertad",MOVISTAR,202509,202605,-8,pre_shutdown,6.3130593,4487.0,11.40535,19563.0,2.5986233,58.340847,12.575142,85.71192,1.3063242,True,False
La Libertad,Chepen,Pacanga,"Pacanga, Chepen, La Libertad",MOVISTAR,202510,202605,-7,pre_shutdown,4.5797033,1082.0,10.957923,25313.0,2.4604979,61.00337,7.4769816,91.5816,0.99765694,True,False
La Libertad,Chepen,Pacanga,"Pacanga, Chepen, La Libertad",MOVISTAR,202511,202605,-6,pre_shutdown,4.843209,1453.0,10.518199,23763.0,2.661017,64.7533,9.8273,88.75192,1.5178852,True,False
La Libertad,Chepen,Pacanga,"Pacanga, Chepen, La Libertad",MOVISTAR,202512,202605,-5,pre_shutdown,4.7301836,1042.0,10.9647875,20344.0,2.8259573,61.163685,6.1383224,92.92301,1.687139,True,False
La Libertad,Chepen,Pacanga,"Pacanga, Chepen, La Libertad",MOVISTAR,202601,202605,-4,pre_shutdown,4.5852466,702.0,11.236333,20902.0,2.1996074,60.692577,6.033387,92.50111,1.8640957,True,False
La Libertad,Chepen,Pacanga,"Pacanga, Chepen, La Libertad",MOVISTAR,202602,202605,-3,pre_shutdown,5.2600245,2714.0,9.950013,16953.0,3.0157676,65.64899,8.375281,91.04378,1.9376159,True,False
La Libertad,Chepen,Pacanga,"Pacanga, Chepen, La Libertad",MOVISTAR,202603,202605,-2,pre_shutdown,5.228936,1006.0,10.613564,13163.0,2.9665344,60.356216,7.470711,91.61019,1.6933616,True,False
La Libertad,Chepen,Pacanga,"Pacanga, Chepen, La Libertad",MOVISTAR,202604,202605,-1,pre_shutdown,5.4774065,977.0,11.378378,7537.0,3.1552038,58.03735,8.610938,90.20903,1.5364718,True,False
La Libertad,Chepen,Pacanga,"Pacanga, Chepen, La Libertad",MOVISTAR,202605,202605,0,post_shutdown,0.0,0.0,11.821931,7378.0,2.8688927,56.700596,6.9677672,92.54441,1.2645915,False,True
La Libertad,Otuzco,Salpo,"Salpo, Otuzco, La Libertad",MOVISTAR,202301,202605,-40,pre_shutdown,5.38202,4971.0,16.838469,769.0,0.0,0.0,72.38449,19.789865,1.199262,True,False
La Libertad,Otuzco,Salpo,"Salpo, Otuzco, La Libertad",MOVISTAR,202302,202605,-39,pre_shutdown,4.547101,2757.0,12.868773,1376.0,0.0,95.96018,43.87941,39.46604,1.0519803,True,False
La Libertad,Otuzco,Salpo,"Salpo, Otuzco, La Libertad",MOVISTAR,202303,202605,-38,pre_shutdown,5.2254553,7960.0,0.0,0.0,0.0,0.0,69.29607,4.186872,0.0,True,False
La Libertad,Otuzco,Salpo,"Salpo, Otuzco, La Libertad",MOVISTAR,202304,202605,-37,pre_shutdown,6.0189705,6901.0,0.0,0.0,0.0,0.0,63.191837,13.732838,1.6304348,True,False
La Libertad,Otuzco,Salpo,"Salpo, Otuzco, La Libertad",MOVISTAR,202305,202605,-36,pre_shutdown,6.647902,3986.0,0.0,0.0,0.0,0.0,63.316093,23.311451,4.119318,True,False
La Libertad,Otuzco,Salpo,"Salpo, Otuzco, La Libertad",MOVISTAR,202306,202605,-35,pre_shutdown,6.121853,6560.0,8.708741,512.0,0.0,93.150986,54.990593,26.952753,1.5720859,True,False
La Libertad,Otuzco,Salpo,"Salpo, Otuzco, La Libertad",MOVISTAR,202307,202605,-34,pre_shutdown,6.60356,7440.0,9.062598,1791.0,0.0,90.86871,49.410305,30.032038,1.1022044,True,False
La Libertad,Otuzco,Salpo,"Salpo, Otuzco, La Libertad",MOVISTAR,202308,202605,-33,pre_shutdown,7.2666583,7859.0,10.442254,1274.0,0.0,89.81937,58.64852,32.02011,1.8544936,True,False
La Libertad,Otuzco,Salpo,"Salpo, Otuzco, La Libertad",MOVISTAR,202309,202605,-32,pre_shutdown,6.512632,4069.0,8.180657,2533.0,0.0,88.42059,41.069912,44.093952,0.9933775,True,False
La Libertad,Otuzco,Salpo,"Salpo, Otuzco, La Libertad",MOVISTAR,202310,202605,-31,pre_shutdown,7.501025,11784.0,8.0723715,1023.0,0.0,89.28485,44.35218,30.793571,1.7962309,True,False
La Libertad,Otuzco,Salpo,"Salpo, Otuzco, La Libertad",MOVISTAR,202311,202605,-30,pre_shutdown,7.823982,7171.0,12.51114,812.0,0.0,87.36245,51.920425,32.403923,1.0971787,True,False
La Libertad,Otuzco,Salpo,"Salpo, Otuzco, La Libertad",MOVISTAR,202312,202605,-29,pre_shutdown,6.8796005,5962.0,18.273,2071.0,0.0,79.039406,63.147728,19.42574,1.3174807,True,False
La Libertad,Otuzco,Salpo,"Salpo, Otuzco, La Libertad",MOVISTAR,202401,202605,-28,pre_shutdown,6.4360023,6975.0,21.386984,2164.0,0.0,78.18475,39.909103,33.596424,1.1190476,True,False
La Libertad,Otuzco,Salpo,"Salpo, Otuzco, La Libertad",MOVISTAR,202402,202605,-27,pre_shutdown,6.052092,6324.0,11.642298,2565.0,0.0,88.166504,40.31555,32.269268,1.4309211,True,False
La Libertad,Otuzco,Salpo,"Salpo, Otuzco, La Libertad",MOVISTAR,202403,202605,-26,pre_shutdown,6.2356944,2910.0,0.0,0.0,0.0,77.12983,44.48965,14.330727,2.1169355,True,False
La Libertad,Otuzco,Salpo,"Salpo, Otuzco, La Libertad",MOVISTAR,202404,202605,-25,pre_shutdown,6.257188,7525.0,0.0,0.0,0.0,0.0,57.57167,6.0263805,2.0891366,True,False
La Libertad,Otuzco,Salpo,"Salpo, Otuzco, La Libertad",MOVISTAR,202405,202605,-24,pre_shutdown,5.939719,3606.0,6.8053646,833.0,0.0,73.69858,47.144726,21.834858,0.7489301,True,False
La Libertad,Otuzco,Salpo,"Salpo, Otuzco, La Libertad",MOVISTAR,202406,202605,-23,pre_shutdown,5.8378553,4614.0,11.801518,1558.0,0.0,79.24686,45.935726,32.048603,1.4265336,True,False
La Libertad,Otuzco,Salpo,"Salpo, Otuzco, La Libertad",MOVISTAR,202407,202605,-22,pre_shutdown,5.3623085,2219.0,9.920798,666.0,0.0,87.32256,39.05353,31.05708,2.5159235,True,False
La Libertad,Otuzco,Salpo,"Salpo, Otuzco, La Libertad",MOVISTAR,202408,202605,-21,pre_shutdown,6.348207,2536.0,13.173395,650.0,0.0,81.39205,46.907726,32.246365,0.75,True,False
La Libertad,Otuzco,Salpo,"Salpo, Otuzco, La Libertad",MOVISTAR,202409,202605,-20,pre_shutdown,5.1252675,1621.0,13.908809,894.0,0.0,82.32212,33.55836,35.101295,0.96153843,True,False
La Libertad,Otuzco,Salpo,"Salpo, Otuzco, La Libertad",MOVISTAR,202410,202605,-19,pre_shutdown,4.7036986,1269.0,11.376904,1749.0,0.0,85.4941,26.278782,33.957695,1.1175497,True,False
La Libertad,Otuzco,Salpo,"Salpo, Otuzco, La Libertad",MOVISTAR,202411,202605,-18,pre_shutdown,4.588085,1284.0,12.508289,2167.0,0.0,71.42146,32.70195,38.005054,1.2392901,True,False
La Libertad,Otuzco,Salpo,"Salpo, Otuzco, La Libertad",MOVISTAR,202412,202605,-17,pre_shutdown,4.889639,558.0,14.178805,1558.0,0.0,63.924675,18.543316,43.43887,1.7675339,True,False
La Libertad,Otuzco,Salpo,"Salpo, Otuzco, La Libertad",MOVISTAR,202501,202605,-16,pre_shutdown,3.9507809,1086.0,12.174154,1866.0,5.3708057,55.35778,26.422947,55.3747,1.202119,True,False
La Libertad,Otuzco,Salpo,"Salpo, Otuzco, La Libertad",MOVISTAR,202502,202605,-15,pre_shutdown,3.6851785,450.0,11.405767,1115.0,0.0,55.989845,20.317926,50.94516,1.205003,True,False
La Libertad,Otuzco,Salpo,"Salpo, Otuzco, La Libertad",MOVISTAR,202503,202605,-14,pre_shutdown,3.5765903,967.0,11.729478,3654.0,3.1699955,59.152706,20.27741,72.77908,1.0191847,True,False
La Libertad,Otuzco,Salpo,"Salpo, Otuzco, La Libertad",MOVISTAR,202504,202605,-13,pre_shutdown,3.5276494,813.0,10.722509,3849.0,3.6170683,67.99197,20.587109,72.77747,1.0705742,True,False
La Libertad,Otuzco,Salpo,"Salpo, Otuzco, La Libertad",MOVISTAR,202505,202605,-12,pre_shutdown,6.4888034,1462.0,8.843267,3600.0,0.0,66.45487,18.668705,74.69245,1.217875,True,False
La Libertad,Otuzco,Salpo,"Salpo, Otuzco, La Libertad",MOVISTAR,202506,202605,-11,pre_shutdown,4.2141623,585.0,7.444769,2944.0,0.0,69.13021,17.481792,72.12878,1.5579357,True,False
La Libertad,Otuzco,Salpo,"Salpo, Otuzco, La Libertad",MOVISTAR,202507,202605,-10,pre_shutdown,4.137059,537.0,9.527726,1173.0,0.0,57.545925,25.608322,58.793858,0.993685,True,False
La Libertad,Otuzco,Salpo,"Salpo, Otuzco, La Libertad",MOVISTAR,202508,202605,-9,pre_shutdown,3.813608,574.0,12.055033,486.0,0.0,57.276672,32.212353,45.739693,2.6736925,True,False
La Libertad,Otuzco,Salpo,"Salpo, Otuzco, La Libertad",MOVISTAR,202509,202605,-8,pre_shutdown,7.1950307,841.0,0.0,0.0,0.0,0.0,40.467194,22.958832,3.3967392,True,False
La Libertad,Otuzco,Salpo,"Salpo, Otuzco, La Libertad",MOVISTAR,202510,202605,-7,pre_shutdown,4.3384004,1243.0,0.0,0.0,0.0,0.0,48.890125,19.7992,4.1666665,True,False
La Libertad,Otuzco,Salpo,"Salpo, Otuzco, La Libertad",MOVISTAR,202511,202605,-6,pre_shutdown,4.0740447,662.0,0.0,0.0,0.0,0.0,45.121475,26.37708,1.843318,True,False
La Libertad,Otuzco,Salpo,"Salpo, Otuzco, La Libertad",MOVISTAR,202512,202605,-5,pre_shutdown,4.571848,854.0,9.237335,3755.0,0.0,57.727444,20.391268,68.76486,1.081081,True,False
La Libertad,Otuzco,Salpo,"Salpo, Otuzco, La Libertad",MOVISTAR,202601,202605,-4,pre_shutdown,4.6045804,1002.0,8.806123,3374.0,2.8767965,60.356773,22.864391,68.22434,1.3691194,True,False
La Libertad,Otuzco,Salpo,"Salpo, Otuzco, La Libertad",MOVISTAR,202602,202605,-3,pre_shutdown,5.432134,1381.0,10.71185,3541.0,3.1919413,59.70019,25.205793,59.734344,1.1682913,True,False
La Libertad,Otuzco,Salpo,"Salpo, Otuzco, La Libertad",MOVISTAR,202603,202605,-2,pre_shutdown,6.0452433,1547.0,11.909654,3550.0,3.407932,57.48214,24.361797,64.73008,1.3403736,True,False
La Libertad,Otuzco,Salpo,"Salpo, Otuzco, La Libertad",MOVISTAR,202604,202605,-1,pre_shutdown,6.366948,426.0,13.119673,2502.0,2.3237336,53.4935,15.976234,62.49996,0.71057194,True,False
La Libertad,Otuzco,Salpo,"Salpo, Otuzco, La Libertad",MOVISTAR,202605,202605,0,post_shutdown,0.0,0.0,13.04225,512.0,0.0,55.146866,30.339024,44.867638,1.5086207,False,True
La Libertad,Trujillo,El Porvenir,"El Porvenir, Trujillo, La Libertad",MOVISTAR,202301,202412,-23,pre_shutdown,3.5968573,4782.0,8.008239,38346.0,2.8436787,83.540764,6.433336,92.91269,1.6702543,True,False
La Libertad,Trujillo,El Porvenir,"El Porvenir, Trujillo, La Libertad",MOVISTAR,202302,202412,-22,pre_shutdown,3.4270942,3096.0,7.71829,38428.0,3.0127466,82.63525,6.2556176,92.49383,2.4614565,True,False
La Libertad,Trujillo,El Porvenir,"El Porvenir, Trujillo, La Libertad",MOVISTAR,202303,202412,-21,pre_shutdown,2.828024,1476.0,7.785802,41969.0,3.3510962,79.63862,5.31333,93.522736,3.809308,True,False
La Libertad,Trujillo,El Porvenir,"El Porvenir, Trujillo, La Libertad",MOVISTAR,202304,202412,-20,pre_shutdown,3.6413853,2971.0,8.763916,45831.0,4.0090237,79.17923,5.389922,93.3678,1.6214052,True,False
La Libertad,Trujillo,El Porvenir,"El Porvenir, Trujillo, La Libertad",MOVISTAR,202305,202412,-19,pre_shutdown,3.8574092,2347.0,9.105135,37453.0,4.238605,80.6474,5.507595,93.277596,1.0792172,True,False
La Libertad,Trujillo,El Porvenir,"El Porvenir, Trujillo, La Libertad",MOVISTAR,202306,202412,-18,pre_shutdown,3.5854716,2738.0,9.823452,37832.0,4.645209,80.28371,6.2542243,93.17434,1.3974566,True,False
La Libertad,Trujillo,El Porvenir,"El Porvenir, Trujillo, La Libertad",MOVISTAR,202307,202412,-17,pre_shutdown,3.4123406,3500.0,9.429681,48558.0,3.8083203,79.088066,4.9263034,94.17426,1.3865445,True,False
La Libertad,Trujillo,El Porvenir,"El Porvenir, Trujillo, La Libertad",MOVISTAR,202308,202412,-16,pre_shutdown,3.334314,5870.0,8.000576,57706.0,2.9374862,79.82523,6.23758,92.79561,1.6979443,True,False
La Libertad,Trujillo,El Porvenir,"El Porvenir, Trujillo, La Libertad",MOVISTAR,202309,202412,-15,pre_shutdown,3.3214128,4991.0,7.456927,57759.0,3.0915134,81.44922,6.2514663,92.30855,1.4240845,True,False
La Libertad,Trujillo,El Porvenir,"El Porvenir, Trujillo, La Libertad",MOVISTAR,202310,202412,-14,pre_shutdown,3.104105,5342.0,8.25502,65778.0,3.357137,80.717766,6.522351,92.830635,1.359802,True,False
La Libertad,Trujillo,El Porvenir,"El Porvenir, Trujillo, La Libertad",MOVISTAR,202311,202412,-13,pre_shutdown,3.2140121,4299.0,8.028572,44260.0,3.3851511,80.339264,9.285586,90.07679,1.052232,True,False
La Libertad,Trujillo,El Porvenir,"El Porvenir, Trujillo, La Libertad",MOVISTAR,202312,202412,-12,pre_shutdown,2.7098513,4679.0,8.0841465,46324.0,3.059543,80.26742,8.683837,90.035095,1.1222247,True,False
La Libertad,Trujillo,El Porvenir,"El Porvenir, Trujillo, La Libertad",MOVISTAR,202401,202412,-11,pre_shutdown,3.327491,4507.0,9.336655,42732.0,2.8964787,79.45809,10.442703,88.062546,1.1996665,True,False
La Libertad,Trujillo,El Porvenir,"El Porvenir, Trujillo, La Libertad",MOVISTAR,202402,202412,-10,pre_shutdown,2.8646169,4100.0,9.148023,45327.0,2.9028344,80.087715,7.834928,90.79238,1.5852734,True,False
La Libertad,Trujillo,El Porvenir,"El Porvenir, Trujillo, La Libertad",MOVISTAR,202403,202412,-9,pre_shutdown,3.5485113,7861.0,7.6998844,45698.0,2.7094038,79.81635,8.456327,90.18322,1.4810253,True,False
La Libertad,Trujillo,El Porvenir,"El Porvenir, Trujillo, La Libertad",MOVISTAR,202404,202412,-8,pre_shutdown,4.0643606,6999.0,8.751231,45768.0,2.7031293,78.34998,9.53082,89.460106,0.99412155,True,False
La Libertad,Trujillo,El Porvenir,"El Porvenir, Trujillo, La Libertad",MOVISTAR,202405,202412,-7,pre_shutdown,4.20587,10058.0,8.033817,50161.0,2.7682219,78.05858,10.224,88.77964,0.99894416,True,False
La Libertad,Trujillo,El Porvenir,"El Porvenir, Trujillo, La Libertad",MOVISTAR,202406,202412,-6,pre_shutdown,4.822181,10960.0,9.87921,63212.0,3.1914241,76.91454,7.8834434,90.95135,1.0526352,True,False
La Libertad,Trujillo,El Porvenir,"El Porvenir, Trujillo, La Libertad",MOVISTAR,202407,202412,-5,pre_shutdown,4.723261,9145.0,9.12926,60615.0,3.0026584,76.84961,7.712868,91.43142,0.96413344,True,False
La Libertad,Trujillo,El Porvenir,"El Porvenir, Trujillo, La Libertad",MOVISTAR,202408,202412,-4,pre_shutdown,4.686141,5976.0,9.314292,60083.0,2.6105578,77.311745,6.629399,92.67012,1.0520928,True,False
La Libertad,Trujillo,El Porvenir,"El Porvenir, Trujillo, La Libertad",MOVISTAR,202409,202412,-3,pre_shutdown,4.90634,9597.0,10.205242,75667.0,2.9448092,72.84431,8.593473,90.831535,0.7638889,True,False
La Libertad,Trujillo,El Porvenir,"El Porvenir, Trujillo, La Libertad",MOVISTAR,202410,202412,-2,pre_shutdown,4.9158883,8189.0,10.794313,77628.0,3.2975729,70.02305,8.053173,91.527985,0.86041445,True,False
La Libertad,Trujillo,El Porvenir,"El Porvenir, Trujillo, La Libertad",MOVISTAR,202411,202412,-1,pre_shutdown,5.1580105,5961.0,9.483564,57139.0,3.029211,60.78775,6.4054456,91.95273,0.7384697,True,False
La Libertad,Trujillo,El Porvenir,"El Porvenir, Trujillo, La Libertad",MOVISTAR,202412,202412,0,post_shutdown,0.0,0.0,10.502724,65712.0,2.8359892,55.83589,0.01633632,93.39937,0.5134352,False,True
La Libertad,Trujillo,El Porvenir,"El Porvenir, Trujillo, La Libertad",MOVISTAR,202501,202412,1,post_shutdown,0.0,0.0,9.608084,48424.0,4.05639,58.7932,0.013093931,91.905365,0.5917864,False,True
La Libertad,Trujillo,El Porvenir,"El Porvenir, Trujillo, La Libertad",MOVISTAR,202502,202412,2,post_shutdown,0.0,0.0,9.790069,41296.0,2.8875806,58.19287,0.005698532,93.34894,0.7770389,False,True
La Libertad,Trujillo,El Porvenir,"El Porvenir, Trujillo, La Libertad",MOVISTAR,202503,202412,3,post_shutdown,0.0,0.0,8.967711,39441.0,2.8656003,57.97974,0.017378112,91.72395,0.7013285,False,True
La Libertad,Trujillo,El Porvenir,"El Porvenir, Trujillo, La Libertad",MOVISTAR,202504,202412,4,post_shutdown,0.0,0.0,8.558382,44674.0,3.4068425,64.623276,0.012839082,90.29027,0.84626436,False,True
La Libertad,Trujillo,El Porvenir,"El Porvenir, Trujillo, La Libertad",MOVISTAR,202505,202412,5,post_shutdown,0.0,0.0,10.287609,54128.0,2.8906522,65.499275,0.0045900717,96.16363,0.9325865,False,True
La Libertad,Trujillo,El Porvenir,"El Porvenir, Trujillo, La Libertad",MOVISTAR,202506,202412,6,post_shutdown,0.0,0.0,10.977471,38961.0,2.8912616,63.481766,0.0077303844,92.349045,0.9433259,False,True
La Libertad,Trujillo,El Porvenir,"El Porvenir, Trujillo, La Libertad",MOVISTAR,202507,202412,7,post_shutdown,0.0,0.0,10.742544,37317.0,2.3503664,56.467567,0.016132925,93.58592,0.9054416,False,True
La Libertad,Trujillo,El Porvenir,"El Porvenir, Trujillo, La Libertad",MOVISTAR,202508,202412,8,post_shutdown,0.0,0.0,12.078623,42733.0,3.5027356,54.437336,0.0026223802,93.12882,0.65311545,False,True
La Libertad,Trujillo,El Porvenir,"El Porvenir, Trujillo, La Libertad",MOVISTAR,202509,202412,9,post_shutdown,0.0,0.0,12.23545,41895.0,2.8821995,54.752956,0.008267755,92.19582,0.89053434,False,True
La Libertad,Trujillo,El Porvenir,"El Porvenir, Trujillo, La Libertad",MOVISTAR,202510,202412,10,post_shutdown,0.0,0.0,12.524332,47055.0,3.004315,59.558723,0.0014730872,94.1123,0.7970968,False,True
La Libertad,Trujillo,El Porvenir,"El Porvenir, Trujillo, La Libertad",MOVISTAR,202511,202412,11,post_shutdown,0.0,0.0,12.528993,56437.0,2.8202665,62.625,0.01694338,95.343185,0.81327045,False,True
La Libertad,Trujillo,El Porvenir,"El Porvenir, Trujillo, La Libertad",MOVISTAR,202512,202412,12,post_shutdown,0.0,0.0,11.59947,55740.0,2.5383368,59.529385,0.004672994,95.360794,0.9710443,False,True
La Libertad,Trujillo,El Porvenir,"El Porvenir, Trujillo, La Libertad",MOVISTAR,202601,202412,13,post_shutdown,0.0,0.0,11.305506,65971.0,2.9817348,59.9492,0.011051343,97.43918,1.1359869,False,True
La Libertad,Trujillo,El Porvenir,"El Porvenir, Trujillo, La Libertad",MOVISTAR,202602,202412,14,post_shutdown,0.0,0.0,11.592407,69823.0,3.1758897,61.38301,0.0068194782,98.82802,1.2320868,False,True
La Libertad,Trujillo,El Porvenir,"El Porvenir, Trujillo, La Libertad",MOVISTAR,202603,202412,15,post_shutdown,0.0,0.0,11.286642,71263.0,2.9800255,57.507126,0.0065919836,99.35037,1.076732,False,True
La Libertad,Trujillo,El Porvenir,"El Porvenir, Trujillo, La Libertad",MOVISTAR,202604,202412,16,post_shutdown,0.0,0.0,11.529635,58604.0,3.4231665,55.30283,0.0010475544,99.34537,0.8229306,False,True
La Libertad,Trujillo,El Porvenir,"El Porvenir, Trujillo, La Libertad",MOVISTAR,202605,202412,17,post_shutdown,0.0,0.0,12.126809,68251.0,2.5419474,53.51581,0.003960038,99.47754,0.79086286,False,True
La Libertad,Trujillo,La Esperanza,"La Esperanza, Trujillo, La Libertad",MOVISTAR,202301,202412,-23,pre_shutdown,3.3539932,4492.0,10.077452,50169.0,3.6781888,83.65789,4.1430035,93.718,1.3684893,True,False
La Libertad,Trujillo,La Esperanza,"La Esperanza, Trujillo, La Libertad",MOVISTAR,202302,202412,-22,pre_shutdown,3.1846907,4255.0,8.566752,48635.0,3.2644897,84.3351,4.6158857,94.18337,1.4610709,True,False
La Libertad,Trujillo,La Esperanza,"La Esperanza, Trujillo, La Libertad",MOVISTAR,202303,202412,-21,pre_shutdown,3.1451352,3805.0,8.935948,48285.0,3.4477093,80.05513,5.084416,92.719055,1.2259742,True,False
La Libertad,Trujillo,La Esperanza,"La Esperanza, Trujillo, La Libertad",MOVISTAR,202304,202412,-20,pre_shutdown,3.1116056,3386.0,9.682343,48200.0,3.5262227,80.76209,4.634052,94.80514,1.2429644,True,False
La Libertad,Trujillo,La Esperanza,"La Esperanza, Trujillo, La Libertad",MOVISTAR,202305,202412,-19,pre_shutdown,3.3110836,2682.0,9.086197,41813.0,3.343583,80.86615,4.218665,94.67686,1.1931763,True,False
La Libertad,Trujillo,La Esperanza,"La Esperanza, Trujillo, La Libertad",MOVISTAR,202306,202412,-18,pre_shutdown,3.4063897,3806.0,10.102558,60111.0,3.5107882,78.87387,4.484354,94.60653,1.2159534,True,False
La Libertad,Trujillo,La Esperanza,"La Esperanza, Trujillo, La Libertad",MOVISTAR,202307,202412,-17,pre_shutdown,4.12384,6424.0,10.323378,76085.0,3.2919292,77.81974,4.071245,95.27445,1.1999642,True,False
La Libertad,Trujillo,La Esperanza,"La Esperanza, Trujillo, La Libertad",MOVISTAR,202308,202412,-16,pre_shutdown,3.7296095,6021.0,9.201957,73281.0,3.6756704,79.05188,4.664196,94.51169,1.2391729,True,False
La Libertad,Trujillo,La Esperanza,"La Esperanza, Trujillo, La Libertad",MOVISTAR,202309,202412,-15,pre_shutdown,4.2062597,6878.0,9.1865425,97275.0,3.4896846,80.631714,5.7158995,93.35136,1.1761916,True,False
La Libertad,Trujillo,La Esperanza,"La Esperanza, Trujillo, La Libertad",MOVISTAR,202310,202412,-14,pre_shutdown,4.0884423,7997.0,9.012568,89685.0,3.4096315,78.23194,6.9537673,92.44006,1.0212685,True,False
La Libertad,Trujillo,La Esperanza,"La Esperanza, Trujillo, La Libertad",MOVISTAR,202311,202412,-13,pre_shutdown,3.7751243,8989.0,9.322027,77962.0,3.6988003,79.39789,10.283513,88.98989,0.9607831,True,False
La Libertad,Trujillo,La Esperanza,"La Esperanza, Trujillo, La Libertad",MOVISTAR,202312,202412,-12,pre_shutdown,3.3453598,7381.0,9.223842,89136.0,3.1153805,78.74958,9.3513,89.717155,1.0089041,True,False
La Libertad,Trujillo,La Esperanza,"La Esperanza, Trujillo, La Libertad",MOVISTAR,202401,202412,-11,pre_shutdown,3.5290232,6528.0,8.981601,76478.0,3.1556766,77.22956,6.3937416,93.0983,0.86689484,True,False
La Libertad,Trujillo,La Esperanza,"La Esperanza, Trujillo, La Libertad",MOVISTAR,202402,202412,-10,pre_shutdown,3.6774793,5007.0,9.611271,69398.0,3.169507,78.445526,6.339953,92.860664,0.9747691,True,False
La Libertad,Trujillo,La Esperanza,"La Esperanza, Trujillo, La Libertad",MOVISTAR,202403,202412,-9,pre_shutdown,3.3056011,8869.0,10.08691,71743.0,2.7316773,77.98498,7.01889,91.93118,0.86220646,True,False
La Libertad,Trujillo,La Esperanza,"La Esperanza, Trujillo, La Libertad",MOVISTAR,202404,202412,-8,pre_shutdown,4.452363,5753.0,10.733224,64311.0,2.707784,77.088264,5.8865447,93.347084,0.8151806,True,False
La Libertad,Trujillo,La Esperanza,"La Esperanza, Trujillo, La Libertad",MOVISTAR,202405,202412,-7,pre_shutdown,3.689787,6038.0,9.330648,69576.0,2.9340882,76.895164,6.2485995,93.03162,0.80745447,True,False
La Libertad,Trujillo,La Esperanza,"La Esperanza, Trujillo, La Libertad",MOVISTAR,202406,202412,-6,pre_shutdown,4.8040047,5172.0,8.719963,69885.0,3.0192075,76.00504,5.9770365,92.81796,0.9603855,True,False
La Libertad,Trujillo,La Esperanza,"La Esperanza, Trujillo, La Libertad",MOVISTAR,202407,202412,-5,pre_shutdown,4.3793545,4308.0,9.592926,70644.0,2.4985573,75.814186,5.0315285,94.11333,0.74162316,True,False
La Libertad,Trujillo,La Esperanza,"La Esperanza, Trujillo, La Libertad",MOVISTAR,202408,202412,-4,pre_shutdown,4.3127623,4714.0,9.449461,74865.0,2.6826916,77.37767,4.682289,94.59513,0.9665159,True,False
La Libertad,Trujillo,La Esperanza,"La Esperanza, Trujillo, La Libertad",MOVISTAR,202409,202412,-3,pre_shutdown,4.184193,6323.0,10.065807,79433.0,2.8991916,72.99947,5.5498333,93.43495,0.8617684,True,False
La Libertad,Trujillo,La Esperanza,"La Esperanza, Trujillo, La Libertad",MOVISTAR,202410,202412,-2,pre_shutdown,3.537759,4283.0,9.744839,90041.0,3.101318,69.58863,4.32232,94.76774,0.9606564,True,False
La Libertad,Trujillo,La Esperanza,"La Esperanza, Trujillo, La Libertad",MOVISTAR,202411,202412,-1,pre_shutdown,3.6229324,3365.0,9.5951,85187.0,2.8152754,60.470345,3.715603,94.855965,0.77354157,True,False
La Libertad,Trujillo,La Esperanza,"La Esperanza, Trujillo, La Libertad",MOVISTAR,202412,202412,0,post_shutdown,0.0,0.0,10.003447,74570.0,2.469888,56.842655,0.022105537,93.54657,0.6981376,False,True
La Libertad,Trujillo,La Esperanza,"La Esperanza, Trujillo, La Libertad",MOVISTAR,202501,202412,1,post_shutdown,0.0,0.0,9.660227,60109.0,2.867832,56.723465,0.01856692,93.53706,0.41513202,False,True
La Libertad,Trujillo,La Esperanza,"La Esperanza, Trujillo, La Libertad",MOVISTAR,202502,202412,2,post_shutdown,0.0,0.0,9.792752,57710.0,3.0217,56.326145,0.025017474,95.1896,0.52138895,False,True
La Libertad,Trujillo,La Esperanza,"La Esperanza, Trujillo, La Libertad",MOVISTAR,202503,202412,3,post_shutdown,0.0,0.0,10.301855,74020.0,2.7057927,54.23238,0.013658569,95.07323,0.43846843,False,True
La Libertad,Trujillo,La Esperanza,"La Esperanza, Trujillo, La Libertad",MOVISTAR,202504,202412,4,post_shutdown,0.0,0.0,11.1008415,79940.0,2.7467656,57.8111,0.024687136,94.911674,0.5254508,False,True
La Libertad,Trujillo,La Esperanza,"La Esperanza, Trujillo, La Libertad",MOVISTAR,202505,202412,5,post_shutdown,0.0,0.0,11.85221,79543.0,2.749321,58.078186,0.023201894,96.668526,0.49623737,False,True
La Libertad,Trujillo,La Esperanza,"La Esperanza, Trujillo, La Libertad",MOVISTAR,202506,202412,6,post_shutdown,0.0,0.0,12.065455,77428.0,2.9016962,57.497356,0.03952385,96.09272,0.43980584,False,True
La Libertad,Trujillo,La Esperanza,"La Esperanza, Trujillo, La Libertad",MOVISTAR,202507,202412,7,post_shutdown,0.0,0.0,11.871802,87852.0,2.998673,52.0939,0.101175085,96.352715,0.46764052,False,True
La Libertad,Trujillo,La Esperanza,"La Esperanza, Trujillo, La Libertad",MOVISTAR,202508,202412,8,post_shutdown,0.0,0.0,11.921025,84619.0,3.0051713,52.03289,0.015434356,96.55647,0.46855813,False,True
La Libertad,Trujillo,La Esperanza,"La Esperanza, Trujillo, La Libertad",MOVISTAR,202509,202412,9,post_shutdown,0.0,0.0,12.908797,79190.0,3.3507745,52.758232,0.027019925,97.3043,0.44706556,False,True
La Libertad,Trujillo,La Esperanza,"La Esperanza, Trujillo, La Libertad",MOVISTAR,202510,202412,10,post_shutdown,0.0,0.0,12.856738,78319.0,2.801018,58.450935,0.014671046,96.62189,0.6091734,False,True
La Libertad,Trujillo,La Esperanza,"La Esperanza, Trujillo, La Libertad",MOVISTAR,202511,202412,11,post_shutdown,0.0,0.0,12.313518,74751.0,2.3372827,57.83424,0.020374374,96.82257,0.6030638,False,True
La Libertad,Trujillo,La Esperanza,"La Esperanza, Trujillo, La Libertad",MOVISTAR,202512,202412,12,post_shutdown,0.0,0.0,12.849925,80779.0,3.0260043,55.39931,0.024536734,96.66058,0.52099234,False,True
La Libertad,Trujillo,La Esperanza,"La Esperanza, Trujillo, La Libertad",MOVISTAR,202601,202412,13,post_shutdown,0.0,0.0,13.170324,72350.0,2.5978172,57.48488,0.014007693,97.27797,0.603495,False,True
La Libertad,Trujillo,La Esperanza,"La Esperanza, Trujillo, La Libertad",MOVISTAR,202602,202412,14,post_shutdown,0.0,0.0,12.809124,60123.0,2.9893615,60.3557,0.022501536,97.99579,0.7761109,False,True
La Libertad,Trujillo,La Esperanza,"La Esperanza, Trujillo, La Libertad",MOVISTAR,202603,202412,15,post_shutdown,0.0,0.0,12.594962,62094.0,3.1713817,56.034264,0.029201888,98.0556,0.6728287,False,True
La Libertad,Trujillo,La Esperanza,"La Esperanza, Trujillo, La Libertad",MOVISTAR,202604,202412,16,post_shutdown,0.0,0.0,12.455424,56097.0,3.1390502,55.31358,0.0095826965,97.75387,0.7744509,False,True
La Libertad,Trujillo,La Esperanza,"La Esperanza, Trujillo, La Libertad",MOVISTAR,202605,202412,17,post_shutdown,0.0,0.0,13.42883,54707.0,3.1489072,52.76895,0.0231261,97.828224,0.65378356,False,True
La Libertad,Trujillo,Moche,"Moche, Trujillo, La Libertad",MOVISTAR,202301,202412,-23,pre_shutdown,3.0582664,1681.0,9.669147,10445.0,2.7305293,83.48767,6.551728,93.0042,0.9254432,True,False
La Libertad,Trujillo,Moche,"Moche, Trujillo, La Libertad",MOVISTAR,202302,202412,-22,pre_shutdown,3.4286902,1324.0,8.82338,13296.0,3.9129555,82.97309,6.012077,93.565094,1.3205117,True,False
La Libertad,Trujillo,Moche,"Moche, Trujillo, La Libertad",MOVISTAR,202303,202412,-21,pre_shutdown,4.0592012,1402.0,9.513662,14256.0,2.8291132,78.12188,4.735817,94.17938,1.5475357,True,False
La Libertad,Trujillo,Moche,"Moche, Trujillo, La Libertad",MOVISTAR,202304,202412,-20,pre_shutdown,3.490556,1137.0,9.416883,15901.0,4.440647,79.48655,3.792072,94.88953,1.222719,True,False
La Libertad,Trujillo,Moche,"Moche, Trujillo, La Libertad",MOVISTAR,202305,202412,-19,pre_shutdown,3.9361765,1412.0,9.186453,18129.0,3.8790061,81.590324,3.2384071,95.53311,0.95063025,True,False
La Libertad,Trujillo,Moche,"Moche, Trujillo, La Libertad",MOVISTAR,202306,202412,-18,pre_shutdown,3.4357677,1256.0,9.96122,15516.0,2.8689291,77.97058,2.8803957,96.437904,1.1868796,True,False
La Libertad,Trujillo,Moche,"Moche, Trujillo, La Libertad",MOVISTAR,202307,202412,-17,pre_shutdown,3.1544454,1347.0,9.372444,18086.0,5.0065293,78.89676,3.1223657,96.52199,1.168408,True,False
La Libertad,Trujillo,Moche,"Moche, Trujillo, La Libertad",MOVISTAR,202308,202412,-16,pre_shutdown,3.2993135,1336.0,10.375282,18747.0,5.132826,77.93531,3.5008125,95.55609,1.0028653,True,False
La Libertad,Trujillo,Moche,"Moche, Trujillo, La Libertad",MOVISTAR,202309,202412,-15,pre_shutdown,3.2469602,1238.0,9.373421,24322.0,3.993054,77.49915,2.949982,96.62508,0.70186955,True,False
La Libertad,Trujillo,Moche,"Moche, Trujillo, La Libertad",MOVISTAR,202310,202412,-14,pre_shutdown,3.471247,1921.0,8.487272,25546.0,3.389606,77.46169,3.4204085,95.96146,0.8353715,True,False
La Libertad,Trujillo,Moche,"Moche, Trujillo, La Libertad",MOVISTAR,202311,202412,-13,pre_shutdown,3.1486638,1594.0,10.3770075,26291.0,2.9241858,76.22258,2.7136202,96.719894,0.8155573,True,False
La Libertad,Trujillo,Moche,"Moche, Trujillo, La Libertad",MOVISTAR,202312,202412,-12,pre_shutdown,3.635901,1123.0,11.155363,28619.0,3.4135294,75.89934,2.997112,96.47096,0.86823696,True,False
La Libertad,Trujillo,Moche,"Moche, Trujillo, La Libertad",MOVISTAR,202401,202412,-11,pre_shutdown,3.3668056,1681.0,10.451771,28906.0,2.8597076,75.64531,3.5655463,96.06357,0.794592,True,False
La Libertad,Trujillo,Moche,"Moche, Trujillo, La Libertad",MOVISTAR,202402,202412,-10,pre_shutdown,3.5530155,2878.0,8.49251,19810.0,2.1354392,75.45801,4.621259,94.84262,0.711575,True,False
La Libertad,Trujillo,Moche,"Moche, Trujillo, La Libertad",MOVISTAR,202403,202412,-9,pre_shutdown,3.2904792,4471.0,9.273114,30219.0,3.426542,75.64248,5.861098,92.929054,0.6896113,True,False
La Libertad,Trujillo,Moche,"Moche, Trujillo, La Libertad",MOVISTAR,202404,202412,-8,pre_shutdown,4.3000803,2513.0,10.116767,24144.0,2.5386636,76.0414,5.442783,93.70614,0.8326557,True,False
La Libertad,Trujillo,Moche,"Moche, Trujillo, La Libertad",MOVISTAR,202405,202412,-7,pre_shutdown,4.2525487,3195.0,10.526758,23236.0,2.158838,74.80884,7.2015815,92.2615,0.54204535,True,False
La Libertad,Trujillo,Moche,"Moche, Trujillo, La Libertad",MOVISTAR,202406,202412,-6,pre_shutdown,5.449601,4696.0,10.995592,29651.0,2.1170247,72.98221,7.7490454,91.15272,0.55533516,True,False
La Libertad,Trujillo,Moche,"Moche, Trujillo, La Libertad",MOVISTAR,202407,202412,-5,pre_shutdown,4.2626247,1016.0,10.941352,25808.0,2.3486524,73.44298,3.2941546,96.39773,0.57208776,True,False
La Libertad,Trujillo,Moche,"Moche, Trujillo, La Libertad",MOVISTAR,202408,202412,-4,pre_shutdown,4.7258596,4992.0,10.479233,22646.0,2.1439319,74.361595,5.5687823,94.32135,0.53515136,True,False
La Libertad,Trujillo,Moche,"Moche, Trujillo, La Libertad",MOVISTAR,202409,202412,-3,pre_shutdown,4.673057,1284.0,9.906823,27187.0,2.3642094,69.64217,3.5885851,96.259125,0.35038543,True,False
La Libertad,Trujillo,Moche,"Moche, Trujillo, La Libertad",MOVISTAR,202410,202412,-2,pre_shutdown,4.410747,2098.0,11.883558,34411.0,2.3951623,65.607056,2.823142,97.01833,0.24100903,True,False
La Libertad,Trujillo,Moche,"Moche, Trujillo, La Libertad",MOVISTAR,202411,202412,-1,pre_shutdown,5.3805113,614.0,11.93176,27313.0,3.0320542,59.268,1.820598,97.34956,0.3196247,True,False
La Libertad,Trujillo,Moche,"Moche, Trujillo, La Libertad",MOVISTAR,202412,202412,0,post_shutdown,0.0,0.0,11.907765,22654.0,3.1620262,55.121593,0.042417083,97.34191,0.20941399,False,True
La Libertad,Trujillo,Moche,"Moche, Trujillo, La Libertad",MOVISTAR,202501,202412,1,post_shutdown,0.0,0.0,11.459224,25160.0,3.3150213,55.917637,0.005789972,96.7991,0.21669397,False,True
La Libertad,Trujillo,Moche,"Moche, Trujillo, La Libertad",MOVISTAR,202502,202412,2,post_shutdown,0.0,0.0,10.749198,27272.0,3.0838716,56.83625,0.0044376,97.30587,0.50144154,False,True
La Libertad,Trujillo,Moche,"Moche, Trujillo, La Libertad",MOVISTAR,202503,202412,3,post_shutdown,0.0,0.0,11.739127,26717.0,2.645912,55.210125,0.16468245,95.24205,0.38660634,False,True
La Libertad,Trujillo,Moche,"Moche, Trujillo, La Libertad",MOVISTAR,202504,202412,4,post_shutdown,0.0,0.0,11.692551,32155.0,2.8829877,59.846855,0.034798816,96.99415,0.25163108,False,True
La Libertad,Trujillo,Moche,"Moche, Trujillo, La Libertad",MOVISTAR,202505,202412,5,post_shutdown,0.0,0.0,12.245418,18677.0,2.8135936,61.28812,0.017226264,97.73219,0.3587163,False,True
La Libertad,Trujillo,Moche,"Moche, Trujillo, La Libertad",MOVISTAR,202506,202412,6,post_shutdown,0.0,0.0,12.35149,25294.0,2.311321,58.521404,0.016780842,97.5921,0.18690492,False,True
La Libertad,Trujillo,Moche,"Moche, Trujillo, La Libertad",MOVISTAR,202507,202412,7,post_shutdown,0.0,0.0,11.596136,26440.0,2.0660224,52.407967,0.009131806,98.87005,0.20064797,False,True
La Libertad,Trujillo,Moche,"Moche, Trujillo, La Libertad",MOVISTAR,202508,202412,8,post_shutdown,0.0,0.0,11.506661,32953.0,3.3518507,52.78447,0.010226321,98.54139,0.30130267,False,True
La Libertad,Trujillo,Moche,"Moche, Trujillo, La Libertad",MOVISTAR,202509,202412,9,post_shutdown,0.0,0.0,12.0966015,30497.0,3.0875206,50.794,0.0085320035,99.2763,0.27461156,False,True
La Libertad,Trujillo,Moche,"Moche, Trujillo, La Libertad",MOVISTAR,202510,202412,10,post_shutdown,0.0,0.0,11.447877,25693.0,3.6593943,55.165634,0.013216429,98.58197,0.27178603,False,True
La Libertad,Trujillo,Moche,"Moche, Trujillo, La Libertad",MOVISTAR,202511,202412,11,post_shutdown,0.0,0.0,12.29022,17629.0,4.0724196,55.674,0.021077927,97.107254,0.49289498,False,True
La Libertad,Trujillo,Moche,"Moche, Trujillo, La Libertad",MOVISTAR,202512,202412,12,post_shutdown,0.0,0.0,13.549399,13820.0,3.4710784,52.95106,0.0028825756,98.52621,0.34254175,False,True
La Libertad,Trujillo,Moche,"Moche, Trujillo, La Libertad",MOVISTAR,202601,202412,13,post_shutdown,0.0,0.0,11.394564,11764.0,2.5632734,55.202442,0.044779893,98.01598,0.55321246,False,True
La Libertad,Trujillo,Moche,"Moche, Trujillo, La Libertad",MOVISTAR,202602,202412,14,post_shutdown,0.0,0.0,13.487267,19631.0,2.210683,58.84856,0.06555136,98.17454,0.5217256,False,True
La Libertad,Trujillo,Moche,"Moche, Trujillo, La Libertad",MOVISTAR,202603,202412,15,post_shutdown,0.0,0.0,12.008521,26252.0,2.0871644,54.72299,0.025382528,98.115265,0.44085377,False,True
La Libertad,Trujillo,Moche,"Moche, Trujillo, La Libertad",MOVISTAR,202604,202412,16,post_shutdown,0.0,0.0,13.352652,16452.0,1.585775,52.212673,0.015815284,97.745384,0.45286506,False,True
La Libertad,Trujillo,Moche,"Moche, Trujillo, La Libertad",MOVISTAR,202605,202412,17,post_shutdown,0.0,0.0,14.26186,16763.0,2.598384,52.644512,0.02269295,98.58329,0.45775905,False,True
La Libertad,Trujillo,Trujillo,"Trujillo, Trujillo, La Libertad",MOVISTAR,202301,202412,-23,pre_shutdown,4.467614,24805.0,11.909885,271023.0,3.838158,82.534004,5.9395676,93.16199,1.0063493,True,False
La Libertad,Trujillo,Trujillo,"Trujillo, Trujillo, La Libertad",MOVISTAR,202302,202412,-22,pre_shutdown,4.6714535,26057.0,11.698642,246324.0,4.0528345,81.32661,6.9802985,92.04033,1.0259016,True,False
La Libertad,Trujillo,Trujillo,"Trujillo, Trujillo, La Libertad",MOVISTAR,202303,202412,-21,pre_shutdown,4.4255676,21526.0,11.198512,266571.0,4.079139,77.716156,6.228624,92.475006,1.1714485,True,False
La Libertad,Trujillo,Trujillo,"Trujillo, Trujillo, La Libertad",MOVISTAR,202304,202412,-20,pre_shutdown,4.6266217,19186.0,10.835736,241698.0,3.86873,78.80955,5.909603,92.940636,0.85767466,True,False
La Libertad,Trujillo,Trujillo,"Trujillo, Trujillo, La Libertad",MOVISTAR,202305,202412,-19,pre_shutdown,4.328945,19435.0,10.678845,260722.0,3.8595686,80.690575,6.054071,93.08993,0.8367956,True,False
La Libertad,Trujillo,Trujillo,"Trujillo, Trujillo, La Libertad",MOVISTAR,202306,202412,-18,pre_shutdown,4.312894,31104.0,10.806654,263491.0,3.5888336,79.01032,6.412305,92.04702,0.95933455,True,False
La Libertad,Trujillo,Trujillo,"Trujillo, Trujillo, La Libertad",MOVISTAR,202307,202412,-17,pre_shutdown,4.7006917,42189.0,10.804913,349213.0,3.3869536,77.678444,6.4816175,92.0023,0.8895906,True,False
La Libertad,Trujillo,Trujillo,"Trujillo, Trujillo, La Libertad",MOVISTAR,202308,202412,-16,pre_shutdown,4.667411,39333.0,11.4632635,381637.0,3.2902992,77.43632,6.602837,92.00218,0.8041982,True,False
La Libertad,Trujillo,Trujillo,"Trujillo, Trujillo, La Libertad",MOVISTAR,202309,202412,-15,pre_shutdown,4.9698434,40675.0,11.0461,363137.0,3.2271273,79.15601,6.7488403,91.84245,0.8473376,True,False
La Libertad,Trujillo,Trujillo,"Trujillo, Trujillo, La Libertad",MOVISTAR,202310,202412,-14,pre_shutdown,4.5947146,40238.0,11.55875,429693.0,3.4323988,77.45898,5.840829,93.16278,0.7220742,True,False
La Libertad,Trujillo,Trujillo,"Trujillo, Trujillo, La Libertad",MOVISTAR,202311,202412,-13,pre_shutdown,4.320339,35024.0,11.281875,362789.0,2.9406888,78.07402,6.707343,92.20907,0.58522207,True,False
La Libertad,Trujillo,Trujillo,"Trujillo, Trujillo, La Libertad",MOVISTAR,202312,202412,-12,pre_shutdown,4.0831203,29935.0,11.845366,375656.0,2.8209705,77.17775,6.2986975,92.781296,0.702799,True,False
La Libertad,Trujillo,Trujillo,"Trujillo, Trujillo, La Libertad",MOVISTAR,202401,202412,-11,pre_shutdown,4.093195,26208.0,11.667776,354135.0,3.1314662,76.64043,6.0368223,92.6353,0.6904021,True,False
La Libertad,Trujillo,Trujillo,"Trujillo, Trujillo, La Libertad",MOVISTAR,202402,202412,-10,pre_shutdown,4.4866014,30356.0,11.536616,339568.0,3.2277472,76.80188,5.7025785,92.61594,0.78786373,True,False
La Libertad,Trujillo,Trujillo,"Trujillo, Trujillo, La Libertad",MOVISTAR,202403,202412,-9,pre_shutdown,3.9858663,34511.0,11.567523,385080.0,2.9463036,75.53773,5.286515,94.10298,0.65586954,True,False
La Libertad,Trujillo,Trujillo,"Trujillo, Trujillo, La Libertad",MOVISTAR,202404,202412,-8,pre_shutdown,4.5766783,29921.0,11.236689,364222.0,2.708442,75.54218,4.995638,94.526535,0.56847155,True,False
La Libertad,Trujillo,Trujillo,"Trujillo, Trujillo, La Libertad",MOVISTAR,202405,202412,-7,pre_shutdown,4.854066,32803.0,11.518826,377771.0,3.1323504,74.975006,5.5828075,93.89618,0.50755936,True,False
La Libertad,Trujillo,Trujillo,"Trujillo, Trujillo, La Libertad",MOVISTAR,202406,202412,-6,pre_shutdown,4.9839454,30627.0,11.434625,360767.0,3.2893624,74.373886,5.405323,94.19449,0.57488763,True,False
La Libertad,Trujillo,Trujillo,"Trujillo, Trujillo, La Libertad",MOVISTAR,202407,202412,-5,pre_shutdown,4.8050437,19722.0,11.789335,340373.0,3.3092387,74.758354,4.5305815,95.12715,0.5268921,True,False
La Libertad,Trujillo,Trujillo,"Trujillo, Trujillo, La Libertad",MOVISTAR,202408,202412,-4,pre_shutdown,5.045781,26983.0,11.841376,282530.0,3.2344074,75.22698,6.273943,93.403206,0.5081202,True,False
La Libertad,Trujillo,Trujillo,"Trujillo, Trujillo, La Libertad",MOVISTAR,202409,202412,-3,pre_shutdown,5.443677,23396.0,11.037242,287017.0,3.1436193,71.66763,6.078659,93.5925,0.5538766,True,False
La Libertad,Trujillo,Trujillo,"Trujillo, Trujillo, La Libertad",MOVISTAR,202410,202412,-2,pre_shutdown,5.16693,29843.0,11.188625,339038.0,2.973334,68.58677,5.7684655,93.87801,0.52699226,True,False
La Libertad,Trujillo,Trujillo,"Trujillo, Trujillo, La Libertad",MOVISTAR,202411,202412,-1,pre_shutdown,5.061615,13582.0,10.998179,281010.0,3.0718203,59.979298,3.5864727,95.57505,0.43719593,True,False
La Libertad,Trujillo,Trujillo,"Trujillo, Trujillo, La Libertad",MOVISTAR,202412,202412,0,post_shutdown,0.0,0.0,12.347883,271019.0,3.2698987,55.424957,0.019076604,95.77387,0.3216263,False,True
La Libertad,Trujillo,Trujillo,"Trujillo, Trujillo, La Libertad",MOVISTAR,202501,202412,1,post_shutdown,0.0,0.0,12.374712,283969.0,3.1386533,55.17174,0.017593468,95.35631,0.2358074,False,True
La Libertad,Trujillo,Trujillo,"Trujillo, Trujillo, La Libertad",MOVISTAR,202502,202412,2,post_shutdown,0.0,0.0,12.066035,260330.0,2.9653316,54.820293,0.04137748,96.03528,0.35799968,False,True
La Libertad,Trujillo,Trujillo,"Trujillo, Trujillo, La Libertad",MOVISTAR,202503,202412,3,post_shutdown,0.0,0.0,12.77017,301330.0,2.7547612,53.251186,0.015138645,97.30055,0.28640646,False,True
La Libertad,Trujillo,Trujillo,"Trujillo, Trujillo, La Libertad",MOVISTAR,202504,202412,4,post_shutdown,0.0,0.0,12.862441,306632.0,2.5909398,59.452137,0.019849097,96.80375,0.36647016,False,True
La Libertad,Trujillo,Trujillo,"Trujillo, Trujillo, La Libertad",MOVISTAR,202505,202412,5,post_shutdown,0.0,0.0,13.484856,332361.0,2.8134317,61.161148,0.02539266,97.53925,0.3015519,False,True
La Libertad,Trujillo,Trujillo,"Trujillo, Trujillo, La Libertad",MOVISTAR,202506,202412,6,post_shutdown,0.0,0.0,13.81009,296060.0,2.747856,61.498547,0.024800565,97.4336,0.2769265,False,True
La Libertad,Trujillo,Trujillo,"Trujillo, Trujillo, La Libertad",MOVISTAR,202507,202412,7,post_shutdown,0.0,0.0,13.394761,308166.0,2.5770605,54.401337,0.01558155,97.42605,0.30659676,False,True
La Libertad,Trujillo,Trujillo,"Trujillo, Trujillo, La Libertad",MOVISTAR,202508,202412,8,post_shutdown,0.0,0.0,13.4441,338604.0,2.6150687,54.111294,0.023667816,97.3678,0.31630865,False,True
La Libertad,Trujillo,Trujillo,"Trujillo, Trujillo, La Libertad",MOVISTAR,202509,202412,9,post_shutdown,0.0,0.0,13.354839,308556.0,2.59898,55.181957,0.01829894,98.214264,0.41019583,False,True
La Libertad,Trujillo,Trujillo,"Trujillo, Trujillo, La Libertad",MOVISTAR,202510,202412,10,post_shutdown,0.0,0.0,13.949593,305768.0,2.8013558,60.723385,0.010723542,98.235695,0.41645405,False,True
La Libertad,Trujillo,Trujillo,"Trujillo, Trujillo, La Libertad",MOVISTAR,202511,202412,11,post_shutdown,0.0,0.0,14.085843,296160.0,2.8483605,60.40435,0.014005463,98.14333,0.50209177,False,True
La Libertad,Trujillo,Trujillo,"Trujillo, Trujillo, La Libertad",MOVISTAR,202512,202412,12,post_shutdown,0.0,0.0,14.117933,307274.0,2.7902853,58.29737,0.013335153,98.61515,0.4949152,False,True
La Libertad,Trujillo,Trujillo,"Trujillo, Trujillo, La Libertad",MOVISTAR,202601,202412,13,post_shutdown,0.0,0.0,14.026743,342739.0,2.9268334,58.788364,0.011327718,99.02342,0.526661,False,True
La Libertad,Trujillo,Trujillo,"Trujillo, Trujillo, La Libertad",MOVISTAR,202602,202412,14,post_shutdown,0.0,0.0,14.389923,327012.0,2.690499,59.909496,0.023733132,99.45476,0.54752123,False,True
La Libertad,Trujillo,Trujillo,"Trujillo, Trujillo, La Libertad",MOVISTAR,202603,202412,15,post_shutdown,0.0,0.0,14.337556,332573.0,2.8704371,55.38228,0.018063443,99.3796,0.48866543,False,True
La Libertad,Trujillo,Trujillo,"Trujillo, Trujillo, La Libertad",MOVISTAR,202604,202412,16,post_shutdown,0.0,0.0,13.61007,290259.0,3.271146,55.038284,0.017248737,99.37221,0.49148467,False,True
La Libertad,Trujillo,Trujillo,"Trujillo, Trujillo, La Libertad",MOVISTAR,202605,202412,17,post_shutdown,0.0,0.0,13.984416,282388.0,3.4443734,54.203365,0.008872697,99.51676,0.49997577,False,True
La Libertad,Trujillo,Victor Larco Herrera,"Victor Larco Herrera, Trujillo, La Libertad",MOVISTAR,202301,202412,-23,pre_shutdown,4.2302766,3022.0,10.601859,58540.0,3.2367432,82.09762,3.5073445,92.781494,1.0021974,True,False
La Libertad,Trujillo,Victor Larco Herrera,"Victor Larco Herrera, Trujillo, La Libertad",MOVISTAR,202302,202412,-22,pre_shutdown,4.1262918,2782.0,11.421111,47212.0,3.717706,80.82173,4.0114746,93.70027,0.85657805,True,False
La Libertad,Trujillo,Victor Larco Herrera,"Victor Larco Herrera, Trujillo, La Libertad",MOVISTAR,202303,202412,-21,pre_shutdown,4.7508087,3601.0,11.2724495,52736.0,4.2386465,76.83023,5.792211,91.53539,0.8835158,True,False
La Libertad,Trujillo,Victor Larco Herrera,"Victor Larco Herrera, Trujillo, La Libertad",MOVISTAR,202304,202412,-20,pre_shutdown,4.5461297,2442.0,11.253381,47200.0,2.8284404,77.79997,3.8215282,93.33394,0.6537321,True,False
La Libertad,Trujillo,Victor Larco Herrera,"Victor Larco Herrera, Trujillo, La Libertad",MOVISTAR,202305,202412,-19,pre_shutdown,4.550359,2073.0,10.914399,46237.0,3.6377616,79.48076,4.4277864,92.39355,0.74775493,True,False
La Libertad,Trujillo,Victor Larco Herrera,"Victor Larco Herrera, Trujillo, La Libertad",MOVISTAR,202306,202412,-18,pre_shutdown,4.040084,3601.0,11.988717,48419.0,3.59258,78.193146,4.7899327,92.2768,1.0151424,True,False
La Libertad,Trujillo,Victor Larco Herrera,"Victor Larco Herrera, Trujillo, La Libertad",MOVISTAR,202307,202412,-17,pre_shutdown,4.1041036,3294.0,13.085485,71201.0,3.3126168,76.68761,3.1876967,94.4718,0.83538103,True,False
La Libertad,Trujillo,Victor Larco Herrera,"Victor Larco Herrera, Trujillo, La Libertad",MOVISTAR,202308,202412,-16,pre_shutdown,4.8254294,5043.0,12.020625,72787.0,3.1125748,75.60026,3.4811237,96.31742,0.73660517,True,False
La Libertad,Trujillo,Victor Larco Herrera,"Victor Larco Herrera, Trujillo, La Libertad",MOVISTAR,202309,202412,-15,pre_shutdown,4.6447906,4794.0,12.627111,69775.0,3.312736,78.339294,3.3081775,96.471016,0.6842029,True,False
La Libertad,Trujillo,Victor Larco Herrera,"Victor Larco Herrera, Trujillo, La Libertad",MOVISTAR,202310,202412,-14,pre_shutdown,4.8382845,5490.0,12.595555,78242.0,3.120816,76.91309,4.0274405,95.70495,0.6458264,True,False
La Libertad,Trujillo,Victor Larco Herrera,"Victor Larco Herrera, Trujillo, La Libertad",MOVISTAR,202311,202412,-13,pre_shutdown,4.3909006,4670.0,11.327853,79158.0,3.3161755,77.814156,5.055483,94.3834,0.5309667,True,False
La Libertad,Trujillo,Victor Larco Herrera,"Victor Larco Herrera, Trujillo, La Libertad",MOVISTAR,202312,202412,-12,pre_shutdown,4.2366705,5061.0,11.954147,74417.0,3.021222,76.49639,5.122667,94.40704,0.45369282,True,False
La Libertad,Trujillo,Victor Larco Herrera,"Victor Larco Herrera, Trujillo, La Libertad",MOVISTAR,202401,202412,-11,pre_shutdown,4.3290296,5459.0,10.951235,80105.0,3.1302893,76.12097,3.7149444,95.59148,0.540894,True,False
La Libertad,Trujillo,Victor Larco Herrera,"Victor Larco Herrera, Trujillo, La Libertad",MOVISTAR,202402,202412,-10,pre_shutdown,4.409183,4661.0,11.554342,59051.0,3.3093839,76.4146,3.308411,95.310394,0.63525295,True,False
La Libertad,Trujillo,Victor Larco Herrera,"Victor Larco Herrera, Trujillo, La Libertad",MOVISTAR,202403,202412,-9,pre_shutdown,3.9764605,5143.0,11.972087,75097.0,3.202093,75.08555,2.7285495,96.44735,0.5692988,True,False
La Libertad,Trujillo,Victor Larco Herrera,"Victor Larco Herrera, Trujillo, La Libertad",MOVISTAR,202404,202412,-8,pre_shutdown,4.07181,4165.0,11.055723,60040.0,2.8912094,74.86815,3.3519437,95.918594,0.5249846,True,False
La Libertad,Trujillo,Victor Larco Herrera,"Victor Larco Herrera, Trujillo, La Libertad",MOVISTAR,202405,202412,-7,pre_shutdown,4.3129234,2848.0,11.647472,57984.0,2.8380635,74.74183,2.3681936,97.06478,0.4570726,True,False
La Libertad,Trujillo,Victor Larco Herrera,"Victor Larco Herrera, Trujillo, La Libertad",MOVISTAR,202406,202412,-6,pre_shutdown,5.396913,4133.0,11.556771,54608.0,2.5949252,73.26843,3.2300408,95.885414,0.5687248,True,False
La Libertad,Trujillo,Victor Larco Herrera,"Victor Larco Herrera, Trujillo, La Libertad",MOVISTAR,202407,202412,-5,pre_shutdown,5.70496,5064.0,10.85507,56740.0,2.6434991,73.471214,3.607384,95.785446,0.4946966,True,False
La Libertad,Trujillo,Victor Larco Herrera,"Victor Larco Herrera, Trujillo, La Libertad",MOVISTAR,202408,202412,-4,pre_shutdown,7.9059896,24224.0,11.421636,37052.0,2.7397747,75.7365,7.9231935,91.34315,0.43870088,True,False
La Libertad,Trujillo,Victor Larco Herrera,"Victor Larco Herrera, Trujillo, La Libertad",MOVISTAR,202409,202412,-3,pre_shutdown,6.4062533,9659.0,10.668732,41636.0,2.8973365,70.718735,6.0739155,93.701744,0.36629423,True,False
La Libertad,Trujillo,Victor Larco Herrera,"Victor Larco Herrera, Trujillo, La Libertad",MOVISTAR,202410,202412,-2,pre_shutdown,6.3212914,18804.0,10.858426,50577.0,2.520118,68.96594,7.3818655,92.317215,0.3984064,True,False
La Libertad,Trujillo,Victor Larco Herrera,"Victor Larco Herrera, Trujillo, La Libertad",MOVISTAR,202411,202412,-1,pre_shutdown,7.198334,18159.0,10.830093,42331.0,2.8425317,59.431892,7.20654,92.2821,0.37869608,True,False
La Libertad,Trujillo,Victor Larco Herrera,"Victor Larco Herrera, Trujillo, La Libertad",MOVISTAR,202412,202412,0,post_shutdown,0.0,0.0,11.333951,44120.0,3.02202,52.392998,0.016045693,96.01625,0.22396508,False,True
La Libertad,Trujillo,Victor Larco Herrera,"Victor Larco Herrera, Trujillo, La Libertad",MOVISTAR,202501,202412,1,post_shutdown,0.0,0.0,12.291847,43418.0,3.1542675,55.34295,0.0017376535,97.47458,0.22361945,False,True
La Libertad,Trujillo,Victor Larco Herrera,"Victor Larco Herrera, Trujillo, La Libertad",MOVISTAR,202502,202412,2,post_shutdown,0.0,0.0,12.588882,40059.0,2.8069158,53.44784,0.004868907,97.49016,0.38586396,False,True
La Libertad,Trujillo,Victor Larco Herrera,"Victor Larco Herrera, Trujillo, La Libertad",MOVISTAR,202503,202412,3,post_shutdown,0.0,0.0,11.3150625,38167.0,2.5524879,53.902843,0.01800594,98.06564,0.37159908,False,True
La Libertad,Trujillo,Victor Larco Herrera,"Victor Larco Herrera, Trujillo, La Libertad",MOVISTAR,202504,202412,4,post_shutdown,0.0,0.0,14.227905,41565.0,2.8329692,59.21888,0.009223362,96.7255,0.34685937,False,True
La Libertad,Trujillo,Victor Larco Herrera,"Victor Larco Herrera, Trujillo, La Libertad",MOVISTAR,202505,202412,5,post_shutdown,0.0,0.0,14.445375,47417.0,2.733282,61.40035,0.054657098,97.095795,0.25226465,False,True
La Libertad,Trujillo,Victor Larco Herrera,"Victor Larco Herrera, Trujillo, La Libertad",MOVISTAR,202506,202412,6,post_shutdown,0.0,0.0,14.494122,54592.0,2.3586984,60.924435,0.0069468343,98.83298,0.27202052,False,True
La Libertad,Trujillo,Victor Larco Herrera,"Victor Larco Herrera, Trujillo, La Libertad",MOVISTAR,202507,202412,7,post_shutdown,0.0,0.0,13.98459,46361.0,2.203948,53.254482,0.013626726,97.95608,0.24109894,False,True
La Libertad,Trujillo,Victor Larco Herrera,"Victor Larco Herrera, Trujillo, La Libertad",MOVISTAR,202508,202412,8,post_shutdown,0.0,0.0,13.934635,52585.0,2.07538,52.174026,0.007126677,97.75101,0.23295528,False,True
La Libertad,Trujillo,Victor Larco Herrera,"Victor Larco Herrera, Trujillo, La Libertad",MOVISTAR,202509,202412,9,post_shutdown,0.0,0.0,14.21564,45057.0,2.2312086,52.80137,0.00192075,98.811676,0.2914016,False,True
La Libertad,Trujillo,Victor Larco Herrera,"Victor Larco Herrera, Trujillo, La Libertad",MOVISTAR,202510,202412,10,post_shutdown,0.0,0.0,14.989193,51480.0,2.1651816,58.93463,0.013920984,98.45816,0.34743586,False,True
La Libertad,Trujillo,Victor Larco Herrera,"Victor Larco Herrera, Trujillo, La Libertad",MOVISTAR,202511,202412,11,post_shutdown,0.0,0.0,15.116506,66324.0,2.33604,56.06835,0.004915493,98.889656,0.36765733,False,True
La Libertad,Trujillo,Victor Larco Herrera,"Victor Larco Herrera, Trujillo, La Libertad",MOVISTAR,202512,202412,12,post_shutdown,0.0,0.0,15.2070465,75923.0,2.367006,55.09693,0.0034504551,98.53078,0.32436246,False,True
La Libertad,Trujillo,Victor Larco Herrera,"Victor Larco Herrera, Trujillo, La Libertad",MOVISTAR,202601,202412,13,post_shutdown,0.0,0.0,14.192985,67134.0,2.8913858,56.1423,0.0034876526,99.16766,0.32698196,False,True
La Libertad,Trujillo,Victor Larco Herrera,"Victor Larco Herrera, Trujillo, La Libertad",MOVISTAR,202602,202412,14,post_shutdown,0.0,0.0,13.723366,66024.0,2.7016294,58.377373,0.004780932,99.70771,0.4397891,False,True
La Libertad,Trujillo,Victor Larco Herrera,"Victor Larco Herrera, Trujillo, La Libertad",MOVISTAR,202603,202412,15,post_shutdown,0.0,0.0,13.059647,64586.0,2.3392413,53.88824,0.0030985023,99.77206,0.29899988,False,True
La Libertad,Trujillo,Victor Larco Herrera,"Victor Larco Herrera, Trujillo, La Libertad",MOVISTAR,202604,202412,16,post_shutdown,0.0,0.0,13.149142,52434.0,3.00054,54.509888,0.010109511,99.683914,0.37897238,False,True
La Libertad,Trujillo,Victor Larco Herrera,"Victor Larco Herrera, Trujillo, La Libertad",MOVISTAR,202605,202412,17,post_shutdown,0.0,0.0,12.920432,52632.0,3.389353,54.07997,0.006300058,99.84687,0.38409457,False,True
Lambayeque,Chiclayo,Chiclayo,"Chiclayo, Chiclayo, Lambayeque",MOVISTAR,202301,202412,-23,pre_shutdown,3.8565257,9356.0,11.15742,161644.0,3.8335214,85.97199,4.536681,93.59261,1.0900978,True,False
Lambayeque,Chiclayo,Chiclayo,"Chiclayo, Chiclayo, Lambayeque",MOVISTAR,202302,202412,-22,pre_shutdown,4.257204,9343.0,11.284304,135748.0,3.920324,85.13927,4.9741225,93.018394,1.2009327,True,False
Lambayeque,Chiclayo,Chiclayo,"Chiclayo, Chiclayo, Lambayeque",MOVISTAR,202303,202412,-21,pre_shutdown,3.9445055,7328.0,10.971478,143626.0,3.9590743,81.589676,5.4648786,91.300476,1.1721025,True,False
Lambayeque,Chiclayo,Chiclayo,"Chiclayo, Chiclayo, Lambayeque",MOVISTAR,202304,202412,-20,pre_shutdown,4.1112227,8391.0,12.212329,131583.0,4.2476068,82.355995,4.919793,92.66391,0.98546463,True,False
Lambayeque,Chiclayo,Chiclayo,"Chiclayo, Chiclayo, Lambayeque",MOVISTAR,202305,202412,-19,pre_shutdown,4.37209,8270.0,11.018138,128417.0,3.906457,82.99058,4.677145,93.6052,0.9883322,True,False
Lambayeque,Chiclayo,Chiclayo,"Chiclayo, Chiclayo, Lambayeque",MOVISTAR,202306,202412,-18,pre_shutdown,4.365348,9072.0,10.985081,157750.0,3.5029948,80.85313,4.720016,93.980705,1.1466746,True,False
Lambayeque,Chiclayo,Chiclayo,"Chiclayo, Chiclayo, Lambayeque",MOVISTAR,202307,202412,-17,pre_shutdown,4.0557513,12700.0,10.852067,226817.0,3.3346176,79.074326,3.58027,95.66135,0.8980152,True,False
Lambayeque,Chiclayo,Chiclayo,"Chiclayo, Chiclayo, Lambayeque",MOVISTAR,202308,202412,-16,pre_shutdown,4.115014,12406.0,11.073474,232626.0,3.6053214,79.36402,4.836694,94.72699,0.85127354,True,False
Lambayeque,Chiclayo,Chiclayo,"Chiclayo, Chiclayo, Lambayeque",MOVISTAR,202309,202412,-15,pre_shutdown,4.403816,11781.0,11.611894,225642.0,3.8338358,80.72674,4.348057,95.01459,0.7453726,True,False
Lambayeque,Chiclayo,Chiclayo,"Chiclayo, Chiclayo, Lambayeque",MOVISTAR,202310,202412,-14,pre_shutdown,3.9978747,15911.0,10.91961,249650.0,3.3866313,79.62868,4.566279,94.709496,0.68128216,True,False
Lambayeque,Chiclayo,Chiclayo,"Chiclayo, Chiclayo, Lambayeque",MOVISTAR,202311,202412,-13,pre_shutdown,4.0586295,15905.0,10.55678,222418.0,3.3592253,80.552246,4.6447644,94.61415,0.67426455,True,False
Lambayeque,Chiclayo,Chiclayo,"Chiclayo, Chiclayo, Lambayeque",MOVISTAR,202312,202412,-12,pre_shutdown,4.3422327,16817.0,10.625832,205859.0,2.6723788,79.468,5.8226643,93.29089,0.7359383,True,False
Lambayeque,Chiclayo,Chiclayo,"Chiclayo, Chiclayo, Lambayeque",MOVISTAR,202401,202412,-11,pre_shutdown,3.8469517,12968.0,11.021553,190359.0,2.9203925,78.235725,5.471754,93.88156,0.6094103,True,False
Lambayeque,Chiclayo,Chiclayo,"Chiclayo, Chiclayo, Lambayeque",MOVISTAR,202402,202412,-10,pre_shutdown,4.215264,14302.0,10.69923,159319.0,3.2965372,78.34455,5.5155487,93.70922,0.6604608,True,False
Lambayeque,Chiclayo,Chiclayo,"Chiclayo, Chiclayo, Lambayeque",MOVISTAR,202403,202412,-9,pre_shutdown,4.586771,15730.0,10.836189,156831.0,2.8179893,77.88221,4.9520373,94.02163,0.6035182,True,False
Lambayeque,Chiclayo,Chiclayo,"Chiclayo, Chiclayo, Lambayeque",MOVISTAR,202404,202412,-8,pre_shutdown,4.482381,14395.0,10.320843,175216.0,2.6113527,78.13949,4.4229774,94.83797,0.63350165,True,False
Lambayeque,Chiclayo,Chiclayo,"Chiclayo, Chiclayo, Lambayeque",MOVISTAR,202405,202412,-7,pre_shutdown,6.576458,28024.0,10.909495,193446.0,2.6158457,77.35587,4.014784,95.592415,0.6491803,True,False
Lambayeque,Chiclayo,Chiclayo,"Chiclayo, Chiclayo, Lambayeque",MOVISTAR,202406,202412,-6,pre_shutdown,4.7985497,19080.0,10.529101,162552.0,3.4342337,76.380615,4.647339,94.998535,0.71945506,True,False
Lambayeque,Chiclayo,Chiclayo,"Chiclayo, Chiclayo, Lambayeque",MOVISTAR,202407,202412,-5,pre_shutdown,4.773768,17068.0,10.318794,160730.0,3.2459106,77.20963,5.0554333,94.27526,0.66625875,True,False
Lambayeque,Chiclayo,Chiclayo,"Chiclayo, Chiclayo, Lambayeque",MOVISTAR,202408,202412,-4,pre_shutdown,4.034733,9772.0,10.656595,141538.0,2.9369493,77.882484,3.6306415,95.713646,0.6168432,True,False
Lambayeque,Chiclayo,Chiclayo,"Chiclayo, Chiclayo, Lambayeque",MOVISTAR,202409,202412,-3,pre_shutdown,4.3005233,8591.0,10.377608,170466.0,3.2520866,73.47447,3.464062,95.90275,0.507891,True,False
Lambayeque,Chiclayo,Chiclayo,"Chiclayo, Chiclayo, Lambayeque",MOVISTAR,202410,202412,-2,pre_shutdown,4.574257,9543.0,10.165014,212095.0,3.2543116,70.18308,3.5480106,95.82432,0.42480728,True,False
Lambayeque,Chiclayo,Chiclayo,"Chiclayo, Chiclayo, Lambayeque",MOVISTAR,202411,202412,-1,pre_shutdown,4.624313,6212.0,9.959286,178263.0,3.208666,62.401855,2.6769612,96.92879,0.4445794,True,False
Lambayeque,Chiclayo,Chiclayo,"Chiclayo, Chiclayo, Lambayeque",MOVISTAR,202412,202412,0,post_shutdown,0.0,0.0,11.422111,170592.0,3.5658584,58.455723,0.15982415,96.78129,0.3895599,False,True
Lambayeque,Chiclayo,Chiclayo,"Chiclayo, Chiclayo, Lambayeque",MOVISTAR,202501,202412,1,post_shutdown,0.0,0.0,11.672198,158378.0,3.2953477,58.860294,0.05129014,95.521675,0.37727675,False,True
Lambayeque,Chiclayo,Chiclayo,"Chiclayo, Chiclayo, Lambayeque",MOVISTAR,202502,202412,2,post_shutdown,0.0,0.0,10.253734,157061.0,3.4143279,58.108612,0.053770084,96.416565,0.43062887,False,True
Lambayeque,Chiclayo,Chiclayo,"Chiclayo, Chiclayo, Lambayeque",MOVISTAR,202503,202412,3,post_shutdown,0.0,0.0,9.760014,194826.0,3.1000273,56.982197,0.056931853,96.44104,0.41668472,False,True
Lambayeque,Chiclayo,Chiclayo,"Chiclayo, Chiclayo, Lambayeque",MOVISTAR,202504,202412,4,post_shutdown,0.0,0.0,10.00334,165090.0,2.9164555,63.303326,0.104846574,96.97542,0.42770284,False,True
Lambayeque,Chiclayo,Chiclayo,"Chiclayo, Chiclayo, Lambayeque",MOVISTAR,202505,202412,5,post_shutdown,0.0,0.0,10.649043,183983.0,3.0958488,64.047165,0.062310673,96.59077,0.4580652,False,True
Lambayeque,Chiclayo,Chiclayo,"Chiclayo, Chiclayo, Lambayeque",MOVISTAR,202506,202412,6,post_shutdown,0.0,0.0,12.071632,165455.0,2.9492278,65.68728,0.032125592,97.69703,0.5616607,False,True
Lambayeque,Chiclayo,Chiclayo,"Chiclayo, Chiclayo, Lambayeque",MOVISTAR,202507,202412,7,post_shutdown,0.0,0.0,12.020131,148696.0,2.8746963,58.22018,0.061100896,97.15886,0.4683916,False,True
Lambayeque,Chiclayo,Chiclayo,"Chiclayo, Chiclayo, Lambayeque",MOVISTAR,202508,202412,8,post_shutdown,0.0,0.0,12.461978,174614.0,2.7459455,58.56837,0.03515854,97.821785,0.48384693,False,True
Lambayeque,Chiclayo,Chiclayo,"Chiclayo, Chiclayo, Lambayeque",MOVISTAR,202509,202412,9,post_shutdown,0.0,0.0,12.705059,144774.0,3.1956775,58.878677,0.03831974,98.011604,0.50769633,False,True
Lambayeque,Chiclayo,Chiclayo,"Chiclayo, Chiclayo, Lambayeque",MOVISTAR,202510,202412,10,post_shutdown,0.0,0.0,12.790522,137193.0,3.0474548,65.37476,0.017070979,98.303024,0.541591,False,True
Lambayeque,Chiclayo,Chiclayo,"Chiclayo, Chiclayo, Lambayeque",MOVISTAR,202511,202412,11,post_shutdown,0.0,0.0,12.899739,137830.0,3.0193372,67.14027,0.081206076,98.44772,0.52737767,False,True
Lambayeque,Chiclayo,Chiclayo,"Chiclayo, Chiclayo, Lambayeque",MOVISTAR,202512,202412,12,post_shutdown,0.0,0.0,12.972348,128590.0,3.1216683,63.907555,0.03482919,97.247826,0.6049135,False,True
Lambayeque,Chiclayo,Chiclayo,"Chiclayo, Chiclayo, Lambayeque",MOVISTAR,202601,202412,13,post_shutdown,0.0,0.0,13.0387335,132823.0,3.2687516,63.13934,0.038738213,98.29705,0.49741873,False,True
Lambayeque,Chiclayo,Chiclayo,"Chiclayo, Chiclayo, Lambayeque",MOVISTAR,202602,202412,14,post_shutdown,0.0,0.0,13.327672,123753.0,3.219106,66.0207,0.017257469,98.79472,0.5883117,False,True
Lambayeque,Chiclayo,Chiclayo,"Chiclayo, Chiclayo, Lambayeque",MOVISTAR,202603,202412,15,post_shutdown,0.0,0.0,14.01141,134345.0,2.93666,62.21188,0.02481809,99.40183,0.60140675,False,True
Lambayeque,Chiclayo,Chiclayo,"Chiclayo, Chiclayo, Lambayeque",MOVISTAR,202604,202412,16,post_shutdown,0.0,0.0,13.38789,124349.0,2.9781904,61.395546,0.04245728,99.28381,0.49953622,False,True
Lambayeque,Chiclayo,Chiclayo,"Chiclayo, Chiclayo, Lambayeque",MOVISTAR,202605,202412,17,post_shutdown,0.0,0.0,13.21438,110466.0,3.086998,60.606243,0.04148642,98.625854,0.5536356,False,True
Lambayeque,Chiclayo,Jose Leonardo Ortiz,"Jose Leonardo Ortiz, Chiclayo, Lambayeque",MOVISTAR,202301,202412,-23,pre_shutdown,3.256769,2729.0,10.487146,44907.0,3.9643803,86.049774,5.8450675,93.45288,1.3004824,True,False
Lambayeque,Chiclayo,Jose Leonardo Ortiz,"Jose Leonardo Ortiz, Chiclayo, Lambayeque",MOVISTAR,202302,202412,-22,pre_shutdown,3.5803761,3505.0,10.2000065,37941.0,3.3781338,86.220955,5.008047,93.429214,1.3389472,True,False
Lambayeque,Chiclayo,Jose Leonardo Ortiz,"Jose Leonardo Ortiz, Chiclayo, Lambayeque",MOVISTAR,202303,202412,-21,pre_shutdown,3.5033216,2916.0,9.999395,33809.0,3.607263,81.19838,6.426485,91.50688,1.3050985,True,False
Lambayeque,Chiclayo,Jose Leonardo Ortiz,"Jose Leonardo Ortiz, Chiclayo, Lambayeque",MOVISTAR,202304,202412,-20,pre_shutdown,3.718542,2889.0,11.340148,36872.0,3.150084,82.08536,5.1654706,93.04434,1.0096223,True,False
Lambayeque,Chiclayo,Jose Leonardo Ortiz,"Jose Leonardo Ortiz, Chiclayo, Lambayeque",MOVISTAR,202305,202412,-19,pre_shutdown,4.5217066,2213.0,11.707112,37844.0,2.865202,81.77216,7.275856,91.2185,0.9006315,True,False
Lambayeque,Chiclayo,Jose Leonardo Ortiz,"Jose Leonardo Ortiz, Chiclayo, Lambayeque",MOVISTAR,202306,202412,-18,pre_shutdown,3.8706725,2811.0,11.120564,44455.0,2.8265831,79.90575,7.9831414,91.07295,0.9529134,True,False
Lambayeque,Chiclayo,Jose Leonardo Ortiz,"Jose Leonardo Ortiz, Chiclayo, Lambayeque",MOVISTAR,202307,202412,-17,pre_shutdown,3.9156046,3294.0,10.66208,56636.0,3.051797,80.10818,6.443263,93.05526,0.9700975,True,False
Lambayeque,Chiclayo,Jose Leonardo Ortiz,"Jose Leonardo Ortiz, Chiclayo, Lambayeque",MOVISTAR,202308,202412,-16,pre_shutdown,3.7624283,3757.0,11.12466,75051.0,3.5973752,80.14222,5.210733,94.24796,1.0779747,True,False
Lambayeque,Chiclayo,Jose Leonardo Ortiz,"Jose Leonardo Ortiz, Chiclayo, Lambayeque",MOVISTAR,202309,202412,-15,pre_shutdown,3.8293035,4780.0,10.984133,68468.0,3.4634826,81.99051,4.545706,94.789734,0.82323647,True,False
Lambayeque,Chiclayo,Jose Leonardo Ortiz,"Jose Leonardo Ortiz, Chiclayo, Lambayeque",MOVISTAR,202310,202412,-14,pre_shutdown,4.6017175,7433.0,9.836654,79752.0,3.5328844,80.03567,5.0895715,93.97892,0.8545872,True,False
Lambayeque,Chiclayo,Jose Leonardo Ortiz,"Jose Leonardo Ortiz, Chiclayo, Lambayeque",MOVISTAR,202311,202412,-13,pre_shutdown,4.5785866,7969.0,9.683672,64895.0,3.0540557,81.03876,6.678154,91.79607,0.67830735,True,False
Lambayeque,Chiclayo,Jose Leonardo Ortiz,"Jose Leonardo Ortiz, Chiclayo, Lambayeque",MOVISTAR,202312,202412,-12,pre_shutdown,4.6123543,6237.0,10.2116165,54866.0,2.6389878,79.60241,6.541752,91.99048,0.9769983,True,False
Lambayeque,Chiclayo,Jose Leonardo Ortiz,"Jose Leonardo Ortiz, Chiclayo, Lambayeque",MOVISTAR,202401,202412,-11,pre_shutdown,5.5952864,3721.0,9.695045,48108.0,2.7774603,79.0709,5.1093893,94.00834,0.76173484,True,False
Lambayeque,Chiclayo,Jose Leonardo Ortiz,"Jose Leonardo Ortiz, Chiclayo, Lambayeque",MOVISTAR,202402,202412,-10,pre_shutdown,5.432501,3897.0,9.821832,51246.0,3.1327875,78.129715,6.616018,91.976265,0.649917,True,False
Lambayeque,Chiclayo,Jose Leonardo Ortiz,"Jose Leonardo Ortiz, Chiclayo, Lambayeque",MOVISTAR,202403,202412,-9,pre_shutdown,4.7420673,4258.0,9.816932,52675.0,2.6569405,77.86277,6.6275144,92.10916,0.63856214,True,False
Lambayeque,Chiclayo,Jose Leonardo Ortiz,"Jose Leonardo Ortiz, Chiclayo, Lambayeque",MOVISTAR,202404,202412,-8,pre_shutdown,4.702106,4871.0,9.846262,55569.0,2.580265,78.749886,5.819588,93.45645,0.6623029,True,False
Lambayeque,Chiclayo,Jose Leonardo Ortiz,"Jose Leonardo Ortiz, Chiclayo, Lambayeque",MOVISTAR,202405,202412,-7,pre_shutdown,4.3872414,4740.0,9.990565,68550.0,2.6818511,77.18692,4.6392508,94.69332,0.5457038,True,False
Lambayeque,Chiclayo,Jose Leonardo Ortiz,"Jose Leonardo Ortiz, Chiclayo, Lambayeque",MOVISTAR,202406,202412,-6,pre_shutdown,5.161045,5705.0,10.453873,73698.0,3.6137197,75.516884,4.717564,94.744125,0.52675635,True,False
Lambayeque,Chiclayo,Jose Leonardo Ortiz,"Jose Leonardo Ortiz, Chiclayo, Lambayeque",MOVISTAR,202407,202412,-5,pre_shutdown,4.993359,5669.0,11.072585,67850.0,3.6974235,76.70156,6.190397,93.16456,0.54539764,True,False
Lambayeque,Chiclayo,Jose Leonardo Ortiz,"Jose Leonardo Ortiz, Chiclayo, Lambayeque",MOVISTAR,202408,202412,-4,pre_shutdown,4.8448367,3233.0,11.15555,65936.0,2.8275025,78.17499,3.7357693,95.52018,0.38753468,True,False
Lambayeque,Chiclayo,Jose Leonardo Ortiz,"Jose Leonardo Ortiz, Chiclayo, Lambayeque",MOVISTAR,202409,202412,-3,pre_shutdown,5.400107,2456.0,10.849208,73103.0,3.5834553,73.15543,2.5609043,97.22059,0.39145002,True,False
Lambayeque,Chiclayo,Jose Leonardo Ortiz,"Jose Leonardo Ortiz, Chiclayo, Lambayeque",MOVISTAR,202410,202412,-2,pre_shutdown,5.128964,3046.0,10.481425,70486.0,3.6139703,70.29009,2.7093124,97.12729,0.39055416,True,False
Lambayeque,Chiclayo,Jose Leonardo Ortiz,"Jose Leonardo Ortiz, Chiclayo, Lambayeque",MOVISTAR,202411,202412,-1,pre_shutdown,5.361298,1990.0,10.662863,55978.0,2.7747183,61.727848,3.381662,96.42529,0.32393405,True,False
Lambayeque,Chiclayo,Jose Leonardo Ortiz,"Jose Leonardo Ortiz, Chiclayo, Lambayeque",MOVISTAR,202412,202412,0,post_shutdown,0.0,0.0,11.309583,59760.0,3.2696466,58.845715,0.118482985,97.28889,0.29288906,False,True
Lambayeque,Chiclayo,Jose Leonardo Ortiz,"Jose Leonardo Ortiz, Chiclayo, Lambayeque",MOVISTAR,202501,202412,1,post_shutdown,0.0,0.0,11.37233,60758.0,3.1647594,58.706783,0.10452545,95.68676,0.33311036,False,True
Lambayeque,Chiclayo,Jose Leonardo Ortiz,"Jose Leonardo Ortiz, Chiclayo, Lambayeque",MOVISTAR,202502,202412,2,post_shutdown,0.0,0.0,10.741742,54943.0,2.6131535,57.799465,0.01568799,94.83118,0.421769,False,True
Lambayeque,Chiclayo,Jose Leonardo Ortiz,"Jose Leonardo Ortiz, Chiclayo, Lambayeque",MOVISTAR,202503,202412,3,post_shutdown,0.0,0.0,11.199071,76835.0,3.077753,56.75365,0.023414759,95.91464,0.3645276,False,True
Lambayeque,Chiclayo,Jose Leonardo Ortiz,"Jose Leonardo Ortiz, Chiclayo, Lambayeque",MOVISTAR,202504,202412,4,post_shutdown,0.0,0.0,10.893092,65525.0,3.1073697,62.5329,0.016688626,95.642136,0.6376022,False,True
Lambayeque,Chiclayo,Jose Leonardo Ortiz,"Jose Leonardo Ortiz, Chiclayo, Lambayeque",MOVISTAR,202505,202412,5,post_shutdown,0.0,0.0,10.18853,55905.0,2.7775297,62.68149,0.029829754,95.2977,0.47126037,False,True
Lambayeque,Chiclayo,Jose Leonardo Ortiz,"Jose Leonardo Ortiz, Chiclayo, Lambayeque",MOVISTAR,202506,202412,6,post_shutdown,0.0,0.0,11.095047,51334.0,2.2973135,62.42669,0.02271437,94.73702,0.5562244,False,True
Lambayeque,Chiclayo,Jose Leonardo Ortiz,"Jose Leonardo Ortiz, Chiclayo, Lambayeque",MOVISTAR,202507,202412,7,post_shutdown,0.0,0.0,11.001628,42519.0,2.126829,56.10107,0.038722772,95.97005,0.9133422,False,True
Lambayeque,Chiclayo,Jose Leonardo Ortiz,"Jose Leonardo Ortiz, Chiclayo, Lambayeque",MOVISTAR,202508,202412,8,post_shutdown,0.0,0.0,10.708441,47882.0,1.8870817,57.56018,0.18452016,96.804955,0.81010777,False,True
Lambayeque,Chiclayo,Jose Leonardo Ortiz,"Jose Leonardo Ortiz, Chiclayo, Lambayeque",MOVISTAR,202509,202412,9,post_shutdown,0.0,0.0,12.380753,58298.0,1.7996141,55.31488,0.021977076,97.10774,0.6668813,False,True
Lambayeque,Chiclayo,Jose Leonardo Ortiz,"Jose Leonardo Ortiz, Chiclayo, Lambayeque",MOVISTAR,202510,202412,10,post_shutdown,0.0,0.0,12.617953,58773.0,1.9308512,61.226723,0.034502883,97.44084,0.65004295,False,True
Lambayeque,Chiclayo,Jose Leonardo Ortiz,"Jose Leonardo Ortiz, Chiclayo, Lambayeque",MOVISTAR,202511,202412,11,post_shutdown,0.0,0.0,11.935034,68385.0,1.9066362,61.221935,0.014094035,99.3198,0.6858001,False,True
Lambayeque,Chiclayo,Jose Leonardo Ortiz,"Jose Leonardo Ortiz, Chiclayo, Lambayeque",MOVISTAR,202512,202412,12,post_shutdown,0.0,0.0,13.258622,60502.0,2.3580017,59.927586,0.023979811,98.59672,0.48920164,False,True
Lambayeque,Chiclayo,Jose Leonardo Ortiz,"Jose Leonardo Ortiz, Chiclayo, Lambayeque",MOVISTAR,202601,202412,13,post_shutdown,0.0,0.0,12.992186,56367.0,2.6188319,60.49504,0.03328027,99.20839,0.33575776,False,True
Lambayeque,Chiclayo,Jose Leonardo Ortiz,"Jose Leonardo Ortiz, Chiclayo, Lambayeque",MOVISTAR,202602,202412,14,post_shutdown,0.0,0.0,13.373231,52033.0,1.6968706,62.23951,0.025516968,99.8457,0.39166337,False,True
Lambayeque,Chiclayo,Jose Leonardo Ortiz,"Jose Leonardo Ortiz, Chiclayo, Lambayeque",MOVISTAR,202603,202412,15,post_shutdown,0.0,0.0,13.874822,47174.0,1.9645858,56.662212,0.009663404,99.84983,0.40605503,False,True
Lambayeque,Chiclayo,Jose Leonardo Ortiz,"Jose Leonardo Ortiz, Chiclayo, Lambayeque",MOVISTAR,202604,202412,16,post_shutdown,0.0,0.0,14.6575165,43614.0,2.855253,56.34196,0.018022671,99.64874,0.48604545,False,True
Lambayeque,Chiclayo,Jose Leonardo Ortiz,"Jose Leonardo Ortiz, Chiclayo, Lambayeque",MOVISTAR,202605,202412,17,post_shutdown,0.0,0.0,15.03691,37936.0,3.0935073,57.01852,0.02499837,99.6367,0.5528909,False,True
Lambayeque,Chiclayo,La Victoria,"La Victoria, Chiclayo, Lambayeque",MOVISTAR,202301,202412,-23,pre_shutdown,3.3061283,2191.0,10.511216,49690.0,3.780474,84.34535,4.6141305,93.986336,0.7967222,True,False
Lambayeque,Chiclayo,La Victoria,"La Victoria, Chiclayo, Lambayeque",MOVISTAR,202302,202412,-22,pre_shutdown,5.1761622,1155.0,10.552915,43929.0,3.2967236,83.19286,4.210846,94.80576,0.78517056,True,False
Lambayeque,Chiclayo,La Victoria,"La Victoria, Chiclayo, Lambayeque",MOVISTAR,202303,202412,-21,pre_shutdown,3.5095172,2836.0,9.568927,41041.0,2.5117607,80.86546,5.681845,91.82861,0.8932487,True,False
Lambayeque,Chiclayo,La Victoria,"La Victoria, Chiclayo, Lambayeque",MOVISTAR,202304,202412,-20,pre_shutdown,3.497207,2107.0,9.176639,34978.0,3.0170453,82.25841,5.363696,91.60588,0.9982928,True,False
Lambayeque,Chiclayo,La Victoria,"La Victoria, Chiclayo, Lambayeque",MOVISTAR,202305,202412,-19,pre_shutdown,4.219974,2054.0,9.4923115,41310.0,2.5596325,81.886314,4.7507095,93.07454,0.821764,True,False
Lambayeque,Chiclayo,La Victoria,"La Victoria, Chiclayo, Lambayeque",MOVISTAR,202306,202412,-18,pre_shutdown,3.6642067,1479.0,10.238303,46368.0,2.6527596,80.26885,3.4340084,95.32114,1.0686773,True,False
Lambayeque,Chiclayo,La Victoria,"La Victoria, Chiclayo, Lambayeque",MOVISTAR,202307,202412,-17,pre_shutdown,3.627803,5748.0,9.672583,53542.0,2.8791115,80.246895,6.602878,92.35417,0.932213,True,False
Lambayeque,Chiclayo,La Victoria,"La Victoria, Chiclayo, Lambayeque",MOVISTAR,202308,202412,-16,pre_shutdown,3.442247,4492.0,9.523551,45435.0,2.6428893,79.41127,6.061306,93.32171,0.788919,True,False
Lambayeque,Chiclayo,La Victoria,"La Victoria, Chiclayo, Lambayeque",MOVISTAR,202309,202412,-15,pre_shutdown,3.570362,4510.0,10.543329,48956.0,3.5843852,81.47743,6.190956,93.33591,0.6697228,True,False
Lambayeque,Chiclayo,La Victoria,"La Victoria, Chiclayo, Lambayeque",MOVISTAR,202310,202412,-14,pre_shutdown,3.8410523,3334.0,9.979233,45882.0,2.9122372,79.472786,5.3492317,94.1858,0.662805,True,False
Lambayeque,Chiclayo,La Victoria,"La Victoria, Chiclayo, Lambayeque",MOVISTAR,202311,202412,-13,pre_shutdown,4.645293,3384.0,10.382427,45691.0,2.5344832,80.36291,4.2399445,95.53153,0.59012395,True,False
Lambayeque,Chiclayo,La Victoria,"La Victoria, Chiclayo, Lambayeque",MOVISTAR,202312,202412,-12,pre_shutdown,5.8537517,4101.0,10.288975,43497.0,2.689894,78.938446,4.133407,95.200676,0.6753052,True,False
Lambayeque,Chiclayo,La Victoria,"La Victoria, Chiclayo, Lambayeque",MOVISTAR,202401,202412,-11,pre_shutdown,5.513551,5874.0,10.561386,38559.0,2.6150608,77.844406,4.9315104,94.77214,0.59904075,True,False
Lambayeque,Chiclayo,La Victoria,"La Victoria, Chiclayo, Lambayeque",MOVISTAR,202402,202412,-10,pre_shutdown,6.553844,3373.0,11.247249,33897.0,3.4182403,78.49388,6.9782443,92.603714,0.6417512,True,False
Lambayeque,Chiclayo,La Victoria,"La Victoria, Chiclayo, Lambayeque",MOVISTAR,202403,202412,-9,pre_shutdown,8.111759,3753.0,9.310879,42403.0,2.6142135,77.904366,3.5295632,96.28697,0.71833855,True,False
Lambayeque,Chiclayo,La Victoria,"La Victoria, Chiclayo, Lambayeque",MOVISTAR,202404,202412,-8,pre_shutdown,4.5067177,1563.0,9.732799,36430.0,2.4158847,77.75193,4.035018,95.68522,0.48642728,True,False
Lambayeque,Chiclayo,La Victoria,"La Victoria, Chiclayo, Lambayeque",MOVISTAR,202405,202412,-7,pre_shutdown,4.23692,1799.0,9.100928,44605.0,2.1925745,75.9918,3.8790019,95.94623,0.42306927,True,False
Lambayeque,Chiclayo,La Victoria,"La Victoria, Chiclayo, Lambayeque",MOVISTAR,202406,202412,-6,pre_shutdown,5.7454767,2297.0,11.019594,46167.0,2.2849808,74.74306,2.9870439,96.80872,0.48287448,True,False
Lambayeque,Chiclayo,La Victoria,"La Victoria, Chiclayo, Lambayeque",MOVISTAR,202407,202412,-5,pre_shutdown,4.0678535,3220.0,11.396543,50191.0,2.6480076,75.52768,3.882651,95.87425,0.464193,True,False
Lambayeque,Chiclayo,La Victoria,"La Victoria, Chiclayo, Lambayeque",MOVISTAR,202408,202412,-4,pre_shutdown,4.7132335,3055.0,10.637383,39487.0,2.9648204,77.49441,3.3264966,96.53001,0.6251735,True,False
Lambayeque,Chiclayo,La Victoria,"La Victoria, Chiclayo, Lambayeque",MOVISTAR,202409,202412,-3,pre_shutdown,4.837785,2510.0,10.32148,41949.0,3.596366,73.27171,2.6509871,97.15186,0.5272827,True,False
Lambayeque,Chiclayo,La Victoria,"La Victoria, Chiclayo, Lambayeque",MOVISTAR,202410,202412,-2,pre_shutdown,4.680476,3351.0,9.782834,46909.0,3.6646988,70.1508,3.967027,95.856575,0.41503105,True,False
Lambayeque,Chiclayo,La Victoria,"La Victoria, Chiclayo, Lambayeque",MOVISTAR,202411,202412,-1,pre_shutdown,4.343683,1649.0,9.597743,41925.0,3.1530914,60.55858,2.7405558,97.046776,0.36657998,True,False
Lambayeque,Chiclayo,La Victoria,"La Victoria, Chiclayo, Lambayeque",MOVISTAR,202412,202412,0,post_shutdown,0.0,0.0,9.765975,46545.0,2.479882,56.42625,0.25513598,98.24527,0.32431474,False,True
Lambayeque,Chiclayo,La Victoria,"La Victoria, Chiclayo, Lambayeque",MOVISTAR,202501,202412,1,post_shutdown,0.0,0.0,9.717503,37895.0,3.1543274,57.684063,0.51955307,96.7776,0.41672447,False,True
Lambayeque,Chiclayo,La Victoria,"La Victoria, Chiclayo, Lambayeque",MOVISTAR,202502,202412,2,post_shutdown,0.0,0.0,9.325766,43758.0,2.729566,58.036613,0.14951319,97.92787,0.4834849,False,True
Lambayeque,Chiclayo,La Victoria,"La Victoria, Chiclayo, Lambayeque",MOVISTAR,202503,202412,3,post_shutdown,0.0,0.0,9.536309,43638.0,2.5635097,57.13324,0.06378613,97.78166,0.40368086,False,True
Lambayeque,Chiclayo,La Victoria,"La Victoria, Chiclayo, Lambayeque",MOVISTAR,202504,202412,4,post_shutdown,0.0,0.0,9.943248,45685.0,2.6218352,61.90704,0.13341388,95.73598,0.4583638,False,True
Lambayeque,Chiclayo,La Victoria,"La Victoria, Chiclayo, Lambayeque",MOVISTAR,202505,202412,5,post_shutdown,0.0,0.0,9.867271,39175.0,2.4841733,62.447735,0.2545868,96.80371,0.39603478,False,True
Lambayeque,Chiclayo,La Victoria,"La Victoria, Chiclayo, Lambayeque",MOVISTAR,202506,202412,6,post_shutdown,0.0,0.0,11.46783,37061.0,1.9908652,62.73243,0.090464406,97.38397,0.43445826,False,True
Lambayeque,Chiclayo,La Victoria,"La Victoria, Chiclayo, Lambayeque",MOVISTAR,202507,202412,7,post_shutdown,0.0,0.0,12.689809,44171.0,2.6892188,58.653305,0.29777738,98.119514,0.3995611,False,True
Lambayeque,Chiclayo,La Victoria,"La Victoria, Chiclayo, Lambayeque",MOVISTAR,202508,202412,8,post_shutdown,0.0,0.0,12.434798,49571.0,2.6003504,59.14761,1.5588865,96.516785,0.43607754,False,True
Lambayeque,Chiclayo,La Victoria,"La Victoria, Chiclayo, Lambayeque",MOVISTAR,202509,202412,9,post_shutdown,0.0,0.0,12.486698,45290.0,2.3426054,58.256348,0.8178416,97.622826,0.42877427,False,True
Lambayeque,Chiclayo,La Victoria,"La Victoria, Chiclayo, Lambayeque",MOVISTAR,202510,202412,10,post_shutdown,0.0,0.0,13.236013,50374.0,2.776373,64.63484,1.5826895,97.1714,0.44145203,False,True
Lambayeque,Chiclayo,La Victoria,"La Victoria, Chiclayo, Lambayeque",MOVISTAR,202511,202412,11,post_shutdown,0.0,0.0,14.175513,45221.0,3.0335238,66.4542,1.092286,97.21293,0.47985455,False,True
Lambayeque,Chiclayo,La Victoria,"La Victoria, Chiclayo, Lambayeque",MOVISTAR,202512,202412,12,post_shutdown,0.0,0.0,12.987055,40113.0,3.1306076,63.779152,0.77398497,97.84823,0.5153882,False,True
Lambayeque,Chiclayo,La Victoria,"La Victoria, Chiclayo, Lambayeque",MOVISTAR,202601,202412,13,post_shutdown,0.0,0.0,12.240829,34873.0,3.2248244,65.00041,0.91485494,97.78822,0.68208045,False,True
Lambayeque,Chiclayo,La Victoria,"La Victoria, Chiclayo, Lambayeque",MOVISTAR,202602,202412,14,post_shutdown,0.0,0.0,12.676548,31535.0,3.1341867,65.69619,0.80737865,98.896355,0.73224664,False,True
Lambayeque,Chiclayo,La Victoria,"La Victoria, Chiclayo, Lambayeque",MOVISTAR,202603,202412,15,post_shutdown,0.0,0.0,12.639792,37633.0,2.743133,61.377216,0.30532408,99.37112,0.697365,False,True
Lambayeque,Chiclayo,La Victoria,"La Victoria, Chiclayo, Lambayeque",MOVISTAR,202604,202412,16,post_shutdown,0.0,0.0,12.499599,33327.0,3.7011583,61.89462,0.4397475,99.18892,0.6880263,False,True
Lambayeque,Chiclayo,La Victoria,"La Victoria, Chiclayo, Lambayeque",MOVISTAR,202605,202412,17,post_shutdown,0.0,0.0,12.638451,28932.0,2.9887364,60.832386,0.7334044,98.69323,0.8616534,False,True
Lambayeque,Chiclayo,Pimentel,"Pimentel, Chiclayo, Lambayeque",MOVISTAR,202301,202412,-23,pre_shutdown,3.9410467,2537.0,10.3932705,42709.0,3.1402996,84.25175,6.5845156,92.12129,0.9863072,True,False
Lambayeque,Chiclayo,Pimentel,"Pimentel, Chiclayo, Lambayeque",MOVISTAR,202302,202412,-22,pre_shutdown,3.6874404,1967.0,15.1558695,42872.0,4.2982726,82.56687,6.178276,88.71834,0.9001325,True,False
Lambayeque,Chiclayo,Pimentel,"Pimentel, Chiclayo, Lambayeque",MOVISTAR,202303,202412,-21,pre_shutdown,3.3099043,1705.0,11.188158,26464.0,3.9767685,80.03566,7.72667,89.3075,0.89699733,True,False
Lambayeque,Chiclayo,Pimentel,"Pimentel, Chiclayo, Lambayeque",MOVISTAR,202304,202412,-20,pre_shutdown,4.587528,3748.0,9.924421,41539.0,4.0249586,80.794044,6.593244,92.703354,0.79022616,True,False
Lambayeque,Chiclayo,Pimentel,"Pimentel, Chiclayo, Lambayeque",MOVISTAR,202305,202412,-19,pre_shutdown,3.9487824,2870.0,8.542058,43189.0,4.0560093,81.50642,5.0012383,94.15737,0.912979,True,False
Lambayeque,Chiclayo,Pimentel,"Pimentel, Chiclayo, Lambayeque",MOVISTAR,202306,202412,-18,pre_shutdown,4.266637,5107.0,9.84731,50635.0,3.702311,79.80857,5.2432384,94.074715,1.0559886,True,False
Lambayeque,Chiclayo,Pimentel,"Pimentel, Chiclayo, Lambayeque",MOVISTAR,202307,202412,-17,pre_shutdown,4.4584436,4219.0,10.556668,61261.0,3.9175065,77.91191,3.9975147,94.8287,0.84502214,True,False
Lambayeque,Chiclayo,Pimentel,"Pimentel, Chiclayo, Lambayeque",MOVISTAR,202308,202412,-16,pre_shutdown,4.120552,4000.0,11.325372,67368.0,3.260918,79.11813,4.988196,93.83561,0.81023973,True,False
Lambayeque,Chiclayo,Pimentel,"Pimentel, Chiclayo, Lambayeque",MOVISTAR,202309,202412,-15,pre_shutdown,4.513125,3789.0,11.779267,62472.0,3.296949,79.36904,3.4022243,94.752686,0.60296774,True,False
Lambayeque,Chiclayo,Pimentel,"Pimentel, Chiclayo, Lambayeque",MOVISTAR,202310,202412,-14,pre_shutdown,4.122879,4254.0,10.931951,74254.0,3.1166074,78.20343,3.7490861,95.359955,0.59455645,True,False
Lambayeque,Chiclayo,Pimentel,"Pimentel, Chiclayo, Lambayeque",MOVISTAR,202311,202412,-13,pre_shutdown,4.401127,4813.0,10.857962,72749.0,3.0833535,80.479614,4.506649,93.68966,0.699851,True,False
Lambayeque,Chiclayo,Pimentel,"Pimentel, Chiclayo, Lambayeque",MOVISTAR,202312,202412,-12,pre_shutdown,4.133112,4594.0,10.418262,60186.0,2.704628,79.053055,4.712639,93.26963,0.671666,True,False
Lambayeque,Chiclayo,Pimentel,"Pimentel, Chiclayo, Lambayeque",MOVISTAR,202401,202412,-11,pre_shutdown,4.255975,4347.0,10.717954,62188.0,2.4117918,78.127975,6.491146,92.94055,0.73831606,True,False
Lambayeque,Chiclayo,Pimentel,"Pimentel, Chiclayo, Lambayeque",MOVISTAR,202402,202412,-10,pre_shutdown,4.5160995,4207.0,10.293315,52334.0,2.3901496,78.56261,5.0153675,93.956665,0.7606759,True,False
Lambayeque,Chiclayo,Pimentel,"Pimentel, Chiclayo, Lambayeque",MOVISTAR,202403,202412,-9,pre_shutdown,4.153238,3969.0,11.767594,46212.0,2.412662,78.36225,4.0228705,95.35874,0.6208569,True,False
Lambayeque,Chiclayo,Pimentel,"Pimentel, Chiclayo, Lambayeque",MOVISTAR,202404,202412,-8,pre_shutdown,4.23746,3268.0,10.524955,40926.0,2.4093308,77.40871,3.4372573,96.10022,0.5945224,True,False
Lambayeque,Chiclayo,Pimentel,"Pimentel, Chiclayo, Lambayeque",MOVISTAR,202405,202412,-7,pre_shutdown,3.621957,3434.0,9.935739,48664.0,1.9630963,78.07935,4.910517,94.77883,0.813755,True,False
Lambayeque,Chiclayo,Pimentel,"Pimentel, Chiclayo, Lambayeque",MOVISTAR,202406,202412,-6,pre_shutdown,4.060359,4498.0,9.395086,58773.0,2.3044145,77.31988,4.6882877,94.99451,0.7647328,True,False
Lambayeque,Chiclayo,Pimentel,"Pimentel, Chiclayo, Lambayeque",MOVISTAR,202407,202412,-5,pre_shutdown,3.9685767,4019.0,9.926509,39022.0,2.884709,79.09091,4.1760283,95.241264,0.7588725,True,False
Lambayeque,Chiclayo,Pimentel,"Pimentel, Chiclayo, Lambayeque",MOVISTAR,202408,202412,-4,pre_shutdown,3.831813,2943.0,8.839827,41926.0,2.6942956,80.0596,3.4783518,96.221725,0.7438888,True,False
Lambayeque,Chiclayo,Pimentel,"Pimentel, Chiclayo, Lambayeque",MOVISTAR,202409,202412,-3,pre_shutdown,4.0009613,2771.0,8.616656,41835.0,2.7428162,75.45282,3.2265747,96.39917,0.64201367,True,False
Lambayeque,Chiclayo,Pimentel,"Pimentel, Chiclayo, Lambayeque",MOVISTAR,202410,202412,-2,pre_shutdown,4.420919,4005.0,10.680033,56116.0,2.6970978,72.47928,3.5532744,95.86772,0.74875206,True,False
Lambayeque,Chiclayo,Pimentel,"Pimentel, Chiclayo, Lambayeque",MOVISTAR,202411,202412,-1,pre_shutdown,5.5160127,3800.0,11.95639,47060.0,2.8200254,63.348454,2.9430459,96.71189,0.5312164,True,False
Lambayeque,Chiclayo,Pimentel,"Pimentel, Chiclayo, Lambayeque",MOVISTAR,202412,202412,0,post_shutdown,0.0,0.0,11.078243,50086.0,2.5847626,57.56421,0.6101263,95.96632,0.44950134,False,True
Lambayeque,Chiclayo,Pimentel,"Pimentel, Chiclayo, Lambayeque",MOVISTAR,202501,202412,1,post_shutdown,0.0,0.0,10.234784,53852.0,3.4279914,60.349007,0.77705544,94.18218,0.54452485,False,True
Lambayeque,Chiclayo,Pimentel,"Pimentel, Chiclayo, Lambayeque",MOVISTAR,202502,202412,2,post_shutdown,0.0,0.0,9.474705,49919.0,2.8033702,58.602352,0.11649323,96.02446,0.56558025,False,True
Lambayeque,Chiclayo,Pimentel,"Pimentel, Chiclayo, Lambayeque",MOVISTAR,202503,202412,3,post_shutdown,0.0,0.0,9.409244,49145.0,2.323589,59.17597,0.22657919,96.30935,0.49951822,False,True
Lambayeque,Chiclayo,Pimentel,"Pimentel, Chiclayo, Lambayeque",MOVISTAR,202504,202412,4,post_shutdown,0.0,0.0,10.029208,51535.0,2.2182102,63.82154,0.13058767,97.16954,0.4604225,False,True
Lambayeque,Chiclayo,Pimentel,"Pimentel, Chiclayo, Lambayeque",MOVISTAR,202505,202412,5,post_shutdown,0.0,0.0,10.436329,57026.0,2.84093,65.81888,0.13646759,96.5694,0.43529963,False,True
Lambayeque,Chiclayo,Pimentel,"Pimentel, Chiclayo, Lambayeque",MOVISTAR,202506,202412,6,post_shutdown,0.0,0.0,11.260665,53378.0,2.2202153,63.13209,0.027340377,97.22654,0.48577443,False,True
Lambayeque,Chiclayo,Pimentel,"Pimentel, Chiclayo, Lambayeque",MOVISTAR,202507,202412,7,post_shutdown,0.0,0.0,11.898417,47239.0,2.4023037,57.246162,0.008520006,96.99346,0.48105937,False,True
Lambayeque,Chiclayo,Pimentel,"Pimentel, Chiclayo, Lambayeque",MOVISTAR,202508,202412,8,post_shutdown,0.0,0.0,11.842864,58360.0,2.3750286,56.511246,0.11387195,98.986664,0.35497963,False,True
Lambayeque,Chiclayo,Pimentel,"Pimentel, Chiclayo, Lambayeque",MOVISTAR,202509,202412,9,post_shutdown,0.0,0.0,12.546593,50734.0,2.1391263,57.120964,0.0490299,98.26081,0.46919712,False,True
Lambayeque,Chiclayo,Pimentel,"Pimentel, Chiclayo, Lambayeque",MOVISTAR,202510,202412,10,post_shutdown,0.0,0.0,12.817005,46453.0,2.7270334,62.41719,0.059426125,97.155,0.5062048,False,True
Lambayeque,Chiclayo,Pimentel,"Pimentel, Chiclayo, Lambayeque",MOVISTAR,202511,202412,11,post_shutdown,0.0,0.0,12.660979,44933.0,3.292958,63.913605,0.1944971,97.0818,0.4297198,False,True
Lambayeque,Chiclayo,Pimentel,"Pimentel, Chiclayo, Lambayeque",MOVISTAR,202512,202412,12,post_shutdown,0.0,0.0,12.000205,41471.0,2.6391191,61.19292,0.014553277,96.948685,0.5572081,False,True
Lambayeque,Chiclayo,Pimentel,"Pimentel, Chiclayo, Lambayeque",MOVISTAR,202601,202412,13,post_shutdown,0.0,0.0,12.878496,44736.0,3.2083912,60.82368,0.07386516,95.166435,0.4543822,False,True
Lambayeque,Chiclayo,Pimentel,"Pimentel, Chiclayo, Lambayeque",MOVISTAR,202602,202412,14,post_shutdown,0.0,0.0,12.029318,33467.0,2.6408486,61.77268,0.09954916,98.26344,0.52409315,False,True
Lambayeque,Chiclayo,Pimentel,"Pimentel, Chiclayo, Lambayeque",MOVISTAR,202603,202412,15,post_shutdown,0.0,0.0,11.754012,40253.0,2.6150603,60.35911,0.05723759,97.56127,0.5296746,False,True
Lambayeque,Chiclayo,Pimentel,"Pimentel, Chiclayo, Lambayeque",MOVISTAR,202604,202412,16,post_shutdown,0.0,0.0,11.601059,37065.0,2.856336,57.88588,0.12552547,98.88708,0.6736082,False,True
Lambayeque,Chiclayo,Pimentel,"Pimentel, Chiclayo, Lambayeque",MOVISTAR,202605,202412,17,post_shutdown,0.0,0.0,12.331828,31345.0,2.9804957,58.47114,0.029872121,98.23408,0.78726745,False,True
Lima,Cañete,Asia,"Asia, Cañete, Lima",MOVISTAR,202301,202512,-35,pre_shutdown,3.4863815,4562.0,11.876394,57704.0,4.0409155,79.544754,7.0682926,92.40657,1.123999,True,False
Lima,Cañete,Asia,"Asia, Cañete, Lima",MOVISTAR,202302,202512,-34,pre_shutdown,3.2126815,4865.0,11.228785,45867.0,3.166088,78.734,8.106592,91.216606,1.0511723,True,False
Lima,Cañete,Asia,"Asia, Cañete, Lima",MOVISTAR,202303,202512,-33,pre_shutdown,3.0545576,3560.0,10.93503,35677.0,3.0379739,75.480446,7.283422,91.98891,0.91827506,True,False
Lima,Cañete,Asia,"Asia, Cañete, Lima",MOVISTAR,202304,202512,-32,pre_shutdown,3.3201282,2370.0,11.848069,32000.0,3.094395,75.72433,7.1461864,92.39845,0.8749563,True,False
Lima,Cañete,Asia,"Asia, Cañete, Lima",MOVISTAR,202305,202512,-31,pre_shutdown,2.7030666,4190.0,11.501403,30851.0,2.6343167,77.169655,13.097978,85.36944,1.0427353,True,False
Lima,Cañete,Asia,"Asia, Cañete, Lima",MOVISTAR,202306,202512,-30,pre_shutdown,3.112206,5060.0,11.024363,33554.0,2.7520072,76.237015,18.969711,79.42735,1.0402259,True,False
Lima,Cañete,Asia,"Asia, Cañete, Lima",MOVISTAR,202307,202512,-29,pre_shutdown,3.1899734,8200.0,11.723414,38578.0,2.4528208,76.38693,19.075876,79.843,0.9663529,True,False
Lima,Cañete,Asia,"Asia, Cañete, Lima",MOVISTAR,202308,202512,-28,pre_shutdown,3.18099,8356.0,13.46805,40167.0,2.9438353,76.15762,16.424158,82.439804,0.8702619,True,False
Lima,Cañete,Asia,"Asia, Cañete, Lima",MOVISTAR,202309,202512,-27,pre_shutdown,3.7859395,5377.0,12.829848,51668.0,3.6743155,76.855385,14.238283,83.27771,0.83154273,True,False
Lima,Cañete,Asia,"Asia, Cañete, Lima",MOVISTAR,202310,202512,-26,pre_shutdown,5.1634793,8333.0,12.401658,51352.0,2.2324727,74.53311,16.072924,81.15716,0.7643241,True,False
Lima,Cañete,Asia,"Asia, Cañete, Lima",MOVISTAR,202311,202512,-25,pre_shutdown,5.264906,7555.0,12.136772,55608.0,2.8363564,74.42805,14.37993,81.89546,0.72178036,True,False
Lima,Cañete,Asia,"Asia, Cañete, Lima",MOVISTAR,202312,202512,-24,pre_shutdown,3.7507567,4384.0,12.411073,45382.0,3.4381146,74.746216,14.8895445,78.660225,0.7207898,True,False
Lima,Cañete,Asia,"Asia, Cañete, Lima",MOVISTAR,202401,202512,-23,pre_shutdown,3.6442015,4074.0,10.047456,40558.0,2.9984863,75.353226,13.7705965,82.23014,0.79233533,True,False
Lima,Cañete,Asia,"Asia, Cañete, Lima",MOVISTAR,202402,202512,-22,pre_shutdown,5.120064,6375.0,9.683436,39440.0,2.2490392,76.44346,13.92903,79.7651,0.8183089,True,False
Lima,Cañete,Asia,"Asia, Cañete, Lima",MOVISTAR,202403,202512,-21,pre_shutdown,4.0064187,5790.0,10.986812,42565.0,2.653085,75.78931,13.252157,84.83986,0.67262936,True,False
Lima,Cañete,Asia,"Asia, Cañete, Lima",MOVISTAR,202404,202512,-20,pre_shutdown,4.1220083,4670.0,10.756499,29581.0,2.7091753,74.531166,16.174976,81.141556,0.5935789,True,False
Lima,Cañete,Asia,"Asia, Cañete, Lima",MOVISTAR,202405,202512,-19,pre_shutdown,3.8289046,4351.0,10.283511,26873.0,2.587385,73.860985,17.835375,79.463776,0.7262133,True,False
Lima,Cañete,Asia,"Asia, Cañete, Lima",MOVISTAR,202406,202512,-18,pre_shutdown,4.0758104,4866.0,11.289588,20321.0,2.8481653,74.35025,21.097399,76.76733,0.5779168,True,False
Lima,Cañete,Asia,"Asia, Cañete, Lima",MOVISTAR,202407,202512,-17,pre_shutdown,3.8101652,4055.0,12.73632,22505.0,3.1380308,75.920845,20.121344,77.63698,0.34825134,True,False
Lima,Cañete,Asia,"Asia, Cañete, Lima",MOVISTAR,202408,202512,-16,pre_shutdown,3.6789057,4212.0,12.310427,18695.0,2.5384305,76.15762,18.223572,80.9998,0.33706436,True,False
Lima,Cañete,Asia,"Asia, Cañete, Lima",MOVISTAR,202409,202512,-15,pre_shutdown,3.2301328,3757.0,12.484213,20208.0,3.2455988,71.549835,11.642012,85.83838,0.4434112,True,False
Lima,Cañete,Asia,"Asia, Cañete, Lima",MOVISTAR,202410,202512,-14,pre_shutdown,5.0463185,4656.0,12.206036,21015.0,2.6972902,64.311455,10.372369,86.83251,0.9509876,True,False
Lima,Cañete,Asia,"Asia, Cañete, Lima",MOVISTAR,202411,202512,-13,pre_shutdown,4.523837,1807.0,13.078844,26278.0,2.7936761,49.44705,6.745911,90.649956,0.69815624,True,False
Lima,Cañete,Asia,"Asia, Cañete, Lima",MOVISTAR,202412,202512,-12,pre_shutdown,5.14416,2271.0,13.43968,23792.0,3.1993,49.375317,6.9785485,90.273636,0.3679569,True,False
Lima,Cañete,Asia,"Asia, Cañete, Lima",MOVISTAR,202501,202512,-11,pre_shutdown,4.5173755,1551.0,12.299575,23969.0,2.4423785,53.426624,5.5412803,93.34379,0.4617563,True,False
Lima,Cañete,Asia,"Asia, Cañete, Lima",MOVISTAR,202502,202512,-10,pre_shutdown,4.933111,1584.0,12.695018,26033.0,2.7140856,54.503277,7.6094375,90.1236,0.48910218,True,False
Lima,Cañete,Asia,"Asia, Cañete, Lima",MOVISTAR,202503,202512,-9,pre_shutdown,4.3967204,1774.0,12.663193,30593.0,2.5300353,48.871376,3.3801262,94.99311,0.75500715,True,False
Lima,Cañete,Asia,"Asia, Cañete, Lima",MOVISTAR,202504,202512,-8,pre_shutdown,4.317124,1725.0,12.19376,29873.0,2.2850633,54.00458,3.2202854,94.90995,0.5197179,True,False
Lima,Cañete,Asia,"Asia, Cañete, Lima",MOVISTAR,202505,202512,-7,pre_shutdown,4.700862,1868.0,11.359073,23300.0,2.4994352,53.18754,4.7841706,92.941246,0.3454705,True,False
Lima,Cañete,Asia,"Asia, Cañete, Lima",MOVISTAR,202506,202512,-6,pre_shutdown,4.400765,1539.0,12.285156,22595.0,2.2997916,51.176884,5.044038,93.04769,0.25010687,True,False
Lima,Cañete,Asia,"Asia, Cañete, Lima",MOVISTAR,202507,202512,-5,pre_shutdown,4.979106,1538.0,12.726664,23441.0,2.6222045,44.091583,4.208572,94.01043,0.26701632,True,False
Lima,Cañete,Asia,"Asia, Cañete, Lima",MOVISTAR,202508,202512,-4,pre_shutdown,4.668077,1868.0,11.574969,25106.0,2.8834753,41.670372,6.0716205,92.57715,0.3164557,True,False
Lima,Cañete,Asia,"Asia, Cañete, Lima",MOVISTAR,202509,202512,-3,pre_shutdown,5.437387,1801.0,12.124602,22438.0,2.6462789,41.911816,6.016891,90.892685,0.33057052,True,False
Lima,Cañete,Asia,"Asia, Cañete, Lima",MOVISTAR,202510,202512,-2,pre_shutdown,5.7516055,1714.0,12.5036745,31700.0,2.5065823,41.981285,5.671081,90.96151,0.45949578,True,False
Lima,Cañete,Asia,"Asia, Cañete, Lima",MOVISTAR,202511,202512,-1,pre_shutdown,6.4701715,2246.0,13.165506,28179.0,3.8470073,38.956287,6.6336913,88.508644,0.26981574,True,False
Lima,Cañete,Asia,"Asia, Cañete, Lima",MOVISTAR,202512,202512,0,post_shutdown,0.0,0.0,13.058048,30783.0,2.6722717,39.481277,0.027691169,93.469986,0.27123353,False,True
Lima,Cañete,Asia,"Asia, Cañete, Lima",MOVISTAR,202601,202512,1,post_shutdown,0.0,0.0,12.19763,28888.0,2.4678845,44.77864,0.06730038,94.35221,0.44437844,False,True
Lima,Cañete,Asia,"Asia, Cañete, Lima",MOVISTAR,202602,202512,2,post_shutdown,0.0,0.0,13.0694065,16209.0,3.1057081,45.557987,0.11909959,97.15951,0.57535034,False,True
Lima,Cañete,Asia,"Asia, Cañete, Lima",MOVISTAR,202603,202512,3,post_shutdown,0.0,0.0,13.288824,24943.0,2.620576,42.467922,0.024303636,96.302864,0.33299825,False,True
Lima,Cañete,Asia,"Asia, Cañete, Lima",MOVISTAR,202604,202512,4,post_shutdown,0.0,0.0,12.9561,17140.0,2.35761,43.232414,0.04188724,96.824615,0.3880996,False,True
Lima,Cañete,Asia,"Asia, Cañete, Lima",MOVISTAR,202605,202512,5,post_shutdown,0.0,0.0,13.10271,17757.0,3.1760125,40.92624,0.15179767,97.79118,0.26798135,False,True
Lima,Cañete,Chilca,"Chilca, Cañete, Lima",MOVISTAR,202301,202510,-33,pre_shutdown,3.6718872,1316.0,7.5218625,18250.0,3.7353787,84.283325,5.5803237,93.04923,1.3252221,True,False
Lima,Cañete,Chilca,"Chilca, Cañete, Lima",MOVISTAR,202302,202510,-32,pre_shutdown,3.379773,2006.0,7.6411147,18058.0,2.7831683,82.96545,6.89022,90.191246,1.7928237,True,False
Lima,Cañete,Chilca,"Chilca, Cañete, Lima",MOVISTAR,202303,202510,-31,pre_shutdown,3.5147638,1887.0,7.0738535,17184.0,3.2870758,78.66909,7.0739675,91.346,1.3834735,True,False
Lima,Cañete,Chilca,"Chilca, Cañete, Lima",MOVISTAR,202304,202510,-30,pre_shutdown,3.7455816,2073.0,8.082228,25288.0,4.5789976,81.88785,6.843947,91.15453,1.4415706,True,False
Lima,Cañete,Chilca,"Chilca, Cañete, Lima",MOVISTAR,202305,202510,-29,pre_shutdown,3.5793805,2378.0,8.707142,24846.0,3.1464667,78.69286,5.4966908,92.93673,1.385775,True,False
Lima,Cañete,Chilca,"Chilca, Cañete, Lima",MOVISTAR,202306,202510,-28,pre_shutdown,3.6688592,2834.0,9.3659525,31660.0,2.9121947,77.74895,4.7168612,93.29156,0.9092465,True,False
Lima,Cañete,Chilca,"Chilca, Cañete, Lima",MOVISTAR,202307,202510,-27,pre_shutdown,3.8824742,2579.0,9.10041,33112.0,3.5283446,77.52653,3.5537746,95.37026,0.95280325,True,False
Lima,Cañete,Chilca,"Chilca, Cañete, Lima",MOVISTAR,202308,202510,-26,pre_shutdown,3.2236924,3007.0,7.810936,19660.0,3.3178942,77.29391,6.8385,91.805664,0.95514446,True,False
Lima,Cañete,Chilca,"Chilca, Cañete, Lima",MOVISTAR,202309,202510,-25,pre_shutdown,3.3778965,2973.0,8.208378,21094.0,3.4023232,78.7933,6.328805,92.472176,1.0671138,True,False
Lima,Cañete,Chilca,"Chilca, Cañete, Lima",MOVISTAR,202310,202510,-24,pre_shutdown,3.4450758,2254.0,9.537236,32103.0,3.7649622,76.57228,3.6627257,95.2381,0.86127627,True,False
Lima,Cañete,Chilca,"Chilca, Cañete, Lima",MOVISTAR,202311,202510,-23,pre_shutdown,3.1327767,2296.0,9.385018,22487.0,2.690737,79.1843,4.291603,94.623146,1.0183496,True,False
Lima,Cañete,Chilca,"Chilca, Cañete, Lima",MOVISTAR,202312,202510,-22,pre_shutdown,3.3729858,3684.0,9.42909,25568.0,2.53037,79.38109,4.1883416,94.84542,1.1188126,True,False
Lima,Cañete,Chilca,"Chilca, Cañete, Lima",MOVISTAR,202401,202510,-21,pre_shutdown,3.2426007,3010.0,7.5187526,20069.0,3.6303701,78.7018,5.941858,93.02136,1.0620415,True,False
Lima,Cañete,Chilca,"Chilca, Cañete, Lima",MOVISTAR,202402,202510,-20,pre_shutdown,3.3600748,2277.0,7.0530505,21224.0,3.4653373,79.938286,4.300366,94.88172,1.0531241,True,False
Lima,Cañete,Chilca,"Chilca, Cañete, Lima",MOVISTAR,202403,202510,-19,pre_shutdown,3.8245633,2288.0,7.5520782,21902.0,2.7204554,79.40743,4.787506,94.187675,1.9693978,True,False
Lima,Cañete,Chilca,"Chilca, Cañete, Lima",MOVISTAR,202404,202510,-18,pre_shutdown,3.6485088,2442.0,8.650987,27537.0,3.0132775,76.81505,4.5001383,89.09253,0.772262,True,False
Lima,Cañete,Chilca,"Chilca, Cañete, Lima",MOVISTAR,202405,202510,-17,pre_shutdown,3.3631876,2631.0,7.8144784,28117.0,2.606048,77.53882,5.1335573,92.12122,0.89254296,True,False
Lima,Cañete,Chilca,"Chilca, Cañete, Lima",MOVISTAR,202406,202510,-16,pre_shutdown,3.9020376,1848.0,7.5167656,26175.0,3.2145605,76.869415,4.7509694,93.790886,0.6205247,True,False
Lima,Cañete,Chilca,"Chilca, Cañete, Lima",MOVISTAR,202407,202510,-15,pre_shutdown,3.8007758,1804.0,8.574868,29924.0,2.432285,77.29239,2.8109553,95.883385,0.49828178,True,False
Lima,Cañete,Chilca,"Chilca, Cañete, Lima",MOVISTAR,202408,202510,-14,pre_shutdown,3.7411888,1775.0,7.9319105,28712.0,2.074486,76.693245,2.7240524,96.49847,0.50527734,True,False
Lima,Cañete,Chilca,"Chilca, Cañete, Lima",MOVISTAR,202409,202510,-13,pre_shutdown,3.3489969,1702.0,7.5575714,26340.0,1.9614767,73.11141,4.2964816,93.78625,0.56056607,True,False
Lima,Cañete,Chilca,"Chilca, Cañete, Lima",MOVISTAR,202410,202510,-12,pre_shutdown,3.2345455,2132.0,7.082982,26314.0,2.5172532,69.92278,4.6449313,94.1946,0.60224235,True,False
Lima,Cañete,Chilca,"Chilca, Cañete, Lima",MOVISTAR,202411,202510,-11,pre_shutdown,3.3323793,2182.0,8.238303,26211.0,2.516636,60.249447,4.866252,91.29233,0.8809223,True,False
Lima,Cañete,Chilca,"Chilca, Cañete, Lima",MOVISTAR,202412,202510,-10,pre_shutdown,3.9209552,1549.0,7.924878,24244.0,1.9663216,61.48861,2.8040786,94.28524,1.0517948,True,False
Lima,Cañete,Chilca,"Chilca, Cañete, Lima",MOVISTAR,202501,202510,-9,pre_shutdown,3.936297,1568.0,8.68348,18853.0,2.3915355,62.631496,5.2585797,91.671814,1.032489,True,False
Lima,Cañete,Chilca,"Chilca, Cañete, Lima",MOVISTAR,202502,202510,-8,pre_shutdown,3.196447,1308.0,10.100255,17989.0,3.9050586,66.36849,5.943463,92.61898,1.380544,True,False
Lima,Cañete,Chilca,"Chilca, Cañete, Lima",MOVISTAR,202503,202510,-7,pre_shutdown,3.5927966,1089.0,10.551513,15009.0,3.2007604,61.544395,6.742722,92.04778,1.1203238,True,False
Lima,Cañete,Chilca,"Chilca, Cañete, Lima",MOVISTAR,202504,202510,-6,pre_shutdown,3.3991277,1019.0,10.418931,13544.0,3.1478508,68.02851,8.0372305,90.78641,1.1075618,True,False
Lima,Cañete,Chilca,"Chilca, Cañete, Lima",MOVISTAR,202505,202510,-5,pre_shutdown,3.5600567,638.0,10.813011,12620.0,3.3367074,67.26164,7.358983,91.25549,1.1176004,True,False
Lima,Cañete,Chilca,"Chilca, Cañete, Lima",MOVISTAR,202506,202510,-4,pre_shutdown,4.4677243,676.0,13.975267,21493.0,3.1672902,63.320538,3.6499038,95.8218,0.62506056,True,False
Lima,Cañete,Chilca,"Chilca, Cañete, Lima",MOVISTAR,202507,202510,-3,pre_shutdown,4.376723,699.0,12.518255,19653.0,2.5251405,54.519382,4.940078,91.51708,0.73851496,True,False
Lima,Cañete,Chilca,"Chilca, Cañete, Lima",MOVISTAR,202508,202510,-2,pre_shutdown,5.033478,516.0,11.828964,25130.0,2.013927,53.210735,4.729671,92.48909,0.8670451,True,False
Lima,Cañete,Chilca,"Chilca, Cañete, Lima",MOVISTAR,202509,202510,-1,pre_shutdown,6.1858726,2911.0,11.124604,16886.0,2.4365165,55.611927,8.1895275,90.22548,0.8561503,True,False
Lima,Cañete,Chilca,"Chilca, Cañete, Lima",MOVISTAR,202510,202510,0,post_shutdown,0.0,0.0,13.448654,20667.0,2.8307955,55.03802,5.108047,93.6538,1.5189514,False,True
Lima,Cañete,Chilca,"Chilca, Cañete, Lima",MOVISTAR,202511,202510,1,post_shutdown,0.0,0.0,12.884032,14333.0,2.4657037,52.391445,2.7747083,95.10241,1.194783,False,True
Lima,Cañete,Chilca,"Chilca, Cañete, Lima",MOVISTAR,202512,202510,2,post_shutdown,0.0,0.0,12.6084385,13209.0,3.039119,52.14422,0.1743407,95.06062,1.0199593,False,True
Lima,Cañete,Chilca,"Chilca, Cañete, Lima",MOVISTAR,202601,202510,3,post_shutdown,0.0,0.0,11.988324,16993.0,2.4316118,55.62707,0.032234132,96.90397,0.7759895,False,True
Lima,Cañete,Chilca,"Chilca, Cañete, Lima",MOVISTAR,202602,202510,4,post_shutdown,0.0,0.0,12.532679,12860.0,3.0744026,55.724106,0.059754405,97.52642,0.8252818,False,True
Lima,Cañete,Chilca,"Chilca, Cañete, Lima",MOVISTAR,202603,202510,5,post_shutdown,0.0,0.0,13.624048,12736.0,2.96934,49.845634,0.032729242,97.1084,0.5846817,False,True
Lima,Cañete,Chilca,"Chilca, Cañete, Lima",MOVISTAR,202604,202510,6,post_shutdown,0.0,0.0,13.836342,14469.0,2.9368842,50.47221,0.23719898,97.695244,0.44108197,False,True
Lima,Cañete,Chilca,"Chilca, Cañete, Lima",MOVISTAR,202605,202510,7,post_shutdown,0.0,0.0,12.977631,14505.0,2.7761788,50.403015,0.02829485,98.021286,0.78734434,False,True
Lima,Cañete,Mala,"Mala, Cañete, Lima",MOVISTAR,202301,202512,-35,pre_shutdown,3.377617,5486.0,9.467776,55936.0,5.2184644,81.79531,6.526162,92.417854,1.2466177,True,False
Lima,Cañete,Mala,"Mala, Cañete, Lima",MOVISTAR,202302,202512,-34,pre_shutdown,3.50925,5076.0,7.8341784,39696.0,5.569439,79.55948,6.983358,91.887344,1.3423287,True,False
Lima,Cañete,Mala,"Mala, Cañete, Lima",MOVISTAR,202303,202512,-33,pre_shutdown,3.554571,4783.0,8.008831,51790.0,5.2656984,76.379524,6.198575,92.68539,1.1892183,True,False
Lima,Cañete,Mala,"Mala, Cañete, Lima",MOVISTAR,202304,202512,-32,pre_shutdown,3.4854476,3868.0,7.737465,41912.0,5.5261135,76.10715,6.5585117,92.74015,1.1206657,True,False
Lima,Cañete,Mala,"Mala, Cañete, Lima",MOVISTAR,202305,202512,-31,pre_shutdown,4.0040793,5392.0,8.106798,44613.0,5.8702626,77.04698,7.053323,92.41803,1.0481677,True,False
Lima,Cañete,Mala,"Mala, Cañete, Lima",MOVISTAR,202306,202512,-30,pre_shutdown,3.936753,6410.0,7.191136,55519.0,5.3687825,75.58348,6.8658047,92.600395,1.0806595,True,False
Lima,Cañete,Mala,"Mala, Cañete, Lima",MOVISTAR,202307,202512,-29,pre_shutdown,3.5094883,8071.0,7.9565306,67023.0,4.6087594,75.28156,6.7822795,92.750374,1.1395586,True,False
Lima,Cañete,Mala,"Mala, Cañete, Lima",MOVISTAR,202308,202512,-28,pre_shutdown,3.5000153,8967.0,7.7059,65824.0,4.4514866,75.48478,7.2058387,92.299995,1.000202,True,False
Lima,Cañete,Mala,"Mala, Cañete, Lima",MOVISTAR,202309,202512,-27,pre_shutdown,3.3520455,10298.0,7.6340723,62753.0,4.615783,76.58809,7.9885154,91.22562,0.8079738,True,False
Lima,Cañete,Mala,"Mala, Cañete, Lima",MOVISTAR,202310,202512,-26,pre_shutdown,3.1182501,8702.0,7.6143208,72158.0,4.069089,75.519356,8.328071,90.93961,0.7891484,True,False
Lima,Cañete,Mala,"Mala, Cañete, Lima",MOVISTAR,202311,202512,-25,pre_shutdown,2.9657185,6379.0,8.346161,60883.0,4.402574,75.18466,7.3986254,91.59097,0.78583926,True,False
Lima,Cañete,Mala,"Mala, Cañete, Lima",MOVISTAR,202312,202512,-24,pre_shutdown,3.8363507,6378.0,8.348308,69870.0,3.4230187,74.76828,6.1604395,92.462234,0.73468965,True,False
Lima,Cañete,Mala,"Mala, Cañete, Lima",MOVISTAR,202401,202512,-23,pre_shutdown,3.331315,5277.0,8.572665,55507.0,3.7717233,74.76344,6.35577,92.38576,0.7906348,True,False
Lima,Cañete,Mala,"Mala, Cañete, Lima",MOVISTAR,202402,202512,-22,pre_shutdown,4.225913,5242.0,8.51772,50549.0,3.6470938,75.497986,6.6248837,91.51255,0.77962494,True,False
Lima,Cañete,Mala,"Mala, Cañete, Lima",MOVISTAR,202403,202512,-21,pre_shutdown,3.2646713,5775.0,8.62092,54250.0,3.744037,74.795235,5.8283525,90.93851,0.66269183,True,False
Lima,Cañete,Mala,"Mala, Cañete, Lima",MOVISTAR,202404,202512,-20,pre_shutdown,3.7401257,6558.0,8.805871,57304.0,3.9084074,74.80379,6.3794284,91.0074,0.63259065,True,False
Lima,Cañete,Mala,"Mala, Cañete, Lima",MOVISTAR,202405,202512,-19,pre_shutdown,3.3445642,5611.0,8.293387,54930.0,3.3010192,75.231445,5.447865,91.22796,0.7072,True,False
Lima,Cañete,Mala,"Mala, Cañete, Lima",MOVISTAR,202406,202512,-18,pre_shutdown,3.9364462,4545.0,8.609099,55566.0,3.0815794,76.54858,6.866401,90.57902,0.5448599,True,False
Lima,Cañete,Mala,"Mala, Cañete, Lima",MOVISTAR,202407,202512,-17,pre_shutdown,3.8974843,3246.0,9.548816,39772.0,3.0901215,76.00064,8.9945,89.143326,0.59906733,True,False
Lima,Cañete,Mala,"Mala, Cañete, Lima",MOVISTAR,202408,202512,-16,pre_shutdown,4.2294164,4112.0,9.954544,39184.0,3.5234516,76.00438,6.541184,92.43661,0.5458834,True,False
Lima,Cañete,Mala,"Mala, Cañete, Lima",MOVISTAR,202409,202512,-15,pre_shutdown,3.8937747,3798.0,10.44766,46604.0,4.470442,71.88193,7.3929706,90.13032,0.5122069,True,False
Lima,Cañete,Mala,"Mala, Cañete, Lima",MOVISTAR,202410,202512,-14,pre_shutdown,4.7938347,4244.0,10.712115,50133.0,4.0147395,67.30862,5.8999076,92.723885,0.94779104,True,False
Lima,Cañete,Mala,"Mala, Cañete, Lima",MOVISTAR,202411,202512,-13,pre_shutdown,3.7221243,939.0,12.040608,52317.0,4.3031983,55.068565,2.6838841,95.453316,0.7172528,True,False
Lima,Cañete,Mala,"Mala, Cañete, Lima",MOVISTAR,202412,202512,-12,pre_shutdown,4.4189534,1229.0,11.973569,52786.0,4.446642,52.298702,3.7787888,95.139206,0.4461903,True,False
Lima,Cañete,Mala,"Mala, Cañete, Lima",MOVISTAR,202501,202512,-11,pre_shutdown,4.4108887,1093.0,11.731472,46964.0,3.8642828,53.72459,3.4655101,95.14316,0.44146553,True,False
Lima,Cañete,Mala,"Mala, Cañete, Lima",MOVISTAR,202502,202512,-10,pre_shutdown,4.012863,1116.0,11.677636,38832.0,4.595107,55.638447,4.2333903,94.687325,0.51386553,True,False
Lima,Cañete,Mala,"Mala, Cañete, Lima",MOVISTAR,202503,202512,-9,pre_shutdown,4.8545794,911.0,11.399779,49264.0,4.427218,52.55312,2.3705933,95.53124,0.47911647,True,False
Lima,Cañete,Mala,"Mala, Cañete, Lima",MOVISTAR,202504,202512,-8,pre_shutdown,4.433294,884.0,12.105468,56207.0,4.464298,56.88968,3.6096091,95.21688,0.48344913,True,False
Lima,Cañete,Mala,"Mala, Cañete, Lima",MOVISTAR,202505,202512,-7,pre_shutdown,4.1867085,1390.0,11.349758,52099.0,5.1092277,57.43254,3.0387573,96.515205,0.36470625,True,False
Lima,Cañete,Mala,"Mala, Cañete, Lima",MOVISTAR,202506,202512,-6,pre_shutdown,5.0544114,827.0,11.353024,52074.0,4.9723077,56.697517,3.3821077,96.34424,0.3968969,True,False
Lima,Cañete,Mala,"Mala, Cañete, Lima",MOVISTAR,202507,202512,-5,pre_shutdown,5.895805,1086.0,12.028717,48500.0,4.869366,50.273346,2.8913083,96.0473,0.45567113,True,False
Lima,Cañete,Mala,"Mala, Cañete, Lima",MOVISTAR,202508,202512,-4,pre_shutdown,5.0374126,1827.0,12.13714,56494.0,4.6002398,49.53622,3.6636014,96.077194,0.50386995,True,False
Lima,Cañete,Mala,"Mala, Cañete, Lima",MOVISTAR,202509,202512,-3,pre_shutdown,4.7219296,3002.0,12.281881,65046.0,3.8554091,49.21958,3.6961153,95.98992,0.56497985,True,False
Lima,Cañete,Mala,"Mala, Cañete, Lima",MOVISTAR,202510,202512,-2,pre_shutdown,4.34972,13467.0,11.929181,54155.0,4.7263927,52.523655,6.2173305,93.4582,0.56599796,True,False
Lima,Cañete,Mala,"Mala, Cañete, Lima",MOVISTAR,202511,202512,-1,pre_shutdown,5.4258018,1333.0,12.531919,48163.0,4.355431,48.974213,3.6101983,94.92164,0.4770301,True,False
Lima,Cañete,Mala,"Mala, Cañete, Lima",MOVISTAR,202512,202512,0,post_shutdown,0.0,0.0,12.796713,54257.0,4.815809,46.94192,0.05108512,96.4607,0.34457418,False,True
Lima,Cañete,Mala,"Mala, Cañete, Lima",MOVISTAR,202601,202512,1,post_shutdown,0.0,0.0,12.709466,41700.0,5.385855,48.476837,0.07790309,95.87736,0.39848587,False,True
Lima,Cañete,Mala,"Mala, Cañete, Lima",MOVISTAR,202602,202512,2,post_shutdown,0.0,0.0,13.023285,31553.0,5.014182,51.60792,0.020776367,93.81871,0.51646554,False,True
Lima,Cañete,Mala,"Mala, Cañete, Lima",MOVISTAR,202603,202512,3,post_shutdown,0.0,0.0,13.110269,47834.0,4.4265566,49.79485,0.07132317,97.37596,0.530619,False,True
Lima,Cañete,Mala,"Mala, Cañete, Lima",MOVISTAR,202604,202512,4,post_shutdown,0.0,0.0,12.927336,53984.0,4.1006284,50.480972,0.057313107,97.617485,0.46381035,False,True
Lima,Cañete,Mala,"Mala, Cañete, Lima",MOVISTAR,202605,202512,5,post_shutdown,0.0,0.0,12.295346,43907.0,3.676629,49.769943,0.11079351,96.30434,0.44018176,False,True
Lima,Huaura,Sayan,"Sayan, Huaura, Lima",MOVISTAR,202301,202602,-37,pre_shutdown,3.2686286,5830.0,6.0855236,9018.0,2.6393418,85.07958,29.691198,58.00201,1.3874846,True,False
Lima,Huaura,Sayan,"Sayan, Huaura, Lima",MOVISTAR,202302,202602,-36,pre_shutdown,4.080686,4605.0,6.772974,7335.0,4.453475,87.7239,31.672579,60.614906,1.2090945,True,False
Lima,Huaura,Sayan,"Sayan, Huaura, Lima",MOVISTAR,202303,202602,-35,pre_shutdown,3.457941,3315.0,7.8129587,5105.0,5.575668,81.60293,29.629562,61.05377,1.5579274,True,False
Lima,Huaura,Sayan,"Sayan, Huaura, Lima",MOVISTAR,202304,202602,-34,pre_shutdown,2.5756156,2701.0,5.760356,6899.0,4.681748,78.039314,20.715824,70.35796,1.5490049,True,False
Lima,Huaura,Sayan,"Sayan, Huaura, Lima",MOVISTAR,202305,202602,-33,pre_shutdown,1.8638929,2185.0,6.232882,13905.0,2.8953886,80.47483,19.347307,75.92022,0.9131113,True,False
Lima,Huaura,Sayan,"Sayan, Huaura, Lima",MOVISTAR,202306,202602,-32,pre_shutdown,2.3755755,2466.0,7.2830296,9108.0,0.0,77.571754,20.214989,73.042694,1.083443,True,False
Lima,Huaura,Sayan,"Sayan, Huaura, Lima",MOVISTAR,202307,202602,-31,pre_shutdown,2.0731304,3418.0,8.000078,10775.0,3.2723727,77.92438,17.677214,77.516426,0.9666516,True,False
Lima,Huaura,Sayan,"Sayan, Huaura, Lima",MOVISTAR,202308,202602,-30,pre_shutdown,2.192555,1998.0,5.884309,7839.0,0.0,79.95411,16.693817,76.32736,1.1740642,True,False
Lima,Huaura,Sayan,"Sayan, Huaura, Lima",MOVISTAR,202309,202602,-29,pre_shutdown,2.231247,1861.0,5.982368,6796.0,0.0,81.546555,17.09984,76.486786,1.3367918,True,False
Lima,Huaura,Sayan,"Sayan, Huaura, Lima",MOVISTAR,202310,202602,-28,pre_shutdown,1.9189231,2068.0,5.011282,7798.0,0.0,79.37895,19.065565,73.913734,1.2628866,True,False
Lima,Huaura,Sayan,"Sayan, Huaura, Lima",MOVISTAR,202311,202602,-27,pre_shutdown,2.3282373,2183.0,5.825688,6545.0,3.6902528,78.245445,21.831236,72.71851,1.0840806,True,False
Lima,Huaura,Sayan,"Sayan, Huaura, Lima",MOVISTAR,202312,202602,-26,pre_shutdown,2.4783742,2152.0,7.1837306,7759.0,0.0,80.21378,17.310663,78.11272,1.0223048,True,False
Lima,Huaura,Sayan,"Sayan, Huaura, Lima",MOVISTAR,202401,202602,-25,pre_shutdown,2.223386,2193.0,8.414795,8191.0,0.0,78.19196,15.302788,75.844986,1.1537589,True,False
Lima,Huaura,Sayan,"Sayan, Huaura, Lima",MOVISTAR,202402,202602,-24,pre_shutdown,2.2244117,2916.0,8.168331,7093.0,0.0,77.71252,15.945574,78.296616,0.84443545,True,False
Lima,Huaura,Sayan,"Sayan, Huaura, Lima",MOVISTAR,202403,202602,-23,pre_shutdown,1.9971818,2134.0,6.1921,5184.0,0.0,79.152855,20.646124,75.121185,1.1801243,True,False
Lima,Huaura,Sayan,"Sayan, Huaura, Lima",MOVISTAR,202404,202602,-22,pre_shutdown,2.7376564,1928.0,9.529416,3635.0,2.0451329,76.6245,21.293575,74.11161,1.2204572,True,False
Lima,Huaura,Sayan,"Sayan, Huaura, Lima",MOVISTAR,202405,202602,-21,pre_shutdown,2.7642615,1735.0,6.649805,3774.0,0.0,74.623436,17.294292,80.48362,0.5827803,True,False
Lima,Huaura,Sayan,"Sayan, Huaura, Lima",MOVISTAR,202406,202602,-20,pre_shutdown,2.882899,1734.0,8.972321,5140.0,2.183763,74.45565,17.942364,78.19362,0.5847236,True,False
Lima,Huaura,Sayan,"Sayan, Huaura, Lima",MOVISTAR,202407,202602,-19,pre_shutdown,2.9672,2143.0,9.388713,6757.0,2.1539247,75.01054,18.411015,77.22876,0.68804485,True,False
Lima,Huaura,Sayan,"Sayan, Huaura, Lima",MOVISTAR,202408,202602,-18,pre_shutdown,2.3979583,1544.0,7.90528,5466.0,2.5314522,76.76297,14.448365,84.4232,0.4221702,True,False
Lima,Huaura,Sayan,"Sayan, Huaura, Lima",MOVISTAR,202409,202602,-17,pre_shutdown,2.880735,3215.0,10.131379,9296.0,2.8071651,67.40008,14.174202,82.45114,0.43270075,True,False
Lima,Huaura,Sayan,"Sayan, Huaura, Lima",MOVISTAR,202410,202602,-16,pre_shutdown,2.953754,1427.0,10.363875,10916.0,2.770571,64.71231,10.040883,85.30344,0.3532683,True,False
Lima,Huaura,Sayan,"Sayan, Huaura, Lima",MOVISTAR,202411,202602,-15,pre_shutdown,3.7048032,1183.0,8.266758,8150.0,2.938026,58.63316,9.833845,85.01496,0.46435744,True,False
Lima,Huaura,Sayan,"Sayan, Huaura, Lima",MOVISTAR,202412,202602,-14,pre_shutdown,3.9172645,2143.0,10.8889675,10061.0,3.013685,55.416725,12.400539,72.935455,0.4324587,True,False
Lima,Huaura,Sayan,"Sayan, Huaura, Lima",MOVISTAR,202501,202602,-13,pre_shutdown,5.019153,1143.0,8.664101,7817.0,3.1365345,57.161144,11.510828,71.06873,0.5545715,True,False
Lima,Huaura,Sayan,"Sayan, Huaura, Lima",MOVISTAR,202502,202602,-12,pre_shutdown,3.6482513,1461.0,6.837822,9638.0,2.487146,57.24854,12.219828,68.83036,0.5944632,True,False
Lima,Huaura,Sayan,"Sayan, Huaura, Lima",MOVISTAR,202503,202602,-11,pre_shutdown,3.9259474,3737.0,7.055687,10528.0,2.5734668,53.871964,16.665142,70.98328,0.45506725,True,False
Lima,Huaura,Sayan,"Sayan, Huaura, Lima",MOVISTAR,202504,202602,-10,pre_shutdown,3.7856593,2710.0,9.653316,8373.0,2.308298,60.23295,24.932766,58.76642,0.6043295,True,False
Lima,Huaura,Sayan,"Sayan, Huaura, Lima",MOVISTAR,202505,202602,-9,pre_shutdown,3.804091,4466.0,7.610027,7991.0,2.6893382,67.35014,21.915005,61.13764,0.5586846,True,False
Lima,Huaura,Sayan,"Sayan, Huaura, Lima",MOVISTAR,202506,202602,-8,pre_shutdown,4.291573,4989.0,7.459963,9419.0,0.0,72.39829,18.074318,64.87454,0.5354383,True,False
Lima,Huaura,Sayan,"Sayan, Huaura, Lima",MOVISTAR,202507,202602,-7,pre_shutdown,4.044764,4971.0,6.808589,6600.0,0.0,57.69177,19.862997,63.025402,0.7033858,True,False
Lima,Huaura,Sayan,"Sayan, Huaura, Lima",MOVISTAR,202508,202602,-6,pre_shutdown,3.579068,4878.0,8.044084,5815.0,0.0,56.612526,17.12407,67.992714,0.9772296,True,False
Lima,Huaura,Sayan,"Sayan, Huaura, Lima",MOVISTAR,202509,202602,-5,pre_shutdown,3.8655949,4301.0,9.269219,7903.0,3.1401618,57.02957,14.47203,72.37137,0.5283285,True,False
Lima,Huaura,Sayan,"Sayan, Huaura, Lima",MOVISTAR,202510,202602,-4,pre_shutdown,4.2371373,3402.0,9.834018,7753.0,2.0250397,57.337715,14.256867,72.556786,0.3538663,True,False
Lima,Huaura,Sayan,"Sayan, Huaura, Lima",MOVISTAR,202511,202602,-3,pre_shutdown,4.0432425,3774.0,8.343919,6507.0,0.0,53.22743,21.518972,63.75745,0.505923,True,False
Lima,Huaura,Sayan,"Sayan, Huaura, Lima",MOVISTAR,202512,202602,-2,pre_shutdown,4.4669657,4271.0,9.654064,4759.0,0.0,54.206886,22.637186,59.50515,0.5160826,True,False
Lima,Huaura,Sayan,"Sayan, Huaura, Lima",MOVISTAR,202601,202602,-1,pre_shutdown,4.5379176,2103.0,7.8359013,4309.0,2.3889072,58.551098,13.368721,72.538,0.5051827,True,False
Lima,Huaura,Sayan,"Sayan, Huaura, Lima",MOVISTAR,202602,202602,0,post_shutdown,0.0,0.0,3.8184574,4153.0,0.0,57.612442,6.24236,72.51187,0.3927344,False,True
Lima,Huaura,Sayan,"Sayan, Huaura, Lima",MOVISTAR,202603,202602,1,post_shutdown,0.0,0.0,6.6473346,7521.0,0.0,54.813766,6.5500884,74.35545,0.26506385,False,True
Lima,Huaura,Sayan,"Sayan, Huaura, Lima",MOVISTAR,202604,202602,2,post_shutdown,0.0,0.0,6.895714,7598.0,2.622168,55.165257,5.4075675,75.99894,0.25905505,False,True
Lima,Huaura,Sayan,"Sayan, Huaura, Lima",MOVISTAR,202605,202602,3,post_shutdown,0.0,0.0,7.1026883,3295.0,0.0,53.13745,5.357748,65.10213,0.28627703,False,True
Lima,Lima,Barranco,"Barranco, Lima, Lima",MOVISTAR,202301,202511,-34,pre_shutdown,5.139582,2015.0,13.541914,47013.0,3.8631814,79.01111,3.9566102,94.94111,0.78742355,True,False
Lima,Lima,Barranco,"Barranco, Lima, Lima",MOVISTAR,202302,202511,-33,pre_shutdown,4.894174,2167.0,13.453147,40392.0,3.8841038,76.247574,3.498558,96.14837,0.77103996,True,False
Lima,Lima,Barranco,"Barranco, Lima, Lima",MOVISTAR,202303,202511,-32,pre_shutdown,5.469881,2906.0,13.331775,33118.0,4.440588,73.592026,4.511594,93.362144,0.70864,True,False
Lima,Lima,Barranco,"Barranco, Lima, Lima",MOVISTAR,202304,202511,-31,pre_shutdown,5.248534,3496.0,12.933236,40876.0,4.725642,74.37639,4.8883104,91.68361,0.5894382,True,False
Lima,Lima,Barranco,"Barranco, Lima, Lima",MOVISTAR,202305,202511,-30,pre_shutdown,4.5297494,2690.0,13.669167,46246.0,4.570526,75.95778,3.832321,90.74092,0.6098912,True,False
Lima,Lima,Barranco,"Barranco, Lima, Lima",MOVISTAR,202306,202511,-29,pre_shutdown,4.744779,2831.0,13.337068,35621.0,3.7232578,72.97723,3.898891,94.15946,0.7543681,True,False
Lima,Lima,Barranco,"Barranco, Lima, Lima",MOVISTAR,202307,202511,-28,pre_shutdown,5.067564,2972.0,12.268453,42930.0,3.2072697,73.35437,4.43214,88.58657,0.6372066,True,False
Lima,Lima,Barranco,"Barranco, Lima, Lima",MOVISTAR,202308,202511,-27,pre_shutdown,5.093564,1928.0,12.316273,39303.0,3.5581846,72.663185,3.6541529,88.88563,0.64697003,True,False
Lima,Lima,Barranco,"Barranco, Lima, Lima",MOVISTAR,202309,202511,-26,pre_shutdown,4.899637,1432.0,13.142123,46005.0,3.977674,73.88986,3.2904499,91.8964,0.6316792,True,False
Lima,Lima,Barranco,"Barranco, Lima, Lima",MOVISTAR,202310,202511,-25,pre_shutdown,5.1102667,1628.0,12.224918,55750.0,3.635846,72.569984,4.0721107,90.43957,0.67868817,True,False
Lima,Lima,Barranco,"Barranco, Lima, Lima",MOVISTAR,202311,202511,-24,pre_shutdown,4.8218207,1298.0,12.290767,53800.0,3.9357543,73.4864,3.654221,92.75469,0.5520758,True,False
Lima,Lima,Barranco,"Barranco, Lima, Lima",MOVISTAR,202312,202511,-23,pre_shutdown,4.615085,1351.0,11.960359,46194.0,3.3347466,73.335175,2.8539932,90.901634,0.43130007,True,False
Lima,Lima,Barranco,"Barranco, Lima, Lima",MOVISTAR,202401,202511,-22,pre_shutdown,4.786996,1892.0,12.703463,44135.0,3.7945306,73.448135,4.9386744,90.155464,0.4464555,True,False
Lima,Lima,Barranco,"Barranco, Lima, Lima",MOVISTAR,202402,202511,-21,pre_shutdown,5.700085,1427.0,12.102419,36536.0,3.3064244,73.10122,4.9317236,89.31916,0.5204533,True,False
Lima,Lima,Barranco,"Barranco, Lima, Lima",MOVISTAR,202403,202511,-20,pre_shutdown,4.70651,1510.0,12.484599,41155.0,3.5989397,72.79142,4.4142637,91.28653,0.4718141,True,False
Lima,Lima,Barranco,"Barranco, Lima, Lima",MOVISTAR,202404,202511,-19,pre_shutdown,4.8423486,1563.0,11.394183,45828.0,3.3635461,72.53788,3.2016494,92.139,0.5357523,True,False
Lima,Lima,Barranco,"Barranco, Lima, Lima",MOVISTAR,202405,202511,-18,pre_shutdown,5.7716074,3282.0,12.263823,41471.0,4.047745,72.088394,3.2645192,92.31704,0.4083826,True,False
Lima,Lima,Barranco,"Barranco, Lima, Lima",MOVISTAR,202406,202511,-17,pre_shutdown,5.086653,3709.0,12.438241,39890.0,2.9182088,72.45429,6.5862894,86.801605,0.33007082,True,False
Lima,Lima,Barranco,"Barranco, Lima, Lima",MOVISTAR,202407,202511,-16,pre_shutdown,6.157062,3376.0,11.784714,36947.0,3.273835,72.453156,6.112486,92.07332,0.311072,True,False
Lima,Lima,Barranco,"Barranco, Lima, Lima",MOVISTAR,202408,202511,-15,pre_shutdown,5.434636,1745.0,12.142357,37048.0,3.2766447,71.730194,7.465587,91.54874,0.2671991,True,False
Lima,Lima,Barranco,"Barranco, Lima, Lima",MOVISTAR,202409,202511,-14,pre_shutdown,5.5442,2271.0,12.297676,37717.0,3.072319,68.005264,7.154721,92.07358,0.25477895,True,False
Lima,Lima,Barranco,"Barranco, Lima, Lima",MOVISTAR,202410,202511,-13,pre_shutdown,5.0260797,2496.0,12.74009,39457.0,3.2386656,65.7775,7.4579744,91.45103,0.23281255,True,False
Lima,Lima,Barranco,"Barranco, Lima, Lima",MOVISTAR,202411,202511,-12,pre_shutdown,5.1097126,1795.0,12.5664,38703.0,3.2770407,55.980614,8.051727,91.3258,0.2637131,True,False
Lima,Lima,Barranco,"Barranco, Lima, Lima",MOVISTAR,202412,202511,-11,pre_shutdown,6.7938085,3816.0,12.547786,29333.0,3.3089032,54.7327,9.688018,89.84488,0.26876187,True,False
Lima,Lima,Barranco,"Barranco, Lima, Lima",MOVISTAR,202501,202511,-10,pre_shutdown,5.9419646,3052.0,13.065632,29356.0,3.4949832,55.087376,7.410558,92.02918,0.28416315,True,False
Lima,Lima,Barranco,"Barranco, Lima, Lima",MOVISTAR,202502,202511,-9,pre_shutdown,5.806341,2799.0,11.717594,36774.0,2.6672497,55.726845,8.553798,91.018265,0.25232404,True,False
Lima,Lima,Barranco,"Barranco, Lima, Lima",MOVISTAR,202503,202511,-8,pre_shutdown,5.0114646,1586.0,12.1503,43132.0,2.798551,54.51529,4.9411287,94.69715,0.2707552,True,False
Lima,Lima,Barranco,"Barranco, Lima, Lima",MOVISTAR,202504,202511,-7,pre_shutdown,5.80695,1382.0,12.166245,42803.0,3.6142552,59.405487,3.4538429,96.12391,0.2940822,True,False
Lima,Lima,Barranco,"Barranco, Lima, Lima",MOVISTAR,202505,202511,-6,pre_shutdown,6.3561087,1147.0,12.171392,48510.0,3.3166184,60.726936,2.4016182,97.17977,0.21661176,True,False
Lima,Lima,Barranco,"Barranco, Lima, Lima",MOVISTAR,202506,202511,-5,pre_shutdown,6.3002214,3762.0,12.731564,42742.0,4.271068,59.14541,4.5428076,94.99557,0.36819142,True,False
Lima,Lima,Barranco,"Barranco, Lima, Lima",MOVISTAR,202507,202511,-4,pre_shutdown,6.3043046,1014.0,13.081769,28311.0,3.6280766,50.272045,2.900889,96.420616,0.2864554,True,False
Lima,Lima,Barranco,"Barranco, Lima, Lima",MOVISTAR,202508,202511,-3,pre_shutdown,6.8444185,730.0,13.29696,31232.0,3.1455774,50.809166,2.2910216,97.39037,0.25658187,True,False
Lima,Lima,Barranco,"Barranco, Lima, Lima",MOVISTAR,202509,202511,-2,pre_shutdown,6.6744895,509.0,14.275623,34385.0,2.6895764,51.09449,1.4429388,97.99878,0.24998231,True,False
Lima,Lima,Barranco,"Barranco, Lima, Lima",MOVISTAR,202510,202511,-1,pre_shutdown,5.5484185,526.0,13.683488,27303.0,3.789613,51.0237,1.7324882,97.373535,0.39441514,True,False
Lima,Lima,Barranco,"Barranco, Lima, Lima",MOVISTAR,202511,202511,0,post_shutdown,0.0,0.0,14.619175,30966.0,3.4571192,46.557278,1.4145787,98.042465,0.2767597,False,True
Lima,Lima,Barranco,"Barranco, Lima, Lima",MOVISTAR,202512,202511,1,post_shutdown,0.0,0.0,15.115427,25414.0,2.904804,44.3056,2.021644,97.36288,0.2876285,False,True
Lima,Lima,Barranco,"Barranco, Lima, Lima",MOVISTAR,202601,202511,2,post_shutdown,0.0,0.0,14.1465225,32638.0,2.940128,46.74385,2.09389,97.039635,0.40647638,False,True
Lima,Lima,Barranco,"Barranco, Lima, Lima",MOVISTAR,202602,202511,3,post_shutdown,0.0,0.0,14.155293,26660.0,3.170178,48.3338,1.4671308,97.05831,0.40194216,False,True
Lima,Lima,Barranco,"Barranco, Lima, Lima",MOVISTAR,202603,202511,4,post_shutdown,0.0,0.0,14.499255,23750.0,3.2782328,47.904995,1.4108299,96.98527,0.3567002,False,True
Lima,Lima,Barranco,"Barranco, Lima, Lima",MOVISTAR,202604,202511,5,post_shutdown,0.0,0.0,13.80463,23165.0,3.2721672,47.45108,0.73544806,98.50972,0.29439643,False,True
Lima,Lima,Barranco,"Barranco, Lima, Lima",MOVISTAR,202605,202511,6,post_shutdown,0.0,0.0,14.045681,29304.0,3.2575815,46.08448,1.0543466,96.965935,0.2755283,False,True
Lima,Lima,Breña,"Breña, Lima, Lima",MOVISTAR,202301,202512,-35,pre_shutdown,3.6347432,4555.0,10.908232,72210.0,4.1070185,78.33997,3.402009,96.20315,0.94453055,True,False
Lima,Lima,Breña,"Breña, Lima, Lima",MOVISTAR,202302,202512,-34,pre_shutdown,4.143777,4400.0,10.018783,57188.0,3.3801243,75.90861,4.2236514,95.02817,0.9572207,True,False
Lima,Lima,Breña,"Breña, Lima, Lima",MOVISTAR,202303,202512,-33,pre_shutdown,4.341719,5225.0,9.843837,64118.0,3.916779,73.573494,4.6737714,94.80992,0.8464754,True,False
Lima,Lima,Breña,"Breña, Lima, Lima",MOVISTAR,202304,202512,-32,pre_shutdown,3.8532104,7193.0,10.048765,75037.0,3.765632,74.429375,3.7418025,95.844574,0.8709591,True,False
Lima,Lima,Breña,"Breña, Lima, Lima",MOVISTAR,202305,202512,-31,pre_shutdown,3.665305,7948.0,10.168961,76842.0,2.9615068,76.024506,3.7115955,95.68966,0.846152,True,False
Lima,Lima,Breña,"Breña, Lima, Lima",MOVISTAR,202306,202512,-30,pre_shutdown,4.077993,9034.0,9.925787,72731.0,2.817358,74.16463,3.712262,95.97142,0.8917465,True,False
Lima,Lima,Breña,"Breña, Lima, Lima",MOVISTAR,202307,202512,-29,pre_shutdown,3.9948192,8078.0,9.994985,103265.0,3.1516476,73.73145,3.2079916,95.89287,0.8616307,True,False
Lima,Lima,Breña,"Breña, Lima, Lima",MOVISTAR,202308,202512,-28,pre_shutdown,4.45399,9707.0,10.210995,108550.0,3.4407537,73.77187,3.6990724,94.80132,0.8575017,True,False
Lima,Lima,Breña,"Breña, Lima, Lima",MOVISTAR,202309,202512,-27,pre_shutdown,4.9809594,15174.0,10.249679,119371.0,2.9117715,75.35118,4.486221,94.69995,0.79331803,True,False
Lima,Lima,Breña,"Breña, Lima, Lima",MOVISTAR,202310,202512,-26,pre_shutdown,4.045326,11938.0,10.012037,132482.0,2.9294305,74.33417,4.6054187,94.44945,0.7765501,True,False
Lima,Lima,Breña,"Breña, Lima, Lima",MOVISTAR,202311,202512,-25,pre_shutdown,3.8677795,9915.0,10.865821,130868.0,3.231762,74.88499,4.0268893,94.85832,0.77851,True,False
Lima,Lima,Breña,"Breña, Lima, Lima",MOVISTAR,202312,202512,-24,pre_shutdown,4.1423545,9695.0,10.609317,116421.0,3.0660772,74.55954,4.4803004,94.74203,0.6319778,True,False
Lima,Lima,Breña,"Breña, Lima, Lima",MOVISTAR,202401,202512,-23,pre_shutdown,3.7569845,8794.0,10.350354,98201.0,2.978635,73.637,4.37537,94.357895,0.66992885,True,False
Lima,Lima,Breña,"Breña, Lima, Lima",MOVISTAR,202402,202512,-22,pre_shutdown,3.2348979,8735.0,10.204585,89258.0,2.1080413,73.304794,3.8989067,95.61417,0.6938101,True,False
Lima,Lima,Breña,"Breña, Lima, Lima",MOVISTAR,202403,202512,-21,pre_shutdown,3.3587313,7489.0,9.864144,86222.0,2.8206794,73.68858,3.8401368,93.610306,0.58786976,True,False
Lima,Lima,Breña,"Breña, Lima, Lima",MOVISTAR,202404,202512,-20,pre_shutdown,3.4645524,8528.0,9.437405,106184.0,3.0362532,73.77207,4.292899,92.6292,0.5547016,True,False
Lima,Lima,Breña,"Breña, Lima, Lima",MOVISTAR,202405,202512,-19,pre_shutdown,3.620286,8190.0,10.345017,113208.0,3.8324258,73.41173,3.432116,94.54128,0.5041091,True,False
Lima,Lima,Breña,"Breña, Lima, Lima",MOVISTAR,202406,202512,-18,pre_shutdown,3.7460153,7787.0,10.02768,97348.0,3.2667172,75.549904,4.3235326,93.70268,0.51575345,True,False
Lima,Lima,Breña,"Breña, Lima, Lima",MOVISTAR,202407,202512,-17,pre_shutdown,3.7628126,7003.0,10.210893,76108.0,3.40873,74.73785,5.5304027,92.75159,0.47706145,True,False
Lima,Lima,Breña,"Breña, Lima, Lima",MOVISTAR,202408,202512,-16,pre_shutdown,3.6626792,7483.0,10.487614,67335.0,3.227586,74.33662,5.1695223,94.58148,0.5000116,True,False
Lima,Lima,Breña,"Breña, Lima, Lima",MOVISTAR,202409,202512,-15,pre_shutdown,4.018957,11408.0,10.5013685,79505.0,2.559382,70.38929,4.52252,95.11283,0.49863356,True,False
Lima,Lima,Breña,"Breña, Lima, Lima",MOVISTAR,202410,202512,-14,pre_shutdown,3.9622345,11854.0,9.645812,82113.0,2.4275277,68.159325,6.343125,93.234566,0.45085788,True,False
Lima,Lima,Breña,"Breña, Lima, Lima",MOVISTAR,202411,202512,-13,pre_shutdown,4.0883584,8100.0,9.635917,63198.0,2.8148847,58.295273,5.3122377,94.233284,0.4048992,True,False
Lima,Lima,Breña,"Breña, Lima, Lima",MOVISTAR,202412,202512,-12,pre_shutdown,3.974638,4475.0,10.392201,65242.0,2.7046762,56.291843,4.070321,95.58019,0.36050966,True,False
Lima,Lima,Breña,"Breña, Lima, Lima",MOVISTAR,202501,202512,-11,pre_shutdown,4.444432,5952.0,10.383628,64705.0,3.2785792,57.53869,7.135333,92.50128,0.4252637,True,False
Lima,Lima,Breña,"Breña, Lima, Lima",MOVISTAR,202502,202512,-10,pre_shutdown,3.72596,2877.0,11.397219,60878.0,3.4984093,55.944714,5.166578,94.423996,0.4466533,True,False
Lima,Lima,Breña,"Breña, Lima, Lima",MOVISTAR,202503,202512,-9,pre_shutdown,4.7424955,2850.0,11.696852,60955.0,3.7227914,54.009205,3.1838243,96.39079,0.42108935,True,False
Lima,Lima,Breña,"Breña, Lima, Lima",MOVISTAR,202504,202512,-8,pre_shutdown,4.8363147,2407.0,12.154782,65890.0,3.4427426,57.16007,3.2643843,96.36506,0.46247914,True,False
Lima,Lima,Breña,"Breña, Lima, Lima",MOVISTAR,202505,202512,-7,pre_shutdown,4.280544,1275.0,13.108296,77948.0,3.6889794,58.526356,1.5596554,98.1644,0.6043846,True,False
Lima,Lima,Breña,"Breña, Lima, Lima",MOVISTAR,202506,202512,-6,pre_shutdown,3.7500322,817.0,13.503706,67358.0,3.1149256,57.400166,3.2724876,96.461914,0.5994559,True,False
Lima,Lima,Breña,"Breña, Lima, Lima",MOVISTAR,202507,202512,-5,pre_shutdown,4.924993,1336.0,12.092561,76810.0,3.1055443,48.872135,3.3256927,96.359695,0.49592534,True,False
Lima,Lima,Breña,"Breña, Lima, Lima",MOVISTAR,202508,202512,-4,pre_shutdown,5.942862,975.0,11.794642,66230.0,2.9695356,50.841587,2.071444,97.60096,0.5447323,True,False
Lima,Lima,Breña,"Breña, Lima, Lima",MOVISTAR,202509,202512,-3,pre_shutdown,5.484704,818.0,12.530323,74733.0,2.539119,51.464756,1.533708,98.07002,0.613244,True,False
Lima,Lima,Breña,"Breña, Lima, Lima",MOVISTAR,202510,202512,-2,pre_shutdown,4.952196,686.0,12.822158,66175.0,2.4828064,51.874683,1.4412117,97.86095,0.6553537,True,False
Lima,Lima,Breña,"Breña, Lima, Lima",MOVISTAR,202511,202512,-1,pre_shutdown,5.1723595,455.0,13.363552,62545.0,2.5377169,47.69756,1.175794,98.34331,0.54163826,True,False
Lima,Lima,Breña,"Breña, Lima, Lima",MOVISTAR,202512,202512,0,post_shutdown,0.0,0.0,13.886901,59299.0,2.6425316,46.80234,1.2627186,98.19336,0.5077008,False,True
Lima,Lima,Breña,"Breña, Lima, Lima",MOVISTAR,202601,202512,1,post_shutdown,0.0,0.0,14.086522,57074.0,3.0650432,48.617867,1.2061723,98.56455,0.7433199,False,True
Lima,Lima,Breña,"Breña, Lima, Lima",MOVISTAR,202602,202512,2,post_shutdown,0.0,0.0,13.071259,59295.0,2.9779258,49.519066,2.906759,96.651474,0.8232049,False,True
Lima,Lima,Breña,"Breña, Lima, Lima",MOVISTAR,202603,202512,3,post_shutdown,0.0,0.0,12.902976,53831.0,2.9036496,49.42463,1.3498173,98.34814,0.79184115,False,True
Lima,Lima,Breña,"Breña, Lima, Lima",MOVISTAR,202604,202512,4,post_shutdown,0.0,0.0,13.148812,48636.0,3.1764357,50.642494,0.60571,98.76607,0.7247864,False,True
Lima,Lima,Breña,"Breña, Lima, Lima",MOVISTAR,202605,202512,5,post_shutdown,0.0,0.0,13.672227,54847.0,3.1605966,50.065647,0.0038622203,98.53398,0.5279763,False,True
Lima,Lima,Carabayllo,"Carabayllo, Lima, Lima",MOVISTAR,202301,202512,-35,pre_shutdown,4.0332336,19557.0,10.982358,145219.0,3.9949312,78.97099,9.535032,88.88194,1.3466008,True,False
Lima,Lima,Carabayllo,"Carabayllo, Lima, Lima",MOVISTAR,202302,202512,-34,pre_shutdown,3.946102,17921.0,10.603483,125280.0,4.3196535,76.85536,9.696907,89.291954,1.3085773,True,False
Lima,Lima,Carabayllo,"Carabayllo, Lima, Lima",MOVISTAR,202303,202512,-33,pre_shutdown,3.9821486,18977.0,10.899118,129021.0,4.434452,73.965645,8.214327,90.25389,1.1226492,True,False
Lima,Lima,Carabayllo,"Carabayllo, Lima, Lima",MOVISTAR,202304,202512,-32,pre_shutdown,4.218513,21347.0,10.289666,122293.0,3.7352164,74.380424,8.368632,89.62992,0.9856163,True,False
Lima,Lima,Carabayllo,"Carabayllo, Lima, Lima",MOVISTAR,202305,202512,-31,pre_shutdown,4.830486,21054.0,10.814271,126256.0,4.3241553,75.3509,7.676037,90.27122,0.92737645,True,False
Lima,Lima,Carabayllo,"Carabayllo, Lima, Lima",MOVISTAR,202306,202512,-30,pre_shutdown,5.011697,26408.0,10.436436,130736.0,4.181997,74.558716,7.6875653,90.557,1.0160825,True,False
Lima,Lima,Carabayllo,"Carabayllo, Lima, Lima",MOVISTAR,202307,202512,-29,pre_shutdown,6.08508,36042.0,10.288299,166952.0,3.8012693,74.59742,7.762207,90.305855,1.0006385,True,False
Lima,Lima,Carabayllo,"Carabayllo, Lima, Lima",MOVISTAR,202308,202512,-28,pre_shutdown,5.002107,28265.0,10.185696,170324.0,3.4666743,74.522285,7.3653326,91.35974,1.0413418,True,False
Lima,Lima,Carabayllo,"Carabayllo, Lima, Lima",MOVISTAR,202309,202512,-27,pre_shutdown,5.1436596,33613.0,10.422202,222418.0,4.209156,76.355995,7.7081103,90.93308,0.77172554,True,False
Lima,Lima,Carabayllo,"Carabayllo, Lima, Lima",MOVISTAR,202310,202512,-26,pre_shutdown,4.316299,31042.0,10.062064,193487.0,4.051323,75.607285,8.685583,90.09923,0.73945725,True,False
Lima,Lima,Carabayllo,"Carabayllo, Lima, Lima",MOVISTAR,202311,202512,-25,pre_shutdown,3.7116823,34827.0,9.969249,184331.0,4.135985,74.691124,8.409466,90.25124,0.7966722,True,False
Lima,Lima,Carabayllo,"Carabayllo, Lima, Lima",MOVISTAR,202312,202512,-24,pre_shutdown,4.1533737,36142.0,10.590093,186774.0,4.109364,74.72531,8.955382,89.15434,0.76273197,True,False
Lima,Lima,Carabayllo,"Carabayllo, Lima, Lima",MOVISTAR,202401,202512,-23,pre_shutdown,4.405569,29489.0,10.390906,158034.0,3.9311786,75.04718,8.860523,89.92392,0.80663145,True,False
Lima,Lima,Carabayllo,"Carabayllo, Lima, Lima",MOVISTAR,202402,202512,-22,pre_shutdown,4.306474,25561.0,10.286851,163861.0,3.867828,74.5506,8.354245,90.19245,0.864831,True,False
Lima,Lima,Carabayllo,"Carabayllo, Lima, Lima",MOVISTAR,202403,202512,-21,pre_shutdown,4.114501,32314.0,10.264239,167924.0,3.342751,74.32334,9.843267,88.01779,0.9234267,True,False
Lima,Lima,Carabayllo,"Carabayllo, Lima, Lima",MOVISTAR,202404,202512,-20,pre_shutdown,5.547653,29235.0,10.499184,146821.0,4.000527,73.65823,9.070953,88.8217,0.6734787,True,False
Lima,Lima,Carabayllo,"Carabayllo, Lima, Lima",MOVISTAR,202405,202512,-19,pre_shutdown,6.7850513,39326.0,10.739833,151795.0,3.499689,73.21335,10.138306,87.57011,0.66839397,True,False
Lima,Lima,Carabayllo,"Carabayllo, Lima, Lima",MOVISTAR,202406,202512,-18,pre_shutdown,7.030826,32900.0,11.166638,136203.0,4.087425,74.5975,9.891048,89.02605,0.53084964,True,False
Lima,Lima,Carabayllo,"Carabayllo, Lima, Lima",MOVISTAR,202407,202512,-17,pre_shutdown,6.3569145,22323.0,10.994545,139333.0,4.5638666,74.49557,9.7074795,89.45016,0.45536375,True,False
Lima,Lima,Carabayllo,"Carabayllo, Lima, Lima",MOVISTAR,202408,202512,-16,pre_shutdown,5.538641,28151.0,11.596203,132024.0,4.038833,73.36705,10.087164,88.4453,0.495545,True,False
Lima,Lima,Carabayllo,"Carabayllo, Lima, Lima",MOVISTAR,202409,202512,-15,pre_shutdown,5.0055184,31976.0,12.074844,131793.0,4.054595,70.028366,10.027126,88.66026,0.5133594,True,False
Lima,Lima,Carabayllo,"Carabayllo, Lima, Lima",MOVISTAR,202410,202512,-14,pre_shutdown,4.363093,25067.0,11.494543,136107.0,3.8931398,67.90057,8.476915,90.27569,0.4642119,True,False
Lima,Lima,Carabayllo,"Carabayllo, Lima, Lima",MOVISTAR,202411,202512,-13,pre_shutdown,3.7814033,18264.0,11.526294,145887.0,3.5932086,58.292503,7.867368,90.93733,0.44264498,True,False
Lima,Lima,Carabayllo,"Carabayllo, Lima, Lima",MOVISTAR,202412,202512,-12,pre_shutdown,3.6830537,17735.0,10.308854,145797.0,3.5204518,55.072014,7.8112397,90.41824,0.4811147,True,False
Lima,Lima,Carabayllo,"Carabayllo, Lima, Lima",MOVISTAR,202501,202512,-11,pre_shutdown,4.108091,10353.0,11.216667,126292.0,3.7710915,53.857433,5.7187133,92.73981,0.47508186,True,False
Lima,Lima,Carabayllo,"Carabayllo, Lima, Lima",MOVISTAR,202502,202512,-10,pre_shutdown,5.2802844,6830.0,12.721289,149437.0,4.1007485,51.647594,5.7348576,93.406075,0.4672351,True,False
Lima,Lima,Carabayllo,"Carabayllo, Lima, Lima",MOVISTAR,202503,202512,-9,pre_shutdown,5.799779,5797.0,13.055373,169434.0,3.8448102,49.797676,5.197965,94.199066,0.47031784,True,False
Lima,Lima,Carabayllo,"Carabayllo, Lima, Lima",MOVISTAR,202504,202512,-8,pre_shutdown,4.1676397,3247.0,12.568585,178972.0,3.4839587,53.915768,3.9027586,95.30703,0.46013498,True,False
Lima,Lima,Carabayllo,"Carabayllo, Lima, Lima",MOVISTAR,202505,202512,-7,pre_shutdown,4.0901723,2926.0,13.030358,166555.0,3.7213957,54.535088,3.5638182,95.80183,0.5083454,True,False
Lima,Lima,Carabayllo,"Carabayllo, Lima, Lima",MOVISTAR,202506,202512,-6,pre_shutdown,4.516275,2373.0,13.87983,164213.0,3.8344235,53.030556,3.017397,96.48353,0.48956093,True,False
Lima,Lima,Carabayllo,"Carabayllo, Lima, Lima",MOVISTAR,202507,202512,-5,pre_shutdown,4.4031143,2221.0,13.196912,158329.0,3.7299697,46.15432,3.3308425,96.007484,0.48915902,True,False
Lima,Lima,Carabayllo,"Carabayllo, Lima, Lima",MOVISTAR,202508,202512,-4,pre_shutdown,5.1842146,1629.0,12.97969,158243.0,3.6645033,48.01327,2.37261,96.760735,0.5292215,True,False
Lima,Lima,Carabayllo,"Carabayllo, Lima, Lima",MOVISTAR,202509,202512,-3,pre_shutdown,5.469695,1854.0,12.659134,143001.0,3.5257335,48.08565,2.1645494,97.57273,0.5094315,True,False
Lima,Lima,Carabayllo,"Carabayllo, Lima, Lima",MOVISTAR,202510,202512,-2,pre_shutdown,5.6899085,2343.0,13.051315,138061.0,3.8106327,47.927734,2.815042,96.85074,0.49574214,True,False
Lima,Lima,Carabayllo,"Carabayllo, Lima, Lima",MOVISTAR,202511,202512,-1,pre_shutdown,5.370648,903.0,14.538212,157272.0,3.9825633,45.120052,2.0754497,97.580696,0.42110562,True,False
Lima,Lima,Carabayllo,"Carabayllo, Lima, Lima",MOVISTAR,202512,202512,0,post_shutdown,0.0,0.0,14.673113,153985.0,3.4926312,41.257046,0.079970874,98.51298,0.313103,False,True
Lima,Lima,Carabayllo,"Carabayllo, Lima, Lima",MOVISTAR,202601,202512,1,post_shutdown,0.0,0.0,13.917837,137753.0,3.1296492,42.55274,0.05539135,98.80586,0.36922234,False,True
Lima,Lima,Carabayllo,"Carabayllo, Lima, Lima",MOVISTAR,202602,202512,2,post_shutdown,0.0,0.0,14.040616,148571.0,3.3359325,45.62828,0.016676977,98.84012,0.55781645,False,True
Lima,Lima,Carabayllo,"Carabayllo, Lima, Lima",MOVISTAR,202603,202512,3,post_shutdown,0.0,0.0,14.103414,170196.0,3.1318598,46.851788,0.017375054,99.04153,0.5389977,False,True
Lima,Lima,Carabayllo,"Carabayllo, Lima, Lima",MOVISTAR,202604,202512,4,post_shutdown,0.0,0.0,13.097819,134554.0,3.012329,47.0873,0.03568301,99.29529,0.58898157,False,True
Lima,Lima,Carabayllo,"Carabayllo, Lima, Lima",MOVISTAR,202605,202512,5,post_shutdown,0.0,0.0,13.284177,106066.0,3.8873074,47.112995,0.05295538,98.70218,0.48030147,False,True
Lima,Lima,Independencia,"Independencia, Lima, Lima",MOVISTAR,202301,202512,-35,pre_shutdown,3.753473,16681.0,9.038742,118219.0,3.8950315,80.34353,7.314838,91.30837,1.3282673,True,False
Lima,Lima,Independencia,"Independencia, Lima, Lima",MOVISTAR,202302,202512,-34,pre_shutdown,3.6074424,11725.0,10.277369,98141.0,3.9176083,77.55093,6.393076,91.6191,1.3326036,True,False
Lima,Lima,Independencia,"Independencia, Lima, Lima",MOVISTAR,202303,202512,-33,pre_shutdown,3.5499883,12156.0,10.104285,98714.0,3.655905,74.805565,6.5182767,92.08867,1.2567685,True,False
Lima,Lima,Independencia,"Independencia, Lima, Lima",MOVISTAR,202304,202512,-32,pre_shutdown,3.39023,15549.0,10.637871,101249.0,4.1679397,75.53068,6.5902896,92.37545,1.2127525,True,False
Lima,Lima,Independencia,"Independencia, Lima, Lima",MOVISTAR,202305,202512,-31,pre_shutdown,4.144491,15166.0,11.488771,106032.0,4.524737,77.106636,5.9922786,93.1448,1.2289113,True,False
Lima,Lima,Independencia,"Independencia, Lima, Lima",MOVISTAR,202306,202512,-30,pre_shutdown,3.2194555,20809.0,11.118447,122227.0,4.497185,75.871506,6.931635,92.18563,1.2741457,True,False
Lima,Lima,Independencia,"Independencia, Lima, Lima",MOVISTAR,202307,202512,-29,pre_shutdown,3.135695,22307.0,10.05791,145348.0,4.0772495,75.70138,6.246774,92.47232,1.2114875,True,False
Lima,Lima,Independencia,"Independencia, Lima, Lima",MOVISTAR,202308,202512,-28,pre_shutdown,2.966674,21904.0,10.04843,140168.0,4.1891723,75.56782,6.6226993,91.77328,1.2459695,True,False
Lima,Lima,Independencia,"Independencia, Lima, Lima",MOVISTAR,202309,202512,-27,pre_shutdown,3.1956706,21281.0,10.359589,153077.0,3.795784,76.39991,6.747389,91.11903,1.1386788,True,False
Lima,Lima,Independencia,"Independencia, Lima, Lima",MOVISTAR,202310,202512,-26,pre_shutdown,3.1500874,23357.0,10.772656,173473.0,3.9366674,75.36251,6.7081313,91.53618,1.1242782,True,False
Lima,Lima,Independencia,"Independencia, Lima, Lima",MOVISTAR,202311,202512,-25,pre_shutdown,3.257651,24441.0,10.192293,167366.0,3.4916048,75.40476,6.1428604,92.243805,1.0892489,True,False
Lima,Lima,Independencia,"Independencia, Lima, Lima",MOVISTAR,202312,202512,-24,pre_shutdown,3.1161478,27000.0,10.614293,166346.0,3.441861,75.49643,8.115176,89.96319,1.0204468,True,False
Lima,Lima,Independencia,"Independencia, Lima, Lima",MOVISTAR,202401,202512,-23,pre_shutdown,3.2608335,23084.0,10.440194,139204.0,3.705554,74.7462,9.324573,88.15499,0.9499677,True,False
Lima,Lima,Independencia,"Independencia, Lima, Lima",MOVISTAR,202402,202512,-22,pre_shutdown,3.173044,19886.0,10.030213,123529.0,3.0895293,75.005806,8.763293,88.64166,0.89445406,True,False
Lima,Lima,Independencia,"Independencia, Lima, Lima",MOVISTAR,202403,202512,-21,pre_shutdown,3.0385184,21625.0,9.945697,128298.0,3.0849104,74.82447,8.6866255,89.26226,0.863461,True,False
Lima,Lima,Independencia,"Independencia, Lima, Lima",MOVISTAR,202404,202512,-20,pre_shutdown,3.08786,18230.0,9.9368725,113875.0,3.558979,74.35025,7.1226163,90.63394,0.83813494,True,False
Lima,Lima,Independencia,"Independencia, Lima, Lima",MOVISTAR,202405,202512,-19,pre_shutdown,3.4457722,22293.0,10.714067,130940.0,3.7407877,74.10447,6.565854,91.399796,0.8107633,True,False
Lima,Lima,Independencia,"Independencia, Lima, Lima",MOVISTAR,202406,202512,-18,pre_shutdown,4.139481,20440.0,10.627159,116195.0,3.930738,74.592354,7.045887,90.778946,0.68910134,True,False
Lima,Lima,Independencia,"Independencia, Lima, Lima",MOVISTAR,202407,202512,-17,pre_shutdown,3.656344,17259.0,9.907202,111547.0,3.6172216,74.70858,6.558788,91.52151,0.5970799,True,False
Lima,Lima,Independencia,"Independencia, Lima, Lima",MOVISTAR,202408,202512,-16,pre_shutdown,3.541405,13356.0,10.132353,93529.0,3.6802769,74.73046,6.653654,92.22582,0.66917175,True,False
Lima,Lima,Independencia,"Independencia, Lima, Lima",MOVISTAR,202409,202512,-15,pre_shutdown,3.7728524,16160.0,9.930625,97174.0,3.527033,70.6461,7.124025,91.223175,0.599908,True,False
Lima,Lima,Independencia,"Independencia, Lima, Lima",MOVISTAR,202410,202512,-14,pre_shutdown,3.6967537,20954.0,9.6730585,106405.0,3.2932537,67.92919,6.5383687,91.975334,0.65147907,True,False
Lima,Lima,Independencia,"Independencia, Lima, Lima",MOVISTAR,202411,202512,-13,pre_shutdown,3.8559713,13130.0,10.8594475,97511.0,3.4240737,57.501465,7.515531,90.97928,0.90173346,True,False
Lima,Lima,Independencia,"Independencia, Lima, Lima",MOVISTAR,202412,202512,-12,pre_shutdown,3.5287797,5735.0,10.807154,88200.0,3.001964,57.148968,6.28023,92.55693,0.8804738,True,False
Lima,Lima,Independencia,"Independencia, Lima, Lima",MOVISTAR,202501,202512,-11,pre_shutdown,4.180183,5304.0,12.635545,100688.0,3.3771446,54.43409,5.9606214,93.404274,0.7638682,True,False
Lima,Lima,Independencia,"Independencia, Lima, Lima",MOVISTAR,202502,202512,-10,pre_shutdown,4.262506,5024.0,11.620127,97858.0,3.192638,53.56587,5.384103,93.48942,0.82797825,True,False
Lima,Lima,Independencia,"Independencia, Lima, Lima",MOVISTAR,202503,202512,-9,pre_shutdown,4.7803893,4734.0,11.408864,110428.0,3.1989346,52.7613,4.490661,94.84783,0.8282753,True,False
Lima,Lima,Independencia,"Independencia, Lima, Lima",MOVISTAR,202504,202512,-8,pre_shutdown,4.3481994,2626.0,11.73603,107465.0,3.933684,58.149586,4.76525,94.78412,0.8664,True,False
Lima,Lima,Independencia,"Independencia, Lima, Lima",MOVISTAR,202505,202512,-7,pre_shutdown,3.871603,2186.0,11.9741125,106863.0,4.3266864,59.351254,4.8694463,94.70625,0.84404606,True,False
Lima,Lima,Independencia,"Independencia, Lima, Lima",MOVISTAR,202506,202512,-6,pre_shutdown,4.4252076,1851.0,11.708428,102951.0,3.8681219,56.866146,4.828723,94.45729,0.8154282,True,False
Lima,Lima,Independencia,"Independencia, Lima, Lima",MOVISTAR,202507,202512,-5,pre_shutdown,3.6201844,1891.0,11.733929,97429.0,3.54922,51.210182,5.0270934,93.36842,0.87721443,True,False
Lima,Lima,Independencia,"Independencia, Lima, Lima",MOVISTAR,202508,202512,-4,pre_shutdown,4.805947,1781.0,12.044074,109232.0,3.28054,50.9981,5.1472297,93.90667,0.8035061,True,False
Lima,Lima,Independencia,"Independencia, Lima, Lima",MOVISTAR,202509,202512,-3,pre_shutdown,4.753425,1376.0,13.013014,110286.0,2.763345,50.76366,5.045458,94.4759,0.9007518,True,False
Lima,Lima,Independencia,"Independencia, Lima, Lima",MOVISTAR,202510,202512,-2,pre_shutdown,5.3612566,1364.0,12.42973,89507.0,3.05718,52.623425,4.2089505,95.42527,0.9223039,True,False
Lima,Lima,Independencia,"Independencia, Lima, Lima",MOVISTAR,202511,202512,-1,pre_shutdown,5.7343745,776.0,12.76088,79972.0,2.80689,48.922714,1.9183824,97.79539,0.8493951,True,False
Lima,Lima,Independencia,"Independencia, Lima, Lima",MOVISTAR,202512,202512,0,post_shutdown,0.0,0.0,12.623341,78929.0,2.998987,48.073074,0.1440434,96.16739,0.8928392,False,True
Lima,Lima,Independencia,"Independencia, Lima, Lima",MOVISTAR,202601,202512,1,post_shutdown,0.0,0.0,12.955612,77226.0,3.1284375,47.672398,0.3232432,96.4395,0.6222018,False,True
Lima,Lima,Independencia,"Independencia, Lima, Lima",MOVISTAR,202602,202512,2,post_shutdown,0.0,0.0,12.3679905,65909.0,3.0114958,48.572,0.1656839,97.809944,0.7579823,False,True
Lima,Lima,Independencia,"Independencia, Lima, Lima",MOVISTAR,202603,202512,3,post_shutdown,0.0,0.0,12.964834,80155.0,3.123167,49.08886,0.08900141,98.35118,0.7105754,False,True
Lima,Lima,Independencia,"Independencia, Lima, Lima",MOVISTAR,202604,202512,4,post_shutdown,0.0,0.0,13.167127,83333.0,3.1286411,49.48562,0.04683924,98.54363,0.7110892,False,True
Lima,Lima,Independencia,"Independencia, Lima, Lima",MOVISTAR,202605,202512,5,post_shutdown,0.0,0.0,12.838061,76301.0,2.964651,49.38065,0.031619795,98.48972,0.7721226,False,True
Lima,Lima,Jesus Maria,"Jesus Maria, Lima, Lima",MOVISTAR,202301,202605,-40,pre_shutdown,4.6492143,10966.0,11.686982,170495.0,3.365072,80.22865,3.4123416,95.92705,1.1519209,True,False
Lima,Lima,Jesus Maria,"Jesus Maria, Lima, Lima",MOVISTAR,202302,202605,-39,pre_shutdown,4.6653275,11224.0,11.517753,151987.0,3.3436852,77.91723,3.3852131,95.81771,1.1447748,True,False
Lima,Lima,Jesus Maria,"Jesus Maria, Lima, Lima",MOVISTAR,202303,202605,-38,pre_shutdown,4.490991,9928.0,10.707993,159180.0,3.0737891,75.46861,3.1616313,96.18838,1.0727022,True,False
Lima,Lima,Jesus Maria,"Jesus Maria, Lima, Lima",MOVISTAR,202304,202605,-37,pre_shutdown,4.478855,10989.0,11.0842085,128713.0,3.2313576,75.07386,3.7058823,95.42121,0.98234224,True,False
Lima,Lima,Jesus Maria,"Jesus Maria, Lima, Lima",MOVISTAR,202305,202605,-36,pre_shutdown,4.216914,9851.0,10.887623,133586.0,2.784996,76.47607,3.820198,95.27361,0.98090374,True,False
Lima,Lima,Jesus Maria,"Jesus Maria, Lima, Lima",MOVISTAR,202306,202605,-35,pre_shutdown,4.7627945,14680.0,11.105151,157465.0,3.514667,74.57895,4.318884,95.07383,1.000446,True,False
Lima,Lima,Jesus Maria,"Jesus Maria, Lima, Lima",MOVISTAR,202307,202605,-34,pre_shutdown,4.4810143,16068.0,11.397224,169293.0,3.5937312,74.970985,5.15515,93.86072,0.9006525,True,False
Lima,Lima,Jesus Maria,"Jesus Maria, Lima, Lima",MOVISTAR,202308,202605,-33,pre_shutdown,4.7044096,19357.0,10.802576,190725.0,3.229852,74.546844,4.47583,94.42251,0.9321861,True,False
Lima,Lima,Jesus Maria,"Jesus Maria, Lima, Lima",MOVISTAR,202309,202605,-32,pre_shutdown,4.59744,16088.0,11.029811,192955.0,2.7660785,76.402695,4.5517936,94.68942,1.0070803,True,False
Lima,Lima,Jesus Maria,"Jesus Maria, Lima, Lima",MOVISTAR,202310,202605,-31,pre_shutdown,4.339487,17994.0,11.2945385,207913.0,3.1115167,75.22756,4.351541,94.91659,0.9282876,True,False
Lima,Lima,Jesus Maria,"Jesus Maria, Lima, Lima",MOVISTAR,202311,202605,-30,pre_shutdown,4.16675,14305.0,10.712223,192109.0,3.3898723,76.0838,3.6922402,95.619255,0.8780776,True,False
Lima,Lima,Jesus Maria,"Jesus Maria, Lima, Lima",MOVISTAR,202312,202605,-29,pre_shutdown,4.444006,11497.0,11.360561,155521.0,2.9304852,75.21077,3.4753094,95.70064,0.7910347,True,False
Lima,Lima,Jesus Maria,"Jesus Maria, Lima, Lima",MOVISTAR,202401,202605,-28,pre_shutdown,4.898949,13335.0,11.421785,155132.0,3.1987693,74.9423,5.169181,93.92385,0.772316,True,False
Lima,Lima,Jesus Maria,"Jesus Maria, Lima, Lima",MOVISTAR,202402,202605,-27,pre_shutdown,4.27493,16986.0,10.957757,167955.0,2.892787,74.95972,4.731722,94.084114,0.76959366,True,False
Lima,Lima,Jesus Maria,"Jesus Maria, Lima, Lima",MOVISTAR,202403,202605,-26,pre_shutdown,4.3184414,16094.0,11.209731,160234.0,2.7737713,74.76183,3.9465513,94.91414,0.59963757,True,False
Lima,Lima,Jesus Maria,"Jesus Maria, Lima, Lima",MOVISTAR,202404,202605,-25,pre_shutdown,3.9231982,18459.0,10.237279,190043.0,3.2680025,74.833084,4.3112807,94.501915,0.682156,True,False
Lima,Lima,Jesus Maria,"Jesus Maria, Lima, Lima",MOVISTAR,202405,202605,-24,pre_shutdown,3.9974186,15418.0,11.40004,189193.0,3.3662817,74.64276,4.5372186,93.54817,0.681635,True,False
Lima,Lima,Jesus Maria,"Jesus Maria, Lima, Lima",MOVISTAR,202406,202605,-23,pre_shutdown,4.1621275,11801.0,12.17994,170807.0,3.6054645,75.23243,4.4099903,93.86466,0.52387965,True,False
Lima,Lima,Jesus Maria,"Jesus Maria, Lima, Lima",MOVISTAR,202407,202605,-22,pre_shutdown,3.9639132,12015.0,11.224035,139899.0,3.4519408,74.963875,5.1170464,93.56482,0.47530335,True,False
Lima,Lima,Jesus Maria,"Jesus Maria, Lima, Lima",MOVISTAR,202408,202605,-21,pre_shutdown,3.9577131,12594.0,11.101418,147010.0,2.7503104,74.7273,5.82677,93.6401,0.47228286,True,False
Lima,Lima,Jesus Maria,"Jesus Maria, Lima, Lima",MOVISTAR,202409,202605,-20,pre_shutdown,4.0376973,14136.0,11.683765,171455.0,3.207144,70.91826,5.1711593,94.099976,0.46395525,True,False
Lima,Lima,Jesus Maria,"Jesus Maria, Lima, Lima",MOVISTAR,202410,202605,-19,pre_shutdown,4.763543,13507.0,12.02378,187911.0,3.3986986,67.930176,4.4570017,94.62345,0.44097143,True,False
Lima,Lima,Jesus Maria,"Jesus Maria, Lima, Lima",MOVISTAR,202411,202605,-18,pre_shutdown,4.7126656,12704.0,11.767337,144012.0,3.2311728,57.691227,4.33421,94.90851,0.4179177,True,False
Lima,Lima,Jesus Maria,"Jesus Maria, Lima, Lima",MOVISTAR,202412,202605,-17,pre_shutdown,4.856531,11203.0,11.938438,119363.0,2.9636097,54.602554,3.782365,95.487274,0.36418533,True,False
Lima,Lima,Jesus Maria,"Jesus Maria, Lima, Lima",MOVISTAR,202501,202605,-16,pre_shutdown,4.3630857,7776.0,11.934838,126512.0,3.4628885,55.809406,3.4938214,95.715004,0.42974952,True,False
Lima,Lima,Jesus Maria,"Jesus Maria, Lima, Lima",MOVISTAR,202502,202605,-15,pre_shutdown,4.8140945,6651.0,11.651271,115660.0,3.3247685,56.243504,3.5175824,95.6924,0.47401208,True,False
Lima,Lima,Jesus Maria,"Jesus Maria, Lima, Lima",MOVISTAR,202503,202605,-14,pre_shutdown,4.870257,7155.0,11.327192,131795.0,3.1754286,55.03456,3.4901502,95.60046,0.47396368,True,False
Lima,Lima,Jesus Maria,"Jesus Maria, Lima, Lima",MOVISTAR,202504,202605,-13,pre_shutdown,4.6109548,8663.0,11.10254,130851.0,2.939876,61.251274,3.1939912,95.83995,0.5751574,True,False
Lima,Lima,Jesus Maria,"Jesus Maria, Lima, Lima",MOVISTAR,202505,202605,-12,pre_shutdown,5.0293326,5263.0,11.341429,117378.0,2.9682455,62.83213,3.016384,96.1629,0.6206948,True,False
Lima,Lima,Jesus Maria,"Jesus Maria, Lima, Lima",MOVISTAR,202506,202605,-11,pre_shutdown,5.04792,4710.0,11.379445,114722.0,2.7520158,61.120438,2.4276893,96.83961,0.70821685,True,False
Lima,Lima,Jesus Maria,"Jesus Maria, Lima, Lima",MOVISTAR,202507,202605,-10,pre_shutdown,5.811942,4246.0,11.796442,124322.0,2.734496,52.460537,2.6613085,96.510956,0.69401056,True,False
Lima,Lima,Jesus Maria,"Jesus Maria, Lima, Lima",MOVISTAR,202508,202605,-9,pre_shutdown,5.499304,5226.0,12.630008,122804.0,2.90032,51.679527,3.1640916,96.243454,0.7319036,True,False
Lima,Lima,Jesus Maria,"Jesus Maria, Lima, Lima",MOVISTAR,202509,202605,-8,pre_shutdown,6.834895,6239.0,13.260289,136508.0,2.5674477,50.969913,2.5453146,96.98758,0.7321901,True,False
Lima,Lima,Jesus Maria,"Jesus Maria, Lima, Lima",MOVISTAR,202510,202605,-7,pre_shutdown,6.3013954,8266.0,13.090027,121380.0,2.8626246,52.39307,2.354327,96.99595,0.7708164,True,False
Lima,Lima,Jesus Maria,"Jesus Maria, Lima, Lima",MOVISTAR,202511,202605,-6,pre_shutdown,6.008936,6370.0,13.102569,105705.0,2.8052669,49.225105,2.5840783,96.92484,0.7034625,True,False
Lima,Lima,Jesus Maria,"Jesus Maria, Lima, Lima",MOVISTAR,202512,202605,-5,pre_shutdown,6.428103,8404.0,13.617269,116703.0,2.594046,47.723724,3.5380664,95.394066,0.6712706,True,False
Lima,Lima,Jesus Maria,"Jesus Maria, Lima, Lima",MOVISTAR,202601,202605,-4,pre_shutdown,6.6878963,7091.0,13.282242,124877.0,2.7234435,47.551422,2.7901497,96.036804,0.61310154,True,False
Lima,Lima,Jesus Maria,"Jesus Maria, Lima, Lima",MOVISTAR,202602,202605,-3,pre_shutdown,6.1785064,13080.0,12.9349,134660.0,2.6376305,49.518375,2.9984372,95.99795,0.839207,True,False
Lima,Lima,Jesus Maria,"Jesus Maria, Lima, Lima",MOVISTAR,202603,202605,-2,pre_shutdown,6.8053427,14798.0,13.357554,122903.0,3.1194656,50.701263,2.9033346,96.16789,0.81095004,True,False
Lima,Lima,Jesus Maria,"Jesus Maria, Lima, Lima",MOVISTAR,202604,202605,-1,pre_shutdown,7.1600194,1768.0,13.516252,107944.0,3.067361,51.200634,1.0013039,97.86138,0.72279704,True,False
Lima,Lima,Jesus Maria,"Jesus Maria, Lima, Lima",MOVISTAR,202605,202605,0,post_shutdown,0.0,0.0,13.888086,107113.0,3.203448,49.09325,0.06405351,97.67687,0.5807567,False,True
Lima,Lima,La Victoria,"La Victoria, Lima, Lima",MOVISTAR,202301,202604,-39,pre_shutdown,3.637848,17499.0,9.534378,203117.0,3.95811,79.45708,5.8525796,92.8056,1.0611008,True,False
Lima,Lima,La Victoria,"La Victoria, Lima, Lima",MOVISTAR,202302,202604,-38,pre_shutdown,3.8731155,13710.0,9.963331,177905.0,4.1966743,76.97463,4.971167,92.79426,1.0278121,True,False
Lima,Lima,La Victoria,"La Victoria, Lima, Lima",MOVISTAR,202303,202604,-37,pre_shutdown,4.11027,17060.0,10.108603,195209.0,3.9453542,74.40689,5.228897,93.07783,0.94161063,True,False
Lima,Lima,La Victoria,"La Victoria, Lima, Lima",MOVISTAR,202304,202604,-36,pre_shutdown,3.701882,18117.0,10.387117,203284.0,4.1993527,75.06549,4.740208,93.82724,0.96189296,True,False
Lima,Lima,La Victoria,"La Victoria, Lima, Lima",MOVISTAR,202305,202604,-35,pre_shutdown,3.6406243,19422.0,9.7477865,190940.0,4.07431,76.504456,4.792934,93.950066,0.9798401,True,False
Lima,Lima,La Victoria,"La Victoria, Lima, Lima",MOVISTAR,202306,202604,-34,pre_shutdown,3.6374347,26348.0,10.108572,220396.0,3.966392,74.70445,5.912607,91.94096,1.0506508,True,False
Lima,Lima,La Victoria,"La Victoria, Lima, Lima",MOVISTAR,202307,202604,-33,pre_shutdown,3.6743937,35536.0,10.467818,272926.0,3.6226792,74.194855,6.2451816,91.96468,1.0245023,True,False
Lima,Lima,La Victoria,"La Victoria, Lima, Lima",MOVISTAR,202308,202604,-32,pre_shutdown,3.4736552,35073.0,10.44279,285286.0,3.7885175,73.841515,5.2548795,92.676155,1.0932885,True,False
Lima,Lima,La Victoria,"La Victoria, Lima, Lima",MOVISTAR,202309,202604,-31,pre_shutdown,3.5679958,41000.0,10.743341,303709.0,4.329088,75.577415,5.713118,92.418175,0.9815177,True,False
Lima,Lima,La Victoria,"La Victoria, Lima, Lima",MOVISTAR,202310,202604,-30,pre_shutdown,3.3987808,41461.0,10.408878,336485.0,3.951874,74.65493,5.1399465,92.93884,1.0085142,True,False
Lima,Lima,La Victoria,"La Victoria, Lima, Lima",MOVISTAR,202311,202604,-29,pre_shutdown,3.5427387,35149.0,10.160479,274462.0,3.114831,74.99556,4.6787033,93.97407,0.9858403,True,False
Lima,Lima,La Victoria,"La Victoria, Lima, Lima",MOVISTAR,202312,202604,-28,pre_shutdown,3.5028467,32699.0,10.678088,293343.0,3.067263,74.86701,5.2877197,92.797806,0.89285487,True,False
Lima,Lima,La Victoria,"La Victoria, Lima, Lima",MOVISTAR,202401,202604,-27,pre_shutdown,3.6247866,28875.0,10.458533,250963.0,2.9938881,74.19567,4.618133,93.2077,0.8540954,True,False
Lima,Lima,La Victoria,"La Victoria, Lima, Lima",MOVISTAR,202402,202604,-26,pre_shutdown,3.4924908,29562.0,10.136278,235755.0,3.0363078,74.61859,5.5307045,91.87544,0.82032424,True,False
Lima,Lima,La Victoria,"La Victoria, Lima, Lima",MOVISTAR,202403,202604,-25,pre_shutdown,3.554758,30069.0,10.338569,218035.0,3.1216102,74.66376,5.81214,92.77854,0.76794773,True,False
Lima,Lima,La Victoria,"La Victoria, Lima, Lima",MOVISTAR,202404,202604,-24,pre_shutdown,3.5199063,32071.0,9.892327,217403.0,3.5055234,74.54019,5.301307,92.97428,0.7324785,True,False
Lima,Lima,La Victoria,"La Victoria, Lima, Lima",MOVISTAR,202405,202604,-23,pre_shutdown,3.5007691,32687.0,10.124062,235913.0,3.233669,73.929955,5.25091,93.663124,0.7209398,True,False
Lima,Lima,La Victoria,"La Victoria, Lima, Lima",MOVISTAR,202406,202604,-22,pre_shutdown,4.1598234,33103.0,10.373776,214237.0,3.375778,75.02193,5.0752735,93.3693,0.7192385,True,False
Lima,Lima,La Victoria,"La Victoria, Lima, Lima",MOVISTAR,202407,202604,-21,pre_shutdown,4.499527,34758.0,10.047741,200449.0,3.2439063,75.58442,5.852168,92.40438,0.708951,True,False
Lima,Lima,La Victoria,"La Victoria, Lima, Lima",MOVISTAR,202408,202604,-20,pre_shutdown,4.0849266,31628.0,10.49985,195659.0,3.4847932,74.75192,5.2465496,93.91267,0.74611366,True,False
Lima,Lima,La Victoria,"La Victoria, Lima, Lima",MOVISTAR,202409,202604,-19,pre_shutdown,3.9748478,36514.0,10.245933,224157.0,3.287529,71.02359,5.544069,93.807785,0.7174387,True,False
Lima,Lima,La Victoria,"La Victoria, Lima, Lima",MOVISTAR,202410,202604,-18,pre_shutdown,4.2812934,39597.0,9.684759,238717.0,3.1949384,68.72857,5.5068493,94.08331,0.60413617,True,False
Lima,Lima,La Victoria,"La Victoria, Lima, Lima",MOVISTAR,202411,202604,-17,pre_shutdown,4.4913363,32904.0,9.490007,211731.0,3.1908574,58.007572,5.30779,93.98784,0.52067626,True,False
Lima,Lima,La Victoria,"La Victoria, Lima, Lima",MOVISTAR,202412,202604,-16,pre_shutdown,4.859675,30351.0,10.0102215,187705.0,3.2683606,56.035946,5.4669294,93.887375,0.58975697,True,False
Lima,Lima,La Victoria,"La Victoria, Lima, Lima",MOVISTAR,202501,202604,-15,pre_shutdown,4.259394,23382.0,10.305981,186769.0,3.2764823,56.950325,4.290502,95.10149,0.55277914,True,False
Lima,Lima,La Victoria,"La Victoria, Lima, Lima",MOVISTAR,202502,202604,-14,pre_shutdown,3.7106183,20703.0,10.231707,175282.0,3.249338,57.281086,3.828964,95.748344,0.5794681,True,False
Lima,Lima,La Victoria,"La Victoria, Lima, Lima",MOVISTAR,202503,202604,-13,pre_shutdown,3.8662083,24148.0,10.2151,203550.0,2.9084578,55.771084,4.417619,95.050316,0.6426086,True,False
Lima,Lima,La Victoria,"La Victoria, Lima, Lima",MOVISTAR,202504,202604,-12,pre_shutdown,4.3130794,24401.0,10.451097,220405.0,2.9366689,60.394974,4.128674,95.322075,0.6028569,True,False
Lima,Lima,La Victoria,"La Victoria, Lima, Lima",MOVISTAR,202505,202604,-11,pre_shutdown,4.49573,16464.0,10.740257,206539.0,3.1323354,61.223694,3.700841,95.90407,0.6630737,True,False
Lima,Lima,La Victoria,"La Victoria, Lima, Lima",MOVISTAR,202506,202604,-10,pre_shutdown,4.4579263,9447.0,11.774511,194533.0,3.0956628,60.006203,3.7254765,95.89838,0.6981672,True,False
Lima,Lima,La Victoria,"La Victoria, Lima, Lima",MOVISTAR,202507,202604,-9,pre_shutdown,4.3200765,6679.0,11.4892235,187660.0,2.9180002,53.079426,2.808807,96.721054,0.6907722,True,False
Lima,Lima,La Victoria,"La Victoria, Lima, Lima",MOVISTAR,202508,202604,-8,pre_shutdown,5.0101137,7276.0,11.858736,189676.0,2.7091475,52.875027,4.64021,94.98251,0.7379094,True,False
Lima,Lima,La Victoria,"La Victoria, Lima, Lima",MOVISTAR,202509,202604,-7,pre_shutdown,4.461945,5546.0,12.303247,190008.0,2.7554965,52.8252,3.712942,95.92896,0.78196,True,False
Lima,Lima,La Victoria,"La Victoria, Lima, Lima",MOVISTAR,202510,202604,-6,pre_shutdown,4.6192384,4522.0,12.257981,181044.0,3.1269703,53.176193,4.1118608,95.52681,0.77894115,True,False
Lima,Lima,La Victoria,"La Victoria, Lima, Lima",MOVISTAR,202511,202604,-5,pre_shutdown,4.6568832,3378.0,12.147759,164176.0,2.7206235,50.467873,3.6364582,95.938034,0.82232076,True,False
Lima,Lima,La Victoria,"La Victoria, Lima, Lima",MOVISTAR,202512,202604,-4,pre_shutdown,4.6292152,2900.0,11.925236,151765.0,2.507431,50.829666,2.4974759,96.87268,0.75104797,True,False
Lima,Lima,La Victoria,"La Victoria, Lima, Lima",MOVISTAR,202601,202604,-3,pre_shutdown,5.41463,2415.0,11.946444,151500.0,2.8124552,51.053394,2.7520897,96.62722,0.7876414,True,False
Lima,Lima,La Victoria,"La Victoria, Lima, Lima",MOVISTAR,202602,202604,-2,pre_shutdown,5.945298,2329.0,12.106153,150669.0,2.804799,54.106308,2.1372774,97.14816,0.85817164,True,False
Lima,Lima,La Victoria,"La Victoria, Lima, Lima",MOVISTAR,202603,202604,-1,pre_shutdown,6.704789,2706.0,12.345393,154903.0,2.8282866,52.761772,2.3792877,96.69308,0.76520056,True,False
Lima,Lima,La Victoria,"La Victoria, Lima, Lima",MOVISTAR,202604,202604,0,post_shutdown,0.0,0.0,12.438865,134140.0,3.080851,52.763447,0.5850664,97.62548,0.65216726,False,True
Lima,Lima,La Victoria,"La Victoria, Lima, Lima",MOVISTAR,202605,202604,1,post_shutdown,0.0,0.0,12.524565,137710.0,3.0534716,51.36127,0.1070884,97.697716,0.5787938,False,True
Lima,Lima,Lima,"Lima, Lima, Lima",MOVISTAR,202301,202605,-40,pre_shutdown,3.691574,31206.0,10.296789,361207.0,3.699494,80.41887,6.452517,91.9024,1.2252064,True,False
Lima,Lima,Lima,"Lima, Lima, Lima",MOVISTAR,202302,202605,-39,pre_shutdown,3.6673615,28524.0,10.471024,325696.0,3.7879498,77.602974,6.7116466,91.32761,1.2198018,True,False
Lima,Lima,Lima,"Lima, Lima, Lima",MOVISTAR,202303,202605,-38,pre_shutdown,3.7616467,35080.0,10.702208,346014.0,3.5665,75.331055,7.4546924,90.724434,1.1569984,True,False
Lima,Lima,Lima,"Lima, Lima, Lima",MOVISTAR,202304,202605,-37,pre_shutdown,3.647294,41903.0,10.461552,339243.0,3.3058922,76.164375,7.978334,90.16215,1.119917,True,False
Lima,Lima,Lima,"Lima, Lima, Lima",MOVISTAR,202305,202605,-36,pre_shutdown,3.7885516,48281.0,10.3731985,358828.0,3.2619374,76.838844,6.937286,90.54886,1.1247813,True,False
Lima,Lima,Lima,"Lima, Lima, Lima",MOVISTAR,202306,202605,-35,pre_shutdown,3.804379,57712.0,10.342698,384310.0,3.5587945,75.41288,7.5134697,90.85835,1.1907015,True,False
Lima,Lima,Lima,"Lima, Lima, Lima",MOVISTAR,202307,202605,-34,pre_shutdown,3.6606305,61792.0,10.54184,465992.0,3.3257473,75.54925,6.661556,91.610176,1.1667846,True,False
Lima,Lima,Lima,"Lima, Lima, Lima",MOVISTAR,202308,202605,-33,pre_shutdown,3.714654,60834.0,10.284076,513665.0,3.3016083,75.08142,6.394354,92.10521,1.1239737,True,False
Lima,Lima,Lima,"Lima, Lima, Lima",MOVISTAR,202309,202605,-32,pre_shutdown,3.6615586,63724.0,10.092514,514014.0,3.5711362,76.60764,6.856272,91.89035,1.136949,True,False
Lima,Lima,Lima,"Lima, Lima, Lima",MOVISTAR,202310,202605,-31,pre_shutdown,3.6590765,73805.0,10.222745,617329.0,3.332345,75.59069,7.057754,91.81792,1.1260251,True,False
Lima,Lima,Lima,"Lima, Lima, Lima",MOVISTAR,202311,202605,-30,pre_shutdown,3.6163356,60265.0,10.174731,533604.0,3.2181215,76.38239,7.3723373,91.05314,1.1128268,True,False
Lima,Lima,Lima,"Lima, Lima, Lima",MOVISTAR,202312,202605,-29,pre_shutdown,4.018619,58847.0,10.885183,528364.0,3.1399207,75.78329,6.9050922,91.95981,0.9708896,True,False
Lima,Lima,Lima,"Lima, Lima, Lima",MOVISTAR,202401,202605,-28,pre_shutdown,3.8506243,55878.0,10.55338,493694.0,3.2383983,75.13893,6.166286,92.49893,0.9227949,True,False
Lima,Lima,Lima,"Lima, Lima, Lima",MOVISTAR,202402,202605,-27,pre_shutdown,3.7133303,57108.0,10.372583,427348.0,3.4156404,75.76136,6.520315,91.68107,0.9226687,True,False
Lima,Lima,Lima,"Lima, Lima, Lima",MOVISTAR,202403,202605,-26,pre_shutdown,3.76517,57845.0,10.449707,465294.0,3.479162,75.38787,7.0217867,91.50442,0.84787786,True,False
Lima,Lima,Lima,"Lima, Lima, Lima",MOVISTAR,202404,202605,-25,pre_shutdown,3.8241892,60258.0,10.049256,447163.0,3.3240952,75.510315,6.9929433,91.14191,0.9084648,True,False
Lima,Lima,Lima,"Lima, Lima, Lima",MOVISTAR,202405,202605,-24,pre_shutdown,3.83416,56618.0,10.207255,451293.0,3.3922992,75.051216,6.97734,91.660164,0.86972725,True,False
Lima,Lima,Lima,"Lima, Lima, Lima",MOVISTAR,202406,202605,-23,pre_shutdown,3.769595,49753.0,10.182208,402864.0,3.5313325,75.74798,7.0392237,91.31661,0.7730189,True,False
Lima,Lima,Lima,"Lima, Lima, Lima",MOVISTAR,202407,202605,-22,pre_shutdown,3.873204,41000.0,10.777339,376187.0,3.4399872,75.91836,7.060944,91.24731,0.72607493,True,False
Lima,Lima,Lima,"Lima, Lima, Lima",MOVISTAR,202408,202605,-21,pre_shutdown,3.7682996,39436.0,10.919293,357221.0,3.396082,75.30889,6.695172,92.39088,0.68793815,True,False
Lima,Lima,Lima,"Lima, Lima, Lima",MOVISTAR,202409,202605,-20,pre_shutdown,4.072091,43656.0,10.736354,389907.0,3.375173,71.36675,6.822972,92.03296,0.69277394,True,False
Lima,Lima,Lima,"Lima, Lima, Lima",MOVISTAR,202410,202605,-19,pre_shutdown,4.2435594,43311.0,10.565925,417776.0,3.324166,69.25182,6.1961265,92.74808,0.7264081,True,False
Lima,Lima,Lima,"Lima, Lima, Lima",MOVISTAR,202411,202605,-18,pre_shutdown,4.0530486,36640.0,10.624755,359749.0,3.365985,59.098083,7.1558995,91.96851,0.69366455,True,False
Lima,Lima,Lima,"Lima, Lima, Lima",MOVISTAR,202412,202605,-17,pre_shutdown,4.028002,27237.0,10.605408,308936.0,3.641425,56.297127,6.6543794,92.58426,0.63372684,True,False
Lima,Lima,Lima,"Lima, Lima, Lima",MOVISTAR,202501,202605,-16,pre_shutdown,4.3717513,28789.0,11.114947,336527.0,3.4483778,56.641983,5.76608,93.46257,0.63763374,True,False
Lima,Lima,Lima,"Lima, Lima, Lima",MOVISTAR,202502,202605,-15,pre_shutdown,4.353611,19073.0,12.078999,340715.0,3.6594536,56.439953,5.774151,93.482574,0.6346635,True,False
Lima,Lima,Lima,"Lima, Lima, Lima",MOVISTAR,202503,202605,-14,pre_shutdown,4.3304276,17810.0,11.710262,385849.0,3.3815787,55.076447,5.1169825,94.24903,0.7259023,True,False
Lima,Lima,Lima,"Lima, Lima, Lima",MOVISTAR,202504,202605,-13,pre_shutdown,4.406497,13236.0,12.224564,397990.0,3.4771287,59.348972,4.0339193,95.2301,0.6763545,True,False
Lima,Lima,Lima,"Lima, Lima, Lima",MOVISTAR,202505,202605,-12,pre_shutdown,4.2531977,10086.0,12.005332,370071.0,3.3206215,60.069878,3.904416,95.32201,0.76316214,True,False
Lima,Lima,Lima,"Lima, Lima, Lima",MOVISTAR,202506,202605,-11,pre_shutdown,4.366505,10326.0,12.195324,342472.0,3.2233212,58.932514,4.3429413,94.96618,0.74597085,True,False
Lima,Lima,Lima,"Lima, Lima, Lima",MOVISTAR,202507,202605,-10,pre_shutdown,4.5535,7904.0,12.258859,334776.0,3.4009624,52.461758,3.5733964,95.61346,0.7512784,True,False
Lima,Lima,Lima,"Lima, Lima, Lima",MOVISTAR,202508,202605,-9,pre_shutdown,4.9301786,7465.0,12.585875,376690.0,3.1738555,51.747616,3.8762014,95.37115,0.7644096,True,False
Lima,Lima,Lima,"Lima, Lima, Lima",MOVISTAR,202509,202605,-8,pre_shutdown,5.554814,5887.0,12.511057,318165.0,2.9497397,52.13395,3.4886043,95.76694,0.8014632,True,False
Lima,Lima,Lima,"Lima, Lima, Lima",MOVISTAR,202510,202605,-7,pre_shutdown,5.400317,8851.0,12.821314,321427.0,3.107693,53.855137,5.1256404,94.138916,0.90133935,True,False
Lima,Lima,Lima,"Lima, Lima, Lima",MOVISTAR,202511,202605,-6,pre_shutdown,5.187721,7416.0,12.581474,309124.0,3.0888078,51.332348,4.7173576,94.47025,0.8178792,True,False
Lima,Lima,Lima,"Lima, Lima, Lima",MOVISTAR,202512,202605,-5,pre_shutdown,6.311554,13457.0,13.038042,288266.0,3.2950552,49.40817,4.0105953,95.03577,0.7377586,True,False
Lima,Lima,Lima,"Lima, Lima, Lima",MOVISTAR,202601,202605,-4,pre_shutdown,5.8465686,8414.0,12.67485,282129.0,3.3219583,50.178986,3.170965,96.084465,0.6854205,True,False
Lima,Lima,Lima,"Lima, Lima, Lima",MOVISTAR,202602,202605,-3,pre_shutdown,5.5318036,3428.0,12.838915,285719.0,3.5166738,52.280346,2.1995418,96.9602,0.76669025,True,False
Lima,Lima,Lima,"Lima, Lima, Lima",MOVISTAR,202603,202605,-2,pre_shutdown,6.280936,4036.0,12.907019,299606.0,2.8551433,51.492565,2.2780147,96.82921,0.80454373,True,False
Lima,Lima,Lima,"Lima, Lima, Lima",MOVISTAR,202604,202605,-1,pre_shutdown,6.0862527,1548.0,12.876636,273718.0,3.1204834,51.643906,1.0558423,97.12184,0.69772047,True,False
Lima,Lima,Lima,"Lima, Lima, Lima",MOVISTAR,202605,202605,0,post_shutdown,0.0,0.0,12.85971,270539.0,3.0504324,50.08182,0.032756664,97.74877,0.5836643,False,True
Lima,Lima,Lince,"Lince, Lima, Lima",MOVISTAR,202301,202604,-39,pre_shutdown,4.7915597,6119.0,12.003837,93234.0,3.705525,79.99821,4.9488,94.245056,0.833686,True,False
Lima,Lima,Lince,"Lince, Lima, Lima",MOVISTAR,202302,202604,-38,pre_shutdown,4.7232733,8219.0,12.312178,87869.0,3.4243362,77.46925,5.8732677,93.41997,0.81954294,True,False
Lima,Lima,Lince,"Lince, Lima, Lima",MOVISTAR,202303,202604,-37,pre_shutdown,4.5544834,8141.0,11.848571,98310.0,4.3528323,75.23713,5.196855,94.22205,0.7557053,True,False
Lima,Lima,Lince,"Lince, Lima, Lima",MOVISTAR,202304,202604,-36,pre_shutdown,5.289594,5847.0,11.697094,87186.0,3.7681649,74.642166,4.991955,94.51825,0.7101773,True,False
Lima,Lima,Lince,"Lince, Lima, Lima",MOVISTAR,202305,202604,-35,pre_shutdown,4.4689903,4994.0,11.209556,80293.0,3.2391253,76.5618,6.65846,92.95705,0.7954352,True,False
Lima,Lima,Lince,"Lince, Lima, Lima",MOVISTAR,202306,202604,-34,pre_shutdown,5.270373,7220.0,11.860155,95694.0,3.53808,75.40872,8.231128,91.20599,0.9934365,True,False
Lima,Lima,Lince,"Lince, Lima, Lima",MOVISTAR,202307,202604,-33,pre_shutdown,6.434601,12593.0,11.466254,101758.0,4.1263742,74.34925,7.53605,91.93959,0.7797359,True,False
Lima,Lima,Lince,"Lince, Lima, Lima",MOVISTAR,202308,202604,-32,pre_shutdown,5.4379687,8947.0,12.185671,108921.0,3.7485201,73.8649,10.166985,89.355446,0.78491235,True,False
Lima,Lima,Lince,"Lince, Lima, Lima",MOVISTAR,202309,202604,-31,pre_shutdown,5.2789474,10636.0,11.193175,114092.0,2.8180475,75.66387,7.694332,91.662384,0.7748959,True,False
Lima,Lima,Lince,"Lince, Lima, Lima",MOVISTAR,202310,202604,-30,pre_shutdown,4.893149,7901.0,11.212576,122321.0,2.8220448,75.01914,5.5258765,93.96136,0.73229957,True,False
Lima,Lima,Lince,"Lince, Lima, Lima",MOVISTAR,202311,202604,-29,pre_shutdown,4.5911074,8271.0,10.787811,103083.0,2.6087046,75.03636,6.1399956,93.13131,0.7356198,True,False
Lima,Lima,Lince,"Lince, Lima, Lima",MOVISTAR,202312,202604,-28,pre_shutdown,6.2884893,9098.0,12.124687,107060.0,2.656173,74.91698,5.441011,93.477684,0.60926265,True,False
Lima,Lima,Lince,"Lince, Lima, Lima",MOVISTAR,202401,202604,-27,pre_shutdown,5.3134074,9658.0,10.885843,98918.0,2.5151558,74.247604,5.9586945,91.66265,0.6948625,True,False
Lima,Lima,Lince,"Lince, Lima, Lima",MOVISTAR,202402,202604,-26,pre_shutdown,4.343845,7620.0,11.1272745,93796.0,2.3633428,74.55941,6.264362,92.97898,0.5652364,True,False
Lima,Lima,Lince,"Lince, Lima, Lima",MOVISTAR,202403,202604,-25,pre_shutdown,4.470825,8668.0,11.282372,91137.0,2.6486452,73.9649,6.615757,91.66264,0.49617597,True,False
Lima,Lima,Lince,"Lince, Lima, Lima",MOVISTAR,202404,202604,-24,pre_shutdown,3.4123075,8541.0,10.968135,89867.0,4.1724987,74.40189,6.2571373,92.2441,0.5109973,True,False
Lima,Lima,Lince,"Lince, Lima, Lima",MOVISTAR,202405,202604,-23,pre_shutdown,4.269873,6814.0,10.50676,89749.0,3.0848546,73.96701,6.3322816,92.57853,0.49848652,True,False
Lima,Lima,Lince,"Lince, Lima, Lima",MOVISTAR,202406,202604,-22,pre_shutdown,4.7480006,6169.0,10.579338,93075.0,3.2114205,75.02998,7.022203,91.98464,0.41297182,True,False
Lima,Lima,Lince,"Lince, Lima, Lima",MOVISTAR,202407,202604,-21,pre_shutdown,4.986823,4836.0,11.19149,88089.0,3.4236712,75.33011,5.2456894,94.06124,0.36909825,True,False
Lima,Lima,Lince,"Lince, Lima, Lima",MOVISTAR,202408,202604,-20,pre_shutdown,4.9217095,5943.0,11.641874,97394.0,2.8709698,75.43393,4.6706285,95.12001,0.37706557,True,False
Lima,Lima,Lince,"Lince, Lima, Lima",MOVISTAR,202409,202604,-19,pre_shutdown,4.855076,6401.0,11.766162,98577.0,2.9175131,70.24638,3.9434037,95.82529,0.34615886,True,False
Lima,Lima,Lince,"Lince, Lima, Lima",MOVISTAR,202410,202604,-18,pre_shutdown,5.1627374,5746.0,12.790859,103492.0,3.127297,67.64516,3.8270679,95.6799,0.30311048,True,False
Lima,Lima,Lince,"Lince, Lima, Lima",MOVISTAR,202411,202604,-17,pre_shutdown,4.9791217,5156.0,11.634242,85564.0,3.5412517,57.878113,3.8210883,95.91003,0.3537953,True,False
Lima,Lima,Lince,"Lince, Lima, Lima",MOVISTAR,202412,202604,-16,pre_shutdown,5.1333075,3743.0,11.352966,66805.0,3.1101766,54.356693,4.356489,95.29572,0.39191398,True,False
Lima,Lima,Lince,"Lince, Lima, Lima",MOVISTAR,202501,202604,-15,pre_shutdown,6.042163,4213.0,10.743024,66544.0,3.2058403,55.861263,5.3015485,94.080154,0.39806393,True,False
Lima,Lima,Lince,"Lince, Lima, Lima",MOVISTAR,202502,202604,-14,pre_shutdown,5.644495,4897.0,10.650042,61701.0,3.3021574,56.357857,6.627988,92.77163,0.47113544,True,False
Lima,Lima,Lince,"Lince, Lima, Lima",MOVISTAR,202503,202604,-13,pre_shutdown,6.4787455,6139.0,11.191067,69302.0,3.3640964,54.669052,3.8342824,95.83093,0.37804294,True,False
Lima,Lima,Lince,"Lince, Lima, Lima",MOVISTAR,202504,202604,-12,pre_shutdown,5.1756577,3641.0,11.223607,76873.0,3.5754266,60.66709,3.8138862,95.77531,0.42108154,True,False
Lima,Lima,Lince,"Lince, Lima, Lima",MOVISTAR,202505,202604,-11,pre_shutdown,5.1762786,3116.0,12.203531,77840.0,3.1794064,61.055256,3.34162,95.60821,0.34431124,True,False
Lima,Lima,Lince,"Lince, Lima, Lima",MOVISTAR,202506,202604,-10,pre_shutdown,4.6644645,2522.0,11.401136,54534.0,2.9301584,60.12487,5.7210736,93.93566,0.40473914,True,False
Lima,Lima,Lince,"Lince, Lima, Lima",MOVISTAR,202507,202604,-9,pre_shutdown,5.2849774,2854.0,12.946753,64203.0,3.1575575,51.192898,3.7279778,95.58022,0.47170416,True,False
Lima,Lima,Lince,"Lince, Lima, Lima",MOVISTAR,202508,202604,-8,pre_shutdown,5.0265074,1459.0,14.029565,81477.0,3.1021013,51.158157,3.1629095,96.498116,0.41607735,True,False
Lima,Lima,Lince,"Lince, Lima, Lima",MOVISTAR,202509,202604,-7,pre_shutdown,4.8922596,1496.0,14.297319,74259.0,3.3182378,51.43914,2.9911687,96.57368,0.5373632,True,False
Lima,Lima,Lince,"Lince, Lima, Lima",MOVISTAR,202510,202604,-6,pre_shutdown,5.4557314,1330.0,14.534544,67781.0,3.6259608,51.66012,3.0278606,96.572655,0.44590247,True,False
Lima,Lima,Lince,"Lince, Lima, Lima",MOVISTAR,202511,202604,-5,pre_shutdown,5.505649,1402.0,14.53725,64093.0,3.3313577,48.37928,3.5940442,95.79978,0.42435202,True,False
Lima,Lima,Lince,"Lince, Lima, Lima",MOVISTAR,202512,202604,-4,pre_shutdown,5.991355,1166.0,15.424083,67376.0,3.5695727,46.84474,3.1586163,96.17872,0.42901897,True,False
Lima,Lima,Lince,"Lince, Lima, Lima",MOVISTAR,202601,202604,-3,pre_shutdown,6.353341,755.0,16.004946,67309.0,3.8749301,48.47464,3.4429293,96.02374,0.43522167,True,False
Lima,Lima,Lince,"Lince, Lima, Lima",MOVISTAR,202602,202604,-2,pre_shutdown,7.409143,623.0,14.890381,55934.0,3.4485476,49.465958,2.2071285,96.9573,0.5214692,True,False
Lima,Lima,Lince,"Lince, Lima, Lima",MOVISTAR,202603,202604,-1,pre_shutdown,5.803995,702.0,13.938479,53286.0,3.0022523,49.019318,2.674835,95.93895,0.57288,True,False
Lima,Lima,Lince,"Lince, Lima, Lima",MOVISTAR,202604,202604,0,post_shutdown,0.0,0.0,13.713286,46357.0,3.0127413,48.810127,0.9958049,97.40019,0.5602298,False,True
Lima,Lima,Lince,"Lince, Lima, Lima",MOVISTAR,202605,202604,1,post_shutdown,0.0,0.0,13.923244,46610.0,3.3029358,48.225235,0.014069624,96.22219,0.34177753,False,True
Lima,Lima,Los Olivos,"Los Olivos, Lima, Lima",MOVISTAR,202301,202512,-35,pre_shutdown,3.8877127,32971.0,10.848446,212691.0,3.448907,79.58771,7.7777653,91.45923,1.1614312,True,False
Lima,Lima,Los Olivos,"Los Olivos, Lima, Lima",MOVISTAR,202302,202512,-34,pre_shutdown,4.234487,26608.0,10.402111,177319.0,3.4620168,77.43807,7.176066,91.396355,1.2812641,True,False
Lima,Lima,Los Olivos,"Los Olivos, Lima, Lima",MOVISTAR,202303,202512,-33,pre_shutdown,4.7102203,33074.0,11.243855,168588.0,3.9882407,74.68346,8.107422,90.98041,1.0921392,True,False
Lima,Lima,Los Olivos,"Los Olivos, Lima, Lima",MOVISTAR,202304,202512,-32,pre_shutdown,5.4321113,29968.0,11.480996,170256.0,4.0811405,75.128365,8.086921,90.5185,1.0160648,True,False
Lima,Lima,Los Olivos,"Los Olivos, Lima, Lima",MOVISTAR,202305,202512,-31,pre_shutdown,5.1924825,28637.0,11.156276,161468.0,4.153071,76.46558,7.6228986,91.43748,0.99995077,True,False
Lima,Lima,Los Olivos,"Los Olivos, Lima, Lima",MOVISTAR,202306,202512,-30,pre_shutdown,4.085326,28196.0,10.878541,201580.0,3.6657321,74.720184,8.043558,90.775894,0.99362105,True,False
Lima,Lima,Los Olivos,"Los Olivos, Lima, Lima",MOVISTAR,202307,202512,-29,pre_shutdown,4.493117,35934.0,10.5799265,231655.0,3.7513177,74.46329,8.199783,90.72557,0.9585046,True,False
Lima,Lima,Los Olivos,"Los Olivos, Lima, Lima",MOVISTAR,202308,202512,-28,pre_shutdown,4.573834,34432.0,11.07961,232553.0,3.995879,74.493454,8.341947,90.40562,0.96841943,True,False
Lima,Lima,Los Olivos,"Los Olivos, Lima, Lima",MOVISTAR,202309,202512,-27,pre_shutdown,4.1489024,37125.0,10.781853,252474.0,3.64005,76.30541,7.749915,91.03362,0.91918904,True,False
Lima,Lima,Los Olivos,"Los Olivos, Lima, Lima",MOVISTAR,202310,202512,-26,pre_shutdown,3.6998224,41721.0,11.047243,268147.0,3.7353773,74.69219,8.884801,90.03466,0.9870902,True,False
Lima,Lima,Los Olivos,"Los Olivos, Lima, Lima",MOVISTAR,202311,202512,-25,pre_shutdown,4.0303307,36617.0,10.634802,259056.0,3.4170325,75.12732,8.578849,90.3704,0.929034,True,False
Lima,Lima,Los Olivos,"Los Olivos, Lima, Lima",MOVISTAR,202312,202512,-24,pre_shutdown,4.101613,37294.0,11.18188,261862.0,3.3216097,74.92723,8.546827,90.41304,0.79363894,True,False
Lima,Lima,Los Olivos,"Los Olivos, Lima, Lima",MOVISTAR,202401,202512,-23,pre_shutdown,3.992345,32218.0,10.8345995,219955.0,3.1379437,74.405205,8.442166,89.965515,0.7762479,True,False
Lima,Lima,Los Olivos,"Los Olivos, Lima, Lima",MOVISTAR,202402,202512,-22,pre_shutdown,3.744971,32117.0,10.613049,193022.0,3.4594214,74.991325,10.401628,87.84185,0.818698,True,False
Lima,Lima,Los Olivos,"Los Olivos, Lima, Lima",MOVISTAR,202403,202512,-21,pre_shutdown,3.668699,34253.0,10.459206,206700.0,3.193739,74.66016,9.679775,88.92051,0.7488848,True,False
Lima,Lima,Los Olivos,"Los Olivos, Lima, Lima",MOVISTAR,202404,202512,-20,pre_shutdown,3.5452468,31020.0,10.111538,198330.0,3.219646,74.85865,9.749248,89.08512,0.73145586,True,False
Lima,Lima,Los Olivos,"Los Olivos, Lima, Lima",MOVISTAR,202405,202512,-19,pre_shutdown,3.738274,29168.0,9.855591,214762.0,3.3112938,74.12529,8.246068,90.292595,0.74724257,True,False
Lima,Lima,Los Olivos,"Los Olivos, Lima, Lima",MOVISTAR,202406,202512,-18,pre_shutdown,3.4916525,30184.0,10.00148,203470.0,2.9699829,75.335884,9.156554,89.5738,0.65496325,True,False
Lima,Lima,Los Olivos,"Los Olivos, Lima, Lima",MOVISTAR,202407,202512,-17,pre_shutdown,3.718868,26289.0,10.115568,193229.0,3.187921,75.03908,8.494347,90.45019,0.53721577,True,False
Lima,Lima,Los Olivos,"Los Olivos, Lima, Lima",MOVISTAR,202408,202512,-16,pre_shutdown,4.184556,25395.0,10.631758,193690.0,3.006111,73.897606,8.659964,90.72847,0.51326996,True,False
Lima,Lima,Los Olivos,"Los Olivos, Lima, Lima",MOVISTAR,202409,202512,-15,pre_shutdown,3.9783912,23969.0,10.418268,185583.0,3.1023302,70.40314,8.671797,90.48724,0.5272244,True,False
Lima,Lima,Los Olivos,"Los Olivos, Lima, Lima",MOVISTAR,202410,202512,-14,pre_shutdown,3.9662504,29546.0,11.022531,210698.0,3.3029027,67.64816,8.660242,90.5802,0.48610583,True,False
Lima,Lima,Los Olivos,"Los Olivos, Lima, Lima",MOVISTAR,202411,202512,-13,pre_shutdown,4.180126,21963.0,10.415414,188132.0,3.2359662,57.675873,7.719386,91.62509,0.498212,True,False
Lima,Lima,Los Olivos,"Los Olivos, Lima, Lima",MOVISTAR,202412,202512,-12,pre_shutdown,4.2621984,16016.0,11.126807,181135.0,3.6727362,54.50995,7.443885,91.826996,0.449805,True,False
Lima,Lima,Los Olivos,"Los Olivos, Lima, Lima",MOVISTAR,202501,202512,-11,pre_shutdown,4.7688236,9021.0,11.841656,188915.0,3.6879318,52.59863,6.5681543,92.85315,0.46225095,True,False
Lima,Lima,Los Olivos,"Los Olivos, Lima, Lima",MOVISTAR,202502,202512,-10,pre_shutdown,4.8123527,5836.0,12.252078,175108.0,3.6481586,51.645424,5.800978,93.66969,0.4389548,True,False
Lima,Lima,Los Olivos,"Los Olivos, Lima, Lima",MOVISTAR,202503,202512,-9,pre_shutdown,5.337224,9571.0,12.50764,196544.0,3.469821,51.063065,5.399125,94.17829,0.52087724,True,False
Lima,Lima,Los Olivos,"Los Olivos, Lima, Lima",MOVISTAR,202504,202512,-8,pre_shutdown,4.353135,3356.0,11.766205,197577.0,3.2713814,56.111565,4.1231947,95.602615,0.5247071,True,False
Lima,Lima,Los Olivos,"Los Olivos, Lima, Lima",MOVISTAR,202505,202512,-7,pre_shutdown,3.9415078,2603.0,12.008074,197902.0,3.4250126,56.848507,3.9227993,95.515625,0.5381601,True,False
Lima,Lima,Los Olivos,"Los Olivos, Lima, Lima",MOVISTAR,202506,202512,-6,pre_shutdown,4.6882267,3857.0,12.973744,197208.0,3.3366704,55.293575,4.3656216,95.16931,0.54138273,True,False
Lima,Lima,Los Olivos,"Los Olivos, Lima, Lima",MOVISTAR,202507,202512,-5,pre_shutdown,5.0674987,2380.0,12.783185,171199.0,3.1500316,48.06872,3.7826147,95.86669,0.5691429,True,False
Lima,Lima,Los Olivos,"Los Olivos, Lima, Lima",MOVISTAR,202508,202512,-4,pre_shutdown,4.8092504,2227.0,12.58411,170575.0,3.0583754,48.274574,3.4738255,96.22417,0.5968396,True,False
Lima,Lima,Los Olivos,"Los Olivos, Lima, Lima",MOVISTAR,202509,202512,-3,pre_shutdown,6.218361,3496.0,13.237459,157679.0,2.8703215,48.892067,3.3996835,96.296974,0.66237754,True,False
Lima,Lima,Los Olivos,"Los Olivos, Lima, Lima",MOVISTAR,202510,202512,-2,pre_shutdown,6.585638,2735.0,13.720346,151313.0,3.1830404,50.505196,3.1348984,96.47673,0.60355765,True,False
Lima,Lima,Los Olivos,"Los Olivos, Lima, Lima",MOVISTAR,202511,202512,-1,pre_shutdown,5.678641,1141.0,13.598413,142963.0,3.2878973,48.173637,2.3968966,97.33869,0.5229715,True,False
Lima,Lima,Los Olivos,"Los Olivos, Lima, Lima",MOVISTAR,202512,202512,0,post_shutdown,0.0,0.0,14.186612,157474.0,3.3811545,45.78154,0.13747014,97.60834,0.37121418,False,True
Lima,Lima,Los Olivos,"Los Olivos, Lima, Lima",MOVISTAR,202601,202512,1,post_shutdown,0.0,0.0,14.104302,160760.0,3.3788116,45.548637,0.022415243,97.82375,0.2864841,False,True
Lima,Lima,Los Olivos,"Los Olivos, Lima, Lima",MOVISTAR,202602,202512,2,post_shutdown,0.0,0.0,13.453126,151292.0,3.8163831,47.907608,0.01933405,98.99073,0.39358872,False,True
Lima,Lima,Los Olivos,"Los Olivos, Lima, Lima",MOVISTAR,202603,202512,3,post_shutdown,0.0,0.0,13.468227,167737.0,3.0095105,48.23764,0.053660292,98.41239,0.40539545,False,True
Lima,Lima,Los Olivos,"Los Olivos, Lima, Lima",MOVISTAR,202604,202512,4,post_shutdown,0.0,0.0,13.451969,139869.0,3.25052,48.747868,0.039078828,98.94102,0.44593367,False,True
Lima,Lima,Los Olivos,"Los Olivos, Lima, Lima",MOVISTAR,202605,202512,5,post_shutdown,0.0,0.0,13.101505,137270.0,3.310563,47.915173,0.01651032,97.57187,0.41870278,False,True
Lima,Lima,Magdalena Del Mar,"Magdalena Del Mar, Lima, Lima",MOVISTAR,202301,202605,-40,pre_shutdown,4.246253,5156.0,11.088647,56071.0,2.4985213,80.3765,9.677178,88.33725,0.975361,True,False
Lima,Lima,Magdalena Del Mar,"Magdalena Del Mar, Lima, Lima",MOVISTAR,202302,202605,-39,pre_shutdown,4.0852046,3710.0,11.657291,39879.0,2.9188795,77.51951,10.461413,85.99662,0.86470455,True,False
Lima,Lima,Magdalena Del Mar,"Magdalena Del Mar, Lima, Lima",MOVISTAR,202303,202605,-38,pre_shutdown,4.722569,4077.0,12.145184,38509.0,2.8391893,73.86862,9.461785,87.81256,0.95157975,True,False
Lima,Lima,Magdalena Del Mar,"Magdalena Del Mar, Lima, Lima",MOVISTAR,202304,202605,-37,pre_shutdown,4.140086,2708.0,12.185431,34822.0,3.0051699,75.35884,9.958229,87.3613,0.87258226,True,False
Lima,Lima,Magdalena Del Mar,"Magdalena Del Mar, Lima, Lima",MOVISTAR,202305,202605,-36,pre_shutdown,5.0983825,3223.0,12.012998,33485.0,2.7219164,76.29158,11.134945,86.33734,0.9387543,True,False
Lima,Lima,Magdalena Del Mar,"Magdalena Del Mar, Lima, Lima",MOVISTAR,202306,202605,-35,pre_shutdown,4.393075,3333.0,10.861582,46169.0,2.3965302,75.10921,12.24177,84.86855,0.9763023,True,False
Lima,Lima,Magdalena Del Mar,"Magdalena Del Mar, Lima, Lima",MOVISTAR,202307,202605,-34,pre_shutdown,4.002009,4276.0,11.039091,57450.0,2.74724,75.12044,12.050068,86.762856,0.9737251,True,False
Lima,Lima,Magdalena Del Mar,"Magdalena Del Mar, Lima, Lima",MOVISTAR,202308,202605,-33,pre_shutdown,4.321555,5587.0,10.767984,63735.0,2.7653794,75.132805,13.177339,85.35807,0.9759289,True,False
Lima,Lima,Magdalena Del Mar,"Magdalena Del Mar, Lima, Lima",MOVISTAR,202309,202605,-32,pre_shutdown,4.3544283,4618.0,10.703073,73451.0,3.2795446,76.7025,9.662938,89.47452,0.9366204,True,False
Lima,Lima,Magdalena Del Mar,"Magdalena Del Mar, Lima, Lima",MOVISTAR,202310,202605,-31,pre_shutdown,4.181609,5820.0,11.031147,78593.0,2.580356,76.25128,11.862246,86.69543,0.777225,True,False
Lima,Lima,Magdalena Del Mar,"Magdalena Del Mar, Lima, Lima",MOVISTAR,202311,202605,-30,pre_shutdown,4.09342,5453.0,10.422827,68873.0,2.744854,76.5046,11.268845,87.246284,0.7683588,True,False
Lima,Lima,Magdalena Del Mar,"Magdalena Del Mar, Lima, Lima",MOVISTAR,202312,202605,-29,pre_shutdown,4.3644614,4469.0,11.33125,71555.0,2.6892262,75.67305,11.196084,87.615425,0.62109864,True,False
Lima,Lima,Magdalena Del Mar,"Magdalena Del Mar, Lima, Lima",MOVISTAR,202401,202605,-28,pre_shutdown,4.3930035,4061.0,11.254694,60438.0,2.9529598,74.456696,10.018995,88.79576,0.7629063,True,False
Lima,Lima,Magdalena Del Mar,"Magdalena Del Mar, Lima, Lima",MOVISTAR,202402,202605,-27,pre_shutdown,3.9515028,3496.0,11.865613,46201.0,2.6481473,75.49955,11.614075,87.28716,0.692467,True,False
Lima,Lima,Magdalena Del Mar,"Magdalena Del Mar, Lima, Lima",MOVISTAR,202403,202605,-26,pre_shutdown,4.07852,2839.0,11.577766,48191.0,2.6787212,74.2475,9.670315,89.27317,0.5101965,True,False
Lima,Lima,Magdalena Del Mar,"Magdalena Del Mar, Lima, Lima",MOVISTAR,202404,202605,-25,pre_shutdown,3.81683,3449.0,10.297591,52578.0,2.5557933,75.096275,9.8526945,88.209724,0.59576976,True,False
Lima,Lima,Magdalena Del Mar,"Magdalena Del Mar, Lima, Lima",MOVISTAR,202405,202605,-24,pre_shutdown,4.071845,3507.0,10.813525,51492.0,2.9886556,74.4651,11.114453,87.21799,0.584818,True,False
Lima,Lima,Magdalena Del Mar,"Magdalena Del Mar, Lima, Lima",MOVISTAR,202406,202605,-23,pre_shutdown,4.170519,3058.0,11.351871,49088.0,2.800015,74.00928,10.88394,86.41878,0.4562089,True,False
Lima,Lima,Magdalena Del Mar,"Magdalena Del Mar, Lima, Lima",MOVISTAR,202407,202605,-22,pre_shutdown,4.207415,3010.0,11.647644,44795.0,3.009568,74.39658,10.185169,88.24754,0.48376063,True,False
Lima,Lima,Magdalena Del Mar,"Magdalena Del Mar, Lima, Lima",MOVISTAR,202408,202605,-21,pre_shutdown,4.4249644,3006.0,11.836908,50461.0,3.1217577,74.438385,9.166117,90.38191,0.46217793,True,False
Lima,Lima,Magdalena Del Mar,"Magdalena Del Mar, Lima, Lima",MOVISTAR,202409,202605,-20,pre_shutdown,4.6380205,4261.0,11.798358,56437.0,3.2532942,69.0702,12.289493,86.87676,0.37792587,True,False
Lima,Lima,Magdalena Del Mar,"Magdalena Del Mar, Lima, Lima",MOVISTAR,202410,202605,-19,pre_shutdown,4.4372845,3649.0,11.940905,61039.0,3.0514941,66.83743,13.379571,85.90437,0.41007802,True,False
Lima,Lima,Magdalena Del Mar,"Magdalena Del Mar, Lima, Lima",MOVISTAR,202411,202605,-18,pre_shutdown,4.738029,5052.0,11.7825165,54029.0,2.7042108,57.743324,13.675247,85.35235,0.35440788,True,False
Lima,Lima,Magdalena Del Mar,"Magdalena Del Mar, Lima, Lima",MOVISTAR,202412,202605,-17,pre_shutdown,5.017219,5609.0,11.610455,51366.0,2.123301,55.89328,14.480302,84.60897,0.3825807,True,False
Lima,Lima,Magdalena Del Mar,"Magdalena Del Mar, Lima, Lima",MOVISTAR,202501,202605,-16,pre_shutdown,4.4543676,6881.0,11.899072,54923.0,2.3636184,57.805264,10.912691,88.49841,0.42210922,True,False
Lima,Lima,Magdalena Del Mar,"Magdalena Del Mar, Lima, Lima",MOVISTAR,202502,202605,-15,pre_shutdown,6.7873015,7371.0,11.178284,47626.0,2.32727,57.614204,13.636003,85.295944,0.37351432,True,False
Lima,Lima,Magdalena Del Mar,"Magdalena Del Mar, Lima, Lima",MOVISTAR,202503,202605,-14,pre_shutdown,10.180331,9074.0,12.019612,61607.0,2.4778903,56.26788,12.484492,86.78684,0.36891478,True,False
Lima,Lima,Magdalena Del Mar,"Magdalena Del Mar, Lima, Lima",MOVISTAR,202504,202605,-13,pre_shutdown,10.93354,11150.0,12.111198,59941.0,3.0207138,61.928524,12.6528015,86.44508,0.4056226,True,False
Lima,Lima,Magdalena Del Mar,"Magdalena Del Mar, Lima, Lima",MOVISTAR,202505,202605,-12,pre_shutdown,9.066692,5873.0,11.650379,51289.0,3.169115,63.411263,12.547862,86.554,0.39732912,True,False
Lima,Lima,Magdalena Del Mar,"Magdalena Del Mar, Lima, Lima",MOVISTAR,202506,202605,-11,pre_shutdown,5.297824,2493.0,11.689791,40644.0,2.5216093,60.699596,13.307542,85.7914,0.38819408,True,False
Lima,Lima,Magdalena Del Mar,"Magdalena Del Mar, Lima, Lima",MOVISTAR,202507,202605,-10,pre_shutdown,5.0056705,2053.0,12.591072,35673.0,2.2891748,53.27692,13.766663,85.21268,0.5325688,True,False
Lima,Lima,Magdalena Del Mar,"Magdalena Del Mar, Lima, Lima",MOVISTAR,202508,202605,-9,pre_shutdown,5.4253387,1336.0,12.702732,41306.0,2.6851125,52.579235,14.396369,84.45097,0.45926327,True,False
Lima,Lima,Magdalena Del Mar,"Magdalena Del Mar, Lima, Lima",MOVISTAR,202509,202605,-8,pre_shutdown,5.5225835,1176.0,13.614286,43652.0,2.322535,52.70504,11.454253,87.60161,0.560131,True,False
Lima,Lima,Magdalena Del Mar,"Magdalena Del Mar, Lima, Lima",MOVISTAR,202510,202605,-7,pre_shutdown,6.14902,1612.0,13.498199,45566.0,2.4937062,53.39413,8.958747,89.31038,0.5224399,True,False
Lima,Lima,Magdalena Del Mar,"Magdalena Del Mar, Lima, Lima",MOVISTAR,202511,202605,-6,pre_shutdown,4.8641596,4735.0,13.117521,37276.0,2.3813305,51.009445,11.672379,86.64233,0.6295657,True,False
Lima,Lima,Magdalena Del Mar,"Magdalena Del Mar, Lima, Lima",MOVISTAR,202512,202605,-5,pre_shutdown,5.2038693,1014.0,12.489814,29147.0,2.447304,48.707542,12.945025,85.19173,0.653852,True,False
Lima,Lima,Magdalena Del Mar,"Magdalena Del Mar, Lima, Lima",MOVISTAR,202601,202605,-4,pre_shutdown,5.309388,1217.0,13.351257,34147.0,2.5843115,48.84967,13.45532,83.99303,0.52932835,True,False
Lima,Lima,Magdalena Del Mar,"Magdalena Del Mar, Lima, Lima",MOVISTAR,202602,202605,-3,pre_shutdown,5.424341,591.0,13.156872,33418.0,2.5947306,48.294323,12.035188,86.06345,0.52858305,True,False
Lima,Lima,Magdalena Del Mar,"Magdalena Del Mar, Lima, Lima",MOVISTAR,202603,202605,-2,pre_shutdown,6.3227634,1199.0,13.885015,36325.0,2.782885,49.26147,10.538041,87.30313,0.5130372,True,False
Lima,Lima,Magdalena Del Mar,"Magdalena Del Mar, Lima, Lima",MOVISTAR,202604,202605,-1,pre_shutdown,5.0119915,691.0,13.096503,32188.0,2.955959,49.90227,5.14587,89.562004,0.520497,True,False
Lima,Lima,Magdalena Del Mar,"Magdalena Del Mar, Lima, Lima",MOVISTAR,202605,202605,0,post_shutdown,0.0,0.0,13.762464,40574.0,3.2273765,48.963474,0.16482395,94.58883,0.4955051,False,True
Lima,Lima,Puente Piedra,"Puente Piedra, Lima, Lima",MOVISTAR,202301,202512,-35,pre_shutdown,2.9975753,14402.0,9.811538,158497.0,4.250922,79.889496,7.29847,90.87404,1.3579761,True,False
Lima,Lima,Puente Piedra,"Puente Piedra, Lima, Lima",MOVISTAR,202302,202512,-34,pre_shutdown,3.1039114,13035.0,9.43902,129258.0,3.6777048,77.50835,7.5932117,91.03092,1.3306843,True,False
Lima,Lima,Puente Piedra,"Puente Piedra, Lima, Lima",MOVISTAR,202303,202512,-33,pre_shutdown,2.84051,11005.0,9.578282,130659.0,4.0918145,74.42692,6.259373,92.29774,1.207623,True,False
Lima,Lima,Puente Piedra,"Puente Piedra, Lima, Lima",MOVISTAR,202304,202512,-32,pre_shutdown,3.0549324,12748.0,9.807586,126232.0,4.1832867,74.90474,7.0918856,90.39166,1.0637296,True,False
Lima,Lima,Puente Piedra,"Puente Piedra, Lima, Lima",MOVISTAR,202305,202512,-31,pre_shutdown,3.8374858,14473.0,10.197897,136500.0,4.0107703,76.618454,6.4276195,91.55389,1.0317223,True,False
Lima,Lima,Puente Piedra,"Puente Piedra, Lima, Lima",MOVISTAR,202306,202512,-30,pre_shutdown,3.1180518,16863.0,10.151093,145173.0,3.759504,75.14738,7.936046,89.71126,1.1588936,True,False
Lima,Lima,Puente Piedra,"Puente Piedra, Lima, Lima",MOVISTAR,202307,202512,-29,pre_shutdown,2.8298628,18451.0,9.739036,179293.0,3.379741,75.26837,7.2654095,90.870705,1.0448258,True,False
Lima,Lima,Puente Piedra,"Puente Piedra, Lima, Lima",MOVISTAR,202308,202512,-28,pre_shutdown,2.999837,21096.0,9.578519,159593.0,2.9025471,74.98384,7.904451,91.043304,0.96570593,True,False
Lima,Lima,Puente Piedra,"Puente Piedra, Lima, Lima",MOVISTAR,202309,202512,-27,pre_shutdown,3.50092,19692.0,10.445403,174656.0,3.903935,76.33992,7.4338264,90.874916,0.88611454,True,False
Lima,Lima,Puente Piedra,"Puente Piedra, Lima, Lima",MOVISTAR,202310,202512,-26,pre_shutdown,3.176189,20605.0,9.733292,170848.0,3.958012,76.08753,8.935212,89.745346,0.9367693,True,False
Lima,Lima,Puente Piedra,"Puente Piedra, Lima, Lima",MOVISTAR,202311,202512,-25,pre_shutdown,3.1099188,19901.0,9.9946,162383.0,3.684541,76.35022,7.7536216,91.38218,0.92687565,True,False
Lima,Lima,Puente Piedra,"Puente Piedra, Lima, Lima",MOVISTAR,202312,202512,-24,pre_shutdown,2.9110847,18981.0,9.861002,167869.0,3.4534705,75.30001,7.893843,90.95739,0.7513387,True,False
Lima,Lima,Puente Piedra,"Puente Piedra, Lima, Lima",MOVISTAR,202401,202512,-23,pre_shutdown,3.0015721,19726.0,9.8428755,134259.0,3.1530812,75.02786,8.858666,89.39356,0.8014814,True,False
Lima,Lima,Puente Piedra,"Puente Piedra, Lima, Lima",MOVISTAR,202402,202512,-22,pre_shutdown,2.9533222,16090.0,10.057552,114785.0,3.1940396,75.24394,8.038367,91.04759,0.79075426,True,False
Lima,Lima,Puente Piedra,"Puente Piedra, Lima, Lima",MOVISTAR,202403,202512,-21,pre_shutdown,3.5232062,19721.0,10.540512,148273.0,3.462062,73.80385,8.540232,90.32451,0.804103,True,False
Lima,Lima,Puente Piedra,"Puente Piedra, Lima, Lima",MOVISTAR,202404,202512,-20,pre_shutdown,3.1873317,17501.0,10.4182205,137289.0,3.4944456,73.10368,7.8494897,90.80538,0.7698161,True,False
Lima,Lima,Puente Piedra,"Puente Piedra, Lima, Lima",MOVISTAR,202405,202512,-19,pre_shutdown,3.0643427,15350.0,9.835898,128452.0,3.6049109,72.45512,7.4008093,90.56027,0.7658871,True,False
Lima,Lima,Puente Piedra,"Puente Piedra, Lima, Lima",MOVISTAR,202406,202512,-18,pre_shutdown,2.9254825,15417.0,10.060685,133290.0,3.9615963,74.07366,7.659667,90.19307,0.6719449,True,False
Lima,Lima,Puente Piedra,"Puente Piedra, Lima, Lima",MOVISTAR,202407,202512,-17,pre_shutdown,3.5256345,12297.0,10.348127,110800.0,3.978104,74.30396,6.710246,92.01024,0.65799284,True,False
Lima,Lima,Puente Piedra,"Puente Piedra, Lima, Lima",MOVISTAR,202408,202512,-16,pre_shutdown,3.35473,10268.0,10.701497,100752.0,3.5933516,74.59343,6.1810513,92.53592,0.7525526,True,False
Lima,Lima,Puente Piedra,"Puente Piedra, Lima, Lima",MOVISTAR,202409,202512,-15,pre_shutdown,3.4384515,10256.0,9.956507,111839.0,3.7530782,70.85923,5.6201262,93.27913,0.7630916,True,False
Lima,Lima,Puente Piedra,"Puente Piedra, Lima, Lima",MOVISTAR,202410,202512,-14,pre_shutdown,3.4599857,12479.0,9.849911,129367.0,3.3663752,67.799515,5.5590725,93.49086,0.70899284,True,False
Lima,Lima,Puente Piedra,"Puente Piedra, Lima, Lima",MOVISTAR,202411,202512,-13,pre_shutdown,3.334664,12301.0,9.830922,128733.0,3.2859595,58.103477,6.0993476,92.31661,0.75163865,True,False
Lima,Lima,Puente Piedra,"Puente Piedra, Lima, Lima",MOVISTAR,202412,202512,-12,pre_shutdown,3.3658388,11043.0,10.227809,119284.0,3.7159855,55.047943,5.104077,93.60822,0.6912243,True,False
Lima,Lima,Puente Piedra,"Puente Piedra, Lima, Lima",MOVISTAR,202501,202512,-11,pre_shutdown,3.3538465,10674.0,10.933811,109175.0,3.3407438,55.089348,6.0516887,92.79963,0.74667686,True,False
Lima,Lima,Puente Piedra,"Puente Piedra, Lima, Lima",MOVISTAR,202502,202512,-10,pre_shutdown,3.6677983,6181.0,11.44663,119615.0,3.4395583,54.28831,5.4223905,93.86336,0.8296976,True,False
Lima,Lima,Puente Piedra,"Puente Piedra, Lima, Lima",MOVISTAR,202503,202512,-9,pre_shutdown,3.738574,4096.0,11.618174,142389.0,3.0443225,52.81547,5.761364,93.78581,0.7229021,True,False
Lima,Lima,Puente Piedra,"Puente Piedra, Lima, Lima",MOVISTAR,202504,202512,-8,pre_shutdown,4.0675187,4774.0,12.964711,145706.0,3.1932635,57.733566,6.1123047,93.29482,0.7082732,True,False
Lima,Lima,Puente Piedra,"Puente Piedra, Lima, Lima",MOVISTAR,202505,202512,-7,pre_shutdown,3.719331,3343.0,13.085265,138963.0,2.9481308,58.210995,5.561581,94.11417,0.7808549,True,False
Lima,Lima,Puente Piedra,"Puente Piedra, Lima, Lima",MOVISTAR,202506,202512,-6,pre_shutdown,3.9171345,2914.0,12.449143,149881.0,2.8463154,57.372913,4.5690036,94.87167,0.8056914,True,False
Lima,Lima,Puente Piedra,"Puente Piedra, Lima, Lima",MOVISTAR,202507,202512,-5,pre_shutdown,4.0608964,3534.0,11.789668,139653.0,2.866079,51.581104,4.413857,95.18742,0.96103793,True,False
Lima,Lima,Puente Piedra,"Puente Piedra, Lima, Lima",MOVISTAR,202508,202512,-4,pre_shutdown,4.6901584,3401.0,12.171505,134252.0,3.313476,50.89362,3.9720485,95.655594,0.87640035,True,False
Lima,Lima,Puente Piedra,"Puente Piedra, Lima, Lima",MOVISTAR,202509,202512,-3,pre_shutdown,4.8611827,1904.0,12.3390255,91853.0,2.883476,51.01834,3.1026032,96.49811,0.8609073,True,False
Lima,Lima,Puente Piedra,"Puente Piedra, Lima, Lima",MOVISTAR,202510,202512,-2,pre_shutdown,5.8089542,1892.0,12.811709,104574.0,2.9190109,53.775223,2.4438224,97.338005,0.9711173,True,False
Lima,Lima,Puente Piedra,"Puente Piedra, Lima, Lima",MOVISTAR,202511,202512,-1,pre_shutdown,6.272359,1188.0,12.658836,96503.0,2.9338493,51.35569,2.6217139,97.00278,0.85631293,True,False
Lima,Lima,Puente Piedra,"Puente Piedra, Lima, Lima",MOVISTAR,202512,202512,0,post_shutdown,0.0,0.0,13.04161,103928.0,2.882837,47.783646,0.08345517,97.47865,0.6092508,False,True
Lima,Lima,Puente Piedra,"Puente Piedra, Lima, Lima",MOVISTAR,202601,202512,1,post_shutdown,0.0,0.0,13.066684,108392.0,2.7647097,47.64369,0.22145522,97.98821,0.5127641,False,True
Lima,Lima,Puente Piedra,"Puente Piedra, Lima, Lima",MOVISTAR,202602,202512,2,post_shutdown,0.0,0.0,13.604299,115176.0,2.9390213,50.144985,0.09962717,99.14808,0.7361017,False,True
Lima,Lima,Puente Piedra,"Puente Piedra, Lima, Lima",MOVISTAR,202603,202512,3,post_shutdown,0.0,0.0,13.431136,122537.0,2.9887722,52.26103,0.041645132,99.02365,0.7907179,False,True
Lima,Lima,Puente Piedra,"Puente Piedra, Lima, Lima",MOVISTAR,202604,202512,4,post_shutdown,0.0,0.0,13.860408,107915.0,3.3700447,50.750813,0.054869473,99.07777,0.8294463,False,True
Lima,Lima,Puente Piedra,"Puente Piedra, Lima, Lima",MOVISTAR,202605,202512,5,post_shutdown,0.0,0.0,13.007663,121217.0,3.9132419,49.35783,0.10646501,98.93336,0.7561848,False,True
Lima,Lima,Punta Negra,"Punta Negra, Lima, Lima",MOVISTAR,202301,202504,-27,pre_shutdown,3.9061875,1013.0,10.329107,10169.0,2.8995388,81.75846,6.165547,93.46756,1.4263787,True,False
Lima,Lima,Punta Negra,"Punta Negra, Lima, Lima",MOVISTAR,202302,202504,-26,pre_shutdown,4.101465,685.0,11.037755,9207.0,4.5967436,78.7775,6.7880864,91.72807,0.94187856,True,False
Lima,Lima,Punta Negra,"Punta Negra, Lima, Lima",MOVISTAR,202303,202504,-25,pre_shutdown,4.194305,420.0,12.873434,6592.0,4.880187,74.683975,4.265153,94.74364,1.117245,True,False
Lima,Lima,Punta Negra,"Punta Negra, Lima, Lima",MOVISTAR,202304,202504,-24,pre_shutdown,4.9797745,1994.0,16.019503,11189.0,5.1334066,74.008675,8.599922,90.35575,0.98874134,True,False
Lima,Lima,Punta Negra,"Punta Negra, Lima, Lima",MOVISTAR,202305,202504,-23,pre_shutdown,5.0822706,2074.0,15.616471,5843.0,4.784529,75.30719,14.337904,85.391846,0.7624064,True,False
Lima,Lima,Punta Negra,"Punta Negra, Lima, Lima",MOVISTAR,202306,202504,-22,pre_shutdown,4.7894297,1044.0,13.548782,7044.0,0.0,76.01971,3.641954,95.73372,0.8978723,True,False
Lima,Lima,Punta Negra,"Punta Negra, Lima, Lima",MOVISTAR,202307,202504,-21,pre_shutdown,4.927996,2163.0,12.326016,10137.0,4.121809,75.44003,7.3491325,91.91722,1.0045308,True,False
Lima,Lima,Punta Negra,"Punta Negra, Lima, Lima",MOVISTAR,202308,202504,-20,pre_shutdown,5.0171127,3831.0,12.654407,15413.0,4.610911,72.70346,11.667097,82.36345,1.1511024,True,False
Lima,Lima,Punta Negra,"Punta Negra, Lima, Lima",MOVISTAR,202309,202504,-19,pre_shutdown,5.747615,3121.0,10.685524,12110.0,4.522989,76.66208,12.25036,87.07443,0.9964682,True,False
Lima,Lima,Punta Negra,"Punta Negra, Lima, Lima",MOVISTAR,202310,202504,-18,pre_shutdown,4.3048544,1156.0,13.805149,16911.0,3.6460376,71.63812,4.7888627,94.26166,0.8472647,True,False
Lima,Lima,Punta Negra,"Punta Negra, Lima, Lima",MOVISTAR,202311,202504,-17,pre_shutdown,4.9767404,1619.0,13.236857,15678.0,4.510653,72.17464,5.266629,93.883995,0.9058358,True,False
Lima,Lima,Punta Negra,"Punta Negra, Lima, Lima",MOVISTAR,202312,202504,-16,pre_shutdown,4.447972,1121.0,16.377127,19439.0,4.0126357,71.09403,6.72596,92.367325,0.69861263,True,False
Lima,Lima,Punta Negra,"Punta Negra, Lima, Lima",MOVISTAR,202401,202504,-15,pre_shutdown,3.3898647,1590.0,12.11881,17448.0,3.7131023,72.04486,6.4382763,92.59558,0.7799924,True,False
Lima,Lima,Punta Negra,"Punta Negra, Lima, Lima",MOVISTAR,202402,202504,-14,pre_shutdown,3.783958,2336.0,12.024895,18133.0,3.752557,73.786285,8.802296,89.74244,0.70061517,True,False
Lima,Lima,Punta Negra,"Punta Negra, Lima, Lima",MOVISTAR,202403,202504,-13,pre_shutdown,3.46832,2035.0,12.039446,19804.0,3.7054658,72.71063,12.112067,86.585655,0.6311734,True,False
Lima,Lima,Punta Negra,"Punta Negra, Lima, Lima",MOVISTAR,202404,202504,-12,pre_shutdown,5.1076894,2082.0,11.839953,17004.0,3.2925675,73.505615,6.9052134,91.57061,0.66701263,True,False
Lima,Lima,Punta Negra,"Punta Negra, Lima, Lima",MOVISTAR,202405,202504,-11,pre_shutdown,4.287953,834.0,11.355698,11113.0,3.794497,73.856476,7.53754,91.62767,0.90945476,True,False
Lima,Lima,Punta Negra,"Punta Negra, Lima, Lima",MOVISTAR,202406,202504,-10,pre_shutdown,4.169586,1649.0,11.115817,9007.0,5.807202,72.12192,11.749643,87.4028,0.6052524,True,False
Lima,Lima,Punta Negra,"Punta Negra, Lima, Lima",MOVISTAR,202407,202504,-9,pre_shutdown,5.5711656,1300.0,10.270212,8299.0,4.217808,73.30447,13.933134,80.12026,0.98492354,True,False
Lima,Lima,Punta Negra,"Punta Negra, Lima, Lima",MOVISTAR,202408,202504,-8,pre_shutdown,6.8578954,1616.0,9.59859,11633.0,2.761061,76.44314,8.90702,90.334656,0.7423301,True,False
Lima,Lima,Punta Negra,"Punta Negra, Lima, Lima",MOVISTAR,202409,202504,-7,pre_shutdown,5.42429,1199.0,9.538442,7022.0,3.0066175,72.484436,12.203278,86.9241,0.5870009,True,False
Lima,Lima,Punta Negra,"Punta Negra, Lima, Lima",MOVISTAR,202410,202504,-6,pre_shutdown,4.249499,1004.0,11.394876,7005.0,3.6479619,67.65242,15.894566,82.86992,0.40683183,True,False
Lima,Lima,Punta Negra,"Punta Negra, Lima, Lima",MOVISTAR,202411,202504,-5,pre_shutdown,4.111557,839.0,10.6945915,7470.0,3.7289128,56.661987,12.123881,86.73031,0.4543886,True,False
Lima,Lima,Punta Negra,"Punta Negra, Lima, Lima",MOVISTAR,202412,202504,-4,pre_shutdown,5.0493913,659.0,10.210629,5143.0,3.0249195,56.7673,10.849012,88.48272,0.40036163,True,False
Lima,Lima,Punta Negra,"Punta Negra, Lima, Lima",MOVISTAR,202501,202504,-3,pre_shutdown,6.05327,672.0,11.351161,7370.0,3.960229,56.61714,16.521034,83.02528,0.40809083,True,False
Lima,Lima,Punta Negra,"Punta Negra, Lima, Lima",MOVISTAR,202502,202504,-2,pre_shutdown,4.292592,671.0,11.628479,5826.0,4.4214187,50.54949,9.361743,89.98746,0.4096152,True,False
Lima,Lima,Punta Negra,"Punta Negra, Lima, Lima",MOVISTAR,202503,202504,-1,pre_shutdown,4.655847,710.0,12.23936,12495.0,4.546571,49.379257,8.182654,91.46665,0.43513426,True,False
Lima,Lima,Punta Negra,"Punta Negra, Lima, Lima",MOVISTAR,202504,202504,0,post_shutdown,0.0,0.0,11.016806,13116.0,4.06876,54.456112,3.3030775,96.11951,0.4770342,False,True
Lima,Lima,Punta Negra,"Punta Negra, Lima, Lima",MOVISTAR,202505,202504,1,post_shutdown,0.0,0.0,11.744999,11913.0,4.4600053,55.458252,2.5757422,96.99751,0.3628574,False,True
Lima,Lima,Punta Negra,"Punta Negra, Lima, Lima",MOVISTAR,202506,202504,2,post_shutdown,0.0,0.0,13.318779,10014.0,4.9381967,51.3328,3.059634,96.51908,0.43966782,False,True
Lima,Lima,Punta Negra,"Punta Negra, Lima, Lima",MOVISTAR,202507,202504,3,post_shutdown,0.0,0.0,13.191428,8819.0,4.017632,43.342216,0.86845046,98.60885,0.24579483,False,True
Lima,Lima,Punta Negra,"Punta Negra, Lima, Lima",MOVISTAR,202508,202504,4,post_shutdown,0.0,0.0,11.794946,8117.0,4.23,43.6585,1.3426162,98.40253,0.3849538,False,True
Lima,Lima,Punta Negra,"Punta Negra, Lima, Lima",MOVISTAR,202509,202504,5,post_shutdown,0.0,0.0,13.077458,8118.0,0.0,41.915833,2.268123,97.35392,0.3753541,False,True
Lima,Lima,Punta Negra,"Punta Negra, Lima, Lima",MOVISTAR,202510,202504,6,post_shutdown,0.0,0.0,12.958804,6562.0,0.0,45.396683,2.1529148,97.39336,0.48682022,False,True
Lima,Lima,Punta Negra,"Punta Negra, Lima, Lima",MOVISTAR,202511,202504,7,post_shutdown,0.0,0.0,13.48116,3818.0,2.5172157,45.418056,1.5205542,96.939384,0.37087497,False,True
Lima,Lima,Punta Negra,"Punta Negra, Lima, Lima",MOVISTAR,202512,202504,8,post_shutdown,0.0,0.0,15.415294,8259.0,2.5074577,42.843067,0.22080678,95.89554,0.32719088,False,True
Lima,Lima,Punta Negra,"Punta Negra, Lima, Lima",MOVISTAR,202601,202504,9,post_shutdown,0.0,0.0,13.755589,10266.0,3.0909607,45.351387,0.13506626,95.65798,0.30699497,False,True
Lima,Lima,Punta Negra,"Punta Negra, Lima, Lima",MOVISTAR,202602,202504,10,post_shutdown,0.0,0.0,11.603345,9628.0,4.00144,47.669838,0.07874191,95.70029,0.3065466,False,True
Lima,Lima,Punta Negra,"Punta Negra, Lima, Lima",MOVISTAR,202603,202504,11,post_shutdown,0.0,0.0,13.954694,8781.0,4.384952,45.01167,0.12724963,93.95445,0.22222222,False,True
Lima,Lima,Punta Negra,"Punta Negra, Lima, Lima",MOVISTAR,202604,202504,12,post_shutdown,0.0,0.0,16.884764,6873.0,3.9191148,45.115498,0.05536893,95.87491,0.24221453,False,True
Lima,Lima,Punta Negra,"Punta Negra, Lima, Lima",MOVISTAR,202605,202504,13,post_shutdown,0.0,0.0,17.075724,4192.0,0.0,43.73353,0.24027129,82.52904,0.27909335,False,True
Lima,Lima,Rimac,"Rimac, Lima, Lima",MOVISTAR,202301,202605,-40,pre_shutdown,3.1433344,9576.0,8.822951,78399.0,3.7163801,80.81622,8.917962,89.33339,1.5203665,True,False
Lima,Lima,Rimac,"Rimac, Lima, Lima",MOVISTAR,202302,202605,-39,pre_shutdown,3.33261,7158.0,8.543603,70739.0,4.3203773,78.16066,8.763486,89.19841,1.3878268,True,False
Lima,Lima,Rimac,"Rimac, Lima, Lima",MOVISTAR,202303,202605,-38,pre_shutdown,3.8667748,9002.0,8.723358,72192.0,3.578559,75.91249,8.561773,89.342995,1.3806798,True,False
Lima,Lima,Rimac,"Rimac, Lima, Lima",MOVISTAR,202304,202605,-37,pre_shutdown,3.3821685,7987.0,8.992168,66732.0,4.392944,75.12766,8.700618,89.457466,1.2462218,True,False
Lima,Lima,Rimac,"Rimac, Lima, Lima",MOVISTAR,202305,202605,-36,pre_shutdown,3.6836376,9530.0,9.624386,72134.0,4.177284,76.41964,6.947299,91.18469,1.3294032,True,False
Lima,Lima,Rimac,"Rimac, Lima, Lima",MOVISTAR,202306,202605,-35,pre_shutdown,3.08652,10347.0,9.706268,82315.0,3.8220313,75.22046,7.185997,91.36827,1.3968576,True,False
Lima,Lima,Rimac,"Rimac, Lima, Lima",MOVISTAR,202307,202605,-34,pre_shutdown,2.9552965,12371.0,9.400618,98098.0,3.4719245,75.21606,6.889828,91.18835,1.3448724,True,False
Lima,Lima,Rimac,"Rimac, Lima, Lima",MOVISTAR,202308,202605,-33,pre_shutdown,2.8652523,13263.0,9.749641,94764.0,4.0308104,74.79622,7.1823235,90.39887,1.2820668,True,False
Lima,Lima,Rimac,"Rimac, Lima, Lima",MOVISTAR,202309,202605,-32,pre_shutdown,2.8102243,16330.0,9.505797,107523.0,3.6300244,76.71806,7.0465236,90.788536,1.2684518,True,False
Lima,Lima,Rimac,"Rimac, Lima, Lima",MOVISTAR,202310,202605,-31,pre_shutdown,3.0759406,16268.0,10.141972,125131.0,3.6808283,75.84389,6.93464,91.48111,1.230214,True,False
Lima,Lima,Rimac,"Rimac, Lima, Lima",MOVISTAR,202311,202605,-30,pre_shutdown,2.8950174,15869.0,9.838665,107288.0,3.5323133,77.135,7.9505506,90.448364,1.2201338,True,False
Lima,Lima,Rimac,"Rimac, Lima, Lima",MOVISTAR,202312,202605,-29,pre_shutdown,3.1216319,14334.0,9.462606,113255.0,3.1793718,75.369225,8.420842,90.18134,0.9878922,True,False
Lima,Lima,Rimac,"Rimac, Lima, Lima",MOVISTAR,202401,202605,-28,pre_shutdown,3.1714134,12574.0,9.302828,100930.0,2.7539296,74.67395,7.8383956,90.37417,0.92772645,True,False
Lima,Lima,Rimac,"Rimac, Lima, Lima",MOVISTAR,202402,202605,-27,pre_shutdown,3.197326,12656.0,8.878947,87193.0,2.557819,75.39755,9.0697775,87.88315,1.0115352,True,False
Lima,Lima,Rimac,"Rimac, Lima, Lima",MOVISTAR,202403,202605,-26,pre_shutdown,3.209457,13239.0,8.545375,87964.0,3.2441003,75.313896,7.6852837,89.7005,1.041168,True,False
Lima,Lima,Rimac,"Rimac, Lima, Lima",MOVISTAR,202404,202605,-25,pre_shutdown,2.9296262,12921.0,8.654168,100454.0,2.7952294,74.393654,6.2346716,90.69362,0.9354257,True,False
Lima,Lima,Rimac,"Rimac, Lima, Lima",MOVISTAR,202405,202605,-24,pre_shutdown,2.89133,12156.0,9.0876875,103487.0,3.1997812,74.624084,7.1180625,90.89173,0.9833947,True,False
Lima,Lima,Rimac,"Rimac, Lima, Lima",MOVISTAR,202406,202605,-23,pre_shutdown,3.0241838,13037.0,9.013851,88783.0,3.3317354,75.60736,6.130723,91.3725,0.87505937,True,False
Lima,Lima,Rimac,"Rimac, Lima, Lima",MOVISTAR,202407,202605,-22,pre_shutdown,3.199503,11096.0,9.080052,85483.0,3.0876322,75.96969,8.761821,88.63855,0.88805306,True,False
Lima,Lima,Rimac,"Rimac, Lima, Lima",MOVISTAR,202408,202605,-21,pre_shutdown,3.6135068,13388.0,9.687551,86933.0,3.458716,74.551254,7.7954545,90.493095,0.7781394,True,False
Lima,Lima,Rimac,"Rimac, Lima, Lima",MOVISTAR,202409,202605,-20,pre_shutdown,3.22754,11392.0,9.370209,94408.0,3.2170706,71.11367,7.375516,91.03441,0.75541735,True,False
Lima,Lima,Rimac,"Rimac, Lima, Lima",MOVISTAR,202410,202605,-19,pre_shutdown,4.191833,13322.0,9.501718,99819.0,3.1420956,69.231316,7.5018272,91.05405,0.7943373,True,False
Lima,Lima,Rimac,"Rimac, Lima, Lima",MOVISTAR,202411,202605,-18,pre_shutdown,3.6619768,8094.0,9.152255,90200.0,3.0879998,58.908554,7.053328,91.45648,0.789051,True,False
Lima,Lima,Rimac,"Rimac, Lima, Lima",MOVISTAR,202412,202605,-17,pre_shutdown,4.829795,6507.0,10.533954,88144.0,2.9953585,55.39367,6.4560623,92.440056,0.679982,True,False
Lima,Lima,Rimac,"Rimac, Lima, Lima",MOVISTAR,202501,202605,-16,pre_shutdown,5.056621,4361.0,11.332175,78656.0,3.2869048,55.260227,8.731022,90.18107,0.7584339,True,False
Lima,Lima,Rimac,"Rimac, Lima, Lima",MOVISTAR,202502,202605,-15,pre_shutdown,3.9569333,2851.0,10.481412,77416.0,3.027957,54.728912,7.9532585,90.79463,0.8485067,True,False
Lima,Lima,Rimac,"Rimac, Lima, Lima",MOVISTAR,202503,202605,-14,pre_shutdown,3.9451432,2143.0,10.353876,84226.0,2.7359939,54.0335,8.18058,90.75997,0.9947546,True,False
Lima,Lima,Rimac,"Rimac, Lima, Lima",MOVISTAR,202504,202605,-13,pre_shutdown,4.8492475,2893.0,11.056992,87408.0,2.866725,57.94584,7.70985,91.56165,1.009675,True,False
Lima,Lima,Rimac,"Rimac, Lima, Lima",MOVISTAR,202505,202605,-12,pre_shutdown,4.168778,2434.0,10.2494755,89855.0,3.1310968,59.667458,8.646906,90.524475,1.1603202,True,False
Lima,Lima,Rimac,"Rimac, Lima, Lima",MOVISTAR,202506,202605,-11,pre_shutdown,3.5068471,2371.0,10.783935,85242.0,3.0508416,59.01321,8.070937,90.68307,1.1519743,True,False
Lima,Lima,Rimac,"Rimac, Lima, Lima",MOVISTAR,202507,202605,-10,pre_shutdown,4.2129517,1854.0,12.078798,82918.0,2.9441214,52.93684,7.306175,91.835915,1.1232295,True,False
Lima,Lima,Rimac,"Rimac, Lima, Lima",MOVISTAR,202508,202605,-9,pre_shutdown,4.104808,1449.0,11.605519,92075.0,3.165109,52.737064,5.1967816,93.7166,1.2786915,True,False
Lima,Lima,Rimac,"Rimac, Lima, Lima",MOVISTAR,202509,202605,-8,pre_shutdown,4.2336636,1426.0,11.117629,77946.0,2.9706728,52.915268,6.0321565,92.96115,1.1532639,True,False
Lima,Lima,Rimac,"Rimac, Lima, Lima",MOVISTAR,202510,202605,-7,pre_shutdown,5.3257995,1532.0,11.332411,64261.0,2.9795582,54.51083,7.01015,91.94989,1.2471851,True,False
Lima,Lima,Rimac,"Rimac, Lima, Lima",MOVISTAR,202511,202605,-6,pre_shutdown,5.47385,1029.0,11.665766,59871.0,3.1748955,51.526848,5.3031645,94.37243,1.1232548,True,False
Lima,Lima,Rimac,"Rimac, Lima, Lima",MOVISTAR,202512,202605,-5,pre_shutdown,5.226487,574.0,11.339653,61856.0,2.6881566,50.829185,4.2079086,95.30497,1.0274839,True,False
Lima,Lima,Rimac,"Rimac, Lima, Lima",MOVISTAR,202601,202605,-4,pre_shutdown,6.536751,670.0,12.32361,54670.0,3.2220416,52.13733,5.7573633,93.65267,1.0710986,True,False
Lima,Lima,Rimac,"Rimac, Lima, Lima",MOVISTAR,202602,202605,-3,pre_shutdown,5.0471034,913.0,12.354419,57273.0,3.2852712,52.867023,4.7419086,94.65292,1.1338176,True,False
Lima,Lima,Rimac,"Rimac, Lima, Lima",MOVISTAR,202603,202605,-2,pre_shutdown,6.4800673,772.0,12.997119,69116.0,2.523733,51.286434,3.843071,95.7419,0.9587131,True,False
Lima,Lima,Rimac,"Rimac, Lima, Lima",MOVISTAR,202604,202605,-1,pre_shutdown,7.229455,641.0,12.94118,72773.0,2.5977728,48.995117,2.12415,97.04072,0.7656523,True,False
Lima,Lima,Rimac,"Rimac, Lima, Lima",MOVISTAR,202605,202605,0,post_shutdown,0.0,0.0,13.089513,68192.0,3.0893166,48.717583,0.0060638543,98.852165,0.7186322,False,True
Lima,Lima,San Isidro,"San Isidro, Lima, Lima",MOVISTAR,202301,202605,-40,pre_shutdown,4.69211,13943.0,12.35565,189366.0,3.0672846,79.418144,3.8312418,94.97553,0.9207514,True,False
Lima,Lima,San Isidro,"San Isidro, Lima, Lima",MOVISTAR,202302,202605,-39,pre_shutdown,4.9838095,15299.0,11.95827,160820.0,3.1151266,77.32613,4.330622,94.57263,0.9352279,True,False
Lima,Lima,San Isidro,"San Isidro, Lima, Lima",MOVISTAR,202303,202605,-38,pre_shutdown,4.662439,13005.0,11.508527,162368.0,3.0115526,74.79014,3.9139647,95.04273,0.8547642,True,False
Lima,Lima,San Isidro,"San Isidro, Lima, Lima",MOVISTAR,202304,202605,-37,pre_shutdown,4.9279075,13846.0,11.697348,149849.0,3.853901,74.650085,4.2090163,94.86055,0.7464632,True,False
Lima,Lima,San Isidro,"San Isidro, Lima, Lima",MOVISTAR,202305,202605,-36,pre_shutdown,4.505234,12369.0,11.450236,156807.0,3.974424,76.479126,4.5528917,94.16121,0.83546436,True,False
Lima,Lima,San Isidro,"San Isidro, Lima, Lima",MOVISTAR,202306,202605,-35,pre_shutdown,4.488915,15975.0,11.490786,190223.0,3.8364966,74.157776,4.903136,93.857056,0.88702965,True,False
Lima,Lima,San Isidro,"San Isidro, Lima, Lima",MOVISTAR,202307,202605,-34,pre_shutdown,5.1569433,19608.0,12.081759,224155.0,3.5518398,74.161285,5.2703557,93.763214,0.8759763,True,False
Lima,Lima,San Isidro,"San Isidro, Lima, Lima",MOVISTAR,202308,202605,-33,pre_shutdown,6.1731668,22174.0,12.136699,230877.0,3.3897688,74.019104,5.5877876,93.211464,0.829976,True,False
Lima,Lima,San Isidro,"San Isidro, Lima, Lima",MOVISTAR,202309,202605,-32,pre_shutdown,5.454186,23560.0,12.280084,245026.0,3.5547767,75.786224,6.022849,93.11439,0.81216383,True,False
Lima,Lima,San Isidro,"San Isidro, Lima, Lima",MOVISTAR,202310,202605,-31,pre_shutdown,5.0706563,26343.0,12.264312,264196.0,3.263164,74.45327,5.10377,93.90852,0.7989287,True,False
Lima,Lima,San Isidro,"San Isidro, Lima, Lima",MOVISTAR,202311,202605,-30,pre_shutdown,4.8975368,22022.0,12.160471,249756.0,3.200209,74.899895,5.921962,92.96169,0.846658,True,False
Lima,Lima,San Isidro,"San Isidro, Lima, Lima",MOVISTAR,202312,202605,-29,pre_shutdown,5.0858116,20436.0,12.738808,236772.0,3.165785,74.782196,6.061394,92.832596,0.70179725,True,False
Lima,Lima,San Isidro,"San Isidro, Lima, Lima",MOVISTAR,202401,202605,-28,pre_shutdown,5.0167885,16515.0,12.250985,188277.0,2.9576077,73.73243,6.441763,92.11947,0.6997272,True,False
Lima,Lima,San Isidro,"San Isidro, Lima, Lima",MOVISTAR,202402,202605,-27,pre_shutdown,5.1159983,22514.0,12.051461,193352.0,2.7803957,73.60204,5.7044473,92.742516,0.7040257,True,False
Lima,Lima,San Isidro,"San Isidro, Lima, Lima",MOVISTAR,202403,202605,-26,pre_shutdown,4.5923805,17306.0,12.390031,205962.0,2.7037098,73.59587,3.9974902,94.55224,0.65041,True,False
Lima,Lima,San Isidro,"San Isidro, Lima, Lima",MOVISTAR,202404,202605,-25,pre_shutdown,4.063119,18620.0,11.104362,225086.0,2.6720173,73.78264,3.9507558,94.55061,0.6878516,True,False
Lima,Lima,San Isidro,"San Isidro, Lima, Lima",MOVISTAR,202405,202605,-24,pre_shutdown,4.136679,15266.0,11.599779,218465.0,3.0434775,73.23878,3.878614,94.8047,0.5974474,True,False
Lima,Lima,San Isidro,"San Isidro, Lima, Lima",MOVISTAR,202406,202605,-23,pre_shutdown,4.3032784,11012.0,11.295695,186243.0,2.6453686,74.49758,3.6368024,94.97041,0.49285886,True,False
Lima,Lima,San Isidro,"San Isidro, Lima, Lima",MOVISTAR,202407,202605,-22,pre_shutdown,4.013573,9301.0,11.23408,171480.0,2.763779,74.699875,3.2189882,95.689285,0.43504974,True,False
Lima,Lima,San Isidro,"San Isidro, Lima, Lima",MOVISTAR,202408,202605,-21,pre_shutdown,4.1488395,9199.0,11.852862,151684.0,2.8254645,74.67137,3.2655807,96.27739,0.40416571,True,False
Lima,Lima,San Isidro,"San Isidro, Lima, Lima",MOVISTAR,202409,202605,-20,pre_shutdown,4.804077,13055.0,11.578309,180334.0,3.0128214,70.12066,3.8709881,95.207695,0.3756576,True,False
Lima,Lima,San Isidro,"San Isidro, Lima, Lima",MOVISTAR,202410,202605,-19,pre_shutdown,4.2527013,9812.0,11.553799,180680.0,3.0603304,67.51834,4.7516055,94.09359,0.35174885,True,False
Lima,Lima,San Isidro,"San Isidro, Lima, Lima",MOVISTAR,202411,202605,-18,pre_shutdown,4.859931,8213.0,11.689413,151508.0,3.2141027,57.11202,3.446555,95.495255,0.3515119,True,False
Lima,Lima,San Isidro,"San Isidro, Lima, Lima",MOVISTAR,202412,202605,-17,pre_shutdown,4.732428,7488.0,11.496401,137091.0,3.1097608,54.990765,3.6559613,95.084625,0.35709435,True,False
Lima,Lima,San Isidro,"San Isidro, Lima, Lima",MOVISTAR,202501,202605,-16,pre_shutdown,4.52511,7353.0,11.24264,151747.0,2.9702046,56.07175,3.6643567,95.19727,0.4392886,True,False
Lima,Lima,San Isidro,"San Isidro, Lima, Lima",MOVISTAR,202502,202605,-15,pre_shutdown,4.512898,9174.0,10.877958,162739.0,2.9484692,56.001717,3.5953927,95.51751,0.38781208,True,False
Lima,Lima,San Isidro,"San Isidro, Lima, Lima",MOVISTAR,202503,202605,-14,pre_shutdown,4.7466917,9179.0,11.802804,193787.0,3.217549,55.38389,3.5784774,95.28281,0.40435174,True,False
Lima,Lima,San Isidro,"San Isidro, Lima, Lima",MOVISTAR,202504,202605,-13,pre_shutdown,4.6373353,8632.0,11.552578,172083.0,3.1185935,61.41208,4.012795,94.82096,0.4132144,True,False
Lima,Lima,San Isidro,"San Isidro, Lima, Lima",MOVISTAR,202505,202605,-12,pre_shutdown,4.5055,7012.0,12.2207365,174094.0,3.0689332,61.39444,3.370761,95.348526,0.37723732,True,False
Lima,Lima,San Isidro,"San Isidro, Lima, Lima",MOVISTAR,202506,202605,-11,pre_shutdown,4.9936304,7712.0,11.674329,160455.0,3.1316478,60.63277,4.444583,94.41674,0.42130747,True,False
Lima,Lima,San Isidro,"San Isidro, Lima, Lima",MOVISTAR,202507,202605,-10,pre_shutdown,5.3357744,6820.0,11.933372,151421.0,2.977531,52.17401,5.3363585,93.563484,0.4592281,True,False
Lima,Lima,San Isidro,"San Isidro, Lima, Lima",MOVISTAR,202508,202605,-9,pre_shutdown,5.3925147,5830.0,12.186653,172820.0,2.9375944,52.26119,4.6805415,94.621864,0.4479438,True,False
Lima,Lima,San Isidro,"San Isidro, Lima, Lima",MOVISTAR,202509,202605,-8,pre_shutdown,5.193428,4886.0,12.773794,160568.0,2.7240217,52.42778,3.6936288,95.521645,0.49047795,True,False
Lima,Lima,San Isidro,"San Isidro, Lima, Lima",MOVISTAR,202510,202605,-7,pre_shutdown,5.480628,4140.0,13.129628,136863.0,3.144429,51.67937,3.2143562,95.361336,0.48644692,True,False
Lima,Lima,San Isidro,"San Isidro, Lima, Lima",MOVISTAR,202511,202605,-6,pre_shutdown,5.8496485,3164.0,13.467459,129330.0,3.158331,49.43703,4.1042266,94.72794,0.55468214,True,False
Lima,Lima,San Isidro,"San Isidro, Lima, Lima",MOVISTAR,202512,202605,-5,pre_shutdown,7.002301,2539.0,13.638074,115891.0,3.0618372,46.64154,5.4743905,93.4717,0.50241727,True,False
Lima,Lima,San Isidro,"San Isidro, Lima, Lima",MOVISTAR,202601,202605,-4,pre_shutdown,6.095313,1989.0,13.84201,115359.0,3.350453,46.880924,5.3981338,93.76762,0.49258712,True,False
Lima,Lima,San Isidro,"San Isidro, Lima, Lima",MOVISTAR,202602,202605,-3,pre_shutdown,5.494736,1710.0,13.8026705,113059.0,3.19879,48.28733,4.263822,94.38058,0.48114675,True,False
Lima,Lima,San Isidro,"San Isidro, Lima, Lima",MOVISTAR,202603,202605,-2,pre_shutdown,5.990855,1834.0,13.725861,112589.0,3.2854574,49.25354,3.7699287,94.38221,0.5231238,True,False
Lima,Lima,San Isidro,"San Isidro, Lima, Lima",MOVISTAR,202604,202605,-1,pre_shutdown,6.447798,885.0,13.451735,92575.0,3.3929574,49.927708,2.4061778,93.66667,0.5228112,True,False
Lima,Lima,San Isidro,"San Isidro, Lima, Lima",MOVISTAR,202605,202605,0,post_shutdown,0.0,0.0,13.492925,99011.0,3.5706062,47.934906,0.27815285,96.75753,0.4583951,False,True
Lima,Lima,San Juan De Lurigancho,"San Juan De Lurigancho, Lima, Lima",MOVISTAR,202301,202512,-35,pre_shutdown,3.325323,47038.0,9.190554,332970.0,3.9937775,79.698296,9.006786,87.393974,1.3237872,True,False
Lima,Lima,San Juan De Lurigancho,"San Juan De Lurigancho, Lima, Lima",MOVISTAR,202302,202512,-34,pre_shutdown,3.2361727,31821.0,10.007489,284088.0,3.984132,77.434555,9.044878,87.16668,1.2846344,True,False
Lima,Lima,San Juan De Lurigancho,"San Juan De Lurigancho, Lima, Lima",MOVISTAR,202303,202512,-33,pre_shutdown,3.2508795,36127.0,10.117199,270301.0,4.0468116,74.30397,9.271529,87.010765,1.1080843,True,False
Lima,Lima,San Juan De Lurigancho,"San Juan De Lurigancho, Lima, Lima",MOVISTAR,202304,202512,-32,pre_shutdown,3.5886574,35993.0,10.108776,270201.0,3.8218038,74.88141,7.993574,88.66512,1.0475624,True,False
Lima,Lima,San Juan De Lurigancho,"San Juan De Lurigancho, Lima, Lima",MOVISTAR,202305,202512,-31,pre_shutdown,3.4429405,38515.0,9.671142,260147.0,4.297389,76.22079,8.740314,87.90905,1.0460138,True,False
Lima,Lima,San Juan De Lurigancho,"San Juan De Lurigancho, Lima, Lima",MOVISTAR,202306,202512,-30,pre_shutdown,3.4311092,37935.0,10.311488,317790.0,4.303149,74.63794,8.138139,88.43358,1.1152872,True,False
Lima,Lima,San Juan De Lurigancho,"San Juan De Lurigancho, Lima, Lima",MOVISTAR,202307,202512,-29,pre_shutdown,3.5156553,45469.0,10.225867,394529.0,3.934876,74.79559,8.161835,88.54614,1.088817,True,False
Lima,Lima,San Juan De Lurigancho,"San Juan De Lurigancho, Lima, Lima",MOVISTAR,202308,202512,-28,pre_shutdown,3.675903,52676.0,9.942588,410060.0,3.4558296,74.17628,8.328465,88.82863,1.093535,True,False
Lima,Lima,San Juan De Lurigancho,"San Juan De Lurigancho, Lima, Lima",MOVISTAR,202309,202512,-27,pre_shutdown,3.436708,59890.0,9.953348,467373.0,3.412596,75.248474,8.15969,89.50355,1.0331628,True,False
Lima,Lima,San Juan De Lurigancho,"San Juan De Lurigancho, Lima, Lima",MOVISTAR,202310,202512,-26,pre_shutdown,3.7464914,70130.0,9.779831,518252.0,3.4480853,74.42551,6.1429777,91.95511,1.0146676,True,False
Lima,Lima,San Juan De Lurigancho,"San Juan De Lurigancho, Lima, Lima",MOVISTAR,202311,202512,-25,pre_shutdown,3.8050325,60755.0,9.6831875,437206.0,3.495749,74.50547,8.165778,89.40822,0.9646486,True,False
Lima,Lima,San Juan De Lurigancho,"San Juan De Lurigancho, Lima, Lima",MOVISTAR,202312,202512,-24,pre_shutdown,3.79722,60201.0,10.06643,432746.0,3.0670798,74.33579,8.67452,88.77526,0.81940365,True,False
Lima,Lima,San Juan De Lurigancho,"San Juan De Lurigancho, Lima, Lima",MOVISTAR,202401,202512,-23,pre_shutdown,3.7631614,53067.0,10.218958,386757.0,3.1497116,73.96313,8.864705,88.40132,0.87753046,True,False
Lima,Lima,San Juan De Lurigancho,"San Juan De Lurigancho, Lima, Lima",MOVISTAR,202402,202512,-22,pre_shutdown,3.947985,49973.0,10.468562,340205.0,3.133043,74.23372,9.290639,88.505875,0.8147196,True,False
Lima,Lima,San Juan De Lurigancho,"San Juan De Lurigancho, Lima, Lima",MOVISTAR,202403,202512,-21,pre_shutdown,3.4903336,51839.0,9.944483,354549.0,3.184036,73.32071,8.362554,89.06235,0.6728133,True,False
Lima,Lima,San Juan De Lurigancho,"San Juan De Lurigancho, Lima, Lima",MOVISTAR,202404,202512,-20,pre_shutdown,3.6231456,54290.0,10.066903,388640.0,2.8481996,73.48307,8.387882,89.13862,0.68316704,True,False
Lima,Lima,San Juan De Lurigancho,"San Juan De Lurigancho, Lima, Lima",MOVISTAR,202405,202512,-19,pre_shutdown,3.5140173,56827.0,10.1266575,394822.0,3.2831123,73.431,8.183609,89.65328,0.7053264,True,False
Lima,Lima,San Juan De Lurigancho,"San Juan De Lurigancho, Lima, Lima",MOVISTAR,202406,202512,-18,pre_shutdown,3.5877576,54760.0,9.854371,397128.0,3.3975291,74.12485,8.172593,89.85763,0.6535319,True,False
Lima,Lima,San Juan De Lurigancho,"San Juan De Lurigancho, Lima, Lima",MOVISTAR,202407,202512,-17,pre_shutdown,3.7653933,54533.0,9.650782,377563.0,3.331993,74.06391,8.444551,89.72994,0.55005556,True,False
Lima,Lima,San Juan De Lurigancho,"San Juan De Lurigancho, Lima, Lima",MOVISTAR,202408,202512,-16,pre_shutdown,3.8927655,52124.0,9.871609,372958.0,3.6400506,73.776505,7.6103325,91.17046,0.52267206,True,False
Lima,Lima,San Juan De Lurigancho,"San Juan De Lurigancho, Lima, Lima",MOVISTAR,202409,202512,-15,pre_shutdown,3.975849,50379.0,10.017002,421813.0,3.725142,69.829956,7.869773,90.819466,0.49828482,True,False
Lima,Lima,San Juan De Lurigancho,"San Juan De Lurigancho, Lima, Lima",MOVISTAR,202410,202512,-14,pre_shutdown,3.9433682,47815.0,10.20133,461548.0,3.8543208,67.313095,7.986029,90.63443,0.54548067,True,False
Lima,Lima,San Juan De Lurigancho,"San Juan De Lurigancho, Lima, Lima",MOVISTAR,202411,202512,-13,pre_shutdown,4.2591796,41400.0,10.70457,403052.0,3.648362,56.425766,8.138379,90.727745,0.62957287,True,False
Lima,Lima,San Juan De Lurigancho,"San Juan De Lurigancho, Lima, Lima",MOVISTAR,202412,202512,-12,pre_shutdown,5.189886,26609.0,11.710612,380828.0,3.5244272,52.46934,7.4716063,91.7117,0.6274388,True,False
Lima,Lima,San Juan De Lurigancho,"San Juan De Lurigancho, Lima, Lima",MOVISTAR,202501,202512,-11,pre_shutdown,5.4455976,21520.0,11.922621,354600.0,3.5723805,52.15773,7.6296253,91.50274,0.66424155,True,False
Lima,Lima,San Juan De Lurigancho,"San Juan De Lurigancho, Lima, Lima",MOVISTAR,202502,202512,-10,pre_shutdown,4.201863,14090.0,11.602243,316653.0,3.3292592,52.03598,8.314746,90.820366,0.6148022,True,False
Lima,Lima,San Juan De Lurigancho,"San Juan De Lurigancho, Lima, Lima",MOVISTAR,202503,202512,-9,pre_shutdown,5.1071467,17206.0,12.233986,378950.0,3.143218,50.426468,7.364763,91.89037,0.5962961,True,False
Lima,Lima,San Juan De Lurigancho,"San Juan De Lurigancho, Lima, Lima",MOVISTAR,202504,202512,-8,pre_shutdown,4.6164646,14485.0,12.25904,380570.0,3.3138466,55.309483,7.081847,92.08656,0.6359147,True,False
Lima,Lima,San Juan De Lurigancho,"San Juan De Lurigancho, Lima, Lima",MOVISTAR,202505,202512,-7,pre_shutdown,4.293765,11897.0,12.345034,412689.0,3.4376435,56.347523,6.142097,93.120125,0.56310594,True,False
Lima,Lima,San Juan De Lurigancho,"San Juan De Lurigancho, Lima, Lima",MOVISTAR,202506,202512,-6,pre_shutdown,4.632861,10731.0,12.445245,393408.0,3.541901,54.335316,5.663059,92.62704,0.54606426,True,False
Lima,Lima,San Juan De Lurigancho,"San Juan De Lurigancho, Lima, Lima",MOVISTAR,202507,202512,-5,pre_shutdown,4.6113443,11122.0,12.667829,414207.0,3.572238,46.882668,4.741109,93.8054,0.53424543,True,False
Lima,Lima,San Juan De Lurigancho,"San Juan De Lurigancho, Lima, Lima",MOVISTAR,202508,202512,-4,pre_shutdown,5.2833285,5003.0,12.4999,394715.0,3.2517018,47.92064,4.1246467,94.55042,0.59211993,True,False
Lima,Lima,San Juan De Lurigancho,"San Juan De Lurigancho, Lima, Lima",MOVISTAR,202509,202512,-3,pre_shutdown,5.5946627,4428.0,12.690415,352872.0,3.4203181,48.645878,3.0755448,95.51906,0.6604095,True,False
Lima,Lima,San Juan De Lurigancho,"San Juan De Lurigancho, Lima, Lima",MOVISTAR,202510,202512,-2,pre_shutdown,5.6508493,3495.0,13.2051325,352109.0,3.4327145,49.438656,2.7066195,95.894325,0.6495411,True,False
Lima,Lima,San Juan De Lurigancho,"San Juan De Lurigancho, Lima, Lima",MOVISTAR,202511,202512,-1,pre_shutdown,5.28244,2544.0,12.751473,331382.0,2.7340832,46.504635,2.053122,95.89712,0.5918475,True,False
Lima,Lima,San Juan De Lurigancho,"San Juan De Lurigancho, Lima, Lima",MOVISTAR,202512,202512,0,post_shutdown,0.0,0.0,12.714674,350234.0,3.130512,44.029133,0.14646922,95.797874,0.4460143,False,True
Lima,Lima,San Juan De Lurigancho,"San Juan De Lurigancho, Lima, Lima",MOVISTAR,202601,202512,1,post_shutdown,0.0,0.0,12.962142,354185.0,3.3985536,45.388664,0.07424303,96.653984,0.41656324,False,True
Lima,Lima,San Juan De Lurigancho,"San Juan De Lurigancho, Lima, Lima",MOVISTAR,202602,202512,2,post_shutdown,0.0,0.0,12.794425,326514.0,3.1656168,48.074017,0.13156149,97.57019,0.48350936,False,True
Lima,Lima,San Juan De Lurigancho,"San Juan De Lurigancho, Lima, Lima",MOVISTAR,202603,202512,3,post_shutdown,0.0,0.0,12.645661,317983.0,2.949276,48.60566,0.106323145,97.615204,0.5553037,False,True
Lima,Lima,San Juan De Lurigancho,"San Juan De Lurigancho, Lima, Lima",MOVISTAR,202604,202512,4,post_shutdown,0.0,0.0,12.928205,258498.0,3.1846063,48.874275,0.037029248,97.20646,0.54745203,False,True
Lima,Lima,San Juan De Lurigancho,"San Juan De Lurigancho, Lima, Lima",MOVISTAR,202605,202512,5,post_shutdown,0.0,0.0,13.332845,253660.0,3.3207684,47.551342,0.019846765,97.51667,0.5709632,False,True
Lima,Lima,San Martin De Porres,"San Martin De Porres, Lima, Lima",MOVISTAR,202301,202512,-35,pre_shutdown,3.4309535,27178.0,9.857203,330463.0,3.8266864,79.17351,8.308094,90.32948,1.0151329,True,False
Lima,Lima,San Martin De Porres,"San Martin De Porres, Lima, Lima",MOVISTAR,202302,202512,-34,pre_shutdown,3.7925568,27924.0,9.935062,290864.0,3.82277,77.15463,9.186768,89.063385,0.99024576,True,False
Lima,Lima,San Martin De Porres,"San Martin De Porres, Lima, Lima",MOVISTAR,202303,202512,-33,pre_shutdown,3.7313273,32976.0,9.553539,310492.0,4.067539,74.629196,9.032347,88.982925,0.99238324,True,False
Lima,Lima,San Martin De Porres,"San Martin De Porres, Lima, Lima",MOVISTAR,202304,202512,-32,pre_shutdown,3.692496,31813.0,9.555431,291203.0,4.1396995,75.45233,8.96317,88.82962,0.9683799,True,False
Lima,Lima,San Martin De Porres,"San Martin De Porres, Lima, Lima",MOVISTAR,202305,202512,-31,pre_shutdown,3.6851642,33023.0,9.27898,289244.0,3.7162092,76.777275,9.060478,89.1684,0.93020004,True,False
Lima,Lima,San Martin De Porres,"San Martin De Porres, Lima, Lima",MOVISTAR,202306,202512,-30,pre_shutdown,3.7155585,42023.0,9.437903,299739.0,3.4831975,75.071106,10.437563,87.721725,1.0054227,True,False
Lima,Lima,San Martin De Porres,"San Martin De Porres, Lima, Lima",MOVISTAR,202307,202512,-29,pre_shutdown,3.2787368,44341.0,9.847404,360816.0,3.3351033,74.64261,9.52796,88.787605,0.96083397,True,False
Lima,Lima,San Martin De Porres,"San Martin De Porres, Lima, Lima",MOVISTAR,202308,202512,-28,pre_shutdown,3.5347319,53699.0,9.770477,398962.0,3.6262395,74.53055,10.09222,88.32892,0.99513984,True,False
Lima,Lima,San Martin De Porres,"San Martin De Porres, Lima, Lima",MOVISTAR,202309,202512,-27,pre_shutdown,3.6158695,57251.0,9.724819,427458.0,3.5930758,75.75801,10.098565,88.39279,0.9019171,True,False
Lima,Lima,San Martin De Porres,"San Martin De Porres, Lima, Lima",MOVISTAR,202310,202512,-26,pre_shutdown,3.6065297,61178.0,9.699075,482388.0,3.5674903,74.84399,9.544602,88.36527,0.82794064,True,False
Lima,Lima,San Martin De Porres,"San Martin De Porres, Lima, Lima",MOVISTAR,202311,202512,-25,pre_shutdown,3.4617894,52410.0,9.945142,435610.0,3.5767772,75.19566,8.785592,88.9697,0.8648809,True,False
Lima,Lima,San Martin De Porres,"San Martin De Porres, Lima, Lima",MOVISTAR,202312,202512,-24,pre_shutdown,3.710448,47621.0,10.71457,490453.0,3.6199996,74.90492,7.9331493,90.73328,0.73902655,True,False
Lima,Lima,San Martin De Porres,"San Martin De Porres, Lima, Lima",MOVISTAR,202401,202512,-23,pre_shutdown,3.6238718,45820.0,10.561489,438210.0,3.7950737,74.87955,8.808307,89.4065,0.74859786,True,False
Lima,Lima,San Martin De Porres,"San Martin De Porres, Lima, Lima",MOVISTAR,202402,202512,-22,pre_shutdown,3.6030946,46679.0,10.235865,360358.0,3.3747118,74.716545,9.294806,88.9123,0.7423547,True,False
Lima,Lima,San Martin De Porres,"San Martin De Porres, Lima, Lima",MOVISTAR,202403,202512,-21,pre_shutdown,3.6972296,46817.0,10.161918,366882.0,3.6697557,74.47512,9.21287,89.10395,0.6742659,True,False
Lima,Lima,San Martin De Porres,"San Martin De Porres, Lima, Lima",MOVISTAR,202404,202512,-20,pre_shutdown,3.6933925,48860.0,10.289824,361486.0,3.4623976,73.939384,9.141599,89.0042,0.6298083,True,False
Lima,Lima,San Martin De Porres,"San Martin De Porres, Lima, Lima",MOVISTAR,202405,202512,-19,pre_shutdown,3.5141802,57987.0,9.922001,362067.0,3.5163224,73.68832,8.798522,89.261475,0.63177836,True,False
Lima,Lima,San Martin De Porres,"San Martin De Porres, Lima, Lima",MOVISTAR,202406,202512,-18,pre_shutdown,3.5214412,57933.0,9.926288,344414.0,3.3899336,74.88608,9.159411,89.04937,0.5837558,True,False
Lima,Lima,San Martin De Porres,"San Martin De Porres, Lima, Lima",MOVISTAR,202407,202512,-17,pre_shutdown,3.7347777,60890.0,9.871923,326500.0,3.5455694,74.71778,9.404497,88.76592,0.5175228,True,False
Lima,Lima,San Martin De Porres,"San Martin De Porres, Lima, Lima",MOVISTAR,202408,202512,-16,pre_shutdown,4.034995,71948.0,10.512627,304171.0,3.5429523,74.44127,10.354632,88.84437,0.5007238,True,False
Lima,Lima,San Martin De Porres,"San Martin De Porres, Lima, Lima",MOVISTAR,202409,202512,-15,pre_shutdown,3.8815882,68885.0,10.317778,315575.0,4.2699428,70.66471,10.184204,88.53796,0.5091345,True,False
Lima,Lima,San Martin De Porres,"San Martin De Porres, Lima, Lima",MOVISTAR,202410,202512,-14,pre_shutdown,3.8135095,47743.0,10.012661,313272.0,3.4667165,68.35343,10.253802,88.59355,0.56933993,True,False
Lima,Lima,San Martin De Porres,"San Martin De Porres, Lima, Lima",MOVISTAR,202411,202512,-13,pre_shutdown,4.0776706,35184.0,10.603807,270008.0,3.185058,58.242794,9.411744,89.6783,0.5706154,True,False
Lima,Lima,San Martin De Porres,"San Martin De Porres, Lima, Lima",MOVISTAR,202412,202512,-12,pre_shutdown,4.2639766,28460.0,11.022257,271318.0,3.4159033,55.75561,8.552378,90.49209,0.48069102,True,False
Lima,Lima,San Martin De Porres,"San Martin De Porres, Lima, Lima",MOVISTAR,202501,202512,-11,pre_shutdown,4.6058817,32943.0,11.501289,313075.0,3.4086678,55.188477,8.8517065,90.3526,0.49918658,True,False
Lima,Lima,San Martin De Porres,"San Martin De Porres, Lima, Lima",MOVISTAR,202502,202512,-10,pre_shutdown,5.06229,20959.0,10.967699,279887.0,3.6753814,54.413784,8.783017,90.52797,0.4785365,True,False
Lima,Lima,San Martin De Porres,"San Martin De Porres, Lima, Lima",MOVISTAR,202503,202512,-9,pre_shutdown,5.1215234,21128.0,11.721023,302173.0,3.6580887,53.16603,7.952489,91.24608,0.5308982,True,False
Lima,Lima,San Martin De Porres,"San Martin De Porres, Lima, Lima",MOVISTAR,202504,202512,-8,pre_shutdown,4.2388573,8381.0,12.106983,304633.0,3.2976885,57.626137,7.622157,91.69368,0.56696415,True,False
Lima,Lima,San Martin De Porres,"San Martin De Porres, Lima, Lima",MOVISTAR,202505,202512,-7,pre_shutdown,4.5390434,4699.0,12.671806,314475.0,3.2367551,57.910286,6.319235,93.10811,0.57294995,True,False
Lima,Lima,San Martin De Porres,"San Martin De Porres, Lima, Lima",MOVISTAR,202506,202512,-6,pre_shutdown,4.8647375,8201.0,12.750406,281355.0,3.122949,56.742504,6.0868,93.44868,0.58931786,True,False
Lima,Lima,San Martin De Porres,"San Martin De Porres, Lima, Lima",MOVISTAR,202507,202512,-5,pre_shutdown,4.444514,5720.0,12.85539,284746.0,2.7571607,50.446823,6.0313225,93.469986,0.60275304,True,False
Lima,Lima,San Martin De Porres,"San Martin De Porres, Lima, Lima",MOVISTAR,202508,202512,-4,pre_shutdown,4.842664,3566.0,12.529801,324432.0,2.970782,50.487473,5.1067443,94.50055,0.5877018,True,False
Lima,Lima,San Martin De Porres,"San Martin De Porres, Lima, Lima",MOVISTAR,202509,202512,-3,pre_shutdown,5.7800145,4581.0,12.8697815,290135.0,2.6347282,50.52604,4.909394,94.685745,0.6387711,True,False
Lima,Lima,San Martin De Porres,"San Martin De Porres, Lima, Lima",MOVISTAR,202510,202512,-2,pre_shutdown,6.1256537,4212.0,13.037471,278864.0,2.9229522,51.20552,4.606345,95.022964,0.61659914,True,False
Lima,Lima,San Martin De Porres,"San Martin De Porres, Lima, Lima",MOVISTAR,202511,202512,-1,pre_shutdown,5.615192,2817.0,13.046813,285675.0,2.4298584,48.464245,3.80906,95.825005,0.54273266,True,False
Lima,Lima,San Martin De Porres,"San Martin De Porres, Lima, Lima",MOVISTAR,202512,202512,0,post_shutdown,0.0,0.0,13.162756,275938.0,2.649063,46.59859,0.5059092,96.19902,0.53800607,False,True
Lima,Lima,San Martin De Porres,"San Martin De Porres, Lima, Lima",MOVISTAR,202601,202512,1,post_shutdown,0.0,0.0,13.044672,256894.0,2.9767854,47.05593,0.35938057,97.14644,0.4735658,False,True
Lima,Lima,San Martin De Porres,"San Martin De Porres, Lima, Lima",MOVISTAR,202602,202512,2,post_shutdown,0.0,0.0,13.135483,234214.0,2.8760688,49.062202,0.27920148,98.43932,0.50379425,False,True
Lima,Lima,San Martin De Porres,"San Martin De Porres, Lima, Lima",MOVISTAR,202603,202512,3,post_shutdown,0.0,0.0,13.293515,287123.0,3.0236955,49.299973,0.36522987,98.41966,0.49286413,False,True
Lima,Lima,San Martin De Porres,"San Martin De Porres, Lima, Lima",MOVISTAR,202604,202512,4,post_shutdown,0.0,0.0,13.402466,244540.0,3.225712,49.505917,0.09761668,98.66371,0.497373,False,True
Lima,Lima,San Martin De Porres,"San Martin De Porres, Lima, Lima",MOVISTAR,202605,202512,5,post_shutdown,0.0,0.0,13.022157,286187.0,3.2913117,48.72445,0.01298166,98.06467,0.4538116,False,True
Lima,Lima,San Miguel,"San Miguel, Lima, Lima",MOVISTAR,202301,202605,-40,pre_shutdown,5.543062,11241.0,11.916984,156080.0,3.4548194,79.338554,7.616524,90.835014,0.85942715,True,False
Lima,Lima,San Miguel,"San Miguel, Lima, Lima",MOVISTAR,202302,202605,-39,pre_shutdown,4.499934,8276.0,12.6451435,128135.0,3.4240994,76.27824,9.309094,89.539246,0.87327117,True,False
Lima,Lima,San Miguel,"San Miguel, Lima, Lima",MOVISTAR,202303,202605,-38,pre_shutdown,5.1548758,11718.0,12.246418,135969.0,3.990497,72.91493,9.295275,89.53484,0.8526864,True,False
Lima,Lima,San Miguel,"San Miguel, Lima, Lima",MOVISTAR,202304,202605,-37,pre_shutdown,5.2257004,11650.0,12.015576,109904.0,4.3266273,74.55296,10.253505,87.72673,0.92658854,True,False
Lima,Lima,San Miguel,"San Miguel, Lima, Lima",MOVISTAR,202305,202605,-36,pre_shutdown,5.4899197,9710.0,11.666545,122831.0,3.5058153,76.031845,7.7550917,90.34774,0.88674754,True,False
Lima,Lima,San Miguel,"San Miguel, Lima, Lima",MOVISTAR,202306,202605,-35,pre_shutdown,5.0195765,10361.0,11.999729,122613.0,3.8428195,74.6826,7.581159,90.308716,0.9201024,True,False
Lima,Lima,San Miguel,"San Miguel, Lima, Lima",MOVISTAR,202307,202605,-34,pre_shutdown,5.2205873,17690.0,12.293485,158575.0,3.228971,74.600136,8.732681,90.08015,0.86250365,True,False
Lima,Lima,San Miguel,"San Miguel, Lima, Lima",MOVISTAR,202308,202605,-33,pre_shutdown,5.095892,12962.0,12.187707,185671.0,3.2785716,74.29457,7.2387376,92.05873,0.8669116,True,False
Lima,Lima,San Miguel,"San Miguel, Lima, Lima",MOVISTAR,202309,202605,-32,pre_shutdown,5.052288,12545.0,11.852953,190245.0,2.8230247,75.236145,6.4823565,92.749176,0.701002,True,False
Lima,Lima,San Miguel,"San Miguel, Lima, Lima",MOVISTAR,202310,202605,-31,pre_shutdown,5.2643576,16681.0,11.5721035,204963.0,2.822127,75.01119,5.8780026,93.30307,0.70679045,True,False
Lima,Lima,San Miguel,"San Miguel, Lima, Lima",MOVISTAR,202311,202605,-30,pre_shutdown,5.019885,13597.0,12.013033,199862.0,2.6871722,75.89774,5.2026777,93.514565,0.68265206,True,False
Lima,Lima,San Miguel,"San Miguel, Lima, Lima",MOVISTAR,202312,202605,-29,pre_shutdown,5.4095716,11714.0,12.259945,183590.0,3.3988163,74.82337,6.421425,91.87739,0.5555556,True,False
Lima,Lima,San Miguel,"San Miguel, Lima, Lima",MOVISTAR,202401,202605,-28,pre_shutdown,5.4918313,17511.0,12.804245,155405.0,3.0446107,75.44991,6.6254683,92.29788,0.5968874,True,False
Lima,Lima,San Miguel,"San Miguel, Lima, Lima",MOVISTAR,202402,202605,-27,pre_shutdown,4.2611513,11050.0,11.905561,151366.0,2.7980247,74.22609,6.6141777,92.33438,0.55463105,True,False
Lima,Lima,San Miguel,"San Miguel, Lima, Lima",MOVISTAR,202403,202605,-26,pre_shutdown,4.8239093,12220.0,11.027374,169312.0,2.481352,74.58652,5.5231843,93.4314,0.49919856,True,False
Lima,Lima,San Miguel,"San Miguel, Lima, Lima",MOVISTAR,202404,202605,-25,pre_shutdown,5.6939025,18060.0,11.380113,175065.0,2.588996,74.25996,6.1413665,92.30448,0.5152004,True,False
Lima,Lima,San Miguel,"San Miguel, Lima, Lima",MOVISTAR,202405,202605,-24,pre_shutdown,4.1343226,10654.0,11.588894,151287.0,2.7663443,73.96133,6.2025266,93.15885,0.469114,True,False
Lima,Lima,San Miguel,"San Miguel, Lima, Lima",MOVISTAR,202406,202605,-23,pre_shutdown,5.146037,13846.0,11.469202,150839.0,3.0813994,74.402504,6.6546636,92.34213,0.44117573,True,False
Lima,Lima,San Miguel,"San Miguel, Lima, Lima",MOVISTAR,202407,202605,-22,pre_shutdown,5.1666336,12570.0,11.518896,135185.0,3.0049028,74.816284,7.9985094,90.82893,0.40853763,True,False
Lima,Lima,San Miguel,"San Miguel, Lima, Lima",MOVISTAR,202408,202605,-21,pre_shutdown,4.197615,10422.0,11.852405,133165.0,2.713207,74.003494,6.998288,92.57865,0.37939104,True,False
Lima,Lima,San Miguel,"San Miguel, Lima, Lima",MOVISTAR,202409,202605,-20,pre_shutdown,4.6049967,12167.0,11.887434,141355.0,2.9402764,69.283714,6.5039225,92.944176,0.3644077,True,False
Lima,Lima,San Miguel,"San Miguel, Lima, Lima",MOVISTAR,202410,202605,-19,pre_shutdown,4.5005617,12877.0,12.387258,159825.0,2.945433,67.05506,5.526066,94.01017,0.31824124,True,False
Lima,Lima,San Miguel,"San Miguel, Lima, Lima",MOVISTAR,202411,202605,-18,pre_shutdown,4.445071,12269.0,12.077048,156316.0,2.7844744,56.401546,6.2105722,93.23133,0.3279472,True,False
Lima,Lima,San Miguel,"San Miguel, Lima, Lima",MOVISTAR,202412,202605,-17,pre_shutdown,4.5946712,10614.0,12.250947,123450.0,2.8151062,54.404472,7.3506737,91.98726,0.29103932,True,False
Lima,Lima,San Miguel,"San Miguel, Lima, Lima",MOVISTAR,202501,202605,-16,pre_shutdown,5.105251,10152.0,11.629702,117002.0,2.9836988,54.82137,8.520211,90.78103,0.27116302,True,False
Lima,Lima,San Miguel,"San Miguel, Lima, Lima",MOVISTAR,202502,202605,-15,pre_shutdown,5.286606,8457.0,11.507052,122145.0,2.8755398,55.270508,6.513491,92.70318,0.33163035,True,False
Lima,Lima,San Miguel,"San Miguel, Lima, Lima",MOVISTAR,202503,202605,-14,pre_shutdown,4.9509625,10204.0,11.354894,127704.0,2.7882397,54.260456,6.0083213,93.12975,0.37557036,True,False
Lima,Lima,San Miguel,"San Miguel, Lima, Lima",MOVISTAR,202504,202605,-13,pre_shutdown,5.0727105,8518.0,11.550067,132314.0,2.9614332,60.250164,6.078078,93.061874,0.32115844,True,False
Lima,Lima,San Miguel,"San Miguel, Lima, Lima",MOVISTAR,202505,202605,-12,pre_shutdown,5.043088,7518.0,11.618296,139409.0,2.7060661,61.425167,5.636134,93.106064,0.34899637,True,False
Lima,Lima,San Miguel,"San Miguel, Lima, Lima",MOVISTAR,202506,202605,-11,pre_shutdown,4.8432703,8295.0,12.552659,138363.0,3.103235,59.295704,6.098267,92.83,0.3406043,True,False
Lima,Lima,San Miguel,"San Miguel, Lima, Lima",MOVISTAR,202507,202605,-10,pre_shutdown,5.6182923,5619.0,12.142897,146475.0,3.0677273,51.575428,5.0623736,94.01289,0.4231948,True,False
Lima,Lima,San Miguel,"San Miguel, Lima, Lima",MOVISTAR,202508,202605,-9,pre_shutdown,5.503842,4224.0,12.366743,143379.0,2.8639047,51.630024,5.216162,94.09032,0.3563267,True,False
Lima,Lima,San Miguel,"San Miguel, Lima, Lima",MOVISTAR,202509,202605,-8,pre_shutdown,5.705176,3715.0,12.74199,128775.0,3.3639731,51.13801,4.6880636,94.64822,0.40613088,True,False
Lima,Lima,San Miguel,"San Miguel, Lima, Lima",MOVISTAR,202510,202605,-7,pre_shutdown,5.7105055,2569.0,12.999632,122420.0,2.9389603,51.519707,4.9306684,94.429756,0.34861112,True,False
Lima,Lima,San Miguel,"San Miguel, Lima, Lima",MOVISTAR,202511,202605,-6,pre_shutdown,5.6677794,3824.0,12.937247,121573.0,3.094091,49.176014,4.6391497,94.66549,0.38678542,True,False
Lima,Lima,San Miguel,"San Miguel, Lima, Lima",MOVISTAR,202512,202605,-5,pre_shutdown,5.0722914,3481.0,12.8739605,106956.0,3.3755412,47.031555,4.1077023,95.19738,0.36599222,True,False
Lima,Lima,San Miguel,"San Miguel, Lima, Lima",MOVISTAR,202601,202605,-4,pre_shutdown,5.60659,3343.0,13.6444235,89152.0,3.560172,47.0569,3.6680524,95.66669,0.42873567,True,False
Lima,Lima,San Miguel,"San Miguel, Lima, Lima",MOVISTAR,202602,202605,-3,pre_shutdown,5.4363704,2080.0,13.638963,86230.0,3.566585,48.465218,3.0126915,96.257515,0.4980942,True,False
Lima,Lima,San Miguel,"San Miguel, Lima, Lima",MOVISTAR,202603,202605,-2,pre_shutdown,6.2234683,3407.0,14.043553,118138.0,2.648958,47.53574,3.181807,96.49395,0.36676252,True,False
Lima,Lima,San Miguel,"San Miguel, Lima, Lima",MOVISTAR,202604,202605,-1,pre_shutdown,6.0459,1211.0,14.859358,94461.0,3.1806753,47.817665,2.2714214,94.73032,0.34587392,True,False
Lima,Lima,San Miguel,"San Miguel, Lima, Lima",MOVISTAR,202605,202605,0,post_shutdown,0.0,0.0,14.338932,98096.0,3.2115996,47.29622,0.29544154,94.6792,0.38751182,False,True
Lima,Lima,Santa Anita,"Santa Anita, Lima, Lima",MOVISTAR,202301,202604,-39,pre_shutdown,3.8073997,16876.0,9.430367,162194.0,2.8890178,79.03344,6.672395,91.36463,1.2867742,True,False
Lima,Lima,Santa Anita,"Santa Anita, Lima, Lima",MOVISTAR,202302,202604,-38,pre_shutdown,3.6100657,13596.0,10.2988615,120638.0,3.0896196,76.238304,6.9571495,90.46249,1.0850182,True,False
Lima,Lima,Santa Anita,"Santa Anita, Lima, Lima",MOVISTAR,202303,202604,-37,pre_shutdown,4.6988087,15803.0,10.476921,127597.0,3.9156387,73.51005,6.002067,91.332306,0.9726573,True,False
Lima,Lima,Santa Anita,"Santa Anita, Lima, Lima",MOVISTAR,202304,202604,-36,pre_shutdown,3.2143767,13870.0,10.5995865,141596.0,4.0034394,74.764786,5.696081,92.730064,0.884666,True,False
Lima,Lima,Santa Anita,"Santa Anita, Lima, Lima",MOVISTAR,202305,202604,-35,pre_shutdown,3.264203,12755.0,10.656674,136498.0,3.5428445,75.93984,5.8356776,93.04073,0.8256884,True,False
Lima,Lima,Santa Anita,"Santa Anita, Lima, Lima",MOVISTAR,202306,202604,-34,pre_shutdown,3.6100724,16265.0,10.544277,144981.0,3.6134655,74.41901,6.3760133,91.99028,0.9712623,True,False
Lima,Lima,Santa Anita,"Santa Anita, Lima, Lima",MOVISTAR,202307,202604,-33,pre_shutdown,3.9419346,19616.0,10.621124,203157.0,3.3361335,74.16852,6.8229604,91.63026,0.9623253,True,False
Lima,Lima,Santa Anita,"Santa Anita, Lima, Lima",MOVISTAR,202308,202604,-32,pre_shutdown,3.972697,22556.0,10.876327,195030.0,4.239797,74.16675,6.0939116,92.73988,0.93316257,True,False
Lima,Lima,Santa Anita,"Santa Anita, Lima, Lima",MOVISTAR,202309,202604,-31,pre_shutdown,4.1745806,23854.0,11.051313,200476.0,3.9507298,75.50938,5.5667434,93.072014,0.8997253,True,False
Lima,Lima,Santa Anita,"Santa Anita, Lima, Lima",MOVISTAR,202310,202604,-30,pre_shutdown,3.921069,27224.0,11.323662,243861.0,3.6431458,74.8986,5.24506,93.32194,0.949294,True,False
Lima,Lima,Santa Anita,"Santa Anita, Lima, Lima",MOVISTAR,202311,202604,-29,pre_shutdown,3.811958,24606.0,10.78015,229770.0,3.9614902,74.96994,5.349315,93.6115,0.913545,True,False
Lima,Lima,Santa Anita,"Santa Anita, Lima, Lima",MOVISTAR,202312,202604,-28,pre_shutdown,3.776988,21643.0,10.968756,224530.0,3.7146592,74.2438,5.6097,92.68991,0.7384045,True,False
Lima,Lima,Santa Anita,"Santa Anita, Lima, Lima",MOVISTAR,202401,202604,-27,pre_shutdown,4.0675945,19608.0,10.938169,203539.0,3.5168219,74.17849,5.4527073,91.895325,0.82668304,True,False
Lima,Lima,Santa Anita,"Santa Anita, Lima, Lima",MOVISTAR,202402,202604,-26,pre_shutdown,3.895762,15453.0,10.312628,195589.0,2.9716873,74.785065,4.914085,93.477005,0.80773824,True,False
Lima,Lima,Santa Anita,"Santa Anita, Lima, Lima",MOVISTAR,202403,202604,-25,pre_shutdown,3.3438866,16494.0,10.441021,205723.0,3.3208334,74.10504,4.8625307,93.881935,0.601977,True,False
Lima,Lima,Santa Anita,"Santa Anita, Lima, Lima",MOVISTAR,202404,202604,-24,pre_shutdown,3.6978679,18350.0,9.992276,204382.0,3.1330538,74.019775,5.4278197,93.24657,0.6437594,True,False
Lima,Lima,Santa Anita,"Santa Anita, Lima, Lima",MOVISTAR,202405,202604,-23,pre_shutdown,3.7593112,14282.0,9.620559,179955.0,3.1392043,73.50907,5.0571704,92.42479,0.58705425,True,False
Lima,Lima,Santa Anita,"Santa Anita, Lima, Lima",MOVISTAR,202406,202604,-22,pre_shutdown,3.6587896,13660.0,10.302762,151106.0,3.0556781,74.3563,5.4173894,91.51585,0.46263355,True,False
Lima,Lima,Santa Anita,"Santa Anita, Lima, Lima",MOVISTAR,202407,202604,-21,pre_shutdown,3.7047575,12160.0,10.226429,155308.0,3.3030758,74.09153,5.6065135,92.2217,0.44144222,True,False
Lima,Lima,Santa Anita,"Santa Anita, Lima, Lima",MOVISTAR,202408,202604,-20,pre_shutdown,3.7139506,13862.0,10.523393,154181.0,2.9409635,74.10582,6.004651,92.62316,0.44010848,True,False
Lima,Lima,Santa Anita,"Santa Anita, Lima, Lima",MOVISTAR,202409,202604,-19,pre_shutdown,3.8548367,13031.0,11.159773,184778.0,3.1731346,70.0269,5.893192,93.22936,0.40206197,True,False
Lima,Lima,Santa Anita,"Santa Anita, Lima, Lima",MOVISTAR,202410,202604,-18,pre_shutdown,3.8083668,15895.0,10.552755,196100.0,3.0889823,67.97215,4.9842463,94.08919,0.43280682,True,False
Lima,Lima,Santa Anita,"Santa Anita, Lima, Lima",MOVISTAR,202411,202604,-17,pre_shutdown,4.081003,13688.0,10.493614,160912.0,3.4656076,58.699528,5.196828,93.5668,0.57171017,True,False
Lima,Lima,Santa Anita,"Santa Anita, Lima, Lima",MOVISTAR,202412,202604,-16,pre_shutdown,4.4689302,4020.0,11.963647,137602.0,3.2123609,55.25904,4.1579475,94.98199,0.5515693,True,False
Lima,Lima,Santa Anita,"Santa Anita, Lima, Lima",MOVISTAR,202501,202604,-15,pre_shutdown,4.0751324,2537.0,11.900366,155360.0,3.1218567,54.803432,4.2964463,95.21134,0.49278858,True,False
Lima,Lima,Santa Anita,"Santa Anita, Lima, Lima",MOVISTAR,202502,202604,-14,pre_shutdown,4.4951158,4335.0,11.122754,159394.0,3.261456,54.841118,5.515269,93.982376,0.4830712,True,False
Lima,Lima,Santa Anita,"Santa Anita, Lima, Lima",MOVISTAR,202503,202604,-13,pre_shutdown,3.8190634,3569.0,11.949724,162895.0,3.2157476,53.39765,4.702328,94.76012,0.51396483,True,False
Lima,Lima,Santa Anita,"Santa Anita, Lima, Lima",MOVISTAR,202504,202604,-12,pre_shutdown,4.0764933,3292.0,12.333845,179123.0,3.4462092,57.41109,4.768336,94.13948,0.6036319,True,False
Lima,Lima,Santa Anita,"Santa Anita, Lima, Lima",MOVISTAR,202505,202604,-11,pre_shutdown,4.2296343,2318.0,13.107529,160711.0,3.8022578,58.64815,4.235487,94.73143,0.5735156,True,False
Lima,Lima,Santa Anita,"Santa Anita, Lima, Lima",MOVISTAR,202506,202604,-10,pre_shutdown,4.2172832,2353.0,12.677558,135233.0,3.389332,57.279076,5.9951367,93.22361,0.56262356,True,False
Lima,Lima,Santa Anita,"Santa Anita, Lima, Lima",MOVISTAR,202507,202604,-9,pre_shutdown,3.897535,3903.0,12.4881525,135976.0,3.5993752,49.512833,5.6096015,93.75767,0.5556209,True,False
Lima,Lima,Santa Anita,"Santa Anita, Lima, Lima",MOVISTAR,202508,202604,-8,pre_shutdown,4.6437645,3355.0,12.095868,128165.0,3.3108306,50.598373,6.144252,93.33009,0.6277421,True,False
Lima,Lima,Santa Anita,"Santa Anita, Lima, Lima",MOVISTAR,202509,202604,-7,pre_shutdown,4.982396,2014.0,11.925348,104346.0,3.1713188,52.156174,6.165774,93.15077,0.69755065,True,False
Lima,Lima,Santa Anita,"Santa Anita, Lima, Lima",MOVISTAR,202510,202604,-6,pre_shutdown,5.948354,2049.0,12.363586,101093.0,3.48677,50.564507,5.5766788,93.87745,0.5722638,True,False
Lima,Lima,Santa Anita,"Santa Anita, Lima, Lima",MOVISTAR,202511,202604,-5,pre_shutdown,5.7363043,1446.0,12.131732,106194.0,3.8328416,48.42103,6.011281,93.37603,0.5702463,True,False
Lima,Lima,Santa Anita,"Santa Anita, Lima, Lima",MOVISTAR,202512,202604,-4,pre_shutdown,6.128208,1537.0,12.257627,94927.0,3.690752,46.536175,3.6414185,95.56853,0.56535906,True,False
Lima,Lima,Santa Anita,"Santa Anita, Lima, Lima",MOVISTAR,202601,202604,-3,pre_shutdown,5.7787824,1270.0,12.069981,94041.0,3.3270788,46.73529,3.871373,95.21397,0.51950395,True,False
Lima,Lima,Santa Anita,"Santa Anita, Lima, Lima",MOVISTAR,202602,202604,-2,pre_shutdown,5.835851,1001.0,12.902909,91486.0,2.8126998,47.92968,3.2024958,95.7874,0.47490385,True,False
Lima,Lima,Santa Anita,"Santa Anita, Lima, Lima",MOVISTAR,202603,202604,-1,pre_shutdown,5.5152173,719.0,12.152461,95527.0,3.341647,49.378307,1.7024609,97.37428,0.54726905,True,False
Lima,Lima,Santa Anita,"Santa Anita, Lima, Lima",MOVISTAR,202604,202604,0,post_shutdown,0.0,0.0,12.404313,79579.0,3.4675977,48.80843,0.5685822,98.08538,0.4944595,False,True
Lima,Lima,Santa Anita,"Santa Anita, Lima, Lima",MOVISTAR,202605,202604,1,post_shutdown,0.0,0.0,12.757122,76244.0,3.4920309,48.74226,0.083030306,98.95804,0.45709604,False,True
Piura,Piura,Castilla,"Castilla, Piura, Piura",MOVISTAR,202301,202412,-23,pre_shutdown,4.4296594,3642.0,11.101206,94009.0,3.0731444,86.90812,2.189215,96.94692,0.90815544,True,False
Piura,Piura,Castilla,"Castilla, Piura, Piura",MOVISTAR,202302,202412,-22,pre_shutdown,4.2782564,2998.0,11.465764,78651.0,3.4151175,85.661865,2.3348954,96.49831,0.96409005,True,False
Piura,Piura,Castilla,"Castilla, Piura, Piura",MOVISTAR,202303,202412,-21,pre_shutdown,4.9904523,4581.0,10.306091,79600.0,3.7782664,81.88084,3.8110723,95.63711,0.86136687,True,False
Piura,Piura,Castilla,"Castilla, Piura, Piura",MOVISTAR,202304,202412,-20,pre_shutdown,4.3646517,4046.0,10.410842,74274.0,3.184257,83.2654,3.5778425,95.43507,0.995132,True,False
Piura,Piura,Castilla,"Castilla, Piura, Piura",MOVISTAR,202305,202412,-19,pre_shutdown,4.231649,4306.0,10.951823,77566.0,3.7650924,84.082985,2.9514844,96.03334,0.7673533,True,False
Piura,Piura,Castilla,"Castilla, Piura, Piura",MOVISTAR,202306,202412,-18,pre_shutdown,3.9003394,5042.0,10.19646,80857.0,3.0562289,83.4845,2.8998768,95.94717,1.1668444,True,False
Piura,Piura,Castilla,"Castilla, Piura, Piura",MOVISTAR,202307,202412,-17,pre_shutdown,3.7659466,5984.0,9.842452,101627.0,2.9693844,81.93365,2.9277012,95.087234,1.0826141,True,False
Piura,Piura,Castilla,"Castilla, Piura, Piura",MOVISTAR,202308,202412,-16,pre_shutdown,3.8219988,5599.0,10.668741,116825.0,3.2636542,81.91656,2.874381,95.03573,0.8925248,True,False
Piura,Piura,Castilla,"Castilla, Piura, Piura",MOVISTAR,202309,202412,-15,pre_shutdown,4.1492753,7805.0,10.051635,126933.0,3.4481714,83.93253,3.5359557,95.47362,1.016635,True,False
Piura,Piura,Castilla,"Castilla, Piura, Piura",MOVISTAR,202310,202412,-14,pre_shutdown,3.9475424,8026.0,10.769627,143223.0,3.3952208,81.946915,3.6122067,95.407074,0.89798313,True,False
Piura,Piura,Castilla,"Castilla, Piura, Piura",MOVISTAR,202311,202412,-13,pre_shutdown,4.3378944,6311.0,10.599823,122090.0,3.341499,83.27326,3.1590343,95.86161,0.82010317,True,False
Piura,Piura,Castilla,"Castilla, Piura, Piura",MOVISTAR,202312,202412,-12,pre_shutdown,4.3138137,7920.0,10.542508,122277.0,2.6989574,81.79299,3.5722735,95.554085,0.70866144,True,False
Piura,Piura,Castilla,"Castilla, Piura, Piura",MOVISTAR,202401,202412,-11,pre_shutdown,4.401022,6140.0,10.01643,115459.0,2.7301044,81.137245,3.2990556,95.38931,0.7078037,True,False
Piura,Piura,Castilla,"Castilla, Piura, Piura",MOVISTAR,202402,202412,-10,pre_shutdown,4.155447,5710.0,10.113153,108507.0,2.90983,80.268,3.1852624,94.79817,0.67346954,True,False
Piura,Piura,Castilla,"Castilla, Piura, Piura",MOVISTAR,202403,202412,-9,pre_shutdown,3.9537425,4569.0,10.511319,115568.0,2.8891122,79.90854,2.5672548,94.67916,0.7218968,True,False
Piura,Piura,Castilla,"Castilla, Piura, Piura",MOVISTAR,202404,202412,-8,pre_shutdown,4.9686723,6921.0,10.5644045,117151.0,2.8170543,80.08874,3.6314619,93.394226,0.69795656,True,False
Piura,Piura,Castilla,"Castilla, Piura, Piura",MOVISTAR,202405,202412,-7,pre_shutdown,5.1609488,7294.0,10.5606575,113803.0,2.7759414,79.70904,3.688189,95.33762,0.6790557,True,False
Piura,Piura,Castilla,"Castilla, Piura, Piura",MOVISTAR,202406,202412,-6,pre_shutdown,5.3455815,7371.0,9.910352,101696.0,2.822587,78.71906,3.6867397,95.3404,0.74989486,True,False
Piura,Piura,Castilla,"Castilla, Piura, Piura",MOVISTAR,202407,202412,-5,pre_shutdown,4.9600677,8125.0,10.7857685,108386.0,3.3261118,79.38182,4.365006,94.58611,0.7589759,True,False
Piura,Piura,Castilla,"Castilla, Piura, Piura",MOVISTAR,202408,202412,-4,pre_shutdown,5.120585,7585.0,10.530082,87950.0,2.8984761,80.70749,3.819871,95.267456,0.6740117,True,False
Piura,Piura,Castilla,"Castilla, Piura, Piura",MOVISTAR,202409,202412,-3,pre_shutdown,4.2947006,4787.0,10.439973,102321.0,2.8996074,75.92647,2.7519484,96.43151,0.54508084,True,False
Piura,Piura,Castilla,"Castilla, Piura, Piura",MOVISTAR,202410,202412,-2,pre_shutdown,4.6245995,6336.0,10.817628,96644.0,2.9643047,73.24259,2.661494,96.780975,0.48230103,True,False
Piura,Piura,Castilla,"Castilla, Piura, Piura",MOVISTAR,202411,202412,-1,pre_shutdown,5.8118386,1755.0,11.2272,96414.0,2.803129,63.45585,0.95291615,96.49273,0.35212862,True,False
Piura,Piura,Castilla,"Castilla, Piura, Piura",MOVISTAR,202412,202412,0,post_shutdown,0.0,0.0,11.438981,88437.0,3.0003598,59.64189,0.07173568,97.47277,0.33435386,False,True
Piura,Piura,Castilla,"Castilla, Piura, Piura",MOVISTAR,202501,202412,1,post_shutdown,0.0,0.0,11.330886,89205.0,3.120676,60.426723,0.09763297,97.23104,0.3307376,False,True
Piura,Piura,Castilla,"Castilla, Piura, Piura",MOVISTAR,202502,202412,2,post_shutdown,0.0,0.0,10.990805,82445.0,3.8636422,60.593594,0.10825845,97.76522,0.47539854,False,True
Piura,Piura,Castilla,"Castilla, Piura, Piura",MOVISTAR,202503,202412,3,post_shutdown,0.0,0.0,10.233342,73017.0,2.7255008,59.533585,0.08331208,96.1165,0.35633656,False,True
Piura,Piura,Castilla,"Castilla, Piura, Piura",MOVISTAR,202504,202412,4,post_shutdown,0.0,0.0,10.881612,81039.0,2.5211806,64.54752,0.14623705,96.19025,0.4533429,False,True
Piura,Piura,Castilla,"Castilla, Piura, Piura",MOVISTAR,202505,202412,5,post_shutdown,0.0,0.0,10.977864,82839.0,2.6502154,65.461205,0.09972744,97.66896,0.40194297,False,True
Piura,Piura,Castilla,"Castilla, Piura, Piura",MOVISTAR,202506,202412,6,post_shutdown,0.0,0.0,11.466229,75825.0,2.7968705,64.98146,0.22151536,97.35632,0.4550485,False,True
Piura,Piura,Castilla,"Castilla, Piura, Piura",MOVISTAR,202507,202412,7,post_shutdown,0.0,0.0,12.323877,65362.0,3.2465463,57.64,0.15362921,96.77451,0.42770183,False,True
Piura,Piura,Castilla,"Castilla, Piura, Piura",MOVISTAR,202508,202412,8,post_shutdown,0.0,0.0,12.457415,69458.0,2.9747643,56.99448,0.15612562,97.09607,0.6218068,False,True
Piura,Piura,Castilla,"Castilla, Piura, Piura",MOVISTAR,202509,202412,9,post_shutdown,0.0,0.0,12.963272,71354.0,3.081949,56.70828,0.26929927,98.10372,0.44440183,False,True
Piura,Piura,Castilla,"Castilla, Piura, Piura",MOVISTAR,202510,202412,10,post_shutdown,0.0,0.0,12.837972,62181.0,3.599716,63.442127,0.17833078,97.44427,0.55606014,False,True
Piura,Piura,Castilla,"Castilla, Piura, Piura",MOVISTAR,202511,202412,11,post_shutdown,0.0,0.0,13.451456,74113.0,2.9647434,64.63101,0.10970441,97.20718,0.46971706,False,True
Piura,Piura,Castilla,"Castilla, Piura, Piura",MOVISTAR,202512,202412,12,post_shutdown,0.0,0.0,13.6528425,59283.0,2.7373693,62.726505,0.19915369,96.784454,0.42554343,False,True
Piura,Piura,Castilla,"Castilla, Piura, Piura",MOVISTAR,202601,202412,13,post_shutdown,0.0,0.0,13.711267,66541.0,2.7453845,64.30115,0.22353432,96.32973,0.4193934,False,True
Piura,Piura,Castilla,"Castilla, Piura, Piura",MOVISTAR,202602,202412,14,post_shutdown,0.0,0.0,13.369824,70774.0,2.4848363,65.12595,0.221208,94.20997,0.39802516,False,True
Piura,Piura,Castilla,"Castilla, Piura, Piura",MOVISTAR,202603,202412,15,post_shutdown,0.0,0.0,13.386845,77398.0,2.3934655,61.50522,0.08512666,94.05134,0.36672205,False,True
Piura,Piura,Castilla,"Castilla, Piura, Piura",MOVISTAR,202604,202412,16,post_shutdown,0.0,0.0,13.386807,71118.0,2.8130786,60.294746,0.06153892,97.86315,0.343099,False,True
Piura,Piura,Castilla,"Castilla, Piura, Piura",MOVISTAR,202605,202412,17,post_shutdown,0.0,0.0,13.429583,79643.0,3.1864934,60.06513,0.091818884,99.40984,0.42778164,False,True
Piura,Piura,Catacaos,"Catacaos, Piura, Piura",MOVISTAR,202301,202411,-22,pre_shutdown,4.2429037,1417.0,8.564252,24864.0,4.460134,87.362236,2.6946685,96.33825,0.8890898,True,False
Piura,Piura,Catacaos,"Catacaos, Piura, Piura",MOVISTAR,202302,202411,-21,pre_shutdown,8.531596,1768.0,10.058305,21683.0,4.4635253,86.737015,3.1653783,96.37623,1.1955308,True,False
Piura,Piura,Catacaos,"Catacaos, Piura, Piura",MOVISTAR,202303,202411,-20,pre_shutdown,4.022403,1254.0,9.972241,18539.0,3.9414687,81.65429,4.456058,95.23368,0.85174954,True,False
Piura,Piura,Catacaos,"Catacaos, Piura, Piura",MOVISTAR,202304,202411,-19,pre_shutdown,5.368537,2114.0,8.958121,28334.0,5.0417204,83.83441,3.2156723,96.182884,0.73246926,True,False
Piura,Piura,Catacaos,"Catacaos, Piura, Piura",MOVISTAR,202305,202411,-18,pre_shutdown,3.7972872,682.0,8.844076,25838.0,4.6676154,84.76653,1.1271902,98.51646,0.67222196,True,False
Piura,Piura,Catacaos,"Catacaos, Piura, Piura",MOVISTAR,202306,202411,-17,pre_shutdown,4.3674903,1298.0,9.036555,27078.0,5.5213966,83.97261,1.7177235,97.52759,0.88726103,True,False
Piura,Piura,Catacaos,"Catacaos, Piura, Piura",MOVISTAR,202307,202411,-16,pre_shutdown,4.103694,1261.0,9.895493,36103.0,4.8300834,81.54326,1.6711369,97.84277,0.9784064,True,False
Piura,Piura,Catacaos,"Catacaos, Piura, Piura",MOVISTAR,202308,202411,-15,pre_shutdown,3.7509189,1094.0,10.139296,34341.0,3.7816083,81.30614,1.9047347,97.26706,0.83250266,True,False
Piura,Piura,Catacaos,"Catacaos, Piura, Piura",MOVISTAR,202309,202411,-14,pre_shutdown,3.4181023,1150.0,9.0679655,38768.0,2.938005,83.36314,1.5472153,97.88858,0.8667382,True,False
Piura,Piura,Catacaos,"Catacaos, Piura, Piura",MOVISTAR,202310,202411,-13,pre_shutdown,4.3641305,2091.0,9.681214,47123.0,3.1857135,81.83725,2.2686105,96.71344,0.89324015,True,False
Piura,Piura,Catacaos,"Catacaos, Piura, Piura",MOVISTAR,202311,202411,-12,pre_shutdown,3.574623,1612.0,9.752575,47398.0,2.7454667,82.71194,2.0400243,96.319275,0.77544826,True,False
Piura,Piura,Catacaos,"Catacaos, Piura, Piura",MOVISTAR,202312,202411,-11,pre_shutdown,3.998958,1860.0,8.961709,39997.0,2.8477778,82.01743,2.7940404,96.79949,0.8600048,True,False
Piura,Piura,Catacaos,"Catacaos, Piura, Piura",MOVISTAR,202401,202411,-10,pre_shutdown,2.9185889,2594.0,7.749586,38595.0,2.79183,82.73203,3.537979,95.733665,0.8721111,True,False
Piura,Piura,Catacaos,"Catacaos, Piura, Piura",MOVISTAR,202402,202411,-9,pre_shutdown,4.698818,4087.0,7.0351195,32094.0,3.466856,83.55064,3.586541,95.945755,0.9321586,True,False
Piura,Piura,Catacaos,"Catacaos, Piura, Piura",MOVISTAR,202403,202411,-8,pre_shutdown,3.3799157,1346.0,8.324294,30155.0,3.403601,81.89327,2.575024,96.803795,0.8702742,True,False
Piura,Piura,Catacaos,"Catacaos, Piura, Piura",MOVISTAR,202404,202411,-7,pre_shutdown,3.1685414,1184.0,8.837304,27131.0,4.5321136,81.21268,2.9691079,96.04403,0.7269691,True,False
Piura,Piura,Catacaos,"Catacaos, Piura, Piura",MOVISTAR,202405,202411,-6,pre_shutdown,3.6921997,1310.0,9.161378,25745.0,3.1697288,78.81087,1.924721,97.64457,0.7207772,True,False
Piura,Piura,Catacaos,"Catacaos, Piura, Piura",MOVISTAR,202406,202411,-5,pre_shutdown,4.4481053,2090.0,8.665204,36879.0,4.26305,78.787926,2.064845,96.72778,0.8243088,True,False
Piura,Piura,Catacaos,"Catacaos, Piura, Piura",MOVISTAR,202407,202411,-4,pre_shutdown,4.3341208,2300.0,8.976931,36909.0,4.0020537,80.1594,3.066573,96.439316,0.8112339,True,False
Piura,Piura,Catacaos,"Catacaos, Piura, Piura",MOVISTAR,202408,202411,-3,pre_shutdown,3.8853834,2548.0,8.186229,31526.0,2.9958856,80.59695,2.955663,96.73662,0.6400889,True,False
Piura,Piura,Catacaos,"Catacaos, Piura, Piura",MOVISTAR,202409,202411,-2,pre_shutdown,4.548046,2159.0,7.7079535,28667.0,3.5586305,77.94118,3.513992,95.96242,0.659192,True,False
Piura,Piura,Catacaos,"Catacaos, Piura, Piura",MOVISTAR,202410,202411,-1,pre_shutdown,4.4128547,1163.0,8.444258,29975.0,3.43204,73.26943,2.7490458,96.566505,0.45833743,True,False
Piura,Piura,Catacaos,"Catacaos, Piura, Piura",MOVISTAR,202411,202411,0,post_shutdown,0.0,0.0,9.644736,37105.0,2.7687783,62.457207,0.6192908,97.32325,0.38508934,False,True
Piura,Piura,Catacaos,"Catacaos, Piura, Piura",MOVISTAR,202412,202411,1,post_shutdown,0.0,0.0,9.554993,35407.0,2.6205678,58.178288,0.1265487,98.79147,0.40292796,False,True
Piura,Piura,Catacaos,"Catacaos, Piura, Piura",MOVISTAR,202501,202411,2,post_shutdown,0.0,0.0,9.844918,34346.0,2.8250492,59.92309,0.09752744,97.6869,0.40023917,False,True
Piura,Piura,Catacaos,"Catacaos, Piura, Piura",MOVISTAR,202502,202411,3,post_shutdown,0.0,0.0,9.410486,27345.0,2.9712186,59.73668,0.09194786,98.60376,0.50402534,False,True
Piura,Piura,Catacaos,"Catacaos, Piura, Piura",MOVISTAR,202503,202411,4,post_shutdown,0.0,0.0,8.27981,19402.0,3.0597193,60.136078,0.08071943,98.38103,0.4464805,False,True
Piura,Piura,Catacaos,"Catacaos, Piura, Piura",MOVISTAR,202504,202411,5,post_shutdown,0.0,0.0,9.032509,20579.0,2.6662495,64.565475,0.049669325,98.203964,0.46500453,False,True
Piura,Piura,Catacaos,"Catacaos, Piura, Piura",MOVISTAR,202505,202411,6,post_shutdown,0.0,0.0,9.11861,29454.0,3.0764675,65.5218,0.09101773,99.10301,0.32205302,False,True
Piura,Piura,Catacaos,"Catacaos, Piura, Piura",MOVISTAR,202506,202411,7,post_shutdown,0.0,0.0,9.249372,30899.0,2.6218834,63.72943,0.07255672,98.34931,0.38326082,False,True
Piura,Piura,Catacaos,"Catacaos, Piura, Piura",MOVISTAR,202507,202411,8,post_shutdown,0.0,0.0,8.944675,32763.0,2.654497,56.103157,0.063634574,97.4605,0.472537,False,True
Piura,Piura,Catacaos,"Catacaos, Piura, Piura",MOVISTAR,202508,202411,9,post_shutdown,0.0,0.0,9.276375,28137.0,3.0784407,55.564518,0.08754831,99.12786,0.6226339,False,True
Piura,Piura,Catacaos,"Catacaos, Piura, Piura",MOVISTAR,202509,202411,10,post_shutdown,0.0,0.0,9.903406,27873.0,2.726642,55.176834,0.17678124,99.150444,0.4246181,False,True
Piura,Piura,Catacaos,"Catacaos, Piura, Piura",MOVISTAR,202510,202411,11,post_shutdown,0.0,0.0,10.141029,23732.0,2.9879537,60.458744,0.046075746,98.31939,0.9942967,False,True
Piura,Piura,Catacaos,"Catacaos, Piura, Piura",MOVISTAR,202511,202411,12,post_shutdown,0.0,0.0,10.07499,23344.0,2.9876015,61.12592,0.2357958,98.150925,0.4463717,False,True
Piura,Piura,Catacaos,"Catacaos, Piura, Piura",MOVISTAR,202512,202411,13,post_shutdown,0.0,0.0,10.970329,30665.0,2.5759735,57.701786,0.12084829,98.678986,0.46613592,False,True
Piura,Piura,Catacaos,"Catacaos, Piura, Piura",MOVISTAR,202601,202411,14,post_shutdown,0.0,0.0,11.715247,25306.0,3.072701,58.83464,0.11417038,99.18248,0.41621307,False,True
Piura,Piura,Catacaos,"Catacaos, Piura, Piura",MOVISTAR,202602,202411,15,post_shutdown,0.0,0.0,11.2868395,21051.0,2.045814,60.681213,0.13500334,99.16156,0.52346784,False,True
Piura,Piura,Catacaos,"Catacaos, Piura, Piura",MOVISTAR,202603,202411,16,post_shutdown,0.0,0.0,11.47779,18052.0,2.6288743,57.373096,0.09602126,98.60887,0.4552793,False,True
Piura,Piura,Catacaos,"Catacaos, Piura, Piura",MOVISTAR,202604,202411,17,post_shutdown,0.0,0.0,11.45798,16956.0,3.1387994,55.97155,0.08204646,99.137596,0.43716708,False,True
Piura,Piura,Catacaos,"Catacaos, Piura, Piura",MOVISTAR,202605,202411,18,post_shutdown,0.0,0.0,11.434872,21467.0,3.6856465,57.323303,0.11350332,98.43865,0.5153502,False,True
Piura,Piura,Veintiseis De Octubre,"Veintiseis De Octubre, Piura, Piura",MOVISTAR,202301,202412,-23,pre_shutdown,4.439332,7300.0,9.846526,82132.0,4.13865,87.99632,5.3270044,93.07032,1.1583916,True,False
Piura,Piura,Veintiseis De Octubre,"Veintiseis De Octubre, Piura, Piura",MOVISTAR,202302,202412,-22,pre_shutdown,4.5992794,4160.0,9.740196,63285.0,3.4724262,87.331,4.091213,94.84398,1.2859566,True,False
Piura,Piura,Veintiseis De Octubre,"Veintiseis De Octubre, Piura, Piura",MOVISTAR,202303,202412,-21,pre_shutdown,5.310565,14118.0,9.774398,71192.0,3.9219131,83.49203,6.7746186,92.488976,1.0582987,True,False
Piura,Piura,Veintiseis De Octubre,"Veintiseis De Octubre, Piura, Piura",MOVISTAR,202304,202412,-20,pre_shutdown,5.5731626,7543.0,9.900821,65965.0,3.8005881,83.40699,4.5853114,94.32982,1.0233295,True,False
Piura,Piura,Veintiseis De Octubre,"Veintiseis De Octubre, Piura, Piura",MOVISTAR,202305,202412,-19,pre_shutdown,4.872522,5304.0,10.020836,64853.0,3.9216692,84.80984,3.9222922,95.41654,0.95476055,True,False
Piura,Piura,Veintiseis De Octubre,"Veintiseis De Octubre, Piura, Piura",MOVISTAR,202306,202412,-18,pre_shutdown,3.7011216,3482.0,9.966833,68667.0,3.342481,84.36706,2.6956422,96.54675,1.2094516,True,False
Piura,Piura,Veintiseis De Octubre,"Veintiseis De Octubre, Piura, Piura",MOVISTAR,202307,202412,-17,pre_shutdown,4.306859,5439.0,10.231511,87695.0,3.4539917,83.18783,2.160171,96.64977,1.1416906,True,False
Piura,Piura,Veintiseis De Octubre,"Veintiseis De Octubre, Piura, Piura",MOVISTAR,202308,202412,-16,pre_shutdown,5.4947615,7477.0,9.754667,83075.0,3.1931036,82.71789,2.8255258,96.36248,0.94363564,True,False
Piura,Piura,Veintiseis De Octubre,"Veintiseis De Octubre, Piura, Piura",MOVISTAR,202309,202412,-15,pre_shutdown,3.63598,4199.0,9.774282,101931.0,3.3269348,85.88213,2.0883598,97.45369,1.2016293,True,False
Piura,Piura,Veintiseis De Octubre,"Veintiseis De Octubre, Piura, Piura",MOVISTAR,202310,202412,-14,pre_shutdown,4.753412,5064.0,9.5374975,119155.0,3.0436964,84.16644,2.1533384,97.38967,1.0558752,True,False
Piura,Piura,Veintiseis De Octubre,"Veintiseis De Octubre, Piura, Piura",MOVISTAR,202311,202412,-13,pre_shutdown,4.406522,5129.0,8.760195,102322.0,2.977935,85.06364,2.3760114,96.99461,1.0847955,True,False
Piura,Piura,Veintiseis De Octubre,"Veintiseis De Octubre, Piura, Piura",MOVISTAR,202312,202412,-12,pre_shutdown,3.974604,5609.0,8.690054,106011.0,3.1205869,84.1844,2.7084315,96.643906,1.0317996,True,False
Piura,Piura,Veintiseis De Octubre,"Veintiseis De Octubre, Piura, Piura",MOVISTAR,202401,202412,-11,pre_shutdown,3.6140103,4955.0,8.514485,105975.0,2.8116827,83.600555,2.544916,96.84213,0.91607815,True,False
Piura,Piura,Veintiseis De Octubre,"Veintiseis De Octubre, Piura, Piura",MOVISTAR,202402,202412,-10,pre_shutdown,6.328451,6987.0,8.62669,79082.0,3.4591217,82.67209,2.5490434,97.14132,0.9601651,True,False
Piura,Piura,Veintiseis De Octubre,"Veintiseis De Octubre, Piura, Piura",MOVISTAR,202403,202412,-9,pre_shutdown,3.611248,5011.0,9.173491,91938.0,3.095119,82.381,2.636602,96.88072,0.9567412,True,False
Piura,Piura,Veintiseis De Octubre,"Veintiseis De Octubre, Piura, Piura",MOVISTAR,202404,202412,-8,pre_shutdown,3.5690694,3891.0,8.514029,85118.0,3.2068472,82.353516,2.0132608,97.390076,1.0252165,True,False
Piura,Piura,Veintiseis De Octubre,"Veintiseis De Octubre, Piura, Piura",MOVISTAR,202405,202412,-7,pre_shutdown,3.8974278,4814.0,8.367341,74434.0,3.3958604,82.254906,1.9177322,97.46036,1.0470719,True,False
Piura,Piura,Veintiseis De Octubre,"Veintiseis De Octubre, Piura, Piura",MOVISTAR,202406,202412,-6,pre_shutdown,8.117517,6921.0,8.333631,74527.0,3.3421426,80.981155,2.7052026,97.013725,1.0400087,True,False
Piura,Piura,Veintiseis De Octubre,"Veintiseis De Octubre, Piura, Piura",MOVISTAR,202407,202412,-5,pre_shutdown,5.2292767,4138.0,9.010088,74957.0,3.703052,80.70011,2.151632,97.385315,0.85214007,True,False
Piura,Piura,Veintiseis De Octubre,"Veintiseis De Octubre, Piura, Piura",MOVISTAR,202408,202412,-4,pre_shutdown,4.297966,2607.0,8.752813,68999.0,2.8967495,81.900185,1.4056159,98.51099,0.71885794,True,False
Piura,Piura,Veintiseis De Octubre,"Veintiseis De Octubre, Piura, Piura",MOVISTAR,202409,202412,-3,pre_shutdown,5.605058,4244.0,9.019516,83653.0,2.4218743,76.63701,1.863146,97.87273,0.5616005,True,False
Piura,Piura,Veintiseis De Octubre,"Veintiseis De Octubre, Piura, Piura",MOVISTAR,202410,202412,-2,pre_shutdown,3.9109263,2477.0,9.563869,100654.0,3.115731,73.02452,2.2963006,97.49025,0.46991107,True,False
Piura,Piura,Veintiseis De Octubre,"Veintiseis De Octubre, Piura, Piura",MOVISTAR,202411,202412,-1,pre_shutdown,4.098443,1482.0,10.025097,104527.0,3.4689188,63.69993,1.0530437,96.47591,0.3509941,True,False
Piura,Piura,Veintiseis De Octubre,"Veintiseis De Octubre, Piura, Piura",MOVISTAR,202412,202412,0,post_shutdown,0.0,0.0,9.768033,102573.0,3.3177345,59.41827,0.031798385,97.713425,0.34772763,False,True
Piura,Piura,Veintiseis De Octubre,"Veintiseis De Octubre, Piura, Piura",MOVISTAR,202501,202412,1,post_shutdown,0.0,0.0,10.105694,97861.0,2.84266,60.0097,0.024300277,98.571526,0.36594415,False,True
Piura,Piura,Veintiseis De Octubre,"Veintiseis De Octubre, Piura, Piura",MOVISTAR,202502,202412,2,post_shutdown,0.0,0.0,10.075188,81598.0,3.153346,59.19622,0.026420219,97.89763,0.40122327,False,True
Piura,Piura,Veintiseis De Octubre,"Veintiseis De Octubre, Piura, Piura",MOVISTAR,202503,202412,3,post_shutdown,0.0,0.0,10.794272,92714.0,3.109144,58.392254,0.01858294,96.62338,0.37237382,False,True
Piura,Piura,Veintiseis De Octubre,"Veintiseis De Octubre, Piura, Piura",MOVISTAR,202504,202412,4,post_shutdown,0.0,0.0,9.739422,91844.0,2.757856,64.04497,0.011110479,98.744225,0.48048297,False,True
Piura,Piura,Veintiseis De Octubre,"Veintiseis De Octubre, Piura, Piura",MOVISTAR,202505,202412,5,post_shutdown,0.0,0.0,9.963385,90350.0,3.433178,65.2685,0.014823982,98.801926,0.5195107,False,True
Piura,Piura,Veintiseis De Octubre,"Veintiseis De Octubre, Piura, Piura",MOVISTAR,202506,202412,6,post_shutdown,0.0,0.0,9.812769,68153.0,3.7665548,63.2133,0.015807124,98.10313,0.43044856,False,True
Piura,Piura,Veintiseis De Octubre,"Veintiseis De Octubre, Piura, Piura",MOVISTAR,202507,202412,7,post_shutdown,0.0,0.0,11.15647,78059.0,3.2272098,56.750668,0.012435172,97.66851,0.38543567,False,True
Piura,Piura,Veintiseis De Octubre,"Veintiseis De Octubre, Piura, Piura",MOVISTAR,202508,202412,8,post_shutdown,0.0,0.0,12.009455,87442.0,3.2310646,57.844566,0.01249352,97.97379,0.5561428,False,True
Piura,Piura,Veintiseis De Octubre,"Veintiseis De Octubre, Piura, Piura",MOVISTAR,202509,202412,9,post_shutdown,0.0,0.0,11.751988,85462.0,3.864947,57.803135,0.011816872,98.250916,0.36561635,False,True
Piura,Piura,Veintiseis De Octubre,"Veintiseis De Octubre, Piura, Piura",MOVISTAR,202510,202412,10,post_shutdown,0.0,0.0,12.136326,86409.0,3.462674,62.95873,0.009702184,99.43541,0.3492265,False,True
Piura,Piura,Veintiseis De Octubre,"Veintiseis De Octubre, Piura, Piura",MOVISTAR,202511,202412,11,post_shutdown,0.0,0.0,11.94992,73656.0,4.087543,64.33783,0.029535174,97.89547,0.38096434,False,True
Piura,Piura,Veintiseis De Octubre,"Veintiseis De Octubre, Piura, Piura",MOVISTAR,202512,202412,12,post_shutdown,0.0,0.0,12.004532,66027.0,2.5727038,62.517315,0.011808308,96.995636,0.3886642,False,True
Piura,Piura,Veintiseis De Octubre,"Veintiseis De Octubre, Piura, Piura",MOVISTAR,202601,202412,13,post_shutdown,0.0,0.0,11.719208,72229.0,2.6922317,62.18492,0.018346746,97.70821,0.43507397,False,True
Piura,Piura,Veintiseis De Octubre,"Veintiseis De Octubre, Piura, Piura",MOVISTAR,202602,202412,14,post_shutdown,0.0,0.0,12.353112,61555.0,2.8261821,64.796135,0.018429173,98.12125,0.5078158,False,True
Piura,Piura,Veintiseis De Octubre,"Veintiseis De Octubre, Piura, Piura",MOVISTAR,202603,202412,15,post_shutdown,0.0,0.0,12.987832,64492.0,2.9330199,61.34095,0.014818712,98.69559,0.456867,False,True
Piura,Piura,Veintiseis De Octubre,"Veintiseis De Octubre, Piura, Piura",MOVISTAR,202604,202412,16,post_shutdown,0.0,0.0,13.225137,49464.0,3.185352,60.30747,0.01752462,98.27782,0.45120516,False,True
Piura,Piura,Veintiseis De Octubre,"Veintiseis De Octubre, Piura, Piura",MOVISTAR,202605,202412,17,post_shutdown,0.0,0.0,12.634848,51618.0,2.9978395,61.15804,0.03470886,98.59279,0.5098654,False,True
Puno,Chucuito,Desaguadero,"Desaguadero, Chucuito, Puno",MOVISTAR,202301,202601,-36,pre_shutdown,5.6510015,1102.0,12.066002,13265.0,3.4060209,91.624954,3.6196015,95.30987,0.96800715,True,False
Puno,Chucuito,Desaguadero,"Desaguadero, Chucuito, Puno",MOVISTAR,202302,202601,-35,pre_shutdown,3.5743358,520.0,11.412986,5221.0,0.0,85.61204,4.0817676,94.23519,1.4091197,True,False
Puno,Chucuito,Desaguadero,"Desaguadero, Chucuito, Puno",MOVISTAR,202303,202601,-34,pre_shutdown,2.9049075,1237.0,10.899976,4484.0,0.0,86.83732,7.1351323,83.199524,2.4610639,True,False
Puno,Chucuito,Desaguadero,"Desaguadero, Chucuito, Puno",MOVISTAR,202304,202601,-33,pre_shutdown,2.879153,1334.0,9.559735,6149.0,0.0,87.932106,16.929155,81.49921,1.2968144,True,False
Puno,Chucuito,Desaguadero,"Desaguadero, Chucuito, Puno",MOVISTAR,202305,202601,-32,pre_shutdown,3.0865471,617.0,8.474961,4720.0,0.0,89.28812,20.253313,78.573685,1.2825994,True,False
Puno,Chucuito,Desaguadero,"Desaguadero, Chucuito, Puno",MOVISTAR,202306,202601,-31,pre_shutdown,3.3437107,1729.0,8.719286,8158.0,0.0,91.09448,17.018631,82.18133,1.56403,True,False
Puno,Chucuito,Desaguadero,"Desaguadero, Chucuito, Puno",MOVISTAR,202307,202601,-30,pre_shutdown,3.7752552,1290.0,10.185488,10015.0,0.0,86.735245,16.258097,82.76516,1.2960725,True,False
Puno,Chucuito,Desaguadero,"Desaguadero, Chucuito, Puno",MOVISTAR,202308,202601,-29,pre_shutdown,6.8003755,9558.0,9.749113,17716.0,4.132509,87.727585,18.126366,80.95576,1.1969101,True,False
Puno,Chucuito,Desaguadero,"Desaguadero, Chucuito, Puno",MOVISTAR,202309,202601,-28,pre_shutdown,7.055609,12266.0,8.73966,10045.0,2.8023183,92.678505,28.02408,71.1857,1.1818736,True,False
Puno,Chucuito,Desaguadero,"Desaguadero, Chucuito, Puno",MOVISTAR,202310,202601,-27,pre_shutdown,3.7782059,1337.0,10.454885,16211.0,3.589559,97.41178,14.911068,83.231125,1.800622,True,False
Puno,Chucuito,Desaguadero,"Desaguadero, Chucuito, Puno",MOVISTAR,202311,202601,-26,pre_shutdown,4.471766,6957.0,9.114244,12543.0,2.3640785,90.94551,21.0212,77.897354,1.0779506,True,False
Puno,Chucuito,Desaguadero,"Desaguadero, Chucuito, Puno",MOVISTAR,202312,202601,-25,pre_shutdown,4.8394175,3671.0,9.540897,14630.0,2.8080394,92.815956,18.705961,79.847305,0.9184709,True,False
Puno,Chucuito,Desaguadero,"Desaguadero, Chucuito, Puno",MOVISTAR,202401,202601,-24,pre_shutdown,4.424653,1457.0,12.045261,16218.0,2.887543,90.04117,5.1342087,94.23787,0.80135226,True,False
Puno,Chucuito,Desaguadero,"Desaguadero, Chucuito, Puno",MOVISTAR,202402,202601,-23,pre_shutdown,5.446059,1910.0,13.0269575,15739.0,2.6565459,89.336555,6.9632607,91.69872,1.2699829,True,False
Puno,Chucuito,Desaguadero,"Desaguadero, Chucuito, Puno",MOVISTAR,202403,202601,-22,pre_shutdown,4.1556087,1691.0,8.489048,9730.0,0.0,90.54504,9.260752,89.883896,1.1612545,True,False
Puno,Chucuito,Desaguadero,"Desaguadero, Chucuito, Puno",MOVISTAR,202404,202601,-21,pre_shutdown,6.4714365,1786.0,10.321054,13935.0,2.5121112,88.208405,4.7989755,94.084724,0.8075534,True,False
Puno,Chucuito,Desaguadero,"Desaguadero, Chucuito, Puno",MOVISTAR,202405,202601,-20,pre_shutdown,3.987569,1215.0,9.990328,13184.0,2.7647533,86.854095,5.063153,93.537636,0.5980414,True,False
Puno,Chucuito,Desaguadero,"Desaguadero, Chucuito, Puno",MOVISTAR,202406,202601,-19,pre_shutdown,4.3264174,2085.0,10.934454,16308.0,0.0,87.02844,6.3882384,92.445335,0.6810404,True,False
Puno,Chucuito,Desaguadero,"Desaguadero, Chucuito, Puno",MOVISTAR,202407,202601,-18,pre_shutdown,4.024553,709.0,11.469206,12549.0,3.0356526,85.719284,4.03146,95.01663,0.7345463,True,False
Puno,Chucuito,Desaguadero,"Desaguadero, Chucuito, Puno",MOVISTAR,202408,202601,-17,pre_shutdown,5.1781363,1248.0,11.112042,10471.0,4.1589255,90.914085,6.4057894,92.969345,0.68307906,True,False
Puno,Chucuito,Desaguadero,"Desaguadero, Chucuito, Puno",MOVISTAR,202409,202601,-16,pre_shutdown,6.047707,1037.0,10.883495,9874.0,0.0,84.73608,5.242308,93.66756,0.9694123,True,False
Puno,Chucuito,Desaguadero,"Desaguadero, Chucuito, Puno",MOVISTAR,202410,202601,-15,pre_shutdown,5.2980976,1006.0,10.461308,12309.0,2.7997944,80.49917,3.680424,95.73845,0.38916764,True,False
Puno,Chucuito,Desaguadero,"Desaguadero, Chucuito, Puno",MOVISTAR,202411,202601,-14,pre_shutdown,5.3058586,505.0,9.535561,10919.0,2.4102938,74.26799,3.0750651,96.28924,0.6371456,True,False
Puno,Chucuito,Desaguadero,"Desaguadero, Chucuito, Puno",MOVISTAR,202412,202601,-13,pre_shutdown,5.9439306,493.0,10.877203,10771.0,1.985455,68.3429,3.881042,95.58196,0.39448407,True,False
Puno,Chucuito,Desaguadero,"Desaguadero, Chucuito, Puno",MOVISTAR,202501,202601,-12,pre_shutdown,3.6668463,422.0,9.858752,8637.0,0.0,71.265755,5.1742115,94.53135,0.3716216,True,False
Puno,Chucuito,Desaguadero,"Desaguadero, Chucuito, Puno",MOVISTAR,202502,202601,-11,pre_shutdown,4.44248,911.0,8.535,6041.0,0.0,72.854645,11.452119,88.2162,0.824332,True,False
Puno,Chucuito,Desaguadero,"Desaguadero, Chucuito, Puno",MOVISTAR,202503,202601,-10,pre_shutdown,6.233434,1672.0,7.8139253,9412.0,2.729979,72.33118,10.335304,88.81006,0.6899426,True,False
Puno,Chucuito,Desaguadero,"Desaguadero, Chucuito, Puno",MOVISTAR,202504,202601,-9,pre_shutdown,7.2233605,1907.0,8.526977,11139.0,3.192983,73.63622,9.782783,89.69429,0.5033557,True,False
Puno,Chucuito,Desaguadero,"Desaguadero, Chucuito, Puno",MOVISTAR,202505,202601,-8,pre_shutdown,4.142611,1746.0,7.7327533,10161.0,2.625849,80.489395,17.091513,82.58212,0.6127952,True,False
Puno,Chucuito,Desaguadero,"Desaguadero, Chucuito, Puno",MOVISTAR,202506,202601,-7,pre_shutdown,4.6411023,857.0,8.032295,8512.0,2.1954908,76.891174,5.4949074,94.217766,0.7880593,True,False
Puno,Chucuito,Desaguadero,"Desaguadero, Chucuito, Puno",MOVISTAR,202507,202601,-6,pre_shutdown,5.353722,1030.0,9.636691,8643.0,1.2362756,70.2435,9.329992,90.2658,0.7224257,True,False
Puno,Chucuito,Desaguadero,"Desaguadero, Chucuito, Puno",MOVISTAR,202508,202601,-5,pre_shutdown,4.764174,2691.0,8.389675,14262.0,2.462345,70.33728,13.011992,86.54405,0.9138708,True,False
Puno,Chucuito,Desaguadero,"Desaguadero, Chucuito, Puno",MOVISTAR,202509,202601,-4,pre_shutdown,3.9926949,705.0,8.353171,6095.0,0.0,72.07379,12.954282,86.31881,1.1035126,True,False
Puno,Chucuito,Desaguadero,"Desaguadero, Chucuito, Puno",MOVISTAR,202510,202601,-3,pre_shutdown,6.5160203,854.0,11.52761,7283.0,2.4852834,71.9919,5.9348645,93.51404,0.8713235,True,False
Puno,Chucuito,Desaguadero,"Desaguadero, Chucuito, Puno",MOVISTAR,202511,202601,-2,pre_shutdown,7.230575,802.0,8.810649,6353.0,0.0,70.81576,3.1594117,95.48211,0.9249705,True,False
Puno,Chucuito,Desaguadero,"Desaguadero, Chucuito, Puno",MOVISTAR,202512,202601,-1,pre_shutdown,4.8274946,676.0,7.9384108,5876.0,0.0,69.41555,4.0331645,95.649506,0.87816054,True,False
Puno,Chucuito,Desaguadero,"Desaguadero, Chucuito, Puno",MOVISTAR,202601,202601,0,post_shutdown,0.0,0.0,11.705469,3252.0,0.0,64.462715,2.2041214,97.11684,0.7104964,False,True
Puno,Chucuito,Desaguadero,"Desaguadero, Chucuito, Puno",MOVISTAR,202602,202601,1,post_shutdown,0.0,0.0,10.138179,2238.0,0.0,66.077095,4.0061803,92.64583,0.51903117,False,True
Puno,Chucuito,Desaguadero,"Desaguadero, Chucuito, Puno",MOVISTAR,202603,202601,2,post_shutdown,0.0,0.0,11.949189,2441.0,0.0,67.21902,5.923536,93.01703,1.051879,False,True
Puno,Chucuito,Desaguadero,"Desaguadero, Chucuito, Puno",MOVISTAR,202604,202601,3,post_shutdown,0.0,0.0,10.578122,3105.0,0.0,65.611595,4.5640907,94.11462,0.7971821,False,True
Puno,Chucuito,Desaguadero,"Desaguadero, Chucuito, Puno",MOVISTAR,202605,202601,4,post_shutdown,0.0,0.0,12.120735,3014.0,0.0,63.213528,1.4843081,96.97729,0.24115756,False,True
Puno,Melgar,Ayaviri,"Ayaviri, Melgar, Puno",MOVISTAR,202301,202602,-37,pre_shutdown,3.788437,2589.0,7.0554366,59067.0,4.304753,92.714455,5.9412107,92.665054,0.6918832,True,False
Puno,Melgar,Ayaviri,"Ayaviri, Melgar, Puno",MOVISTAR,202302,202602,-36,pre_shutdown,4.3603306,2416.0,6.660431,54313.0,3.5698078,89.51451,4.768648,94.41502,1.5115925,True,False
Puno,Melgar,Ayaviri,"Ayaviri, Melgar, Puno",MOVISTAR,202303,202602,-35,pre_shutdown,3.4979742,2027.0,7.795139,55877.0,4.3983765,85.93482,4.2752404,93.52041,0.6836828,True,False
Puno,Melgar,Ayaviri,"Ayaviri, Melgar, Puno",MOVISTAR,202304,202602,-34,pre_shutdown,4.1123333,1509.0,7.627525,50774.0,4.314676,86.55543,2.6711857,95.94746,0.7636563,True,False
Puno,Melgar,Ayaviri,"Ayaviri, Melgar, Puno",MOVISTAR,202305,202602,-33,pre_shutdown,5.845158,2815.0,8.123069,41677.0,4.4910846,90.158165,3.963859,94.2842,0.8109041,True,False
Puno,Melgar,Ayaviri,"Ayaviri, Melgar, Puno",MOVISTAR,202306,202602,-32,pre_shutdown,5.465728,2195.0,8.286576,41680.0,4.6706448,89.94457,6.1102023,92.980446,0.86646587,True,False
Puno,Melgar,Ayaviri,"Ayaviri, Melgar, Puno",MOVISTAR,202307,202602,-31,pre_shutdown,5.6715603,13966.0,8.796635,48301.0,3.9557316,90.05753,10.593332,87.399765,0.96256113,True,False
Puno,Melgar,Ayaviri,"Ayaviri, Melgar, Puno",MOVISTAR,202308,202602,-30,pre_shutdown,5.003313,3269.0,7.697074,58604.0,3.5609968,87.8282,5.5906057,93.22889,1.0509009,True,False
Puno,Melgar,Ayaviri,"Ayaviri, Melgar, Puno",MOVISTAR,202309,202602,-29,pre_shutdown,4.8707952,4161.0,7.23776,67337.0,4.1627636,87.426,4.6315293,93.89247,1.0262461,True,False
Puno,Melgar,Ayaviri,"Ayaviri, Melgar, Puno",MOVISTAR,202310,202602,-28,pre_shutdown,4.1736894,8373.0,6.418506,102304.0,3.3681881,87.19293,6.4411955,92.585556,1.1567808,True,False
Puno,Melgar,Ayaviri,"Ayaviri, Melgar, Puno",MOVISTAR,202311,202602,-27,pre_shutdown,3.7331052,5838.0,5.829171,66231.0,2.7362065,86.28857,7.8677883,90.61556,1.0962465,True,False
Puno,Melgar,Ayaviri,"Ayaviri, Melgar, Puno",MOVISTAR,202312,202602,-26,pre_shutdown,4.343944,6371.0,7.259081,66676.0,2.651599,84.33184,6.2297907,92.22398,0.77140933,True,False
Puno,Melgar,Ayaviri,"Ayaviri, Melgar, Puno",MOVISTAR,202401,202602,-25,pre_shutdown,5.057985,7812.0,7.2797647,60210.0,2.7603862,84.6662,7.8376975,90.72366,0.7436807,True,False
Puno,Melgar,Ayaviri,"Ayaviri, Melgar, Puno",MOVISTAR,202402,202602,-24,pre_shutdown,5.19486,12236.0,6.600636,54255.0,3.9176857,85.066826,7.1785445,91.57107,0.8418382,True,False
Puno,Melgar,Ayaviri,"Ayaviri, Melgar, Puno",MOVISTAR,202403,202602,-23,pre_shutdown,6.1312113,15350.0,7.4669757,54574.0,5.613159,85.0731,9.224116,88.68175,0.79915065,True,False
Puno,Melgar,Ayaviri,"Ayaviri, Melgar, Puno",MOVISTAR,202404,202602,-22,pre_shutdown,6.115568,12361.0,7.2605076,51453.0,6.416332,86.55232,9.852118,89.44716,0.8540879,True,False
Puno,Melgar,Ayaviri,"Ayaviri, Melgar, Puno",MOVISTAR,202405,202602,-21,pre_shutdown,5.7226458,10575.0,6.7409787,53916.0,5.2317867,84.835526,8.646562,90.25062,0.7825166,True,False
Puno,Melgar,Ayaviri,"Ayaviri, Melgar, Puno",MOVISTAR,202406,202602,-20,pre_shutdown,6.2117105,16663.0,6.10975,48205.0,3.8106484,85.38232,10.396221,89.02209,0.83247775,True,False
Puno,Melgar,Ayaviri,"Ayaviri, Melgar, Puno",MOVISTAR,202407,202602,-19,pre_shutdown,6.039343,12131.0,8.163356,39564.0,3.4003103,85.49129,10.784666,87.589264,0.91594696,True,False
Puno,Melgar,Ayaviri,"Ayaviri, Melgar, Puno",MOVISTAR,202408,202602,-18,pre_shutdown,5.963815,6211.0,7.4215918,35778.0,3.1463163,86.304146,6.687335,91.39376,0.8291769,True,False
Puno,Melgar,Ayaviri,"Ayaviri, Melgar, Puno",MOVISTAR,202409,202602,-17,pre_shutdown,5.8809695,6331.0,7.1361704,41026.0,2.9287307,82.648834,6.2369184,93.14022,0.84653395,True,False
Puno,Melgar,Ayaviri,"Ayaviri, Melgar, Puno",MOVISTAR,202410,202602,-16,pre_shutdown,6.0735064,3609.0,7.268122,63434.0,3.1873484,80.28593,2.9717276,96.2513,0.84080434,True,False
Puno,Melgar,Ayaviri,"Ayaviri, Melgar, Puno",MOVISTAR,202411,202602,-15,pre_shutdown,4.385714,4836.0,7.3204455,72275.0,3.4091043,72.302284,3.5482225,95.90145,0.7378775,True,False
Puno,Melgar,Ayaviri,"Ayaviri, Melgar, Puno",MOVISTAR,202412,202602,-14,pre_shutdown,4.4135756,2058.0,7.4961047,80995.0,3.3477988,69.04848,3.4224324,96.03979,0.60757035,True,False
Puno,Melgar,Ayaviri,"Ayaviri, Melgar, Puno",MOVISTAR,202501,202602,-13,pre_shutdown,4.3880506,2507.0,7.2199063,75372.0,2.447203,71.11324,4.3688164,95.099075,0.87073827,True,False
Puno,Melgar,Ayaviri,"Ayaviri, Melgar, Puno",MOVISTAR,202502,202602,-12,pre_shutdown,5.408138,2179.0,6.806441,49705.0,2.4067347,70.472244,5.8386254,93.571045,0.9594341,True,False
Puno,Melgar,Ayaviri,"Ayaviri, Melgar, Puno",MOVISTAR,202503,202602,-11,pre_shutdown,5.1292567,4669.0,6.868684,77533.0,2.587075,68.53328,8.310687,90.06147,0.83226496,True,False
Puno,Melgar,Ayaviri,"Ayaviri, Melgar, Puno",MOVISTAR,202504,202602,-10,pre_shutdown,5.874717,9406.0,6.430748,55736.0,2.6376653,73.993324,10.213965,88.47034,0.74020034,True,False
Puno,Melgar,Ayaviri,"Ayaviri, Melgar, Puno",MOVISTAR,202505,202602,-9,pre_shutdown,6.9005094,9122.0,7.743689,39596.0,2.1096494,76.662285,9.480618,89.713295,0.63992417,True,False
Puno,Melgar,Ayaviri,"Ayaviri, Melgar, Puno",MOVISTAR,202506,202602,-8,pre_shutdown,6.4179654,2107.0,8.002682,40977.0,1.5010993,73.6247,6.3947806,92.98862,0.55003744,True,False
Puno,Melgar,Ayaviri,"Ayaviri, Melgar, Puno",MOVISTAR,202507,202602,-7,pre_shutdown,8.428371,8264.0,8.590095,30195.0,1.9651661,66.39948,11.743492,87.37833,0.39332405,True,False
Puno,Melgar,Ayaviri,"Ayaviri, Melgar, Puno",MOVISTAR,202508,202602,-6,pre_shutdown,6.77341,4375.0,9.016258,29615.0,2.7206452,65.93913,7.781401,91.91534,0.49273577,True,False
Puno,Melgar,Ayaviri,"Ayaviri, Melgar, Puno",MOVISTAR,202509,202602,-5,pre_shutdown,4.903381,4269.0,9.747738,31407.0,1.6462176,66.11014,8.000706,91.68344,0.63319355,True,False
Puno,Melgar,Ayaviri,"Ayaviri, Melgar, Puno",MOVISTAR,202510,202602,-4,pre_shutdown,6.5867667,3324.0,9.463584,34238.0,2.316021,68.53466,10.403337,88.452385,0.5837948,True,False
Puno,Melgar,Ayaviri,"Ayaviri, Melgar, Puno",MOVISTAR,202511,202602,-3,pre_shutdown,6.7472076,7695.0,9.394197,37818.0,2.0585592,67.03977,11.703167,87.742195,0.59304094,True,False
Puno,Melgar,Ayaviri,"Ayaviri, Melgar, Puno",MOVISTAR,202512,202602,-2,pre_shutdown,5.0918226,1602.0,11.392082,34148.0,2.2136602,63.203976,3.0626283,96.26421,0.5758579,True,False
Puno,Melgar,Ayaviri,"Ayaviri, Melgar, Puno",MOVISTAR,202601,202602,-1,pre_shutdown,5.8556776,729.0,10.522229,25109.0,2.6481905,63.017273,1.8154391,97.64384,0.49250057,True,False
Puno,Melgar,Ayaviri,"Ayaviri, Melgar, Puno",MOVISTAR,202602,202602,0,post_shutdown,0.0,0.0,10.168043,20789.0,2.254587,66.086754,1.7607341,97.72914,0.6442452,False,True
Puno,Melgar,Ayaviri,"Ayaviri, Melgar, Puno",MOVISTAR,202603,202602,1,post_shutdown,0.0,0.0,10.192282,30076.0,1.9409978,65.91915,5.343743,94.36063,0.43556416,False,True
Puno,Melgar,Ayaviri,"Ayaviri, Melgar, Puno",MOVISTAR,202604,202602,2,post_shutdown,0.0,0.0,10.342716,16052.0,2.6826499,64.01297,3.481155,96.185936,0.44159466,False,True
Puno,Melgar,Ayaviri,"Ayaviri, Melgar, Puno",MOVISTAR,202605,202602,3,post_shutdown,0.0,0.0,10.745554,17378.0,3.2556732,65.89417,4.1287403,95.25245,0.46798664,False,True
Puno,Puno,Puno,"Puno, Puno, Puno",MOVISTAR,202301,202511,-34,pre_shutdown,3.6116133,16606.0,9.216122,181754.0,3.860042,89.620834,6.6541944,91.73846,1.4400877,True,False
Puno,Puno,Puno,"Puno, Puno, Puno",MOVISTAR,202302,202511,-33,pre_shutdown,4.2626047,11890.0,10.591629,132118.0,4.1099367,85.71021,7.1376634,91.30971,1.2572786,True,False
Puno,Puno,Puno,"Puno, Puno, Puno",MOVISTAR,202303,202511,-32,pre_shutdown,3.7915158,14275.0,11.170292,152260.0,4.1856265,82.67557,6.961933,91.29528,1.0301551,True,False
Puno,Puno,Puno,"Puno, Puno, Puno",MOVISTAR,202304,202511,-31,pre_shutdown,4.251814,16712.0,10.9551935,147189.0,4.417823,83.34803,7.055869,91.12851,1.1429149,True,False
Puno,Puno,Puno,"Puno, Puno, Puno",MOVISTAR,202305,202511,-30,pre_shutdown,4.0097203,11343.0,10.415716,132744.0,4.470656,85.40625,6.4942145,91.640366,1.1439052,True,False
Puno,Puno,Puno,"Puno, Puno, Puno",MOVISTAR,202306,202511,-29,pre_shutdown,3.6572008,13687.0,10.272163,176090.0,4.3111067,84.04148,6.779399,91.40505,1.3478408,True,False
Puno,Puno,Puno,"Puno, Puno, Puno",MOVISTAR,202307,202511,-28,pre_shutdown,3.9836726,18626.0,10.803627,252829.0,4.193872,83.404976,5.3118973,93.59783,1.3269659,True,False
Puno,Puno,Puno,"Puno, Puno, Puno",MOVISTAR,202308,202511,-27,pre_shutdown,3.8520863,20389.0,9.940142,233136.0,3.693692,82.67486,5.2832265,93.39656,1.2181824,True,False
Puno,Puno,Puno,"Puno, Puno, Puno",MOVISTAR,202309,202511,-26,pre_shutdown,3.5766602,22848.0,9.828784,256728.0,4.1087513,86.99219,5.0375504,93.972946,0.9575014,True,False
Puno,Puno,Puno,"Puno, Puno, Puno",MOVISTAR,202310,202511,-25,pre_shutdown,3.7098057,25400.0,10.4862795,330620.0,4.707726,86.15816,5.6519437,93.004585,1.049564,True,False
Puno,Puno,Puno,"Puno, Puno, Puno",MOVISTAR,202311,202511,-24,pre_shutdown,4.113334,26253.0,10.616239,281573.0,4.473508,86.97574,6.483182,92.22687,1.1511749,True,False
Puno,Puno,Puno,"Puno, Puno, Puno",MOVISTAR,202312,202511,-23,pre_shutdown,4.1078153,23789.0,10.016251,260499.0,3.915156,86.532486,5.6956697,93.34202,1.058876,True,False
Puno,Puno,Puno,"Puno, Puno, Puno",MOVISTAR,202401,202511,-22,pre_shutdown,4.4351563,23073.0,10.120741,261665.0,4.0441785,87.086365,6.1038256,91.92985,1.1037322,True,False
Puno,Puno,Puno,"Puno, Puno, Puno",MOVISTAR,202402,202511,-21,pre_shutdown,3.5883958,16344.0,9.595124,222957.0,3.653701,85.823425,5.42679,91.875854,1.1736983,True,False
Puno,Puno,Puno,"Puno, Puno, Puno",MOVISTAR,202403,202511,-20,pre_shutdown,3.7164705,16206.0,9.994974,233191.0,3.7590575,85.21369,4.510421,93.190186,0.95654696,True,False
Puno,Puno,Puno,"Puno, Puno, Puno",MOVISTAR,202404,202511,-19,pre_shutdown,3.7896416,16439.0,9.879214,230069.0,3.499105,85.147804,4.0462255,93.29065,0.8207722,True,False
Puno,Puno,Puno,"Puno, Puno, Puno",MOVISTAR,202405,202511,-18,pre_shutdown,3.8680234,17140.0,9.561707,215793.0,3.399484,85.013504,4.1072745,94.602936,0.9385852,True,False
Puno,Puno,Puno,"Puno, Puno, Puno",MOVISTAR,202406,202511,-17,pre_shutdown,4.2965837,16472.0,9.434955,198296.0,3.6925979,84.84417,4.418314,94.61991,0.8784145,True,False
Puno,Puno,Puno,"Puno, Puno, Puno",MOVISTAR,202407,202511,-16,pre_shutdown,4.0490575,15978.0,9.731806,194220.0,3.59172,84.810745,5.0438623,93.95472,0.85972446,True,False
Puno,Puno,Puno,"Puno, Puno, Puno",MOVISTAR,202408,202511,-15,pre_shutdown,4.761638,11528.0,9.523906,159849.0,3.588696,86.094284,4.354921,95.31973,0.8111841,True,False
Puno,Puno,Puno,"Puno, Puno, Puno",MOVISTAR,202409,202511,-14,pre_shutdown,6.070871,13420.0,9.264989,192809.0,3.2052615,82.82042,3.6348822,95.88882,0.74787927,True,False
Puno,Puno,Puno,"Puno, Puno, Puno",MOVISTAR,202410,202511,-13,pre_shutdown,5.9991703,22887.0,9.276694,187559.0,3.0969412,79.461525,5.405722,93.98823,0.637267,True,False
Puno,Puno,Puno,"Puno, Puno, Puno",MOVISTAR,202411,202511,-12,pre_shutdown,5.177882,22849.0,9.272943,194099.0,2.9581826,69.67246,4.6908374,94.696335,0.6321119,True,False
Puno,Puno,Puno,"Puno, Puno, Puno",MOVISTAR,202412,202511,-11,pre_shutdown,5.0216312,17452.0,8.77191,167697.0,2.8406622,66.53553,4.4493613,94.95056,0.6092545,True,False
Puno,Puno,Puno,"Puno, Puno, Puno",MOVISTAR,202501,202511,-10,pre_shutdown,4.88166,13655.0,8.828922,184947.0,2.814715,68.32472,4.393586,94.92377,0.59116036,True,False
Puno,Puno,Puno,"Puno, Puno, Puno",MOVISTAR,202502,202511,-9,pre_shutdown,4.748112,12056.0,8.957839,191045.0,2.7844608,68.30789,4.2153287,95.32985,0.80073494,True,False
Puno,Puno,Puno,"Puno, Puno, Puno",MOVISTAR,202503,202511,-8,pre_shutdown,4.2812448,13434.0,9.11899,191412.0,2.5519779,65.77701,4.3127966,95.256805,0.5213525,True,False
Puno,Puno,Puno,"Puno, Puno, Puno",MOVISTAR,202504,202511,-7,pre_shutdown,4.799196,11494.0,8.982856,205377.0,2.4154522,72.5531,4.575801,94.84245,0.64311016,True,False
Puno,Puno,Puno,"Puno, Puno, Puno",MOVISTAR,202505,202511,-6,pre_shutdown,4.4010835,10024.0,8.56108,186408.0,2.773626,74.435074,4.7764206,94.330246,0.69935507,True,False
Puno,Puno,Puno,"Puno, Puno, Puno",MOVISTAR,202506,202511,-5,pre_shutdown,4.5868587,9844.0,8.98999,196022.0,2.6453924,73.96305,4.079641,95.00671,0.84973264,True,False
Puno,Puno,Puno,"Puno, Puno, Puno",MOVISTAR,202507,202511,-4,pre_shutdown,4.5725284,9124.0,9.128603,171588.0,2.1867092,66.11668,4.0423055,95.43504,0.664534,True,False
Puno,Puno,Puno,"Puno, Puno, Puno",MOVISTAR,202508,202511,-3,pre_shutdown,4.5903087,7050.0,10.280417,196689.0,2.385296,64.3606,4.2666903,95.11973,0.542755,True,False
Puno,Puno,Puno,"Puno, Puno, Puno",MOVISTAR,202509,202511,-2,pre_shutdown,4.4564266,6589.0,10.07437,176688.0,2.8418005,64.29469,4.3188276,95.155594,0.5953614,True,False
Puno,Puno,Puno,"Puno, Puno, Puno",MOVISTAR,202510,202511,-1,pre_shutdown,4.946302,6064.0,10.715448,189216.0,2.713349,65.53342,3.0267162,94.88257,0.54653645,True,False
Puno,Puno,Puno,"Puno, Puno, Puno",MOVISTAR,202511,202511,0,post_shutdown,0.0,0.0,11.277459,162447.0,2.8771687,62.012257,0.14791161,95.699974,0.49823964,False,True
Puno,Puno,Puno,"Puno, Puno, Puno",MOVISTAR,202512,202511,1,post_shutdown,0.0,0.0,10.897299,175826.0,3.1645825,60.901382,0.17783734,96.104324,0.5243555,False,True
Puno,Puno,Puno,"Puno, Puno, Puno",MOVISTAR,202601,202511,2,post_shutdown,0.0,0.0,11.024855,180518.0,2.598152,62.261154,0.18267784,96.43698,0.4286103,False,True
Puno,Puno,Puno,"Puno, Puno, Puno",MOVISTAR,202602,202511,3,post_shutdown,0.0,0.0,11.397053,157637.0,2.5865068,65.26394,0.15630871,96.50611,0.5376972,False,True
Puno,Puno,Puno,"Puno, Puno, Puno",MOVISTAR,202603,202511,4,post_shutdown,0.0,0.0,11.178246,132784.0,3.246746,63.512066,0.08798579,95.627235,0.42119947,False,True
Puno,Puno,Puno,"Puno, Puno, Puno",MOVISTAR,202604,202511,5,post_shutdown,0.0,0.0,12.066688,112791.0,3.631476,63.406063,0.07627214,94.979195,0.39623117,False,True
Puno,Puno,Puno,"Puno, Puno, Puno",MOVISTAR,202605,202511,6,post_shutdown,0.0,0.0,11.538233,126766.0,3.0797591,63.501934,0.050528314,94.5,0.38310775,False,True
Puno,San Roman,Caracoto,"Caracoto, San Roman, Puno",MOVISTAR,202301,202511,-34,pre_shutdown,3.2111492,1583.0,5.588854,12233.0,5.152341,91.559,8.903382,90.685646,2.1049566,True,False
Puno,San Roman,Caracoto,"Caracoto, San Roman, Puno",MOVISTAR,202302,202511,-33,pre_shutdown,3.5060775,1277.0,4.3599844,7160.0,0.0,86.76298,15.131058,83.70518,2.2074308,True,False
Puno,San Roman,Caracoto,"Caracoto, San Roman, Puno",MOVISTAR,202303,202511,-32,pre_shutdown,4.6680903,1129.0,7.4561152,7541.0,3.2664442,81.72137,17.96129,81.66945,1.160699,True,False
Puno,San Roman,Caracoto,"Caracoto, San Roman, Puno",MOVISTAR,202304,202511,-31,pre_shutdown,3.5107443,944.0,13.042858,13232.0,2.6537118,85.18133,11.36096,87.793724,1.5498077,True,False
Puno,San Roman,Caracoto,"Caracoto, San Roman, Puno",MOVISTAR,202305,202511,-30,pre_shutdown,5.3241167,1713.0,9.436338,10470.0,2.7730708,84.25561,11.112633,88.246506,0.9734069,True,False
Puno,San Roman,Caracoto,"Caracoto, San Roman, Puno",MOVISTAR,202306,202511,-29,pre_shutdown,4.090798,1276.0,8.330981,11661.0,3.113298,84.76105,12.58192,87.02989,1.6562686,True,False
Puno,San Roman,Caracoto,"Caracoto, San Roman, Puno",MOVISTAR,202307,202511,-28,pre_shutdown,4.270169,2580.0,7.296475,8909.0,3.7358005,83.3646,14.910114,83.86779,1.4533194,True,False
Puno,San Roman,Caracoto,"Caracoto, San Roman, Puno",MOVISTAR,202308,202511,-27,pre_shutdown,2.934025,1785.0,7.129624,10407.0,2.813013,84.94429,6.5982776,89.87138,1.4868058,True,False
Puno,San Roman,Caracoto,"Caracoto, San Roman, Puno",MOVISTAR,202309,202511,-26,pre_shutdown,2.656718,1764.0,8.1841345,18888.0,4.0197854,84.48728,5.6522546,93.70745,1.1539977,True,False
Puno,San Roman,Caracoto,"Caracoto, San Roman, Puno",MOVISTAR,202310,202511,-25,pre_shutdown,2.631141,2106.0,6.9875016,13301.0,3.2201805,87.64694,8.068681,90.15847,1.8600252,True,False
Puno,San Roman,Caracoto,"Caracoto, San Roman, Puno",MOVISTAR,202311,202511,-24,pre_shutdown,2.8827758,1880.0,5.614563,8294.0,3.8355353,87.994965,8.738081,90.30664,1.9687815,True,False
Puno,San Roman,Caracoto,"Caracoto, San Roman, Puno",MOVISTAR,202312,202511,-23,pre_shutdown,2.971538,2409.0,7.6810956,10304.0,4.3640857,87.059364,10.342741,88.15736,1.5835505,True,False
Puno,San Roman,Caracoto,"Caracoto, San Roman, Puno",MOVISTAR,202401,202511,-22,pre_shutdown,3.3973591,2088.0,6.9290504,11239.0,4.34209,87.499985,8.483717,90.216034,1.480898,True,False
Puno,San Roman,Caracoto,"Caracoto, San Roman, Puno",MOVISTAR,202402,202511,-21,pre_shutdown,3.2716737,1498.0,9.142061,13739.0,3.8774476,87.083725,8.729053,89.71597,1.8435755,True,False
Puno,San Roman,Caracoto,"Caracoto, San Roman, Puno",MOVISTAR,202403,202511,-20,pre_shutdown,2.5572395,1287.0,7.0921454,9834.0,3.9126751,87.59797,8.200186,90.27685,1.853042,True,False
Puno,San Roman,Caracoto,"Caracoto, San Roman, Puno",MOVISTAR,202404,202511,-19,pre_shutdown,3.35207,1322.0,9.254774,6729.0,3.9645894,85.76753,8.104963,89.02231,1.5017769,True,False
Puno,San Roman,Caracoto,"Caracoto, San Roman, Puno",MOVISTAR,202405,202511,-18,pre_shutdown,3.2007172,1458.0,8.675251,8857.0,0.0,85.87263,8.623198,90.141884,1.5109272,True,False
Puno,San Roman,Caracoto,"Caracoto, San Roman, Puno",MOVISTAR,202406,202511,-17,pre_shutdown,3.366788,1408.0,7.1848006,5685.0,0.0,86.60243,11.207578,86.34875,1.4578834,True,False
Puno,San Roman,Caracoto,"Caracoto, San Roman, Puno",MOVISTAR,202407,202511,-16,pre_shutdown,3.343076,1161.0,7.0422096,9590.0,1.9593481,85.796684,10.016456,88.188,1.2294264,True,False
Puno,San Roman,Caracoto,"Caracoto, San Roman, Puno",MOVISTAR,202408,202511,-15,pre_shutdown,3.7687814,1388.0,7.553161,4538.0,0.0,86.38771,10.1520605,88.43162,1.423573,True,False
Puno,San Roman,Caracoto,"Caracoto, San Roman, Puno",MOVISTAR,202409,202511,-14,pre_shutdown,3.7879634,1017.0,7.1699486,6764.0,0.0,84.821396,6.3756332,92.4142,1.3453904,True,False
Puno,San Roman,Caracoto,"Caracoto, San Roman, Puno",MOVISTAR,202410,202511,-13,pre_shutdown,3.5217826,1229.0,7.0257864,7673.0,3.1796706,79.74781,10.3709,88.89893,1.0369332,True,False
Puno,San Roman,Caracoto,"Caracoto, San Roman, Puno",MOVISTAR,202411,202511,-12,pre_shutdown,3.46177,901.0,8.0374365,6447.0,3.6319318,68.96589,4.9505944,93.84295,1.1527929,True,False
Puno,San Roman,Caracoto,"Caracoto, San Roman, Puno",MOVISTAR,202412,202511,-11,pre_shutdown,3.1192791,1036.0,7.3595247,5274.0,4.302571,68.07202,7.3447976,91.52219,1.4929712,True,False
Puno,San Roman,Caracoto,"Caracoto, San Roman, Puno",MOVISTAR,202501,202511,-10,pre_shutdown,3.4058356,886.0,6.918326,5941.0,4.729461,70.75831,10.020671,89.27662,0.87243885,True,False
Puno,San Roman,Caracoto,"Caracoto, San Roman, Puno",MOVISTAR,202502,202511,-9,pre_shutdown,3.720815,1902.0,6.7936316,4201.0,0.0,69.05618,19.874643,79.55963,1.0796132,True,False
Puno,San Roman,Caracoto,"Caracoto, San Roman, Puno",MOVISTAR,202503,202511,-8,pre_shutdown,3.62353,915.0,7.1241207,8045.0,3.3139825,66.93136,6.272909,92.79481,1.0205144,True,False
Puno,San Roman,Caracoto,"Caracoto, San Roman, Puno",MOVISTAR,202504,202511,-7,pre_shutdown,4.6028285,1302.0,8.077366,12916.0,3.5799916,70.78734,8.876442,90.58714,0.7631112,True,False
Puno,San Roman,Caracoto,"Caracoto, San Roman, Puno",MOVISTAR,202505,202511,-6,pre_shutdown,3.451166,1004.0,7.8236103,14420.0,3.5879567,73.15868,9.087462,89.802536,1.1820632,True,False
Puno,San Roman,Caracoto,"Caracoto, San Roman, Puno",MOVISTAR,202506,202511,-5,pre_shutdown,4.1348658,861.0,8.129844,13101.0,2.46796,68.77828,7.9144883,90.96379,0.67639494,True,False
Puno,San Roman,Caracoto,"Caracoto, San Roman, Puno",MOVISTAR,202507,202511,-4,pre_shutdown,3.6262262,1068.0,8.367059,11142.0,2.2844687,62.38775,6.7885246,92.683655,0.85728204,True,False
Puno,San Roman,Caracoto,"Caracoto, San Roman, Puno",MOVISTAR,202508,202511,-3,pre_shutdown,4.19944,1176.0,8.385196,17803.0,1.7123897,63.79292,5.388101,94.13902,0.8695966,True,False
Puno,San Roman,Caracoto,"Caracoto, San Roman, Puno",MOVISTAR,202509,202511,-2,pre_shutdown,4.1490717,1008.0,9.312525,8067.0,2.6161375,63.45662,6.8526306,92.64533,0.73537576,True,False
Puno,San Roman,Caracoto,"Caracoto, San Roman, Puno",MOVISTAR,202510,202511,-1,pre_shutdown,4.469328,547.0,10.072853,9614.0,2.3426507,63.730057,5.209076,92.53435,0.6817643,True,False
Puno,San Roman,Caracoto,"Caracoto, San Roman, Puno",MOVISTAR,202511,202511,0,post_shutdown,0.0,0.0,10.1327505,8025.0,0.0,61.540546,0.39243287,90.90566,0.93803054,False,True
Puno,San Roman,Caracoto,"Caracoto, San Roman, Puno",MOVISTAR,202512,202511,1,post_shutdown,0.0,0.0,12.501579,9532.0,2.681038,59.603085,1.2949209,91.549995,0.770077,False,True
Puno,San Roman,Caracoto,"Caracoto, San Roman, Puno",MOVISTAR,202601,202511,2,post_shutdown,0.0,0.0,11.387735,6887.0,0.0,61.539715,1.0964698,96.06388,0.7726864,False,True
Puno,San Roman,Caracoto,"Caracoto, San Roman, Puno",MOVISTAR,202602,202511,3,post_shutdown,0.0,0.0,12.924277,6773.0,0.0,63.86839,0.5509695,95.34159,0.6231743,False,True
Puno,San Roman,Caracoto,"Caracoto, San Roman, Puno",MOVISTAR,202603,202511,4,post_shutdown,0.0,0.0,11.7046175,8071.0,2.5061252,60.884426,0.8386746,95.698654,0.53158224,False,True
Puno,San Roman,Caracoto,"Caracoto, San Roman, Puno",MOVISTAR,202604,202511,5,post_shutdown,0.0,0.0,10.526288,5621.0,2.1273384,61.90938,0.2667033,95.790535,0.63964844,False,True
Puno,San Roman,Caracoto,"Caracoto, San Roman, Puno",MOVISTAR,202605,202511,6,post_shutdown,0.0,0.0,12.776688,6468.0,2.975517,58.833416,0.08802052,94.836815,0.500394,False,True
Puno,San Roman,Juliaca,"Juliaca, San Roman, Puno",MOVISTAR,202301,202511,-34,pre_shutdown,3.3924186,15925.0,7.5050936,244867.0,3.8240812,89.34043,5.4927764,94.08336,1.5759279,True,False
Puno,San Roman,Juliaca,"Juliaca, San Roman, Puno",MOVISTAR,202302,202511,-33,pre_shutdown,3.8471534,16760.0,8.862207,169256.0,5.0794,86.58038,6.734563,92.77251,1.4499966,True,False
Puno,San Roman,Juliaca,"Juliaca, San Roman, Puno",MOVISTAR,202303,202511,-32,pre_shutdown,3.63406,14399.0,8.890399,174572.0,4.633002,83.3592,6.2509274,92.85551,1.2298678,True,False
Puno,San Roman,Juliaca,"Juliaca, San Roman, Puno",MOVISTAR,202304,202511,-31,pre_shutdown,4.352158,19645.0,9.140398,196711.0,4.007734,84.20649,6.687224,91.677536,1.1818658,True,False
Puno,San Roman,Juliaca,"Juliaca, San Roman, Puno",MOVISTAR,202305,202511,-30,pre_shutdown,3.48255,17640.0,9.630308,203793.0,4.2606316,86.30108,7.2833576,91.11463,1.4118785,True,False
Puno,San Roman,Juliaca,"Juliaca, San Roman, Puno",MOVISTAR,202306,202511,-29,pre_shutdown,3.298156,17540.0,8.804645,208778.0,4.2205415,84.70441,6.6581116,92.62736,1.4723885,True,False
Puno,San Roman,Juliaca,"Juliaca, San Roman, Puno",MOVISTAR,202307,202511,-28,pre_shutdown,4.4788055,25615.0,9.625593,304536.0,3.76638,84.21743,5.6272593,93.64602,1.4317892,True,False
Puno,San Roman,Juliaca,"Juliaca, San Roman, Puno",MOVISTAR,202308,202511,-27,pre_shutdown,4.0703053,26384.0,8.51803,284394.0,3.666612,84.02924,5.1877027,93.68464,1.5114012,True,False
Puno,San Roman,Juliaca,"Juliaca, San Roman, Puno",MOVISTAR,202309,202511,-26,pre_shutdown,3.7533252,24330.0,8.4292755,287503.0,3.748597,85.15792,4.6616063,94.46247,1.4854486,True,False
Puno,San Roman,Juliaca,"Juliaca, San Roman, Puno",MOVISTAR,202310,202511,-25,pre_shutdown,3.8601322,29070.0,8.321735,312974.0,3.476655,84.836586,4.7976966,94.331,1.5570947,True,False
Puno,San Roman,Juliaca,"Juliaca, San Roman, Puno",MOVISTAR,202311,202511,-24,pre_shutdown,3.8006852,31044.0,8.572559,292724.0,3.2846756,84.65699,5.734663,93.18295,1.4534392,True,False
Puno,San Roman,Juliaca,"Juliaca, San Roman, Puno",MOVISTAR,202312,202511,-23,pre_shutdown,3.890939,33220.0,9.093344,313213.0,3.3313131,83.738174,6.029518,93.161934,1.2803758,True,False
Puno,San Roman,Juliaca,"Juliaca, San Roman, Puno",MOVISTAR,202401,202511,-22,pre_shutdown,4.0698943,27247.0,8.731938,267271.0,3.5401103,83.81379,5.643219,93.5359,1.3454468,True,False
Puno,San Roman,Juliaca,"Juliaca, San Roman, Puno",MOVISTAR,202402,202511,-21,pre_shutdown,3.768284,23577.0,9.116166,227309.0,3.4995837,83.68584,6.268042,92.71733,1.430984,True,False
Puno,San Roman,Juliaca,"Juliaca, San Roman, Puno",MOVISTAR,202403,202511,-20,pre_shutdown,3.8954794,23497.0,8.737165,232896.0,3.7324834,83.66298,6.4985876,92.53854,1.3524508,True,False
Puno,San Roman,Juliaca,"Juliaca, San Roman, Puno",MOVISTAR,202404,202511,-19,pre_shutdown,3.4848194,24457.0,9.393883,262255.0,3.5008388,82.20938,6.102372,93.15625,1.054326,True,False
Puno,San Roman,Juliaca,"Juliaca, San Roman, Puno",MOVISTAR,202405,202511,-18,pre_shutdown,3.9713128,32960.0,9.1107435,255760.0,3.6321585,81.772255,6.4662557,92.432205,1.0854912,True,False
Puno,San Roman,Juliaca,"Juliaca, San Roman, Puno",MOVISTAR,202406,202511,-17,pre_shutdown,4.6652517,30294.0,9.197942,259586.0,3.4559476,81.72052,6.075434,92.80817,1.1554672,True,False
Puno,San Roman,Juliaca,"Juliaca, San Roman, Puno",MOVISTAR,202407,202511,-16,pre_shutdown,4.4155064,34098.0,9.569528,268843.0,3.6825652,82.053024,6.312133,92.46897,1.036132,True,False
Puno,San Roman,Juliaca,"Juliaca, San Roman, Puno",MOVISTAR,202408,202511,-15,pre_shutdown,5.3260083,28474.0,8.876511,230585.0,2.947945,84.2215,5.286405,94.08495,1.0981373,True,False
Puno,San Roman,Juliaca,"Juliaca, San Roman, Puno",MOVISTAR,202409,202511,-14,pre_shutdown,5.9380603,24088.0,9.022293,284851.0,3.2319157,80.15868,4.1845317,94.85289,1.039586,True,False
Puno,San Roman,Juliaca,"Juliaca, San Roman, Puno",MOVISTAR,202410,202511,-13,pre_shutdown,5.1167836,23106.0,8.967468,324274.0,3.2164178,77.72941,4.70551,94.803535,0.9291564,True,False
Puno,San Roman,Juliaca,"Juliaca, San Roman, Puno",MOVISTAR,202411,202511,-12,pre_shutdown,4.67787,20006.0,9.055987,300509.0,2.9156184,68.41355,4.7635627,94.81382,0.904222,True,False
Puno,San Roman,Juliaca,"Juliaca, San Roman, Puno",MOVISTAR,202412,202511,-11,pre_shutdown,4.399827,15729.0,9.102352,258531.0,3.1092167,65.7899,3.96183,95.41245,0.7834615,True,False
Puno,San Roman,Juliaca,"Juliaca, San Roman, Puno",MOVISTAR,202501,202511,-10,pre_shutdown,4.4704275,17507.0,8.897618,279728.0,3.022992,67.61932,4.0614214,95.43989,0.90012133,True,False
Puno,San Roman,Juliaca,"Juliaca, San Roman, Puno",MOVISTAR,202502,202511,-9,pre_shutdown,4.4384294,22256.0,9.499109,261533.0,3.2516294,66.961784,5.290629,94.362366,0.8824451,True,False
Puno,San Roman,Juliaca,"Juliaca, San Roman, Puno",MOVISTAR,202503,202511,-8,pre_shutdown,4.513691,17197.0,8.84276,255403.0,2.751994,66.2688,5.449433,93.80481,0.98444617,True,False
Puno,San Roman,Juliaca,"Juliaca, San Roman, Puno",MOVISTAR,202504,202511,-7,pre_shutdown,4.5007086,13525.0,9.306541,279456.0,3.0607677,70.80694,5.5240064,93.76947,0.9104915,True,False
Puno,San Roman,Juliaca,"Juliaca, San Roman, Puno",MOVISTAR,202505,202511,-6,pre_shutdown,4.4954324,14133.0,8.784193,258011.0,3.3652468,72.51045,5.481889,93.83458,0.98560154,True,False
Puno,San Roman,Juliaca,"Juliaca, San Roman, Puno",MOVISTAR,202506,202511,-5,pre_shutdown,4.6274347,13409.0,8.945222,243908.0,2.5412104,69.98684,4.924181,94.690155,0.86301875,True,False
Puno,San Roman,Juliaca,"Juliaca, San Roman, Puno",MOVISTAR,202507,202511,-4,pre_shutdown,4.8612485,13204.0,10.173592,206983.0,2.726852,64.196655,5.1897426,94.416916,0.90968925,True,False
Puno,San Roman,Juliaca,"Juliaca, San Roman, Puno",MOVISTAR,202508,202511,-3,pre_shutdown,4.994051,14373.0,9.81628,232341.0,2.9436374,63.684322,4.003092,95.74011,0.9126176,True,False
Puno,San Roman,Juliaca,"Juliaca, San Roman, Puno",MOVISTAR,202509,202511,-2,pre_shutdown,4.9923162,12804.0,10.136424,195321.0,3.3049753,64.7819,3.903748,95.6215,1.0766987,True,False
Puno,San Roman,Juliaca,"Juliaca, San Roman, Puno",MOVISTAR,202510,202511,-1,pre_shutdown,5.6056113,5761.0,11.179741,222498.0,3.812837,64.79187,2.5867069,95.575455,0.8925454,True,False
Puno,San Roman,Juliaca,"Juliaca, San Roman, Puno",MOVISTAR,202511,202511,0,post_shutdown,0.0,0.0,11.446403,218144.0,3.655733,61.56489,0.09541298,96.455315,0.69438875,False,True
Puno,San Roman,Juliaca,"Juliaca, San Roman, Puno",MOVISTAR,202512,202511,1,post_shutdown,0.0,0.0,11.455004,160457.0,3.2425508,60.40872,0.09662825,94.38953,0.7624781,False,True
Puno,San Roman,Juliaca,"Juliaca, San Roman, Puno",MOVISTAR,202601,202511,2,post_shutdown,0.0,0.0,10.760605,161417.0,3.1533313,61.51044,0.12816855,94.06844,0.67014,False,True
Puno,San Roman,Juliaca,"Juliaca, San Roman, Puno",MOVISTAR,202602,202511,3,post_shutdown,0.0,0.0,10.61441,149735.0,2.696289,63.750446,0.109321974,94.811966,0.67691123,False,True
Puno,San Roman,Juliaca,"Juliaca, San Roman, Puno",MOVISTAR,202603,202511,4,post_shutdown,0.0,0.0,10.45204,136341.0,2.5318396,62.535355,0.111135304,94.7243,0.6277179,False,True
Puno,San Roman,Juliaca,"Juliaca, San Roman, Puno",MOVISTAR,202604,202511,5,post_shutdown,0.0,0.0,10.799938,109635.0,3.1054096,62.30127,0.13533932,95.518196,0.57805145,False,True
Puno,San Roman,Juliaca,"Juliaca, San Roman, Puno",MOVISTAR,202605,202511,6,post_shutdown,0.0,0.0,10.431014,99645.0,3.031633,61.716537,0.15208146,94.93819,0.65850824,False,True
Puno,San Roman,San Miguel,"San Miguel, San Roman, Puno",MOVISTAR,202301,202511,-34,pre_shutdown,3.6198318,6334.0,9.927324,38085.0,4.556238,91.41026,7.2197914,90.70621,2.5850484,True,False
Puno,San Roman,San Miguel,"San Miguel, San Roman, Puno",MOVISTAR,202302,202511,-33,pre_shutdown,4.5752416,3822.0,13.563965,39375.0,4.7868776,86.18275,5.9075418,93.36959,1.6503378,True,False
Puno,San Roman,San Miguel,"San Miguel, San Roman, Puno",MOVISTAR,202303,202511,-32,pre_shutdown,3.6215646,3756.0,11.161191,39710.0,4.73424,82.06538,7.398735,91.322044,1.2477856,True,False
Puno,San Roman,San Miguel,"San Miguel, San Roman, Puno",MOVISTAR,202304,202511,-31,pre_shutdown,3.7281823,2527.0,8.845919,34206.0,4.614652,85.0297,6.0735335,92.298035,1.63646,True,False
Puno,San Roman,San Miguel,"San Miguel, San Roman, Puno",MOVISTAR,202305,202511,-30,pre_shutdown,3.9752474,2114.0,10.550691,27737.0,3.936981,84.589745,4.8610206,92.58561,1.4014044,True,False
Puno,San Roman,San Miguel,"San Miguel, San Roman, Puno",MOVISTAR,202306,202511,-29,pre_shutdown,3.2349534,3265.0,8.370026,31289.0,4.4066377,85.598465,8.602547,90.088425,1.5874765,True,False
Puno,San Roman,San Miguel,"San Miguel, San Roman, Puno",MOVISTAR,202307,202511,-28,pre_shutdown,2.7222068,3204.0,7.797876,44012.0,3.745795,85.77164,8.121565,91.252205,1.8305298,True,False
Puno,San Roman,San Miguel,"San Miguel, San Roman, Puno",MOVISTAR,202308,202511,-27,pre_shutdown,2.8120646,5637.0,8.307607,42510.0,4.271385,85.32882,5.4380693,94.01286,1.8572334,True,False
Puno,San Roman,San Miguel,"San Miguel, San Roman, Puno",MOVISTAR,202309,202511,-26,pre_shutdown,3.085328,6568.0,7.9020476,36977.0,4.317391,86.53437,7.5757136,91.282,1.6082335,True,False
Puno,San Roman,San Miguel,"San Miguel, San Roman, Puno",MOVISTAR,202310,202511,-25,pre_shutdown,2.9903417,6389.0,8.167786,43980.0,3.540608,86.30489,6.6958604,92.64695,1.9368151,True,False
Puno,San Roman,San Miguel,"San Miguel, San Roman, Puno",MOVISTAR,202311,202511,-24,pre_shutdown,2.8975089,3202.0,7.712619,32389.0,3.6080592,86.93156,6.7838635,91.624794,1.7184446,True,False
Puno,San Roman,San Miguel,"San Miguel, San Roman, Puno",MOVISTAR,202312,202511,-23,pre_shutdown,3.575126,4872.0,8.356996,36368.0,3.7025409,86.17723,7.9505477,90.27691,1.3549402,True,False
Puno,San Roman,San Miguel,"San Miguel, San Roman, Puno",MOVISTAR,202401,202511,-22,pre_shutdown,3.764162,5175.0,7.5839024,31162.0,4.1484556,86.67585,8.765581,87.67694,1.7551924,True,False
Puno,San Roman,San Miguel,"San Miguel, San Roman, Puno",MOVISTAR,202402,202511,-21,pre_shutdown,3.4247203,5266.0,6.9902554,26293.0,3.0368125,86.696884,7.6278095,90.636375,2.1406035,True,False
Puno,San Roman,San Miguel,"San Miguel, San Roman, Puno",MOVISTAR,202403,202511,-20,pre_shutdown,3.390478,3782.0,8.658104,39547.0,3.348882,85.19307,7.505555,91.2976,1.629269,True,False
Puno,San Roman,San Miguel,"San Miguel, San Roman, Puno",MOVISTAR,202404,202511,-19,pre_shutdown,3.5663068,5530.0,8.374063,26688.0,3.3169265,84.42975,9.04528,88.99505,1.5362808,True,False
Puno,San Roman,San Miguel,"San Miguel, San Roman, Puno",MOVISTAR,202405,202511,-18,pre_shutdown,3.3333056,8948.0,6.704471,30429.0,2.1729403,85.76889,9.893386,88.93517,2.1682272,True,False
Puno,San Roman,San Miguel,"San Miguel, San Roman, Puno",MOVISTAR,202406,202511,-17,pre_shutdown,3.608495,5960.0,8.328288,38629.0,2.9693751,85.04937,6.6183305,92.84746,1.5383137,True,False
Puno,San Roman,San Miguel,"San Miguel, San Roman, Puno",MOVISTAR,202407,202511,-16,pre_shutdown,3.2577868,5311.0,8.708089,44121.0,3.1212246,84.79516,6.9107966,92.40065,1.4777105,True,False
Puno,San Roman,San Miguel,"San Miguel, San Roman, Puno",MOVISTAR,202408,202511,-15,pre_shutdown,3.844044,2916.0,7.3035383,41221.0,3.117103,88.77599,5.624845,94.004814,1.6402318,True,False
Puno,San Roman,San Miguel,"San Miguel, San Roman, Puno",MOVISTAR,202409,202511,-14,pre_shutdown,4.7506394,3288.0,6.8644204,50264.0,2.2218018,84.23605,5.8057375,93.388115,1.4640751,True,False
Puno,San Roman,San Miguel,"San Miguel, San Roman, Puno",MOVISTAR,202410,202511,-13,pre_shutdown,3.6893344,2330.0,6.779875,46552.0,2.5747511,80.17982,4.6758723,94.990776,1.1541729,True,False
Puno,San Roman,San Miguel,"San Miguel, San Roman, Puno",MOVISTAR,202411,202511,-12,pre_shutdown,3.7856145,1558.0,7.490043,35308.0,3.2693856,71.06844,3.5359619,95.798035,1.0609236,True,False
Puno,San Roman,San Miguel,"San Miguel, San Roman, Puno",MOVISTAR,202412,202511,-11,pre_shutdown,4.858178,3310.0,7.9061885,37631.0,3.2172737,66.96324,4.7019205,94.8585,0.8655082,True,False
Puno,San Roman,San Miguel,"San Miguel, San Roman, Puno",MOVISTAR,202501,202511,-10,pre_shutdown,4.6081667,3512.0,6.898468,37936.0,2.7308478,68.043304,4.3773403,95.08133,1.025843,True,False
Puno,San Roman,San Miguel,"San Miguel, San Roman, Puno",MOVISTAR,202502,202511,-9,pre_shutdown,3.9700427,7137.0,7.250562,31897.0,3.2307858,69.06928,7.153905,91.85447,1.1439961,True,False
Puno,San Roman,San Miguel,"San Miguel, San Roman, Puno",MOVISTAR,202503,202511,-8,pre_shutdown,3.3986926,1988.0,7.399318,33891.0,2.8629982,67.76403,3.5907772,96.02277,1.054571,True,False
Puno,San Roman,San Miguel,"San Miguel, San Roman, Puno",MOVISTAR,202504,202511,-7,pre_shutdown,4.7016964,6345.0,8.854111,40057.0,4.49782,74.004585,7.54893,91.93847,0.83634835,True,False
Puno,San Roman,San Miguel,"San Miguel, San Roman, Puno",MOVISTAR,202505,202511,-6,pre_shutdown,5.8112955,5905.0,9.718281,31831.0,3.8918417,73.91547,7.508328,91.49176,1.0625803,True,False
Puno,San Roman,San Miguel,"San Miguel, San Roman, Puno",MOVISTAR,202506,202511,-5,pre_shutdown,5.410719,3300.0,11.426391,31418.0,3.6864798,71.83449,4.753029,94.64037,0.77768016,True,False
Puno,San Roman,San Miguel,"San Miguel, San Roman, Puno",MOVISTAR,202507,202511,-4,pre_shutdown,5.518916,5172.0,9.838838,35940.0,2.8527122,66.987305,5.793814,93.54723,0.95830077,True,False
Puno,San Roman,San Miguel,"San Miguel, San Roman, Puno",MOVISTAR,202508,202511,-3,pre_shutdown,6.131124,3702.0,10.9041815,34378.0,3.3539853,68.414986,5.1470222,94.19273,1.0710279,True,False
Puno,San Roman,San Miguel,"San Miguel, San Roman, Puno",MOVISTAR,202509,202511,-2,pre_shutdown,5.602356,2517.0,11.541203,40076.0,3.489398,67.95919,7.31599,91.808266,0.9579299,True,False
Puno,San Roman,San Miguel,"San Miguel, San Roman, Puno",MOVISTAR,202510,202511,-1,pre_shutdown,6.7987366,3110.0,11.1730795,55195.0,2.8467093,68.61419,3.2122905,94.67206,0.8372839,True,False
Puno,San Roman,San Miguel,"San Miguel, San Roman, Puno",MOVISTAR,202511,202511,0,post_shutdown,0.0,0.0,10.329755,45917.0,3.6248877,64.61355,0.542598,96.854355,0.8099314,False,True
Puno,San Roman,San Miguel,"San Miguel, San Roman, Puno",MOVISTAR,202512,202511,1,post_shutdown,0.0,0.0,12.2399645,48456.0,2.387244,62.745052,0.5896471,96.68566,0.7887141,False,True
Puno,San Roman,San Miguel,"San Miguel, San Roman, Puno",MOVISTAR,202601,202511,2,post_shutdown,0.0,0.0,11.352132,36784.0,2.4522116,64.323845,0.7184136,96.3601,0.7250817,False,True
Puno,San Roman,San Miguel,"San Miguel, San Roman, Puno",MOVISTAR,202602,202511,3,post_shutdown,0.0,0.0,10.250435,30683.0,2.4327447,65.84895,0.72203887,95.309074,0.86418957,False,True
Puno,San Roman,San Miguel,"San Miguel, San Roman, Puno",MOVISTAR,202603,202511,4,post_shutdown,0.0,0.0,15.914545,44469.0,3.664624,61.85354,0.5485318,95.43043,0.6285792,False,True
Puno,San Roman,San Miguel,"San Miguel, San Roman, Puno",MOVISTAR,202604,202511,5,post_shutdown,0.0,0.0,13.5915365,27126.0,2.530028,63.914658,1.0568252,94.283585,0.59269893,False,True
Puno,San Roman,San Miguel,"San Miguel, San Roman, Puno",MOVISTAR,202605,202511,6,post_shutdown,0.0,0.0,12.939083,17062.0,3.134765,63.679787,0.88671154,93.94488,0.8949988,False,True
Tacna,Candarave,Camilaca,"Camilaca, Candarave, Tacna",MOVISTAR,202301,202412,-23,pre_shutdown,5.4909577,807.0,6.4093137,6948.0,0.0,101.17532,9.133756,87.29553,1.5396196,True,False
Tacna,Candarave,Camilaca,"Camilaca, Candarave, Tacna",MOVISTAR,202302,202412,-22,pre_shutdown,5.635632,1290.0,7.6760807,3315.0,0.0,98.470024,17.729603,79.91504,1.5384616,True,False
Tacna,Candarave,Camilaca,"Camilaca, Candarave, Tacna",MOVISTAR,202303,202412,-21,pre_shutdown,5.211223,2895.0,7.5239725,3916.0,0.0,96.83424,20.210812,78.34259,1.983152,True,False
Tacna,Candarave,Camilaca,"Camilaca, Candarave, Tacna",MOVISTAR,202304,202412,-20,pre_shutdown,4.7885165,3811.0,6.442553,4584.0,0.0,96.59656,20.704506,77.21649,1.6629136,True,False
Tacna,Candarave,Camilaca,"Camilaca, Candarave, Tacna",MOVISTAR,202305,202412,-19,pre_shutdown,5.5252113,3319.0,7.982219,5749.0,4.6926303,101.02575,18.782187,77.60153,1.9653457,True,False
Tacna,Candarave,Camilaca,"Camilaca, Candarave, Tacna",MOVISTAR,202306,202412,-18,pre_shutdown,6.2437778,3209.0,7.369968,4477.0,4.1866527,101.17486,19.176273,78.13282,1.6923436,True,False
Tacna,Candarave,Camilaca,"Camilaca, Candarave, Tacna",MOVISTAR,202307,202412,-17,pre_shutdown,4.122139,1037.0,6.215404,3593.0,0.0,110.6941,9.259859,85.34685,2.4537609,True,False
Tacna,Candarave,Camilaca,"Camilaca, Candarave, Tacna",MOVISTAR,202308,202412,-16,pre_shutdown,3.8772051,1154.0,5.4476786,4609.0,5.0195656,100.967186,12.93908,82.33699,2.1317186,True,False
Tacna,Candarave,Camilaca,"Camilaca, Candarave, Tacna",MOVISTAR,202309,202412,-15,pre_shutdown,4.7708263,1321.0,7.7819657,1723.0,4.5365396,97.97161,23.403133,62.57215,1.068038,True,False
Tacna,Candarave,Camilaca,"Camilaca, Candarave, Tacna",MOVISTAR,202310,202412,-14,pre_shutdown,4.7432346,855.0,8.101029,1896.0,4.9428587,93.512634,16.857607,78.92283,1.5207877,True,False
Tacna,Candarave,Camilaca,"Camilaca, Candarave, Tacna",MOVISTAR,202311,202412,-13,pre_shutdown,4.2367845,1026.0,5.9657536,4186.0,5.6846843,100.05754,13.5076275,69.825294,1.5226338,True,False
Tacna,Candarave,Camilaca,"Camilaca, Candarave, Tacna",MOVISTAR,202312,202412,-12,pre_shutdown,4.1256204,767.0,5.180711,4094.0,4.2645707,101.99542,11.821717,79.910904,1.8409818,True,False
Tacna,Candarave,Camilaca,"Camilaca, Candarave, Tacna",MOVISTAR,202401,202412,-11,pre_shutdown,4.291143,1640.0,7.7403502,6819.0,5.0031586,100.26608,13.665794,73.274345,1.1892178,True,False
Tacna,Candarave,Camilaca,"Camilaca, Candarave, Tacna",MOVISTAR,202402,202412,-10,pre_shutdown,3.9530952,2357.0,7.3722258,8654.0,5.138767,110.06134,19.187843,74.84849,2.1884272,True,False
Tacna,Candarave,Camilaca,"Camilaca, Candarave, Tacna",MOVISTAR,202403,202412,-9,pre_shutdown,5.0233755,1354.0,9.517749,5934.0,5.3184233,101.60077,15.123021,75.96998,1.2177651,True,False
Tacna,Candarave,Camilaca,"Camilaca, Candarave, Tacna",MOVISTAR,202404,202412,-8,pre_shutdown,5.6167336,1737.0,7.977556,4972.0,4.846232,97.83968,20.03543,73.9867,1.1770245,True,False
Tacna,Candarave,Camilaca,"Camilaca, Candarave, Tacna",MOVISTAR,202405,202412,-7,pre_shutdown,6.2508345,1191.0,6.750706,3130.0,5.2274637,103.67036,25.725492,69.90993,1.6990291,True,False
Tacna,Candarave,Camilaca,"Camilaca, Candarave, Tacna",MOVISTAR,202406,202412,-6,pre_shutdown,3.504978,3089.0,5.425518,4468.0,4.1333137,104.19656,37.17198,60.505917,2.6300743,True,False
Tacna,Candarave,Camilaca,"Camilaca, Candarave, Tacna",MOVISTAR,202407,202412,-5,pre_shutdown,4.280223,3692.0,9.075046,2209.0,0.0,108.26199,45.29305,51.041134,3.486924,True,False
Tacna,Candarave,Camilaca,"Camilaca, Candarave, Tacna",MOVISTAR,202408,202412,-4,pre_shutdown,4.5396714,3480.0,7.351725,2308.0,0.0,114.02576,45.535275,52.568623,3.6725068,True,False
Tacna,Candarave,Camilaca,"Camilaca, Candarave, Tacna",MOVISTAR,202409,202412,-3,pre_shutdown,3.927711,2635.0,8.651981,7836.0,4.9416614,86.16901,15.833476,81.230606,2.700422,True,False
Tacna,Candarave,Camilaca,"Camilaca, Candarave, Tacna",MOVISTAR,202410,202412,-2,pre_shutdown,4.4744797,3421.0,7.352745,7068.0,4.041932,85.21667,17.371204,73.54908,3.0930161,True,False
Tacna,Candarave,Camilaca,"Camilaca, Candarave, Tacna",MOVISTAR,202411,202412,-1,pre_shutdown,3.5176966,527.0,7.280837,2449.0,0.0,76.858376,5.887706,78.3183,0.9928717,True,False
Tacna,Candarave,Camilaca,"Camilaca, Candarave, Tacna",MOVISTAR,202412,202412,0,post_shutdown,0.0,0.0,7.055432,1243.0,0.0,76.17871,3.3218503,89.04229,0.83697236,False,True
Tacna,Candarave,Camilaca,"Camilaca, Candarave, Tacna",MOVISTAR,202501,202412,1,post_shutdown,0.0,0.0,8.608238,2162.0,4.5552783,76.713646,16.245329,78.60396,0.6670772,False,True
Tacna,Candarave,Camilaca,"Camilaca, Candarave, Tacna",MOVISTAR,202502,202412,2,post_shutdown,0.0,0.0,9.437019,1581.0,0.0,93.75888,6.2010055,89.60914,7.0158105,False,True
Tacna,Candarave,Camilaca,"Camilaca, Candarave, Tacna",MOVISTAR,202503,202412,3,post_shutdown,0.0,0.0,13.584754,6420.0,3.5020134,94.180695,2.9361796,95.93958,1.7545063,False,True
Tacna,Candarave,Camilaca,"Camilaca, Candarave, Tacna",MOVISTAR,202504,202412,4,post_shutdown,0.0,0.0,7.314291,2584.0,0.0,111.151276,1.7185843,96.17223,0.9017846,False,True
Tacna,Candarave,Camilaca,"Camilaca, Candarave, Tacna",MOVISTAR,202505,202412,5,post_shutdown,0.0,0.0,12.380665,2891.0,0.0,113.77583,2.9784207,94.12184,0.60481,False,True
Tacna,Candarave,Camilaca,"Camilaca, Candarave, Tacna",MOVISTAR,202506,202412,6,post_shutdown,0.0,0.0,14.526245,2160.0,0.0,69.27642,2.4014478,93.57968,0.3285471,False,True
Tacna,Candarave,Camilaca,"Camilaca, Candarave, Tacna",MOVISTAR,202507,202412,7,post_shutdown,0.0,0.0,12.168578,1157.0,0.0,65.390144,5.497067,84.36406,0.23989034,False,True
Tacna,Candarave,Camilaca,"Camilaca, Candarave, Tacna",MOVISTAR,202508,202412,8,post_shutdown,0.0,0.0,14.616642,1289.0,0.0,62.8447,5.464355,92.22278,0.6029862,False,True
Tacna,Candarave,Camilaca,"Camilaca, Candarave, Tacna",MOVISTAR,202509,202412,9,post_shutdown,0.0,0.0,11.743232,4626.0,6.501224,59.398827,5.048713,89.938515,0.29069766,False,True
Tacna,Candarave,Camilaca,"Camilaca, Candarave, Tacna",MOVISTAR,202510,202412,10,post_shutdown,0.0,0.0,12.083783,5644.0,0.0,65.82482,4.6549644,89.26246,0.5621608,False,True
Tacna,Candarave,Camilaca,"Camilaca, Candarave, Tacna",MOVISTAR,202511,202412,11,post_shutdown,0.0,0.0,10.576196,1868.0,0.0,63.153534,4.9633446,90.4484,0.36527354,False,True
Tacna,Candarave,Camilaca,"Camilaca, Candarave, Tacna",MOVISTAR,202512,202412,12,post_shutdown,0.0,0.0,11.16331,2826.0,0.0,58.93733,7.7725735,89.230385,0.6933439,False,True
Tacna,Candarave,Camilaca,"Camilaca, Candarave, Tacna",MOVISTAR,202601,202412,13,post_shutdown,0.0,0.0,11.618401,5465.0,2.3828878,74.17259,6.112366,91.47536,0.4638472,False,True
Tacna,Candarave,Camilaca,"Camilaca, Candarave, Tacna",MOVISTAR,202602,202412,14,post_shutdown,0.0,0.0,9.018168,5283.0,3.5681388,73.42923,4.1114416,93.83414,0.62332183,False,True
Tacna,Candarave,Camilaca,"Camilaca, Candarave, Tacna",MOVISTAR,202603,202412,15,post_shutdown,0.0,0.0,9.602192,3267.0,3.5744855,69.59916,1.6805947,97.00733,1.0460954,False,True
Tacna,Candarave,Camilaca,"Camilaca, Candarave, Tacna",MOVISTAR,202604,202412,16,post_shutdown,0.0,0.0,10.536156,2846.0,0.0,70.10779,7.742383,90.79799,0.8180147,False,True
Tacna,Candarave,Camilaca,"Camilaca, Candarave, Tacna",MOVISTAR,202605,202412,17,post_shutdown,0.0,0.0,10.784137,2730.0,0.0,67.713455,5.962259,92.49524,0.5590567,False,True
Tumbes,Tumbes,Tumbes,"Tumbes, Tumbes, Tumbes",MOVISTAR,202301,202511,-34,pre_shutdown,4.403782,5339.0,9.196153,47824.0,2.832037,91.01237,6.104473,93.59024,0.81443024,True,False
Tumbes,Tumbes,Tumbes,"Tumbes, Tumbes, Tumbes",MOVISTAR,202302,202511,-33,pre_shutdown,3.5664022,2710.0,10.052379,48908.0,3.4739916,88.86465,4.543999,95.03964,0.7510254,True,False
Tumbes,Tumbes,Tumbes,"Tumbes, Tumbes, Tumbes",MOVISTAR,202303,202511,-32,pre_shutdown,4.30871,2626.0,11.299826,47558.0,4.3840365,84.943886,3.990147,95.6684,0.8380328,True,False
Tumbes,Tumbes,Tumbes,"Tumbes, Tumbes, Tumbes",MOVISTAR,202304,202511,-31,pre_shutdown,6.583149,1323.0,11.634106,36260.0,3.44485,86.09681,4.350182,94.94191,0.71741277,True,False
Tumbes,Tumbes,Tumbes,"Tumbes, Tumbes, Tumbes",MOVISTAR,202305,202511,-30,pre_shutdown,4.4754577,2270.0,11.231959,36844.0,3.558707,88.66938,3.8124466,95.73284,0.8289423,True,False
Tumbes,Tumbes,Tumbes,"Tumbes, Tumbes, Tumbes",MOVISTAR,202306,202511,-29,pre_shutdown,5.631362,2275.0,11.420181,49638.0,3.7354925,86.02733,2.989596,96.06417,0.8129784,True,False
Tumbes,Tumbes,Tumbes,"Tumbes, Tumbes, Tumbes",MOVISTAR,202307,202511,-28,pre_shutdown,4.994497,2451.0,12.182139,80318.0,3.9942372,84.07364,2.1703222,97.288795,0.7241606,True,False
Tumbes,Tumbes,Tumbes,"Tumbes, Tumbes, Tumbes",MOVISTAR,202308,202511,-27,pre_shutdown,5.265212,2568.0,11.91402,70109.0,4.04453,84.76637,2.6537693,95.94468,0.69676816,True,False
Tumbes,Tumbes,Tumbes,"Tumbes, Tumbes, Tumbes",MOVISTAR,202309,202511,-26,pre_shutdown,4.3663597,2993.0,11.153516,53514.0,4.257347,86.52385,3.1494296,96.24258,0.48645267,True,False
Tumbes,Tumbes,Tumbes,"Tumbes, Tumbes, Tumbes",MOVISTAR,202310,202511,-25,pre_shutdown,4.57881,3172.0,10.947929,73507.0,4.0835805,83.16205,3.02398,96.28602,0.31329948,True,False
Tumbes,Tumbes,Tumbes,"Tumbes, Tumbes, Tumbes",MOVISTAR,202311,202511,-24,pre_shutdown,4.434182,2643.0,10.918679,73401.0,3.45855,84.52995,4.137238,94.95002,0.44001594,True,False
Tumbes,Tumbes,Tumbes,"Tumbes, Tumbes, Tumbes",MOVISTAR,202312,202511,-23,pre_shutdown,4.2815585,4552.0,11.682578,84455.0,3.6656244,84.89761,3.7724214,94.501465,0.4205497,True,False
Tumbes,Tumbes,Tumbes,"Tumbes, Tumbes, Tumbes",MOVISTAR,202401,202511,-22,pre_shutdown,4.6561966,2418.0,11.781885,71001.0,3.6716812,84.00786,3.326208,95.78833,0.3425885,True,False
Tumbes,Tumbes,Tumbes,"Tumbes, Tumbes, Tumbes",MOVISTAR,202402,202511,-21,pre_shutdown,4.645339,2267.0,11.633053,56991.0,3.0698526,83.06094,2.904032,96.64624,0.4701254,True,False
Tumbes,Tumbes,Tumbes,"Tumbes, Tumbes, Tumbes",MOVISTAR,202403,202511,-20,pre_shutdown,4.477709,3252.0,10.870635,57226.0,3.2920074,82.5864,2.3081243,96.26981,0.5038994,True,False
Tumbes,Tumbes,Tumbes,"Tumbes, Tumbes, Tumbes",MOVISTAR,202404,202511,-19,pre_shutdown,3.5305374,1404.0,11.102644,48444.0,2.7052157,81.67431,1.9166776,97.56893,0.3861517,True,False
Tumbes,Tumbes,Tumbes,"Tumbes, Tumbes, Tumbes",MOVISTAR,202405,202511,-18,pre_shutdown,4.8528814,1259.0,12.035103,69235.0,3.566423,82.2591,2.1601183,96.032166,0.31275156,True,False
Tumbes,Tumbes,Tumbes,"Tumbes, Tumbes, Tumbes",MOVISTAR,202406,202511,-17,pre_shutdown,5.932637,2677.0,11.899734,78304.0,4.0137763,81.68043,2.6212928,96.877815,0.42461887,True,False
Tumbes,Tumbes,Tumbes,"Tumbes, Tumbes, Tumbes",MOVISTAR,202407,202511,-16,pre_shutdown,5.367367,2088.0,11.655018,73684.0,3.1417549,82.14775,1.8997732,97.8951,0.46116754,True,False
Tumbes,Tumbes,Tumbes,"Tumbes, Tumbes, Tumbes",MOVISTAR,202408,202511,-15,pre_shutdown,5.006442,1758.0,13.487114,46594.0,2.5983515,81.91271,2.6558022,97.13314,0.35008946,True,False
Tumbes,Tumbes,Tumbes,"Tumbes, Tumbes, Tumbes",MOVISTAR,202409,202511,-14,pre_shutdown,5.851038,1879.0,11.542359,49818.0,4.9309907,80.19291,1.9977429,97.85729,0.37359345,True,False
Tumbes,Tumbes,Tumbes,"Tumbes, Tumbes, Tumbes",MOVISTAR,202410,202511,-13,pre_shutdown,4.8154836,1054.0,10.79338,43157.0,3.391809,76.797165,3.11824,96.70552,0.32140422,True,False
Tumbes,Tumbes,Tumbes,"Tumbes, Tumbes, Tumbes",MOVISTAR,202411,202511,-12,pre_shutdown,5.125106,1267.0,10.499569,35466.0,2.6116233,66.0406,3.0408328,96.5583,0.37208474,True,False
Tumbes,Tumbes,Tumbes,"Tumbes, Tumbes, Tumbes",MOVISTAR,202412,202511,-11,pre_shutdown,4.8979263,1275.0,10.399474,38558.0,2.3402913,66.3932,3.1978276,96.34804,0.37263334,True,False
Tumbes,Tumbes,Tumbes,"Tumbes, Tumbes, Tumbes",MOVISTAR,202501,202511,-10,pre_shutdown,5.061852,1635.0,11.643844,46727.0,3.7973175,63.646973,3.1326144,96.14347,0.35148752,True,False
Tumbes,Tumbes,Tumbes,"Tumbes, Tumbes, Tumbes",MOVISTAR,202502,202511,-9,pre_shutdown,4.3958693,1253.0,10.960329,46349.0,3.004085,63.46443,2.0234687,97.36068,0.4389226,True,False
Tumbes,Tumbes,Tumbes,"Tumbes, Tumbes, Tumbes",MOVISTAR,202503,202511,-8,pre_shutdown,5.0177712,2505.0,10.002752,48311.0,2.5978577,61.365936,3.1428776,96.556366,0.32910314,True,False
Tumbes,Tumbes,Tumbes,"Tumbes, Tumbes, Tumbes",MOVISTAR,202504,202511,-7,pre_shutdown,5.126181,1786.0,10.170967,43019.0,2.399421,67.65563,3.7424872,96.088356,0.37725523,True,False
Tumbes,Tumbes,Tumbes,"Tumbes, Tumbes, Tumbes",MOVISTAR,202505,202511,-6,pre_shutdown,4.2803516,842.0,10.828128,37829.0,2.6824365,69.208046,3.5451992,96.12505,0.306201,True,False
Tumbes,Tumbes,Tumbes,"Tumbes, Tumbes, Tumbes",MOVISTAR,202506,202511,-5,pre_shutdown,4.7785306,711.0,9.772077,33904.0,3.2417026,69.98438,1.8077238,97.89906,0.3486795,True,False
Tumbes,Tumbes,Tumbes,"Tumbes, Tumbes, Tumbes",MOVISTAR,202507,202511,-4,pre_shutdown,4.7543764,456.0,11.189587,36848.0,2.6875422,58.523922,1.795997,98.0651,0.33778566,True,False
Tumbes,Tumbes,Tumbes,"Tumbes, Tumbes, Tumbes",MOVISTAR,202508,202511,-3,pre_shutdown,6.183898,813.0,11.026241,36362.0,2.7569091,59.610416,3.388185,95.96698,0.7571009,True,False
Tumbes,Tumbes,Tumbes,"Tumbes, Tumbes, Tumbes",MOVISTAR,202509,202511,-2,pre_shutdown,6.565942,958.0,12.040929,41652.0,2.6943996,58.135277,3.3584564,96.41151,0.35664642,True,False
Tumbes,Tumbes,Tumbes,"Tumbes, Tumbes, Tumbes",MOVISTAR,202510,202511,-1,pre_shutdown,6.099038,733.0,12.301141,51748.0,2.721536,62.55814,2.6255696,97.27606,0.31291538,True,False
Tumbes,Tumbes,Tumbes,"Tumbes, Tumbes, Tumbes",MOVISTAR,202511,202511,0,post_shutdown,0.0,0.0,11.871545,40492.0,2.478354,62.34167,1.0214142,96.939224,0.29278696,False,True
Tumbes,Tumbes,Tumbes,"Tumbes, Tumbes, Tumbes",MOVISTAR,202512,202511,1,post_shutdown,0.0,0.0,12.804077,36872.0,2.3033106,61.7704,0.007534544,96.12746,0.39443016,False,True
Tumbes,Tumbes,Tumbes,"Tumbes, Tumbes, Tumbes",MOVISTAR,202601,202511,2,post_shutdown,0.0,0.0,12.146169,43023.0,2.3070548,61.947887,0.05939337,93.33262,0.3330184,False,True
Tumbes,Tumbes,Tumbes,"Tumbes, Tumbes, Tumbes",MOVISTAR,202602,202511,3,post_shutdown,0.0,0.0,12.348092,28849.0,2.094052,66.54689,0.020389542,94.04899,0.4579925,False,True
Tumbes,Tumbes,Tumbes,"Tumbes, Tumbes, Tumbes",MOVISTAR,202603,202511,4,post_shutdown,0.0,0.0,12.672152,34055.0,2.909214,60.316757,0.06690861,98.094795,0.43161997,False,True
Tumbes,Tumbes,Tumbes,"Tumbes, Tumbes, Tumbes",MOVISTAR,202604,202511,5,post_shutdown,0.0,0.0,12.02853,35377.0,3.2191155,59.629684,0.03761485,96.74595,0.37150127,False,True
Tumbes,Tumbes,Tumbes,"Tumbes, Tumbes, Tumbes",MOVISTAR,202605,202511,6,post_shutdown,0.0,0.0,11.99397,48500.0,3.6879928,59.545696,0.007321977,97.579445,0.3920394,False,True
