{
"type": "FeatureCollection",
"name": "observable_departments_inei_2023_simplified",
"crs": { "type": "name", "properties": { "name": "urn:ogc:def:crs:OGC:1.3:CRS84" } },
"features": [
{ "type": "Feature", "properties": { "CCDD": "01", "DEPARTAMEN": "AMAZONAS" }, "geometry": { "type": "Polygon", "coordinates": [ [ [ -77.813989361999973, -2.992779470999949 ], [ -77.787664111999959, -3.074775345999967 ], [ -77.772543236999979, -3.428809471999955 ], [ -77.71513123699998, -3.514853596999956 ], [ -77.716459611999937, -3.542305096999939 ], [ -77.66667298699997, -3.57187197199994 ], [ -77.643009611999958, -3.619346346999976 ], [ -77.61996673699997, -3.622408221999933 ], [ -77.615622986999938, -3.707718721999925 ], [ -77.651914111999986, -3.780562346999943 ], [ -77.561493611999936, -3.876165846999925 ], [ -77.569018611999979, -3.893073971999968 ], [ -77.537877361999961, -3.961899471999971 ], [ -77.548405361999983, -4.105404846999932 ], [ -77.585550736999949, -4.25133397299993 ], [ -77.568275361999952, -4.420919972999968 ], [ -77.589087861999985, -4.48046484799994 ], [ -77.640630861999966, -4.496515597999974 ], [ -77.65545698699998, -4.518544972999962 ], [ -77.652613236999969, -4.574570347999952 ], [ -77.672571736999942, -4.630480347999935 ], [ -77.771878861999937, -4.717558597999925 ], [ -77.794685361999939, -4.76021684799997 ], [ -77.799113486999943, -4.824592847999952 ], [ -77.760151736999944, -4.90934509799996 ], [ -77.75844548699996, -4.950052722999942 ], [ -77.824619611999935, -5.031778722999945 ], [ -77.811817381999958, -5.056345318999945 ], [ -77.821762111999988, -5.085665722999977 ], [ -77.774286736999954, -5.09717797299993 ], [ -77.695280987, -5.164740347999953 ], [ -77.739707861999989, -5.21185659799994 ], [ -77.696296736999955, -5.258770973999958 ], [ -77.682066486999986, -5.338395598999966 ], [ -77.70278673699994, -5.380687723999927 ], [ -77.696015486999954, -5.411624098999937 ], [ -77.74482773699998, -5.406899098999929 ], [ -77.768451236999965, -5.438048723999941 ], [ -77.74883198699996, -5.459859348999942 ], [ -77.770637486999988, -5.47815309899994 ], [ -77.757037361999949, -5.513941598999963 ], [ -77.765761736999934, -5.538982473999965 ], [ -77.736383986999954, -5.609290098999963 ], [ -77.775090861999956, -5.68967934899996 ], [ -77.759358611999971, -5.729847973999938 ], [ -77.772418611999967, -5.753351348999956 ], [ -77.763929111999971, -5.819708723999952 ], [ -77.726415986999939, -5.843981973999973 ], [ -77.681526736999956, -5.84948709899993 ], [ -77.683080486999984, -5.877575598999954 ], [ -77.651890611999988, -5.935331973999951 ], [ -77.669892361999985, -5.979357223999955 ], [ -77.639139861999979, -6.001079473999937 ], [ -77.596465611999974, -6.005280223999932 ], [ -77.596361611999953, -6.033330848999981 ], [ -77.566803236999988, -6.02812197399993 ], [ -77.533808861999944, -6.063371348999965 ], [ -77.474138986999947, -5.999784098999953 ], [ -77.432115736999947, -6.061916348999944 ], [ -77.419304736999948, -6.032380848999935 ], [ -77.395497611999986, -6.039376723999965 ], [ -77.380500111999936, -6.079985973999953 ], [ -77.358679361999975, -6.07282022399994 ], [ -77.34642798699997, -6.114341098999944 ], [ -77.280478485999936, -6.142209098999956 ], [ -77.224366360999966, -6.14554684899997 ], [ -77.202056735999975, -6.179714848999936 ], [ -77.219190735999973, -6.194313098999942 ], [ -77.211626735999971, -6.215840348999961 ], [ -77.138898860999973, -6.291730348999977 ], [ -77.132302735999986, -6.322550724999928 ], [ -77.171732485999939, -6.381169974999978 ], [ -77.22145636099998, -6.381132724999929 ], [ -77.243653110999958, -6.338120474999926 ], [ -77.28665998699995, -6.331023474999938 ], [ -77.273158610999985, -6.406530849999967 ], [ -77.326356611999984, -6.468027349999943 ], [ -77.344846736999955, -6.547229099999981 ], [ -77.380511736999949, -6.569227974999933 ], [ -77.393869861999974, -6.602688224999952 ], [ -77.437880861999986, -6.602527349999946 ], [ -77.381732986999964, -6.697589099999959 ], [ -77.405557236999982, -6.726214224999978 ], [ -77.456467486999941, -6.680522349999933 ], [ -77.544074236999961, -6.67699609999994 ], [ -77.568764736999981, -6.638217724999947 ], [ -77.612336736999964, -6.612261224999941 ], [ -77.642869986999983, -6.62185997499995 ], [ -77.688369986999987, -6.677369974999976 ], [ -77.739892611999949, -6.646917974999951 ], [ -77.74810936199998, -6.744924974999947 ], [ -77.731897861999983, -6.783467349999967 ], [ -77.764748986999962, -6.799758474999976 ], [ -77.707308736999948, -6.908847474999959 ], [ -77.758933611999964, -6.964507849999961 ], [ -77.779299861999959, -6.941452724999976 ], [ -77.801931986999989, -6.966144474999965 ], [ -77.833434611999962, -6.956782724999925 ], [ -77.843262111999934, -6.976978474999953 ], [ -77.880341736999981, -6.962503849999962 ], [ -77.928650236999943, -6.986759349999943 ], [ -77.983579986999985, -6.963089974999946 ], [ -78.001649486999952, -6.969479474999957 ], [ -77.999396486999956, -6.940969849999931 ], [ -78.013640611999961, -6.931683849999956 ], [ -78.000793486999953, -6.867257724999945 ], [ -78.030941361999965, -6.847746099999938 ], [ -78.013691611999946, -6.821252849999951 ], [ -78.044669986999963, -6.692161849999934 ], [ -78.107154611999988, -6.643430474999946 ], [ -78.116670861999978, -6.577997599999946 ], [ -78.137633861999973, -6.563173599999971 ], [ -78.152181111999937, -6.499826349999978 ], [ -78.173839861999966, -6.493705474999956 ], [ -78.190029486999947, -6.457016099999976 ], [ -78.20998586199994, -6.458030224999959 ], [ -78.243451736999987, -6.401710474999959 ], [ -78.277090236999982, -6.39910384999996 ], [ -78.29126023699996, -6.37251834999995 ], [ -78.332642611999972, -6.352304724999954 ], [ -78.335386111999981, -6.318679474999954 ], [ -78.36934348799997, -6.273293223999929 ], [ -78.370089112999949, -6.239083973999925 ], [ -78.415417237999975, -6.212606473999926 ], [ -78.417789487999983, -6.19051634899995 ], [ -78.51022911299998, -6.077044098999977 ], [ -78.58285948799994, -6.07891047399994 ], [ -78.60046198799995, -6.065620223999929 ], [ -78.61121011299997, -6.016609973999948 ], [ -78.695933612999966, -5.888527348999958 ], [ -78.712289737999981, -5.828724973999954 ], [ -78.691755112999942, -5.750741848999951 ], [ -78.651421112999969, -5.726099598999951 ], [ -78.686330237999982, -5.698887973999945 ], [ -78.624770987999966, -5.639364723999961 ], [ -78.58299048799995, -5.550738598999942 ], [ -78.550234612999986, -5.533094723999966 ], [ -78.558249987999943, -5.496361348999926 ], [ -78.511280362999969, -5.443427348999933 ], [ -78.539871612999946, -5.365686473999972 ], [ -78.605240237999965, -5.30944134899994 ], [ -78.641570362999971, -5.303751973999965 ], [ -78.654425862999972, -5.274300723999943 ], [ -78.684244112999977, -5.267490223999971 ], [ -78.702988237999989, -5.207726597999965 ], [ -78.700624237999989, -5.104082722999976 ], [ -78.640528237999945, -5.034244472999944 ], [ -78.651434362999964, -4.97856909799998 ], [ -78.67832773799995, -4.968381597999951 ], [ -78.645104612999944, -4.907473597999967 ], [ -78.631876987999988, -4.836445222999942 ], [ -78.64193748799994, -4.802351597999973 ], [ -78.620698737999987, -4.767931972999975 ], [ -78.628268612999989, -4.739678972999968 ], [ -78.645026862999941, -4.734833472999981 ], [ -78.637872487999971, -4.656415222999954 ], [ -78.66770448799997, -4.654522097999973 ], [ -78.70599823799995, -4.622928222999974 ], [ -78.655818862999979, -4.584882597999979 ], [ -78.661123362999945, -4.53008097299994 ], [ -78.635750237999957, -4.500882472999933 ], [ -78.623228112999982, -4.441739347999942 ], [ -78.600361612999961, -4.427531847999944 ], [ -78.602745487999982, -4.411041347999969 ], [ -78.634093738, -4.415164097999934 ], [ -78.652615862999937, -4.334840222999958 ], [ -78.59854398799996, -4.257924097999933 ], [ -78.608954737999966, -4.226094222999961 ], [ -78.577281237999955, -4.195548972999973 ], [ -78.581154362999939, -4.134865221999974 ], [ -78.537225362999948, -4.061587971999927 ], [ -78.567688612999973, -4.045099971999946 ], [ -78.565712862999987, -3.991962846999968 ], [ -78.524504862999947, -3.937263971999926 ], [ -78.488826112999959, -3.933821221999949 ], [ -78.465872987999944, -3.827533221999943 ], [ -78.436000237999963, -3.819118346999971 ], [ -78.409366862999946, -3.782391096999959 ], [ -78.402476487999934, -3.735387596999942 ], [ -78.421798487999979, -3.724064346999967 ], [ -78.423436612999978, -3.693202346999954 ], [ -78.393217487999948, -3.677179971999976 ], [ -78.400817612999958, -3.650409846999935 ], [ -78.386309737999966, -3.640098721999948 ], [ -78.399776612999972, -3.606203721999975 ], [ -78.355375736999974, -3.494353971999942 ], [ -78.346370361999959, -3.382405221999932 ], [ -78.246210986999984, -3.402326221999942 ], [ -78.231402111999955, -3.498810846999959 ], [ -78.217292361999966, -3.508856596999976 ], [ -78.148394111999949, -3.48037484699995 ], [ -78.154913486999988, -3.411561721999931 ], [ -78.17774273699996, -3.410091096999963 ], [ -78.195739861999982, -3.360758721999957 ], [ -78.136797986999966, -3.326541596999959 ], [ -78.090711736999936, -3.234310596999933 ], [ -78.012693986999977, -3.17884847199997 ], [ -77.940754736999963, -3.065473595999947 ], [ -77.840053861999934, -3.008198095999944 ], [ -77.844574236999961, -2.997998095999947 ], [ -77.813989361999973, -2.992779470999949 ] ] ] } },
{ "type": "Feature", "properties": { "CCDD": "02", "DEPARTAMEN": "ANCASH" }, "geometry": { "type": "Polygon", "coordinates": [ [ [ -77.646969986999977, -8.05085997599997 ], [ -77.61882998699997, -8.079829975999928 ], [ -77.636663361999979, -8.108586100999958 ], [ -77.556999986999983, -8.194249975999981 ], [ -77.574979986999949, -8.230939975999945 ], [ -77.531169986999942, -8.243339975999959 ], [ -77.527689986999974, -8.267079975999934 ], [ -77.491368486999988, -8.282553100999962 ], [ -77.478284736999967, -8.326065100999926 ], [ -77.458896361999962, -8.335655975999941 ], [ -77.438355486999967, -8.422328100999948 ], [ -77.405460611999956, -8.441483350999931 ], [ -77.39953436199994, -8.483406726999931 ], [ -77.334942736999949, -8.532973226999957 ], [ -77.311995111999977, -8.531147226999963 ], [ -77.288716861999944, -8.589769351999962 ], [ -77.293642611999985, -8.637025351999966 ], [ -77.260595735999971, -8.648521476999974 ], [ -77.248167985999942, -8.727308601999937 ], [ -77.174263610999958, -8.834494101999951 ], [ -77.164835985999957, -8.889097601999936 ], [ -77.105728485999975, -8.949191351999957 ], [ -77.11003711099994, -8.96996685199997 ], [ -77.035708985999975, -8.999958976999949 ], [ -76.980173110999942, -9.062987851999935 ], [ -76.929283485999974, -9.070569101999979 ], [ -76.870068860999936, -9.114086726999972 ], [ -76.789960485999984, -9.135892726999941 ], [ -76.73693911099997, -9.20409110199995 ], [ -76.725969735999968, -9.256153726999969 ], [ -76.745460735999984, -9.296723726999971 ], [ -76.740808735999963, -9.330751101999965 ], [ -76.765619235999964, -9.367268101999969 ], [ -76.815482360999965, -9.326461976999951 ], [ -76.83396486099997, -9.266007851999973 ], [ -76.846706985999958, -9.264212851999957 ], [ -76.93523623599998, -9.398548851999976 ], [ -76.930304735999982, -9.43318560199998 ], [ -76.953294860999961, -9.467478476999929 ], [ -76.937550735999935, -9.525367227999936 ], [ -76.955111360999979, -9.560298852999949 ], [ -76.980244110999934, -9.564031227999976 ], [ -76.995160110999961, -9.603331977999972 ], [ -77.047150360999979, -9.632531227999948 ], [ -77.020611360999965, -9.711314477999963 ], [ -76.974277360999963, -9.760236352999925 ], [ -76.981042985999977, -9.724568352999938 ], [ -76.941365235999967, -9.705912102999946 ], [ -76.901583985999935, -9.769701227999974 ], [ -76.897757860999945, -9.809289102999969 ], [ -76.841861485999971, -9.930621102999964 ], [ -76.813757860999942, -9.960146477999956 ], [ -76.825027360999968, -10.009232477999944 ], [ -76.80718948599997, -10.084478477999937 ], [ -76.843238235999934, -10.086785102999954 ], [ -76.853580110999985, -10.101779352999927 ], [ -76.871337860999972, -10.094300727999951 ], [ -76.879886735999946, -10.116552727999931 ], [ -76.915697235999971, -10.120427727999981 ], [ -76.906246110999973, -10.274185602999978 ], [ -76.936009235999961, -10.278506102999927 ], [ -76.965451485999949, -10.305378602999951 ], [ -77.003625235999948, -10.282123102999947 ], [ -77.024711485999944, -10.327526602999967 ], [ -77.071611485999938, -10.33810385299995 ], [ -77.112133985999947, -10.404844602999958 ], [ -77.174624735999942, -10.464601602999949 ], [ -77.167309985999964, -10.508139977999974 ], [ -77.190989985999977, -10.552129977999925 ], [ -77.25223998599995, -10.545269977999965 ], [ -77.31062998699997, -10.567689977999976 ], [ -77.395309986999962, -10.66153997899994 ], [ -77.395251611999981, -10.717806603999975 ], [ -77.491475486999946, -10.746037978999937 ], [ -77.523947111999973, -10.734982103999926 ], [ -77.591191831999936, -10.786449562999962 ], [ -77.563143830999934, -10.70942811499998 ], [ -77.590581113999974, -10.645564024999942 ], [ -77.574251361999984, -10.588413352999964 ], [ -77.604940361999979, -10.590129352999952 ], [ -77.619508462999988, -10.614245597999968 ], [ -77.645336708999935, -10.58285621899995 ], [ -77.60132286399994, -10.509303710999973 ], [ -77.624741902999972, -10.502034567999942 ], [ -77.651390736999986, -10.530133477999925 ], [ -77.694000611999968, -10.539501727999948 ], [ -77.710083435999934, -10.560170405999941 ], [ -77.727556916999959, -10.552705247999938 ], [ -77.734215462999941, -10.568065821999937 ], [ -77.746693617999938, -10.55311314599993 ], [ -77.737942361999956, -10.520786477999934 ], [ -77.710594236999952, -10.503848602999938 ], [ -77.686736111999949, -10.43402072799995 ], [ -77.597757736999938, -10.381049227999938 ], [ -77.619427236999968, -10.32782535299998 ], [ -77.63165573699996, -10.322205227999973 ], [ -77.651253611999948, -10.344611227999962 ], [ -77.69239061199994, -10.320902477999937 ], [ -77.752507453999954, -10.321895452999968 ], [ -77.749871611999936, -10.406796102999976 ], [ -77.798840861999963, -10.477335352999944 ], [ -77.770669861999977, -10.515671852999958 ], [ -77.771376486999941, -10.571614602999944 ], [ -77.799683361999939, -10.585323227999936 ], [ -77.83968843599996, -10.567918823999946 ], [ -77.85431867799997, -10.576027409999938 ], [ -77.868613761999939, -10.596501452999973 ], [ -77.880261734999976, -10.607894714999929 ], [ -77.882752634999974, -10.608666827999969 ], [ -77.885584713999947, -10.611739321999949 ], [ -77.886275066999985, -10.611955839999951 ], [ -77.908160111999962, -10.544287102999931 ], [ -77.965607361999957, -10.492970727999932 ], [ -77.980406236999954, -10.439374977999933 ], [ -78.01441598699995, -10.411244102999945 ], [ -78.000706986999944, -10.397468727999978 ], [ -78.010603486999969, -10.374699102999955 ], [ -78.055226611999956, -10.345365227999935 ], [ -78.056830111999943, -10.303456977999929 ], [ -78.087074236999968, -10.277117227999952 ], [ -78.081007861999979, -10.248318352999945 ], [ -78.101583861999984, -10.201105477999931 ], [ -78.185017611999967, -10.109388727999942 ], [ -78.165742236999961, -10.091949227999976 ], [ -78.175767611999959, -10.043955102999973 ], [ -78.208076111999958, -9.966769477999947 ], [ -78.234370854999952, -9.951260819999959 ], [ -78.224509736999948, -9.90722260299998 ], [ -78.243785111999955, -9.868488227999933 ], [ -78.225128861999963, -9.798361352999962 ], [ -78.295894486999941, -9.726290977999952 ], [ -78.294341736999968, -9.705425727999966 ], [ -78.343369111999948, -9.632910102999972 ], [ -78.366867237999941, -9.629685602999928 ], [ -78.366384737999965, -9.55891410299995 ], [ -78.391267612999968, -9.531017727999938 ], [ -78.404714987999967, -9.475085976999935 ], [ -78.380111362999969, -9.445490226999937 ], [ -78.417757862999963, -9.426154351999969 ], [ -78.433728487999986, -9.390374976999965 ], [ -78.409499862999951, -9.363119101999928 ], [ -78.427617362999968, -9.360322226999926 ], [ -78.425396488, -9.341298851999966 ], [ -78.460855487999936, -9.316185601999962 ], [ -78.481330112999956, -9.333337851999943 ], [ -78.498865112999965, -9.286921851999978 ], [ -78.525523487999976, -9.274564476999956 ], [ -78.491799987999968, -9.250869976999979 ], [ -78.484969987999989, -9.207909976999929 ], [ -78.497749987999953, -9.188139976999935 ], [ -78.562185487999955, -9.181742226999972 ], [ -78.553878862999966, -9.235123101999932 ], [ -78.583812487999978, -9.20335935199995 ], [ -78.577040987999965, -9.194738226999959 ], [ -78.610025362999977, -9.176441351999927 ], [ -78.609933612999953, -9.160109351999949 ], [ -78.567773487999943, -9.167835976999982 ], [ -78.561637057999974, -9.119073703999959 ], [ -78.588753383999972, -9.079593820999946 ], [ -78.629912112999989, -9.073570351999933 ], [ -78.638648948999958, -9.047483994999936 ], [ -78.622388524999963, -9.017048613999975 ], [ -78.658480487999952, -8.986304726999947 ], [ -78.589943612999946, -8.942622351999944 ], [ -78.576484737999976, -8.889046601999951 ], [ -78.588281112999937, -8.858677476999958 ], [ -78.551606237999977, -8.775037601999941 ], [ -78.438414362999936, -8.732746601999963 ], [ -78.354809986999953, -8.673279976999936 ], [ -78.246129986999961, -8.658359976999975 ], [ -78.205009986999983, -8.630589976999943 ], [ -78.193529986999977, -8.600109976999931 ], [ -78.216889986999945, -8.557259976999944 ], [ -78.157389986999988, -8.478849976999982 ], [ -78.137499986999956, -8.368669975999978 ], [ -78.108389986999953, -8.338109975999942 ], [ -78.119429987, -8.313649975999965 ], [ -78.036799986999938, -8.255949975999954 ], [ -78.01862998699994, -8.224319975999947 ], [ -77.933209986999941, -8.197009958999956 ], [ -77.895625611999947, -8.061949100999925 ], [ -77.867910861999974, -8.05589035099996 ], [ -77.852208111999971, -8.074779475999946 ], [ -77.785784861999957, -8.079198850999944 ], [ -77.646969986999977, -8.05085997599997 ] ] ] } },
{ "type": "Feature", "properties": { "CCDD": "03", "DEPARTAMEN": "APURIMAC" }, "geometry": { "type": "Polygon", "coordinates": [ [ [ -73.746549982999966, -13.174419980999971 ], [ -73.728959982999982, -13.187869980999949 ], [ -73.740089982999962, -13.211479980999968 ], [ -73.72763998299996, -13.268309980999959 ], [ -73.698099982999963, -13.265499980999948 ], [ -73.608081732999949, -13.331597355999975 ], [ -73.573629982999989, -13.33889998099994 ], [ -73.571305357999961, -13.36277998099996 ], [ -73.507109982999964, -13.384119980999969 ], [ -73.480909982999947, -13.431369980999932 ], [ -73.403978857999959, -13.444793730999947 ], [ -73.347163357999989, -13.434832230999973 ], [ -73.331793107999943, -13.456377980999946 ], [ -73.311670732999971, -13.446597105999956 ], [ -73.233903232999978, -13.476586980999969 ], [ -73.204821107999976, -13.411719855999934 ], [ -73.186494607999975, -13.417021105999936 ], [ -73.175572982999938, -13.451510730999928 ], [ -73.143658607999953, -13.419063605999952 ], [ -73.097288357999957, -13.448876105999943 ], [ -73.060444232999942, -13.438020355999981 ], [ -73.044051607999961, -13.411962480999932 ], [ -73.007224982999958, -13.423053105999941 ], [ -72.977064731999974, -13.388173230999939 ], [ -72.910984606999989, -13.384450855999944 ], [ -72.884072981999964, -13.416978980999943 ], [ -72.797488231999978, -13.422158105999927 ], [ -72.792745731999958, -13.456507730999931 ], [ -72.770948981999936, -13.449293730999955 ], [ -72.748466356999984, -13.481120355999963 ], [ -72.672067481999989, -13.522099605999927 ], [ -72.655868731999988, -13.513496980999946 ], [ -72.640800356999989, -13.539603730999943 ], [ -72.601430731999983, -13.544301605999976 ], [ -72.593390356999976, -13.562169105999942 ], [ -72.560480481999946, -13.551805355999932 ], [ -72.488959981999983, -13.591821230999926 ], [ -72.421397856999988, -13.606079730999966 ], [ -72.399829356999987, -13.63368473099996 ], [ -72.403039981999939, -13.658639980999965 ], [ -72.36943998199996, -13.665659980999976 ], [ -72.312339981999969, -13.708489980999957 ], [ -72.277417856999989, -13.684148480999966 ], [ -72.244762481999942, -13.687431855999932 ], [ -72.231875106999951, -13.721723230999942 ], [ -72.165909731999989, -13.747636480999972 ], [ -72.131734856999969, -13.786946480999973 ], [ -72.091236856999956, -13.88538910699998 ], [ -72.055546231999983, -13.930678731999933 ], [ -72.051199981999957, -14.026749981999956 ], [ -72.067899981999972, -14.076539981999929 ], [ -72.056689981999966, -14.129339981999976 ], [ -72.095189981999965, -14.173399981999978 ], [ -72.076480455999956, -14.207429842999943 ], [ -72.125928731999977, -14.254001981999977 ], [ -72.161167731999967, -14.263794731999951 ], [ -72.187106856999947, -14.313223606999941 ], [ -72.239515606999987, -14.348472356999935 ], [ -72.249505231999933, -14.40292623199997 ], [ -72.294802231999938, -14.410792356999934 ], [ -72.289855356999965, -14.423930481999946 ], [ -72.31719923199995, -14.440689481999982 ], [ -72.340888231999941, -14.427838356999928 ], [ -72.357625356999961, -14.435963856999933 ], [ -72.394947231999936, -14.48301160699998 ], [ -72.441312106999987, -14.482365731999948 ], [ -72.503010106999966, -14.551844981999977 ], [ -72.461699481999972, -14.605869606999931 ], [ -72.470405356999947, -14.659850481999968 ], [ -72.560775731999968, -14.678380981999965 ], [ -72.591926606999948, -14.713619231999928 ], [ -72.611015356999985, -14.676129356999979 ], [ -72.644821106999984, -14.667281106999951 ], [ -72.690643356999942, -14.688655856999958 ], [ -72.724418606999961, -14.676703481999937 ], [ -72.725433356999986, -14.643874106999931 ], [ -72.770408606999979, -14.664712856999927 ], [ -72.789695731999984, -14.650213231999942 ], [ -72.828247106999981, -14.701556231999973 ], [ -72.846359231999941, -14.759940106999977 ], [ -72.866879231999974, -14.708312606999982 ], [ -72.917807731999972, -14.685262106999971 ], [ -72.935725106999939, -14.695265731999939 ], [ -72.974557731999937, -14.651816856999972 ], [ -72.997808482999972, -14.662773606999963 ], [ -73.014666107999972, -14.630905856999959 ], [ -73.042647982999938, -14.623083856999926 ], [ -73.043312607999951, -14.657244231999982 ], [ -73.063124982999966, -14.66580473199997 ], [ -73.098056982999935, -14.650765856999953 ], [ -73.109856482999987, -14.692304856999954 ], [ -73.153237357999956, -14.674345106999965 ], [ -73.190411607999977, -14.705774731999952 ], [ -73.263621107999938, -14.709789106999949 ], [ -73.284238607999953, -14.734101106999958 ], [ -73.350806607999971, -14.704029356999968 ], [ -73.364368107999951, -14.681649231999927 ], [ -73.404548857999941, -14.765496231999975 ], [ -73.439922482999975, -14.78695360699993 ], [ -73.464484357999936, -14.83982810699996 ], [ -73.513439982999955, -14.82618998199996 ], [ -73.563429982999935, -14.779389981999941 ], [ -73.577139982999938, -14.714429981999956 ], [ -73.571098982999956, -14.687271606999957 ], [ -73.52308173299997, -14.673049356999968 ], [ -73.51006098299996, -14.650100731999942 ], [ -73.533589857999971, -14.584078231999968 ], [ -73.507011732999956, -14.544308606999948 ], [ -73.554560607999974, -14.480695356999945 ], [ -73.551404857999955, -14.465004481999927 ], [ -73.570641357999989, -14.456570106999948 ], [ -73.581825982999987, -14.416420481999978 ], [ -73.553856732999975, -14.401220481999928 ], [ -73.512249982999947, -14.268159981999929 ], [ -73.586619982999935, -14.110339981999971 ], [ -73.611069982999936, -14.089939981999976 ], [ -73.619399982999937, -14.017059981999978 ], [ -73.655969982999977, -13.930849981999927 ], [ -73.680039982999972, -13.915319981999971 ], [ -73.697779357999934, -13.847415981999973 ], [ -73.74243998299994, -13.791759980999927 ], [ -73.739987357999951, -13.756233605999967 ], [ -73.669667857999968, -13.734259855999937 ], [ -73.715142607999951, -13.704534480999939 ], [ -73.743619732999946, -13.655562480999947 ], [ -73.796245607999936, -13.634286605999932 ], [ -73.81081248299995, -13.521797105999951 ], [ -73.838953857999968, -13.456376105999936 ], [ -73.827389982999989, -13.433739980999974 ], [ -73.84740173299997, -13.401475355999935 ], [ -73.832098357999939, -13.330156980999959 ], [ -73.805852357999981, -13.31299723099994 ], [ -73.824022982999963, -13.248392605999982 ], [ -73.793339982999953, -13.193909980999933 ], [ -73.746549982999966, -13.174419980999971 ] ] ] } },
{ "type": "Feature", "properties": { "CCDD": "04", "DEPARTAMEN": "AREQUIPA" }, "geometry": { "type": "Polygon", "coordinates": [ [ [ -71.981094356999961, -14.640622106999956 ], [ -71.929275356999938, -14.689303356999972 ], [ -71.952179981999961, -14.703799981999964 ], [ -71.958969981999985, -14.732589981999979 ], [ -71.923999981999941, -14.789799981999977 ], [ -71.876106230999937, -14.801252356999953 ], [ -71.854972855999961, -14.854579981999962 ], [ -71.859603855999978, -14.883615481999982 ], [ -71.827262855999948, -14.888825356999973 ], [ -71.826301605999959, -14.906635232999975 ], [ -71.793007855999974, -14.896167982999941 ], [ -71.745959980999942, -14.939869982999937 ], [ -71.770240730999944, -14.98217673299996 ], [ -71.765998855999953, -15.009585357999981 ], [ -71.849319480999952, -15.045089732999941 ], [ -71.836585980999985, -15.075693107999939 ], [ -71.801483105999978, -15.067335107999952 ], [ -71.772537355999987, -15.082439482999973 ], [ -71.673706105999941, -15.089055107999968 ], [ -71.636024480999936, -15.13913923299998 ], [ -71.614562980999949, -15.145854982999936 ], [ -71.588333105999936, -15.127825732999952 ], [ -71.572343730999933, -15.061931607999952 ], [ -71.513442980999969, -15.079844482999931 ], [ -71.485870355999964, -15.059104857999955 ], [ -71.510169980999933, -15.004634857999974 ], [ -71.505226105999952, -14.975560232999953 ], [ -71.447501980999959, -14.979785857999957 ], [ -71.417365855999947, -15.033725732999926 ], [ -71.321678105999979, -15.119058607999932 ], [ -71.260588480999957, -15.078270232999955 ], [ -71.265541105999944, -15.06299973299997 ], [ -71.225921605999986, -15.069413232999977 ], [ -71.215393105999965, -15.048888232999957 ], [ -71.195358230999943, -15.090189982999959 ], [ -71.143577605999951, -15.120560607999948 ], [ -71.184906105999971, -15.169772107999961 ], [ -71.16032860599995, -15.207768232999967 ], [ -71.202079730999969, -15.245132482999963 ], [ -71.194618230999936, -15.270928357999935 ], [ -71.164237980999985, -15.290927857999975 ], [ -71.150527980999982, -15.355904607999946 ], [ -71.174331605999953, -15.424456607999957 ], [ -71.150255980999987, -15.44059273299996 ], [ -71.120094355999981, -15.427102982999941 ], [ -71.085426355999971, -15.458013482999945 ], [ -71.038970980999977, -15.405165732999933 ], [ -70.993957480999939, -15.454841607999981 ], [ -71.018363980999936, -15.500021982999954 ], [ -71.007055605999938, -15.564133607999963 ], [ -70.98236848099998, -15.598043482999969 ], [ -70.923996105999947, -15.632996607999928 ], [ -70.899665855999956, -15.71340560799996 ], [ -70.942268355999943, -15.774924232999979 ], [ -70.890068105999944, -15.851938232999942 ], [ -70.89291385599995, -15.888401982999937 ], [ -70.865783605999979, -15.88938610799994 ], [ -70.843276980999974, -15.923255857999948 ], [ -70.832199229999958, -15.949095732999979 ], [ -70.842460605999975, -15.969344108999962 ], [ -70.820198104999974, -15.978467983999963 ], [ -70.82860560499995, -15.999205608999944 ], [ -70.804115354999965, -16.053045233999967 ], [ -70.856735230999959, -16.05633735899994 ], [ -70.895484980999981, -16.105224608999947 ], [ -70.867111230999967, -16.128484733999926 ], [ -70.878593480999939, -16.166616483999974 ], [ -70.853889480999953, -16.196687733999966 ], [ -70.866958605999969, -16.224584608999976 ], [ -70.844505355999956, -16.23472398399997 ], [ -70.876480105999974, -16.281553233999944 ], [ -70.917381230999979, -16.283174483999971 ], [ -70.943611105999935, -16.314405483999963 ], [ -70.98628998099997, -16.309949983999957 ], [ -70.956085230999975, -16.472520858999928 ], [ -71.012565605999953, -16.498578983999948 ], [ -71.03725785599994, -16.485685608999972 ], [ -71.04719548099996, -16.454402983999955 ], [ -71.124725355999942, -16.461072983999941 ], [ -71.139518730999953, -16.474973733999946 ], [ -71.242103605999944, -16.463064233999944 ], [ -71.237495480999939, -16.514591233999965 ], [ -71.260406480999961, -16.605201733999934 ], [ -71.279151855999942, -16.615821858999936 ], [ -71.289092980999953, -16.726457608999965 ], [ -71.327171355999951, -16.752445233999936 ], [ -71.369430480999938, -16.719676983999932 ], [ -71.425909980999961, -16.741319983999972 ], [ -71.444194855999967, -16.815699733999963 ], [ -71.424062355999979, -16.919297608999955 ], [ -71.465202355999963, -16.95391460899998 ], [ -71.404571480999948, -16.956764233999934 ], [ -71.385787980999964, -17.020501983999964 ], [ -71.339424105999967, -17.021758983999973 ], [ -71.302246105999984, -17.093851109999946 ], [ -71.423515355999939, -17.236616109999943 ], [ -71.465549980999981, -17.25450273499996 ], [ -71.490796855999974, -17.285007109999981 ], [ -71.53791810599995, -17.253957734999972 ], [ -71.564018230999977, -17.261568109999928 ], [ -71.823211730999958, -17.179622609999967 ], [ -71.932601981999937, -17.078779234999956 ], [ -72.023047270999939, -17.022392317999959 ], [ -72.112205481999979, -17.015758483999946 ], [ -72.103805481999984, -16.996259733999977 ], [ -72.119293231999961, -16.969924983999931 ], [ -72.143852231999972, -16.965789858999926 ], [ -72.211524981999958, -16.902446733999966 ], [ -72.288482606999935, -16.875133483999946 ], [ -72.288703856999973, -16.837026483999978 ], [ -72.310119606999933, -16.807619108999972 ], [ -72.373123106999969, -16.752489108999953 ], [ -72.400688231999936, -16.751111983999976 ], [ -72.447875981999971, -16.702382983999939 ], [ -72.751998856999933, -16.638114983999969 ], [ -72.920089731999951, -16.518485983999938 ], [ -73.048774732999959, -16.499944733999939 ], [ -73.20844273299997, -16.400392483999951 ], [ -73.235008232999974, -16.415277483999944 ], [ -73.27220910799997, -16.398200983999971 ], [ -73.291511482999965, -16.405775108999933 ], [ -73.314201357999934, -16.338703108999937 ], [ -73.451255857999968, -16.281307108999954 ], [ -73.482192857999962, -16.283689483999979 ], [ -73.619926482999972, -16.230085358999929 ], [ -73.676208482999982, -16.223558483999966 ], [ -73.700324982999973, -16.241554233999977 ], [ -73.699706982999942, -16.219940233999978 ], [ -73.727882357999988, -16.195247608999978 ], [ -73.834815982999942, -16.15456385899995 ], [ -73.989623982999944, -16.039115858999935 ], [ -74.017822232999947, -16.03687473399998 ], [ -74.033172607999973, -16.01757435899998 ], [ -74.025596607999944, -15.992517483999961 ], [ -74.054450982999981, -15.954523107999933 ], [ -74.241599983999947, -15.878699357999949 ], [ -74.279006983999977, -15.83881860799994 ], [ -74.32673648399998, -15.849730482999973 ], [ -74.395477233999941, -15.829357107999954 ], [ -74.439117483999951, -15.794912357999976 ], [ -74.472457858999974, -15.719484357999931 ], [ -74.68029785899995, -15.645125357999973 ], [ -74.803329358999974, -15.576839482999958 ], [ -74.853408858999956, -15.573210732999939 ], [ -74.847755483999947, -15.554538732999958 ], [ -74.887550358999988, -15.524126982999974 ], [ -74.97362523399994, -15.490573857999948 ], [ -75.000511108999945, -15.462119107999968 ], [ -75.073326108999936, -15.442941607999956 ], [ -75.04554748399994, -15.43033023299995 ], [ -75.016555733999951, -15.351096232999964 ], [ -74.968200733999936, -15.299422232999973 ], [ -74.963638358999958, -15.253898607999929 ], [ -74.929305983999939, -15.192401857999982 ], [ -74.762294483999938, -15.098059982999928 ], [ -74.713709983999934, -15.138529982999955 ], [ -74.652038608999987, -15.139133482999966 ], [ -74.628745983999977, -15.124123607999934 ], [ -74.605669983999974, -15.14859998299994 ], [ -74.552520733999984, -15.139941232999945 ], [ -74.465759233999961, -15.173476232999974 ], [ -74.401550233999956, -15.178522982999937 ], [ -74.387878358999956, -15.251779607999936 ], [ -74.415306108999971, -15.299266982999939 ], [ -74.30870060899997, -15.359717357999955 ], [ -74.328971483999965, -15.393821357999968 ], [ -74.301208358999986, -15.478084607999961 ], [ -74.166473358999951, -15.483957232999956 ], [ -74.150474608999957, -15.427576107999982 ], [ -74.094520608999972, -15.392003107999926 ], [ -74.065429733999963, -15.402194982999958 ], [ -74.037292482999987, -15.455479607999962 ], [ -74.043418857999939, -15.491040357999964 ], [ -74.079185483999936, -15.515720357999953 ], [ -74.067283608999958, -15.539294232999964 ], [ -74.084739733999982, -15.618906982999931 ], [ -74.063415483999961, -15.629616732999978 ], [ -74.019660982999937, -15.599853482999947 ], [ -74.010276732999955, -15.559402482999928 ], [ -73.969215357999985, -15.532937982999954 ], [ -73.940299982999989, -15.483388857999955 ], [ -73.872123732999967, -15.432975732999978 ], [ -73.88407910799998, -15.337456732999954 ], [ -73.865112357999976, -15.323971732999951 ], [ -73.776336607999951, -15.338743232999946 ], [ -73.75886535799998, -15.38526535799997 ], [ -73.68582910799995, -15.43765635799997 ], [ -73.653037982999933, -15.41653060799996 ], [ -73.555931107999982, -15.408222232999947 ], [ -73.44167323299996, -15.355775857999959 ], [ -73.430351232999953, -15.379127482999934 ], [ -73.39123535799996, -15.399143107999976 ], [ -73.365966857999979, -15.38743110799993 ], [ -73.336280857999952, -15.405148482999948 ], [ -73.274799107999968, -15.392956482999978 ], [ -73.293799982999985, -15.359409982999978 ], [ -73.277729982999972, -15.318179982999936 ], [ -73.284921107999935, -15.29493810799994 ], [ -73.245933482999988, -15.286091857999963 ], [ -73.172134357999937, -15.306076107999957 ], [ -73.12058260799995, -15.230816857999969 ], [ -73.111671482999952, -15.186534857999959 ], [ -73.047561607999967, -15.134347857999956 ], [ -73.021837982999955, -15.131798857999968 ], [ -73.005111732999978, -15.007749607999926 ], [ -72.98274235699995, -14.982355107999979 ], [ -73.031852732999937, -14.897123357999931 ], [ -73.002784732999942, -14.814986231999967 ], [ -72.929923981999934, -14.758166356999936 ], [ -72.885339981999948, -14.772229981999942 ], [ -72.842567481999936, -14.757659856999965 ], [ -72.828247106999981, -14.701556231999973 ], [ -72.789695731999984, -14.650213231999942 ], [ -72.770408606999979, -14.664712856999927 ], [ -72.725433356999986, -14.643874106999931 ], [ -72.724418606999961, -14.676703481999937 ], [ -72.690643356999942, -14.688655856999958 ], [ -72.644821106999984, -14.667281106999951 ], [ -72.611015356999985, -14.676129356999979 ], [ -72.594375606999961, -14.713675481999928 ], [ -72.570312481999963, -14.682736356999953 ], [ -72.477096606999964, -14.658203106999963 ], [ -72.460128731999987, -14.67575648199994 ], [ -72.487228356999935, -14.713945231999958 ], [ -72.486663731999954, -14.741969106999932 ], [ -72.469184856999959, -14.786989231999939 ], [ -72.434570356999984, -14.790140106999957 ], [ -72.416717481999967, -14.822833981999963 ], [ -72.315444856999989, -14.833863231999942 ], [ -72.252639731999977, -14.803659481999944 ], [ -72.212196356999982, -14.803241731999947 ], [ -72.189323481999963, -14.778236356999969 ], [ -72.145744356999955, -14.77741810699996 ], [ -72.131683356999986, -14.789396231999945 ], [ -72.131172106999941, -14.828312856999958 ], [ -72.063089981999951, -14.887879981999959 ], [ -72.046389981999937, -14.88710998199997 ], [ -72.040319981999971, -14.839219981999975 ], [ -72.025219981999953, -14.829119981999952 ], [ -72.04057998199994, -14.81000998199994 ], [ -72.040639981999959, -14.688509981999971 ], [ -72.00830003599998, -14.640690020999955 ], [ -71.981094356999961, -14.640622106999956 ] ], [ [ -71.138626105999947, -16.340639108999937 ], [ -71.196655230999966, -16.356203108999978 ], [ -71.196296730999961, -16.383132983999928 ], [ -71.171615730999974, -16.376926483999966 ], [ -71.092910605999975, -16.407546983999964 ], [ -71.101592980999953, -16.341422983999962 ], [ -71.143753105999963, -16.323268858999938 ], [ -71.138626105999947, -16.340639108999937 ] ] ] } },
{ "type": "Feature", "properties": { "CCDD": "05", "DEPARTAMEN": "AYACUCHO" }, "geometry": { "type": "Polygon", "coordinates": [ [ [ -74.348428483999953, -12.175033104999955 ], [ -74.321338483999966, -12.230157604999931 ], [ -74.29148510899995, -12.223049604999972 ], [ -74.218042608999951, -12.278080229999944 ], [ -74.218701608999936, -12.301735604999976 ], [ -74.147331858999962, -12.324382729999968 ], [ -74.131159983999964, -12.314605104999941 ], [ -74.12516710899996, -12.333859479999944 ], [ -74.097353608999981, -12.283709354999928 ], [ -74.039786732999971, -12.261408729999971 ], [ -73.999850482999989, -12.283576854999978 ], [ -73.980451607999953, -12.242588354999953 ], [ -73.970072482999967, -12.347811479999962 ], [ -73.947766607999938, -12.350661854999942 ], [ -73.885924982999938, -12.406140479999976 ], [ -73.854309961999945, -12.48905689399993 ], [ -73.853189982999936, -12.534363104999954 ], [ -73.824022982999963, -12.53347797999993 ], [ -73.800633232999985, -12.614583479999965 ], [ -73.764556982999977, -12.647839979999958 ], [ -73.725038482999935, -12.636729604999971 ], [ -73.625667232999945, -12.764992480999979 ], [ -73.62672910799995, -12.78769448099996 ], [ -73.590021732999958, -12.824168105999945 ], [ -73.581899107999959, -12.858679855999981 ], [ -73.523676482999974, -12.899478105999947 ], [ -73.529846107999958, -12.931963355999926 ], [ -73.496603607999987, -12.932529855999974 ], [ -73.508035857999971, -12.971897355999943 ], [ -73.530032482999957, -12.985266105999926 ], [ -73.504680982999957, -13.011122480999973 ], [ -73.476572607999969, -13.001102230999948 ], [ -73.490306732999954, -13.06647598099994 ], [ -73.478180982999959, -13.055917980999936 ], [ -73.448838107999961, -13.080279730999962 ], [ -73.455154107999988, -13.120741605999967 ], [ -73.41466160799996, -13.145089105999944 ], [ -73.409618982999973, -13.211918730999969 ], [ -73.382324732999962, -13.22487360599996 ], [ -73.364348357999972, -13.269428480999977 ], [ -73.346211732999961, -13.278436855999928 ], [ -73.34817660799996, -13.302320480999981 ], [ -73.311404357999947, -13.325889480999933 ], [ -73.286913357999936, -13.372564980999982 ], [ -73.210993857999938, -13.420785980999938 ], [ -73.235317732999988, -13.476693730999955 ], [ -73.311670732999971, -13.446597105999956 ], [ -73.331793107999943, -13.456377980999946 ], [ -73.347163357999989, -13.434832230999973 ], [ -73.403978857999959, -13.444793730999947 ], [ -73.480909982999947, -13.431369980999932 ], [ -73.507109982999964, -13.384119980999969 ], [ -73.571305357999961, -13.36277998099996 ], [ -73.573629982999989, -13.33889998099994 ], [ -73.608081732999949, -13.331597355999975 ], [ -73.698099982999963, -13.265499980999948 ], [ -73.72763998299996, -13.268309980999959 ], [ -73.740089982999962, -13.211479980999968 ], [ -73.729049982999982, -13.18742998099998 ], [ -73.752699107999945, -13.171174105999967 ], [ -73.793339982999953, -13.193909980999933 ], [ -73.824022982999963, -13.248392605999982 ], [ -73.805852357999981, -13.31299723099994 ], [ -73.832098357999939, -13.330156980999959 ], [ -73.847445982999943, -13.400918980999961 ], [ -73.827389982999989, -13.433739980999974 ], [ -73.838953857999968, -13.456376105999936 ], [ -73.803844982999976, -13.554915980999965 ], [ -73.80566048299994, -13.615053730999932 ], [ -73.791920857999969, -13.640959605999967 ], [ -73.728253732999974, -13.668428355999936 ], [ -73.715142607999951, -13.704534480999939 ], [ -73.669667857999968, -13.734259855999937 ], [ -73.739987357999951, -13.756233605999967 ], [ -73.74243998299994, -13.791759980999927 ], [ -73.697779357999934, -13.847415981999973 ], [ -73.680039982999972, -13.915319981999971 ], [ -73.655969982999977, -13.930849981999927 ], [ -73.619399982999937, -14.017059981999978 ], [ -73.611069982999936, -14.089939981999976 ], [ -73.586619982999935, -14.110339981999971 ], [ -73.512249982999947, -14.268159981999929 ], [ -73.553856732999975, -14.401220481999928 ], [ -73.581825982999987, -14.416420481999978 ], [ -73.570641357999989, -14.456570106999948 ], [ -73.551404857999955, -14.465004481999927 ], [ -73.554560607999974, -14.480695356999945 ], [ -73.507011732999956, -14.544308606999948 ], [ -73.533589857999971, -14.584078231999968 ], [ -73.514216732999955, -14.659358231999931 ], [ -73.575489982999954, -14.695089981999956 ], [ -73.563429982999935, -14.779389981999941 ], [ -73.513439982999955, -14.82618998199996 ], [ -73.465072232999944, -14.840203106999979 ], [ -73.439922482999975, -14.78695360699993 ], [ -73.404548857999941, -14.765496231999975 ], [ -73.364368107999951, -14.681649231999927 ], [ -73.350806607999971, -14.704029356999968 ], [ -73.284238607999953, -14.734101106999958 ], [ -73.263621107999938, -14.709789106999949 ], [ -73.190411607999977, -14.705774731999952 ], [ -73.153237357999956, -14.674345106999965 ], [ -73.109856482999987, -14.692304856999954 ], [ -73.098056982999935, -14.650765856999953 ], [ -73.063124982999966, -14.66580473199997 ], [ -73.043312607999951, -14.657244231999982 ], [ -73.042647982999938, -14.623083856999926 ], [ -73.014666107999972, -14.630905856999959 ], [ -72.997808482999972, -14.662773606999963 ], [ -72.974557731999937, -14.651816856999972 ], [ -72.935725106999939, -14.695265731999939 ], [ -72.917807731999972, -14.685262106999971 ], [ -72.866879231999974, -14.708312606999982 ], [ -72.846824606999974, -14.759823856999958 ], [ -72.885339981999948, -14.772229981999942 ], [ -72.929923981999934, -14.758166356999936 ], [ -73.002784732999942, -14.814986231999967 ], [ -73.031852732999937, -14.897123357999931 ], [ -72.98274235699995, -14.982355107999979 ], [ -73.005111732999978, -15.007749607999926 ], [ -73.021837982999955, -15.131798857999968 ], [ -73.047561607999967, -15.134347857999956 ], [ -73.111671482999952, -15.186534857999959 ], [ -73.12058260799995, -15.230816857999969 ], [ -73.172134357999937, -15.306076107999957 ], [ -73.245933482999988, -15.286091857999963 ], [ -73.284921107999935, -15.29493810799994 ], [ -73.277729982999972, -15.318179982999936 ], [ -73.293799982999985, -15.359409982999978 ], [ -73.275932357999977, -15.393769232999944 ], [ -73.336280857999952, -15.405148482999948 ], [ -73.365966857999979, -15.38743110799993 ], [ -73.39123535799996, -15.399143107999976 ], [ -73.430351232999953, -15.379127482999934 ], [ -73.44167323299996, -15.355775857999959 ], [ -73.555931107999982, -15.408222232999947 ], [ -73.653037982999933, -15.41653060799996 ], [ -73.68582910799995, -15.43765635799997 ], [ -73.75886535799998, -15.38526535799997 ], [ -73.776336607999951, -15.338743232999946 ], [ -73.865112357999976, -15.323971732999951 ], [ -73.88407910799998, -15.337456732999954 ], [ -73.872123732999967, -15.432975732999978 ], [ -73.940299982999989, -15.483388857999955 ], [ -73.969215357999985, -15.532937982999954 ], [ -74.010276732999955, -15.559402482999928 ], [ -74.019660982999937, -15.599853482999947 ], [ -74.066604608999967, -15.63002010799994 ], [ -74.084739733999982, -15.618906982999931 ], [ -74.067283608999958, -15.539294232999964 ], [ -74.079185483999936, -15.515720357999953 ], [ -74.043418857999939, -15.491040357999964 ], [ -74.037292482999987, -15.45607760799993 ], [ -74.065429733999963, -15.402194982999958 ], [ -74.094520608999972, -15.392003107999926 ], [ -74.150474608999957, -15.427576107999982 ], [ -74.166473358999951, -15.483957232999956 ], [ -74.301208358999986, -15.478084607999961 ], [ -74.328971483999965, -15.393821357999968 ], [ -74.30870060899997, -15.359717357999955 ], [ -74.415306108999971, -15.299266982999939 ], [ -74.387878358999956, -15.251779607999936 ], [ -74.401550233999956, -15.178522982999937 ], [ -74.465759233999961, -15.173476232999974 ], [ -74.552520733999984, -15.139941232999945 ], [ -74.605669983999974, -15.14859998299994 ], [ -74.628745983999977, -15.124123607999934 ], [ -74.652038608999987, -15.139133482999966 ], [ -74.713709983999934, -15.138529982999955 ], [ -74.75257873399994, -15.113404232999926 ], [ -74.758579983999937, -15.093259982999939 ], [ -74.665299733999973, -15.049905857999931 ], [ -74.665693733999944, -14.997902357999976 ], [ -74.646303358999944, -14.977893482999946 ], [ -74.685328608999953, -14.930154482999967 ], [ -74.66239273399998, -14.900123107999946 ], [ -74.680960858999981, -14.85427885699994 ], [ -74.693840358999978, -14.838155231999963 ], [ -74.732509733999962, -14.846660106999934 ], [ -74.754580233999945, -14.835289981999949 ], [ -74.714396858999976, -14.817800981999937 ], [ -74.747755483999981, -14.813104356999929 ], [ -74.764702108999984, -14.790456481999968 ], [ -74.715697108999962, -14.709776731999966 ], [ -74.802699983999958, -14.752149981999935 ], [ -74.825298358999987, -14.736444981999966 ], [ -74.848572858999944, -14.672183856999936 ], [ -74.788166233999959, -14.615563231999943 ], [ -74.859029233999934, -14.608379606999961 ], [ -74.883964858999946, -14.576222606999977 ], [ -74.884248733999982, -14.545480981999958 ], [ -74.946628358999988, -14.58083523199997 ], [ -74.958919733999949, -14.606451231999927 ], [ -75.031764608999936, -14.610657106999952 ], [ -75.055957858999989, -14.626884856999936 ], [ -75.065858233999961, -14.574483481999948 ], [ -75.080090108999968, -14.569009981999955 ], [ -75.067328858999986, -14.527937356999928 ], [ -75.086675358999969, -14.530205856999942 ], [ -75.098137733999977, -14.48509723199993 ], [ -75.05299410899994, -14.431150356999979 ], [ -75.105841733999966, -14.434044231999962 ], [ -75.139826109999944, -14.415908231999936 ], [ -75.093926858999964, -14.312424481999926 ], [ -75.03219785899995, -14.265679106999926 ], [ -75.066042983999978, -14.251610856999946 ], [ -75.090789983999969, -14.215179981999938 ], [ -75.029129983999951, -14.071949981999978 ], [ -74.975113233999934, -14.07428510699998 ], [ -74.896201233999989, -14.103904231999934 ], [ -74.860794858999952, -14.067193356999951 ], [ -74.825187483999969, -14.092279231999953 ], [ -74.758712858999957, -14.07859573199994 ], [ -74.785330733999956, -13.990267981999978 ], [ -74.767954733999943, -13.978552356999955 ], [ -74.785155233999944, -13.888310231999981 ], [ -74.760363733999952, -13.831487231999972 ], [ -74.778923858999974, -13.784605480999971 ], [ -74.762314483999944, -13.781904355999927 ], [ -74.753890608999939, -13.736976605999928 ], [ -74.775391233999983, -13.710538480999958 ], [ -74.771388233999971, -13.606498855999973 ], [ -74.799569983999959, -13.547469980999949 ], [ -74.831859983999948, -13.532189980999931 ], [ -74.862179983999965, -13.481789980999963 ], [ -74.90209998399996, -13.466439980999951 ], [ -74.89701998399994, -13.393859980999935 ], [ -74.869189983999945, -13.360099980999962 ], [ -74.770087858999943, -13.34632810599993 ], [ -74.759622233999949, -13.325071105999939 ], [ -74.718279983999935, -13.363789980999968 ], [ -74.633209983999961, -13.345099980999976 ], [ -74.666995608999969, -13.32743573099998 ], [ -74.686056483999948, -13.286370980999948 ], [ -74.644654233999972, -13.274136730999942 ], [ -74.572326983999972, -13.184734480999964 ], [ -74.54221285899996, -13.200501980999945 ], [ -74.458438858999955, -13.190038105999975 ], [ -74.420425733999934, -13.159539105999954 ], [ -74.396009983999988, -13.168829980999931 ], [ -74.388719983999977, -13.129659980999975 ], [ -74.410869983999987, -13.11969998099994 ], [ -74.411269983999944, -13.079389980999963 ], [ -74.379909983999937, -13.024489980999931 ], [ -74.345876358999988, -13.025844605999964 ], [ -74.310348858999987, -13.059605605999934 ], [ -74.271570037999936, -13.068630019999944 ], [ -74.295446483999967, -12.936881730999971 ], [ -74.326046233999989, -12.929864480999981 ], [ -74.330059983999945, -12.915419980999957 ], [ -74.319199983999965, -12.886519980999935 ], [ -74.329629983999951, -12.836149980999949 ], [ -74.294898483999987, -12.830152355999928 ], [ -74.284969983999986, -12.788309980999941 ], [ -74.294089983999982, -12.75117998099995 ], [ -74.328369983999949, -12.744239980999964 ], [ -74.349369983999964, -12.717139979999956 ], [ -74.327169983999966, -12.680199979999941 ], [ -74.342229983999971, -12.625339979999978 ], [ -74.324229983999942, -12.603859979999982 ], [ -74.363289983999948, -12.594269979999979 ], [ -74.386859983999955, -12.56680997999996 ], [ -74.398699983999961, -12.502689979999957 ], [ -74.415189983999937, -12.491749979999952 ], [ -74.409249983999985, -12.451919979999957 ], [ -74.506999983999947, -12.448239979999926 ], [ -74.549429983999971, -12.373849979999932 ], [ -74.564619983999989, -12.360909979999974 ], [ -74.575989983999989, -12.373169979999943 ], [ -74.581122858999947, -12.333318979999945 ], [ -74.555446858999971, -12.288089104999926 ], [ -74.507102358999987, -12.31246447999996 ], [ -74.474061063999955, -12.272055165999973 ], [ -74.441534211999965, -12.272134499999936 ], [ -74.416289983999945, -12.304769979999946 ], [ -74.384779983999977, -12.271529979999968 ], [ -74.393679983999959, -12.252469979999944 ], [ -74.376069983999969, -12.229189979999944 ], [ -74.387369983999974, -12.187979979999966 ], [ -74.348428483999953, -12.175033104999955 ] ], [ [ -73.70144873299995, -15.24712085799996 ], [ -73.74955560799998, -15.266017982999927 ], [ -73.724375232999989, -15.320629982999947 ], [ -73.683868232999941, -15.33410298299998 ], [ -73.639360482999962, -15.290174107999974 ], [ -73.665858982999964, -15.27095210799996 ], [ -73.687310232999948, -15.27604460799995 ], [ -73.70144873299995, -15.24712085799996 ] ] ] } },
{ "type": "Feature", "properties": { "CCDD": "06", "DEPARTAMEN": "CAJAMARCA" }, "geometry": { "type": "Polygon", "coordinates": [ [ [ -78.700343237999959, -4.627692972999967 ], [ -78.665028112999948, -4.655827722999959 ], [ -78.637872487999971, -4.656415222999954 ], [ -78.645026862999941, -4.734833472999981 ], [ -78.628268612999989, -4.739678972999968 ], [ -78.620698737999987, -4.767931972999975 ], [ -78.64193748799994, -4.802351597999973 ], [ -78.631876987999988, -4.836445222999942 ], [ -78.645104612999944, -4.907473597999967 ], [ -78.67832773799995, -4.968381597999951 ], [ -78.651434362999964, -4.97856909799998 ], [ -78.640528237999945, -5.034244472999944 ], [ -78.700624237999989, -5.104082722999976 ], [ -78.702988237999989, -5.207726597999965 ], [ -78.684244112999977, -5.267490223999971 ], [ -78.654425862999972, -5.274300723999943 ], [ -78.641570362999971, -5.303751973999965 ], [ -78.605240237999965, -5.30944134899994 ], [ -78.539871612999946, -5.365686473999972 ], [ -78.511280362999969, -5.443427348999933 ], [ -78.558249987999943, -5.496361348999926 ], [ -78.550234612999986, -5.533094723999966 ], [ -78.58299048799995, -5.550738598999942 ], [ -78.624770987999966, -5.639364723999961 ], [ -78.686330237999982, -5.698887973999945 ], [ -78.651421112999969, -5.726099598999951 ], [ -78.691755112999942, -5.750741848999951 ], [ -78.712289737999981, -5.828724973999954 ], [ -78.695933612999966, -5.888527348999958 ], [ -78.61121011299997, -6.016609973999948 ], [ -78.60046198799995, -6.065620223999929 ], [ -78.58285948799994, -6.07891047399994 ], [ -78.51022911299998, -6.077044098999977 ], [ -78.417789487999983, -6.19051634899995 ], [ -78.415417237999975, -6.212606473999926 ], [ -78.370089112999949, -6.239083973999925 ], [ -78.36934348799997, -6.273293223999929 ], [ -78.335386111999981, -6.318679474999954 ], [ -78.332642611999972, -6.352304724999954 ], [ -78.29126023699996, -6.37251834999995 ], [ -78.277090236999982, -6.39910384999996 ], [ -78.243451736999987, -6.401710474999959 ], [ -78.20998586199994, -6.458030224999959 ], [ -78.190029486999947, -6.457016099999976 ], [ -78.173839861999966, -6.493705474999956 ], [ -78.152181111999937, -6.499826349999978 ], [ -78.137633861999973, -6.563173599999971 ], [ -78.116670861999978, -6.577997599999946 ], [ -78.107154611999988, -6.643430474999946 ], [ -78.044669986999963, -6.692161849999934 ], [ -78.013691611999946, -6.821252849999951 ], [ -78.030941361999965, -6.847746099999938 ], [ -78.000793486999953, -6.867257724999945 ], [ -78.013640611999961, -6.931683849999956 ], [ -77.988491111999963, -6.975324349999937 ], [ -78.000550486999941, -6.989204349999966 ], [ -77.929740236999976, -7.105546724999954 ], [ -77.925612486999967, -7.154573099999936 ], [ -77.897868986999981, -7.166807224999957 ], [ -77.882009736999976, -7.22054959999997 ], [ -77.849239611999963, -7.235571474999972 ], [ -77.856810861999975, -7.282620974999929 ], [ -77.832827861999988, -7.304550974999927 ], [ -77.824995736999938, -7.378663850999942 ], [ -77.771630736999953, -7.418814100999953 ], [ -77.741371611999966, -7.466694725999957 ], [ -77.85685998699995, -7.523529975999963 ], [ -77.867939986999943, -7.583029975999978 ], [ -77.922419986999955, -7.599739975999967 ], [ -77.913137861999985, -7.625865850999958 ], [ -77.940503236999973, -7.640627350999978 ], [ -77.936584236999977, -7.657477225999969 ], [ -77.960138986999937, -7.655261225999936 ], [ -77.962802236999948, -7.674313600999938 ], [ -78.049569986999984, -7.678559975999974 ], [ -78.08122111199998, -7.696168850999925 ], [ -78.128384236999977, -7.653224225999963 ], [ -78.171345111999983, -7.713393850999978 ], [ -78.219350736999957, -7.724458100999925 ], [ -78.22182036199996, -7.763460975999976 ], [ -78.281156111999962, -7.747277600999951 ], [ -78.276206986999966, -7.719557975999976 ], [ -78.347964986999955, -7.685716475999925 ], [ -78.36023623799997, -7.64489010099993 ], [ -78.382819237999968, -7.630107100999965 ], [ -78.378165987999978, -7.594035100999974 ], [ -78.356792237999969, -7.574006100999952 ], [ -78.360827237999956, -7.52996135099994 ], [ -78.349001986999951, -7.511246100999927 ], [ -78.325749986999938, -7.509904350999932 ], [ -78.330651361999969, -7.49633397599996 ], [ -78.415629987999978, -7.485069975999977 ], [ -78.49138998799998, -7.554869975999964 ], [ -78.624569987999962, -7.548559975999979 ], [ -78.650242362999961, -7.527798600999972 ], [ -78.627794737999977, -7.452641850999953 ], [ -78.663993737999988, -7.40362135099997 ], [ -78.733719987999962, -7.420679975999974 ], [ -78.760119987999985, -7.40197997599995 ], [ -78.781287487999975, -7.42366872599996 ], [ -78.789914112999952, -7.395154350999974 ], [ -78.886685237999984, -7.484101600999963 ], [ -78.851087987999961, -7.522117225999978 ], [ -78.912773987999969, -7.551086600999952 ], [ -78.944343737999986, -7.598417975999951 ], [ -78.953539987999989, -7.64979997599994 ], [ -78.992148737999969, -7.660949350999942 ], [ -79.041232487999935, -7.599887475999935 ], [ -79.038604237999948, -7.562062475999937 ], [ -79.059847237999975, -7.546675475999962 ], [ -79.071551862999968, -7.505345725999973 ], [ -79.065428112999939, -7.472708600999965 ], [ -79.154492237999989, -7.439134850999949 ], [ -79.194442737999964, -7.373373724999965 ], [ -79.232480237999937, -7.390682725999966 ], [ -79.282902112999977, -7.348743474999935 ], [ -79.315797612999972, -7.359554099999968 ], [ -79.36927998799996, -7.324119974999974 ], [ -79.306849987999954, -7.283709974999965 ], [ -79.268919987999936, -7.278409974999931 ], [ -79.275552862999973, -7.21553922499993 ], [ -79.251803737999978, -7.198348599999974 ], [ -79.30530123799997, -7.147146224999972 ], [ -79.296189987999981, -7.129619974999969 ], [ -79.330488362999972, -7.07597334999997 ], [ -79.323022737999963, -7.026480349999929 ], [ -79.296652237999979, -7.000738224999964 ], [ -79.311008862999984, -6.901341724999952 ], [ -79.262740362999978, -6.859156224999936 ], [ -79.224793612999974, -6.85837609999993 ], [ -79.20708998799995, -6.821439974999976 ], [ -79.120847737999952, -6.776969974999929 ], [ -79.142726612999979, -6.699895349999963 ], [ -79.188429987999939, -6.716539974999932 ], [ -79.229060362999974, -6.671405974999971 ], [ -79.295589987999961, -6.676136224999937 ], [ -79.304023362999942, -6.651605349999954 ], [ -79.362496362999934, -6.634765224999967 ], [ -79.335736112999939, -6.602429474999951 ], [ -79.360659987999952, -6.568839974999946 ], [ -79.369613362999985, -6.520802849999939 ], [ -79.404426487999956, -6.541321224999933 ], [ -79.421943737999982, -6.533363474999931 ], [ -79.417135987999984, -6.505321349999974 ], [ -79.433889488999966, -6.48116022499994 ], [ -79.422888237999985, -6.451881974999935 ], [ -79.458570863999967, -6.372099099999957 ], [ -79.422657737999941, -6.310430099999962 ], [ -79.35277298799997, -6.303981724999971 ], [ -79.329034862999947, -6.266270223999925 ], [ -79.300487487999987, -6.267469723999966 ], [ -79.279048362999958, -6.229257723999979 ], [ -79.249102862999962, -6.224439348999965 ], [ -79.273383612999964, -6.147727723999935 ], [ -79.235093362999976, -6.093722723999974 ], [ -79.181916737999984, -6.089338723999958 ], [ -79.188935612999956, -6.058923973999981 ], [ -79.175599612999974, -6.041376973999945 ], [ -79.203959987999951, -6.024059973999954 ], [ -79.224938612999949, -6.054705848999959 ], [ -79.240874237999947, -6.028633723999974 ], [ -79.266012487999944, -6.025022723999939 ], [ -79.263300737999941, -6.003262723999967 ], [ -79.300404612999955, -5.98515434899997 ], [ -79.322141112999986, -5.999126098999966 ], [ -79.317009737999967, -6.042896473999974 ], [ -79.349017612999944, -5.979687848999959 ], [ -79.395917862999966, -5.977193098999976 ], [ -79.418016112999965, -6.002987098999938 ], [ -79.420509987999935, -5.972099973999946 ], [ -79.361890612999957, -5.932759723999936 ], [ -79.335437487999968, -5.893968723999933 ], [ -79.399245612999948, -5.771214723999947 ], [ -79.399259737999955, -5.702542973999925 ], [ -79.371120987999973, -5.602563723999936 ], [ -79.398622987999943, -5.53348047399993 ], [ -79.275960862999966, -5.519740223999975 ], [ -79.307857362999982, -5.365277348999939 ], [ -79.326052737999987, -5.348037098999953 ], [ -79.328072237999947, -5.31591409899994 ], [ -79.359048862999941, -5.288626973999953 ], [ -79.348189487999946, -5.233660098999962 ], [ -79.378408112999978, -5.18997847299994 ], [ -79.341857362999974, -5.163999972999932 ], [ -79.330351237999935, -5.124428472999966 ], [ -79.296026112999982, -5.111980222999932 ], [ -79.273008112999946, -5.058521722999956 ], [ -79.226248042999941, -5.047857386999965 ], [ -79.208326417999956, -4.964287761999969 ], [ -79.110711417999937, -4.979403511999976 ], [ -79.076160612999956, -4.971040847999973 ], [ -79.071400362999952, -4.990926472999945 ], [ -79.014505112999984, -5.015028722999944 ], [ -78.97239998799995, -4.894976597999971 ], [ -78.891657737999935, -4.887343722999958 ], [ -78.911862112999984, -4.85163522299996 ], [ -78.891685487999951, -4.808005847999937 ], [ -78.915423612999973, -4.780856097999958 ], [ -78.889629487999969, -4.763926097999956 ], [ -78.890489362999972, -4.717291972999931 ], [ -78.856178987999954, -4.667668972999934 ], [ -78.804759737999973, -4.637925722999967 ], [ -78.700343237999959, -4.627692972999967 ] ] ] } },
{ "type": "Feature", "properties": { "CCDD": "07", "DEPARTAMEN": "CALLAO" }, "geometry": { "type": "Polygon", "coordinates": [ [ [ -77.13504463299995, -11.81819866099994 ], [ -77.089273968999976, -11.899177613999939 ], [ -77.104023603999963, -11.935710533999952 ], [ -77.095244110999943, -11.94965912999993 ], [ -77.128591798999935, -11.938066405999962 ], [ -77.109709761999966, -11.976155881999944 ], [ -77.11804651999995, -11.994862422999972 ], [ -77.089306542999964, -12.011723149999966 ], [ -77.096295317999989, -12.033643508999944 ], [ -77.077946774999987, -12.04662123199995 ], [ -77.111491847999957, -12.079513758999951 ], [ -77.170892483999978, -12.072213034999947 ], [ -77.148633968999945, -12.058554391999962 ], [ -77.155001323999954, -12.049329631999967 ], [ -77.147134591999986, -12.055450338999947 ], [ -77.140806549, -12.045654549999938 ], [ -77.15548010699996, -12.046159139999929 ], [ -77.133431538999957, -11.969104967999954 ], [ -77.157765610999945, -11.871876979999968 ], [ -77.187963370999967, -11.828558858999941 ], [ -77.13504463299995, -11.81819866099994 ] ] ] } },
{ "type": "Feature", "properties": { "CCDD": "08", "DEPARTAMEN": "CUSCO" }, "geometry": { "type": "Polygon", "coordinates": [ [ [ -72.972802107999939, -11.25189447899993 ], [ -72.935886481999944, -11.290014978999977 ], [ -72.955555606999951, -11.304616353999961 ], [ -72.932461857999954, -11.307346853999945 ], [ -72.94044510699996, -11.322688728999935 ], [ -72.944425356999943, -11.309869103999972 ], [ -72.959512482999969, -11.314196478999975 ], [ -72.950927607999972, -11.324632478999945 ], [ -72.964973232999967, -11.331611728999974 ], [ -72.944736981999938, -11.339913853999974 ], [ -72.924352606999946, -11.327405228999964 ], [ -72.934692981999945, -11.34706685499998 ], [ -72.923185107999984, -11.355109479999953 ], [ -72.921461607999959, -11.343416228999956 ], [ -72.894683856999961, -11.358259854999972 ], [ -72.890366106999977, -11.343175353999982 ], [ -72.877061107999964, -11.364306978999934 ], [ -72.859167482999965, -11.355431603999932 ], [ -72.833968982999977, -11.37430072899997 ], [ -72.842463731999942, -11.386840478999943 ], [ -72.821782232999965, -11.38962547899996 ], [ -72.816198106999934, -11.37508360399994 ], [ -72.799728606999963, -11.385570353999981 ], [ -72.797036231999982, -11.364430728999935 ], [ -72.794975481999984, -11.384556603999954 ], [ -72.738237606999974, -11.347429353999928 ], [ -72.717679731999965, -11.362110729999927 ], [ -72.712826981999967, -11.347236604999978 ], [ -72.692302231999975, -11.395698103999962 ], [ -72.665694981999934, -11.385909354999967 ], [ -72.645569106999972, -11.412765853999929 ], [ -72.617166981999958, -11.417784978999975 ], [ -72.609538856999961, -11.439938353999935 ], [ -72.600315106999972, -11.418532853999977 ], [ -72.596143731999973, -11.440037979999943 ], [ -72.553665356999943, -11.432079853999937 ], [ -72.547731731999988, -11.448341979999952 ], [ -72.535066356999948, -11.425396228999944 ], [ -72.533633357999975, -11.43920597999994 ], [ -72.51666923199997, -11.43196447899993 ], [ -72.498951606999981, -11.395023979999962 ], [ -72.449033981999946, -11.385767728999951 ], [ -72.449229356999979, -11.370801478999965 ], [ -72.338294980999933, -11.317080103999956 ], [ -72.322792981999953, -11.324708978999979 ], [ -72.305679731999987, -11.307333978999964 ], [ -72.283751981999956, -11.316890604999969 ], [ -72.280060606999939, -11.339605478999943 ], [ -72.253189481999982, -11.330078103999938 ], [ -72.239258356999983, -11.345060979999971 ], [ -72.247894481999936, -11.385005853999928 ], [ -72.292550731999938, -11.433273103999966 ], [ -72.307894481999938, -11.587537103999978 ], [ -72.390301731999955, -11.650684228999978 ], [ -72.428197606999959, -11.705184604999943 ], [ -72.425064481999982, -11.73316922999993 ], [ -72.370767981999961, -11.784967354999935 ], [ -72.390756856999985, -11.827556854999955 ], [ -72.331839731999935, -11.85608622999996 ], [ -72.34751423199998, -11.891267479999954 ], [ -72.34048973199998, -11.965767729999982 ], [ -72.286221731999944, -11.975316354999961 ], [ -72.281544481999958, -11.995797229999937 ], [ -72.259164606999946, -12.005723479999972 ], [ -72.268932856999982, -12.054375354999934 ], [ -72.173732981999933, -12.059810354999968 ], [ -72.094446606999952, -12.085190979999936 ], [ -72.087558606999949, -12.142690354999957 ], [ -72.105611356999987, -12.238792979999971 ], [ -72.043358856999987, -12.254884354999945 ], [ -72.028935731999979, -12.287234354999953 ], [ -71.945890356999939, -12.330223604999958 ], [ -71.96717898199995, -12.347641979999935 ], [ -71.976646856999935, -12.399453729999948 ], [ -72.060557606999964, -12.438361479999969 ], [ -72.07896160699994, -12.498627229999954 ], [ -72.028831981999986, -12.526371729999937 ], [ -71.981396106999966, -12.58049047999998 ], [ -71.984212981999974, -12.608166604999951 ], [ -71.966410606999943, -12.612820104999969 ], [ -71.957125856999937, -12.63948785499997 ], [ -71.978070356999979, -12.678937479999945 ], [ -71.967653981999945, -12.691896604999954 ], [ -71.917782106999937, -12.698914479999928 ], [ -71.900351605999958, -12.733355479999943 ], [ -71.812239980999948, -12.743859980999957 ], [ -71.799509980999972, -12.765559980999967 ], [ -71.764659980999966, -12.767459980999945 ], [ -71.747559980999938, -12.79615998099996 ], [ -71.708089980999944, -12.772919980999973 ], [ -71.694969980999986, -12.738789979999979 ], [ -71.638959980999971, -12.709439979999956 ], [ -71.552700980999987, -12.708705104999979 ], [ -71.546591355999965, -12.735416479999969 ], [ -71.513135730999977, -12.744386730999963 ], [ -71.446482855999989, -12.827215980999938 ], [ -71.448872230999939, -12.863340605999952 ], [ -71.416367230999981, -12.894062480999935 ], [ -71.396842855999978, -12.882633105999957 ], [ -71.375058355999954, -12.900546105999979 ], [ -71.358988730999954, -12.880754230999969 ], [ -71.271009980999963, -12.962489980999976 ], [ -71.162063105999948, -12.966768480999974 ], [ -71.179395105999959, -12.998342230999981 ], [ -71.166529730999969, -13.017670230999954 ], [ -71.173798855999962, -13.055007855999975 ], [ -71.131536605999941, -13.220017105999943 ], [ -71.036261230999969, -13.270494855999971 ], [ -71.012001980999969, -13.264962855999954 ], [ -70.977236230999949, -13.169682980999937 ], [ -70.942190230999984, -13.156498855999928 ], [ -70.921392855999954, -13.110830980999935 ], [ -70.887291105999964, -13.103364480999971 ], [ -70.899266230999956, -13.069684855999981 ], [ -70.863110355999936, -13.080324355999949 ], [ -70.817353479999952, -13.069851480999944 ], [ -70.759941229999981, -13.108095980999963 ], [ -70.685208729999943, -13.106781230999957 ], [ -70.660325229999955, -13.08833273099998 ], [ -70.59949185499994, -13.099146230999963 ], [ -70.54942522999994, -13.15317098099996 ], [ -70.464247729999954, -13.15969060599997 ], [ -70.385327104999988, -13.19903835599996 ], [ -70.390077604999988, -13.231333480999979 ], [ -70.422706479999988, -13.255464480999933 ], [ -70.370837479999977, -13.276411355999926 ], [ -70.345846604999963, -13.312746105999963 ], [ -70.395598729999961, -13.316665480999973 ], [ -70.399500354999986, -13.371643605999964 ], [ -70.419825354999944, -13.358553730999972 ], [ -70.451115854999955, -13.36516973099998 ], [ -70.442645979999952, -13.395405480999955 ], [ -70.471826979999946, -13.439927980999926 ], [ -70.452617979999957, -13.447918355999946 ], [ -70.488794729999938, -13.50038073099995 ], [ -70.538873604999935, -13.531256730999928 ], [ -70.543625479999946, -13.577635230999931 ], [ -70.616190854999957, -13.609062480999967 ], [ -70.662806979999971, -13.660567105999974 ], [ -70.715374229999952, -13.662652605999938 ], [ -70.735375729999987, -13.735299355999928 ], [ -70.698858229999985, -13.803167605999931 ], [ -70.709189979999962, -13.843149981999943 ], [ -70.767729979999956, -13.814379980999945 ], [ -70.828399979999972, -13.827629981999962 ], [ -70.853926480999974, -13.798604980999926 ], [ -70.880047980999962, -13.817367856999965 ], [ -70.875135855999986, -13.838986106999926 ], [ -70.832420354999954, -13.856872481999972 ], [ -70.830859604999944, -13.895075106999968 ], [ -70.809672854999974, -13.912264231999927 ], [ -70.846275605999949, -13.963541231999955 ], [ -70.852636105999977, -13.99819673199994 ], [ -70.840362230999972, -14.008167106999963 ], [ -70.860391105999952, -14.030841856999928 ], [ -70.829471729999966, -14.076336856999944 ], [ -70.817914729999984, -14.067582856999934 ], [ -70.790042979999953, -14.080968356999961 ], [ -70.821144479999987, -14.141146856999967 ], [ -70.886610105999978, -14.172314356999948 ], [ -70.899792605999949, -14.232986231999973 ], [ -70.879914605999943, -14.270434106999971 ], [ -70.913456855999982, -14.303319481999949 ], [ -70.912182105999989, -14.341473106999956 ], [ -70.986035980999986, -14.379762481999933 ], [ -70.962352980999981, -14.444538981999926 ], [ -70.987972605999971, -14.455320356999948 ], [ -70.986585355999978, -14.49871798199996 ], [ -70.999348855999983, -14.502638106999939 ], [ -70.966116480999972, -14.568335981999951 ], [ -70.977703230999964, -14.583021106999979 ], [ -71.014710355999966, -14.577978481999935 ], [ -71.010053105999987, -14.597541981999939 ], [ -71.031041980999987, -14.593262606999929 ], [ -71.118091730999936, -14.647949856999958 ], [ -71.053240480999989, -14.754330481999943 ], [ -71.027763480999965, -14.760074981999935 ], [ -71.013093480999942, -14.739693856999963 ], [ -70.975059230999989, -14.764981981999938 ], [ -70.978326605999939, -14.824154606999969 ], [ -70.996591855999952, -14.843943481999929 ], [ -70.984740355999975, -14.946068482999976 ], [ -71.004206355999941, -14.998656732999962 ], [ -70.962502480999945, -15.215636857999982 ], [ -70.985280605999947, -15.249029607999944 ], [ -70.950032230999966, -15.29825885799994 ], [ -70.959058210999956, -15.319051535999961 ], [ -70.985113355999943, -15.316676607999966 ], [ -71.006118980999986, -15.335227357999941 ], [ -71.044082605999961, -15.418115607999937 ], [ -71.082015980999984, -15.457074107999972 ], [ -71.10383610599996, -15.453269982999927 ], [ -71.120094355999981, -15.427102982999941 ], [ -71.150255980999987, -15.44059273299996 ], [ -71.174331605999953, -15.424456607999957 ], [ -71.150527980999982, -15.355904607999946 ], [ -71.164237980999985, -15.290927857999975 ], [ -71.194618230999936, -15.270928357999935 ], [ -71.202079730999969, -15.245132482999963 ], [ -71.16032860599995, -15.207768232999967 ], [ -71.184906105999971, -15.169772107999961 ], [ -71.143257105999965, -15.121558232999973 ], [ -71.196678105999979, -15.088868107999929 ], [ -71.207305855999948, -15.050581982999972 ], [ -71.226531980999937, -15.069554357999948 ], [ -71.265541105999944, -15.06299973299997 ], [ -71.260588480999957, -15.078270232999955 ], [ -71.319129980999946, -15.119736732999968 ], [ -71.417365855999947, -15.033725732999926 ], [ -71.447501980999959, -14.979785857999957 ], [ -71.505226105999952, -14.975560232999953 ], [ -71.510169980999933, -15.004634857999974 ], [ -71.485870355999964, -15.059104857999955 ], [ -71.513442980999969, -15.079844482999931 ], [ -71.572343730999933, -15.061931607999952 ], [ -71.588333105999936, -15.127825732999952 ], [ -71.614562980999949, -15.145854982999936 ], [ -71.636024480999936, -15.13913923299998 ], [ -71.673706105999941, -15.089055107999968 ], [ -71.772537355999987, -15.082439482999973 ], [ -71.801483105999978, -15.067335107999952 ], [ -71.837631230999989, -15.074841482999943 ], [ -71.849319480999952, -15.045089732999941 ], [ -71.765998855999953, -15.009585357999981 ], [ -71.770240730999944, -14.98217673299996 ], [ -71.745959980999942, -14.939869982999937 ], [ -71.793007855999974, -14.896167982999941 ], [ -71.826301605999959, -14.906635232999975 ], [ -71.827262855999948, -14.888825356999973 ], [ -71.859603855999978, -14.883615481999982 ], [ -71.854972855999961, -14.854579981999962 ], [ -71.876106230999937, -14.801252356999953 ], [ -71.923999981999941, -14.789799981999977 ], [ -71.958969981999985, -14.732589981999979 ], [ -71.952179981999961, -14.703799981999964 ], [ -71.929275356999938, -14.689303356999972 ], [ -71.98791498199995, -14.632949856999971 ], [ -72.012679981999952, -14.645559981999952 ], [ -72.044419981999965, -14.702809981999962 ], [ -72.040519981999978, -14.810499981999953 ], [ -72.025219981999953, -14.829119981999952 ], [ -72.040319981999971, -14.839219981999975 ], [ -72.046839981999938, -14.887439981999933 ], [ -72.076619981999954, -14.883699981999939 ], [ -72.131172106999941, -14.828312856999958 ], [ -72.131683356999986, -14.789396231999945 ], [ -72.145744356999955, -14.77741810699996 ], [ -72.189323481999963, -14.778236356999969 ], [ -72.212196356999982, -14.803241731999947 ], [ -72.252639731999977, -14.803659481999944 ], [ -72.318389731999957, -14.83408923199994 ], [ -72.406478856999968, -14.827085481999973 ], [ -72.434570356999984, -14.790140106999957 ], [ -72.469184856999959, -14.786989231999939 ], [ -72.488464356999941, -14.723461106999935 ], [ -72.460128731999987, -14.67575648199994 ], [ -72.471771231999981, -14.661398856999938 ], [ -72.461699481999972, -14.605869606999931 ], [ -72.502904981999961, -14.552580981999938 ], [ -72.491639481999982, -14.533539981999979 ], [ -72.440498106999939, -14.48174810699993 ], [ -72.399275356999965, -14.484169981999969 ], [ -72.365489606999972, -14.461765106999962 ], [ -72.357625356999961, -14.435963856999933 ], [ -72.340888231999941, -14.427838356999928 ], [ -72.31719923199995, -14.440689481999982 ], [ -72.289855356999965, -14.423930481999946 ], [ -72.294802231999938, -14.410792356999934 ], [ -72.249505231999933, -14.40292623199997 ], [ -72.239515606999987, -14.348472356999935 ], [ -72.187106856999947, -14.313223606999941 ], [ -72.161167731999967, -14.263794731999951 ], [ -72.125928731999977, -14.254001981999977 ], [ -72.076480455999956, -14.207429842999943 ], [ -72.095189981999965, -14.173399981999978 ], [ -72.056689981999966, -14.129339981999976 ], [ -72.067899981999972, -14.076539981999929 ], [ -72.051199981999957, -14.026749981999956 ], [ -72.055546231999983, -13.930678731999933 ], [ -72.091236856999956, -13.88538910699998 ], [ -72.130818356999953, -13.788203480999982 ], [ -72.165909731999989, -13.747636480999972 ], [ -72.231875106999951, -13.721723230999942 ], [ -72.244762481999942, -13.687431855999932 ], [ -72.277417856999989, -13.684148480999966 ], [ -72.312339981999969, -13.708489980999957 ], [ -72.36943998199996, -13.665659980999976 ], [ -72.403039981999939, -13.658639980999965 ], [ -72.399829356999987, -13.63368473099996 ], [ -72.421397856999988, -13.606079730999966 ], [ -72.488959981999983, -13.591821230999926 ], [ -72.551410731999965, -13.554281480999975 ], [ -72.593390356999976, -13.562169105999942 ], [ -72.601430731999983, -13.544301605999976 ], [ -72.63687585699995, -13.542142480999928 ], [ -72.655868731999988, -13.513496980999946 ], [ -72.672067481999989, -13.522099605999927 ], [ -72.748466356999984, -13.481120355999963 ], [ -72.770948981999936, -13.449293730999955 ], [ -72.792745731999958, -13.456507730999931 ], [ -72.798314356999981, -13.421766605999949 ], [ -72.884072981999964, -13.416978980999943 ], [ -72.895499856999947, -13.388924230999976 ], [ -72.925960606999979, -13.383068355999967 ], [ -72.977064731999974, -13.388173230999939 ], [ -73.015125732999934, -13.426668855999935 ], [ -73.044051607999961, -13.411962480999932 ], [ -73.060444232999942, -13.438020355999981 ], [ -73.097288357999957, -13.448876105999943 ], [ -73.144110482999963, -13.419115730999977 ], [ -73.169778232999988, -13.452438355999959 ], [ -73.187107607999963, -13.416354230999957 ], [ -73.249042982999981, -13.403637230999948 ], [ -73.286913357999936, -13.372564980999982 ], [ -73.312674232999939, -13.324567855999931 ], [ -73.341583857999979, -13.311240230999942 ], [ -73.382324732999962, -13.22487360599996 ], [ -73.409618982999973, -13.211918730999969 ], [ -73.41466160799996, -13.145089105999944 ], [ -73.455154107999988, -13.120741605999967 ], [ -73.449257982999939, -13.079588230999946 ], [ -73.478180982999959, -13.055917980999936 ], [ -73.490133482999966, -13.067004355999927 ], [ -73.476572607999969, -13.001102230999948 ], [ -73.504680982999957, -13.011122480999973 ], [ -73.530032482999957, -12.985266105999926 ], [ -73.508035857999971, -12.971897355999943 ], [ -73.49593135799995, -12.933463605999975 ], [ -73.529846107999958, -12.931963355999926 ], [ -73.523676482999974, -12.899478105999947 ], [ -73.581899107999959, -12.858679855999981 ], [ -73.590021732999958, -12.824168105999945 ], [ -73.62672910799995, -12.78769448099996 ], [ -73.625667232999945, -12.764992480999979 ], [ -73.725038482999935, -12.636729604999971 ], [ -73.756587857999989, -12.651462354999978 ], [ -73.800063482999974, -12.615453104999972 ], [ -73.824022982999963, -12.53347797999993 ], [ -73.854441857999973, -12.532166979999943 ], [ -73.854309961999945, -12.48905689399993 ], [ -73.885924982999938, -12.406140479999976 ], [ -73.947766607999938, -12.350661854999942 ], [ -73.970072482999967, -12.347811479999962 ], [ -73.972228756999982, -12.294334516999982 ], [ -73.838197201999947, -12.242520301999946 ], [ -73.795624446999966, -12.262283814999932 ], [ -73.761759207999944, -12.252920714999959 ], [ -73.704537982999966, -12.269445979999944 ], [ -73.659915607999949, -12.328747729999975 ], [ -73.657694482999943, -12.359539479999967 ], [ -73.59910223299994, -12.385899354999935 ], [ -73.574326357999951, -12.276842354999928 ], [ -73.46986523299995, -12.236894479999933 ], [ -73.439521107999951, -12.15200772999998 ], [ -73.361887357999933, -12.135964729999955 ], [ -73.356121357999939, -12.111076354999966 ], [ -73.401015482999981, -12.090833604999943 ], [ -73.397884857999941, -12.020943479999971 ], [ -73.436069482999983, -11.995849979999946 ], [ -73.44272373299998, -11.939314604999936 ], [ -73.506549107999945, -11.865265479999948 ], [ -73.577505107999968, -11.836484729999938 ], [ -73.571936593999965, -11.742627441999957 ], [ -73.612081107999984, -11.679760354999928 ], [ -73.60826960199995, -11.660160094999981 ], [ -73.559650982999983, -11.592050978999964 ], [ -73.502332482999975, -11.563161978999972 ], [ -73.487126232999969, -11.534915978999948 ], [ -73.450402232999977, -11.533067603999939 ], [ -73.476568732999965, -11.458351853999943 ], [ -73.346172161999959, -11.313453004999928 ], [ -73.255998857999941, -11.312535228999934 ], [ -73.186457117999964, -11.285977549999927 ], [ -73.131661982999958, -11.293927478999933 ], [ -73.08213729199997, -11.273284212999954 ], [ -73.06504098299996, -11.284354978999943 ], [ -72.977061607999985, -11.212293478999982 ], [ -72.96618048199997, -11.217323728999929 ], [ -72.972802107999939, -11.25189447899993 ] ], [ [ -71.280337105999934, -14.434711981999953 ], [ -71.273652355999957, -14.459448731999942 ], [ -71.228146730999981, -14.50037998199997 ], [ -71.167957480999974, -14.521440481999946 ], [ -71.15630260599994, -14.497640731999979 ], [ -71.166353980999986, -14.484172231999935 ], [ -71.280337105999934, -14.434711981999953 ] ], [ [ -73.737217764999968, -12.317757182999969 ], [ -73.737293057999977, -12.317718767999963 ], [ -73.737304482999946, -12.317727450999939 ], [ -73.737217764999968, -12.317757182999969 ] ], [ [ -73.798057567999933, -12.290111793999927 ], [ -73.799479549999944, -12.289265375999946 ], [ -73.798127077999936, -12.290085727999951 ], [ -73.798057567999933, -12.290111793999927 ] ] ] } },
{ "type": "Feature", "properties": { "CCDD": "09", "DEPARTAMEN": "HUANCAVELICA" }, "geometry": { "type": "Polygon", "coordinates": [ [ [ -74.571176108999964, -11.987104104999958 ], [ -74.487615733999974, -12.033712979999962 ], [ -74.454375733999939, -12.033945979999942 ], [ -74.41422098399994, -12.076462979999974 ], [ -74.41030998399998, -12.106485229999976 ], [ -74.351474358999951, -12.137575604999938 ], [ -74.361305233999985, -12.155222854999977 ], [ -74.343198733999941, -12.171118104999948 ], [ -74.387369983999974, -12.187979979999966 ], [ -74.376069983999969, -12.229189979999944 ], [ -74.393679983999959, -12.252469979999944 ], [ -74.384779983999977, -12.271529979999968 ], [ -74.416289983999945, -12.304769979999946 ], [ -74.441534211999965, -12.272134499999936 ], [ -74.474061063999955, -12.272055165999973 ], [ -74.507102358999987, -12.31246447999996 ], [ -74.555446858999971, -12.288089104999926 ], [ -74.581122858999947, -12.333318979999945 ], [ -74.575989983999989, -12.373169979999943 ], [ -74.564619983999989, -12.360909979999974 ], [ -74.549429983999971, -12.373849979999932 ], [ -74.506999983999947, -12.448239979999926 ], [ -74.409249983999985, -12.451919979999957 ], [ -74.415189983999937, -12.491749979999952 ], [ -74.398699983999961, -12.502689979999957 ], [ -74.386859983999955, -12.56680997999996 ], [ -74.363289983999948, -12.594269979999979 ], [ -74.324229983999942, -12.603859979999982 ], [ -74.342229983999971, -12.625339979999978 ], [ -74.327169983999966, -12.680199979999941 ], [ -74.349369983999964, -12.717139979999956 ], [ -74.328369983999949, -12.744239980999964 ], [ -74.294089983999982, -12.75117998099995 ], [ -74.284969983999986, -12.788309980999941 ], [ -74.294898483999987, -12.830152355999928 ], [ -74.329629983999951, -12.836149980999949 ], [ -74.319199983999965, -12.886519980999935 ], [ -74.330059983999945, -12.915419980999957 ], [ -74.326046233999989, -12.929864480999981 ], [ -74.295446483999967, -12.936881730999971 ], [ -74.271570037999936, -13.068630019999944 ], [ -74.310348858999987, -13.059605605999934 ], [ -74.345876358999988, -13.025844605999964 ], [ -74.379909983999937, -13.024489980999931 ], [ -74.411269983999944, -13.079389980999963 ], [ -74.410869983999987, -13.11969998099994 ], [ -74.388719983999977, -13.129659980999975 ], [ -74.396009983999988, -13.168829980999931 ], [ -74.420425733999934, -13.159539105999954 ], [ -74.458438858999955, -13.190038105999975 ], [ -74.54221285899996, -13.200501980999945 ], [ -74.572326983999972, -13.184734480999964 ], [ -74.644654233999972, -13.274136730999942 ], [ -74.686056483999948, -13.286370980999948 ], [ -74.666995608999969, -13.32743573099998 ], [ -74.633209983999961, -13.345099980999976 ], [ -74.718279983999935, -13.363789980999968 ], [ -74.759622233999949, -13.325071105999939 ], [ -74.770087858999943, -13.34632810599993 ], [ -74.857789983999965, -13.355209980999973 ], [ -74.887699983999937, -13.380019980999975 ], [ -74.90209998399996, -13.466439980999951 ], [ -74.862179983999965, -13.481789980999963 ], [ -74.831859983999948, -13.532189980999931 ], [ -74.799569983999959, -13.547469980999949 ], [ -74.771388233999971, -13.606498855999973 ], [ -74.775391233999983, -13.710538480999958 ], [ -74.753890608999939, -13.736976605999928 ], [ -74.762314483999944, -13.781904355999927 ], [ -74.778923858999974, -13.784605480999971 ], [ -74.760363733999952, -13.831487231999972 ], [ -74.785155233999944, -13.888310231999981 ], [ -74.767954733999943, -13.978552356999955 ], [ -74.785330733999956, -13.990267981999978 ], [ -74.758712858999957, -14.07859573199994 ], [ -74.825187483999969, -14.092279231999953 ], [ -74.860794858999952, -14.067193356999951 ], [ -74.896201233999989, -14.103904231999934 ], [ -75.015724483999975, -14.069347606999941 ], [ -75.057889983999985, -14.129919981999933 ], [ -75.06353248399995, -14.088407231999952 ], [ -75.088502109, -14.081569856999977 ], [ -75.108841733999952, -14.032884731999957 ], [ -75.16567998499994, -14.072529981999935 ], [ -75.186591734999979, -14.054113231999963 ], [ -75.258529109999984, -14.043166231999976 ], [ -75.233442734999983, -14.003285231999939 ], [ -75.329010984999968, -14.018023356999947 ], [ -75.355679984999938, -13.995769981999956 ], [ -75.359219984999982, -13.971499981999955 ], [ -75.433519984999975, -13.914069981999944 ], [ -75.47516998499998, -13.912719981999942 ], [ -75.55593110999996, -13.87836135699996 ], [ -75.564653609999937, -13.843108231999963 ], [ -75.524829109999985, -13.814399980999951 ], [ -75.537589734999983, -13.762395855999955 ], [ -75.554582359999984, -13.749571230999948 ], [ -75.531200984999941, -13.742710605999946 ], [ -75.484562109999956, -13.654708480999943 ], [ -75.519575359999976, -13.603514855999947 ], [ -75.477310484999975, -13.525484355999936 ], [ -75.494989984999961, -13.52427998099995 ], [ -75.470159984999952, -13.48383998099996 ], [ -75.465709985, -13.43413998099993 ], [ -75.499809984999956, -13.389079980999952 ], [ -75.501275484999951, -13.354281105999974 ], [ -75.53806448499995, -13.404756480999936 ], [ -75.598971109999979, -13.389987980999933 ], [ -75.614945484999964, -13.416796230999978 ], [ -75.633421859999942, -13.411183105999953 ], [ -75.689280984999982, -13.439670105999937 ], [ -75.718829609999943, -13.412576480999974 ], [ -75.762523484999974, -13.413765855999941 ], [ -75.809657984999944, -13.388856480999948 ], [ -75.787639984999942, -13.334789980999972 ], [ -75.706481484999983, -13.288286855999957 ], [ -75.702441359999966, -13.22688698099995 ], [ -75.688949359999981, -13.214274105999948 ], [ -75.70628985999997, -13.187651105999976 ], [ -75.693993109999951, -13.146627730999967 ], [ -75.71876823499997, -13.109764730999927 ], [ -75.686618359999954, -13.043071980999969 ], [ -75.675635609999972, -13.043746855999927 ], [ -75.680580393999946, -13.070361477999938 ], [ -75.657995144999973, -13.08232778699994 ], [ -75.628608234999945, -13.057066730999964 ], [ -75.638989859999981, -13.030778230999942 ], [ -75.602608484999962, -12.980183355999941 ], [ -75.636337484999956, -12.915582230999973 ], [ -75.612714359999984, -12.859151855999926 ], [ -75.570411109999952, -12.842858855999964 ], [ -75.560332109999933, -12.817399730999966 ], [ -75.530228609999938, -12.821619230999943 ], [ -75.508242609999968, -12.779827355999942 ], [ -75.577117109999961, -12.715701229999979 ], [ -75.553653984999983, -12.70424335499996 ], [ -75.551454984999964, -12.683992604999958 ], [ -75.579613234999954, -12.641484354999932 ], [ -75.525389609999934, -12.618367229999933 ], [ -75.467200734999949, -12.683330604999981 ], [ -75.452561359999947, -12.657194229999959 ], [ -75.460793984999952, -12.631385979999948 ], [ -75.442645234999986, -12.61774147999995 ], [ -75.41538273499998, -12.628417104999926 ], [ -75.409447234999959, -12.584730479999962 ], [ -75.319339109999987, -12.514502854999932 ], [ -75.324739984999951, -12.485502104999966 ], [ -75.215515359999984, -12.463421104999952 ], [ -75.220084609999958, -12.390454604999945 ], [ -75.18236998499998, -12.360279979999973 ], [ -75.15414098499997, -12.395699229999934 ], [ -75.131009983999945, -12.378500104999944 ], [ -75.140139984999962, -12.34140997999998 ], [ -75.098928483999941, -12.28531785499996 ], [ -75.100447108999958, -12.251100604999976 ], [ -75.049356608999972, -12.201342979999936 ], [ -75.048921108999934, -12.167547729999967 ], [ -75.076945358999978, -12.147145729999977 ], [ -75.062919733999934, -12.134715979999953 ], [ -75.065164108999966, -12.091917104999936 ], [ -75.08640085899998, -12.053255854999975 ], [ -75.048952483999983, -11.999228104999929 ], [ -74.997754358999941, -12.021080104999953 ], [ -74.939015733999952, -12.018355604999954 ], [ -74.870774108999967, -12.065991979999978 ], [ -74.83737360899994, -12.070818479999957 ], [ -74.818749983999965, -12.053529979999951 ], [ -74.744509983999933, -12.040899979999949 ], [ -74.716899983999951, -12.059419979999973 ], [ -74.683359983999935, -12.038139979999926 ], [ -74.65757285899997, -11.992684104999967 ], [ -74.624164608999934, -11.985181979999936 ], [ -74.602547483999956, -11.999512104999951 ], [ -74.571176108999964, -11.987104104999958 ] ] ] } },
{ "type": "Feature", "properties": { "CCDD": "10", "DEPARTAMEN": "HUANUCO" }, "geometry": { "type": "Polygon", "coordinates": [ [ [ -76.002494164999973, -8.305226514999958 ], [ -75.946337211999946, -8.399123335999946 ], [ -75.967554734999965, -8.459925726999927 ], [ -75.954531234999934, -8.499486351999963 ], [ -75.970726609999986, -8.512400351999929 ], [ -75.979173859999946, -8.654011726999954 ], [ -75.921646531999954, -8.78080846499995 ], [ -75.927882818999933, -8.844538027999931 ], [ -75.883767305999982, -8.972732544999928 ], [ -75.891861379999966, -9.002018251999971 ], [ -75.837876496999968, -9.061944494999977 ], [ -75.796127269999943, -9.202670437999927 ], [ -75.763790263999965, -9.217098119999946 ], [ -75.763962765999963, -9.237848216999964 ], [ -75.720242496999958, -9.277227545999949 ], [ -75.705690838999942, -9.336267220999957 ], [ -75.688622685999974, -9.349366328999963 ], [ -75.695012359999964, -9.363927066999963 ], [ -75.671128345999989, -9.385868838999954 ], [ -75.670450871999947, -9.417935812999929 ], [ -75.60065949899996, -9.413812847999964 ], [ -75.493644484999948, -9.377011726999967 ], [ -75.451967943999989, -9.296343674999946 ], [ -75.372153732999948, -9.310229775999971 ], [ -75.334056966999981, -9.288764748999938 ], [ -75.313928810999982, -9.302088699999956 ], [ -75.279698345999975, -9.276941552999972 ], [ -75.271919693999962, -9.233415226999966 ], [ -75.242203017999941, -9.220934119999981 ], [ -75.211932161999982, -9.176427109999963 ], [ -75.241901870999982, -9.102124906999961 ], [ -75.206455339999934, -9.101338660999943 ], [ -75.201214970999956, -9.063837912999929 ], [ -75.162401193999983, -9.033953457999928 ], [ -75.173864155999979, -9.011575218999951 ], [ -75.119721163999941, -8.983476912999947 ], [ -75.134845276999954, -8.945969265999963 ], [ -75.108413191999944, -8.92229144199996 ], [ -75.122592347999955, -8.880953531999978 ], [ -74.940712108999946, -8.857892601999936 ], [ -74.852198733999955, -8.763094351999939 ], [ -74.847284483999942, -8.661644726999953 ], [ -74.617815858999961, -8.548719351999978 ], [ -74.577571483999975, -8.553792226999974 ], [ -74.547134608999954, -8.58456722699998 ], [ -74.52535123399997, -8.749316226999952 ], [ -74.532178045999956, -8.77613316399993 ], [ -74.618308608999939, -8.832027351999955 ], [ -74.624214983999934, -8.888726601999963 ], [ -74.644310733999987, -8.918783226999949 ], [ -74.647874983999941, -8.995767601999944 ], [ -74.669163983999965, -9.020256726999946 ], [ -74.65136610899998, -9.048768351999968 ], [ -74.678093733999958, -9.094039101999954 ], [ -74.636538733999942, -9.125511226999947 ], [ -74.636089733999938, -9.172962101999929 ], [ -74.58990423399996, -9.267171726999948 ], [ -74.589439358999982, -9.30317635199998 ], [ -74.627373983999973, -9.364775476999966 ], [ -74.654317483999989, -9.36877422699996 ], [ -74.70942010899995, -9.422210351999979 ], [ -74.67596148399997, -9.44691447699995 ], [ -74.728820733999953, -9.472412101999964 ], [ -74.750522858999943, -9.524607102999937 ], [ -74.735593733999963, -9.574445227999945 ], [ -74.772485733999986, -9.612379102999967 ], [ -74.764814858999955, -9.635716102999936 ], [ -74.787477983999963, -9.66576972799993 ], [ -74.821882733999985, -9.677188102999935 ], [ -74.816843608999989, -9.736433602999966 ], [ -74.843798858999946, -9.749148477999938 ], [ -74.847071358999983, -9.780477477999966 ], [ -74.815599608999946, -9.795428352999977 ], [ -74.836238983999976, -9.820048352999947 ], [ -74.835002608999957, -9.847105977999945 ], [ -74.882351483999969, -9.819738102999963 ], [ -74.985552858999938, -9.864063727999962 ], [ -74.993615983999973, -9.839797227999952 ], [ -75.057789233999983, -9.818918602999929 ], [ -75.094467858999963, -9.844477727999958 ], [ -75.160124984999982, -9.839974602999973 ], [ -75.254650359999971, -9.779002227999968 ], [ -75.310638609999955, -9.774671852999973 ], [ -75.279218984999943, -9.838239727999962 ], [ -75.282407984999963, -9.864731352999968 ], [ -75.399595859999977, -9.878455602999964 ], [ -75.411181609999971, -9.888426102999972 ], [ -75.395547234999981, -9.912776852999968 ], [ -75.404783609999981, -9.930212102999974 ], [ -75.449551734999943, -9.941551602999937 ], [ -75.467775984999946, -9.989058977999946 ], [ -75.548378609999986, -9.984414977999961 ], [ -75.560382359999949, -9.964135727999974 ], [ -75.596433359999935, -9.95370810299994 ], [ -75.602079484999933, -10.02477485299994 ], [ -75.645179609999957, -10.026927727999976 ], [ -75.676468734999958, -10.05427535299998 ], [ -75.709429609999972, -10.215070227999945 ], [ -75.78476948499997, -10.252160102999937 ], [ -75.812708984999972, -10.244089852999934 ], [ -75.839679609999962, -10.257390602999976 ], [ -75.856400359999952, -10.301710852999975 ], [ -75.924939359999939, -10.356720602999928 ], [ -75.925048734999962, -10.40656047799996 ], [ -75.976735859999962, -10.47990310299997 ], [ -76.003113234999944, -10.488806602999944 ], [ -76.012208984999972, -10.454611352999962 ], [ -76.057640609999964, -10.465152352999951 ], [ -76.078268734999938, -10.434153727999956 ], [ -76.129630859999963, -10.430800727999952 ], [ -76.142552734999981, -10.408593727999971 ], [ -76.166685484999959, -10.413556477999975 ], [ -76.20716998499995, -10.388709977999952 ], [ -76.205396484999937, -10.376562477999926 ], [ -76.230888610999955, -10.371790977999979 ], [ -76.226329985999939, -10.396929977999946 ], [ -76.269476860999987, -10.368988227999978 ], [ -76.285287485999959, -10.416419977999965 ], [ -76.305517110999972, -10.412544727999943 ], [ -76.32575998599998, -10.305529977999981 ], [ -76.342079985999987, -10.285839977999956 ], [ -76.364499985999942, -10.299469977999934 ], [ -76.387219985999934, -10.289289977999942 ], [ -76.42493998599997, -10.319219977999978 ], [ -76.493976110999938, -10.310531227999945 ], [ -76.472804360999987, -10.337767602999975 ], [ -76.490941110999984, -10.378896477999945 ], [ -76.558243735999952, -10.393429727999944 ], [ -76.578103110999962, -10.375503852999941 ], [ -76.593358985999942, -10.401493977999962 ], [ -76.69681998599998, -10.442486352999936 ], [ -76.727395157999979, -10.478973458999974 ], [ -76.772349610999981, -10.464152352999974 ], [ -76.799853360999975, -10.439558477999981 ], [ -76.805675735999955, -10.392298852999943 ], [ -76.831671860999961, -10.393074227999932 ], [ -76.840771485999937, -10.363197227999933 ], [ -76.865851610999982, -10.374843727999973 ], [ -76.916099610999936, -10.224587852999946 ], [ -76.915464860999975, -10.119914102999928 ], [ -76.879886735999946, -10.116552727999931 ], [ -76.871337860999972, -10.094300727999951 ], [ -76.853580110999985, -10.101779352999927 ], [ -76.843238235999934, -10.086785102999954 ], [ -76.80718948599997, -10.084478477999937 ], [ -76.825027360999968, -10.009232477999944 ], [ -76.813757860999942, -9.960146477999956 ], [ -76.841861485999971, -9.930621102999964 ], [ -76.897757860999945, -9.809289102999969 ], [ -76.901583985999935, -9.769701227999974 ], [ -76.941365235999967, -9.705912102999946 ], [ -76.981042985999977, -9.724568352999938 ], [ -76.974277360999963, -9.760236352999925 ], [ -77.020611360999965, -9.711314477999963 ], [ -77.048658235999937, -9.649505852999937 ], [ -77.02923636099996, -9.612996102999944 ], [ -76.995160110999961, -9.603331977999972 ], [ -76.980244110999934, -9.564031227999976 ], [ -76.954578110999989, -9.559314477999976 ], [ -76.937550735999935, -9.525367227999936 ], [ -76.953294860999961, -9.467478476999929 ], [ -76.930304735999982, -9.43318560199998 ], [ -76.93523623599998, -9.398548851999976 ], [ -76.845945360999963, -9.263474601999974 ], [ -76.815482360999965, -9.326461976999951 ], [ -76.757937360999961, -9.362209351999979 ], [ -76.725969735999968, -9.256153726999969 ], [ -76.734607235999988, -9.20879047699998 ], [ -76.789960485999984, -9.135892726999941 ], [ -76.870068860999936, -9.114086726999972 ], [ -76.929283485999974, -9.070569101999979 ], [ -76.980173110999942, -9.062987851999935 ], [ -77.035708985999975, -8.999958976999949 ], [ -77.11003711099994, -8.96996685199997 ], [ -77.105728485999975, -8.949191351999957 ], [ -77.164835985999957, -8.889097601999936 ], [ -77.174263610999958, -8.834494101999951 ], [ -77.248167985999942, -8.727308601999937 ], [ -77.260595735999971, -8.648521476999974 ], [ -77.293642611999985, -8.637025351999966 ], [ -77.288716861999944, -8.589769351999962 ], [ -77.317486361999954, -8.530152351999959 ], [ -77.282779986999969, -8.505889976999981 ], [ -77.264080038999964, -8.467530013999976 ], [ -77.202679985999964, -8.485409976999961 ], [ -77.13384373599996, -8.44002147599997 ], [ -77.139927735999947, -8.480455101999951 ], [ -77.081937735999986, -8.487256351999974 ], [ -77.091650735999963, -8.516981351999959 ], [ -77.049801360999936, -8.553715226999941 ], [ -77.011597610999956, -8.537687476999963 ], [ -76.977300860999947, -8.560598726999956 ], [ -76.954226610999967, -8.545339851999927 ], [ -76.93597198599997, -8.56696685199995 ], [ -76.897084235999955, -8.568750601999966 ], [ -76.887358110999969, -8.55479810199995 ], [ -76.864701610999987, -8.566349601999946 ], [ -76.842659110999989, -8.525229976999981 ], [ -76.804449860999966, -8.510572726999953 ], [ -76.768424110999945, -8.52680935199993 ], [ -76.728403985999989, -8.515004476999934 ], [ -76.697079610999936, -8.532499601999973 ], [ -76.547806610999942, -8.497640601999933 ], [ -76.494837860999951, -8.549587851999945 ], [ -76.492503860999989, -8.575760851999974 ], [ -76.466167360999975, -8.569742976999976 ], [ -76.417496235999977, -8.443748225999968 ], [ -76.366709985999989, -8.411540725999942 ], [ -76.332325985999944, -8.431788225999981 ], [ -76.312307110999939, -8.500984226999947 ], [ -76.325080360999948, -8.524324226999966 ], [ -76.299674610999944, -8.556854476999945 ], [ -76.305807110999979, -8.573237726999935 ], [ -76.28035861099994, -8.573563976999935 ], [ -76.287328985999977, -8.585435351999934 ], [ -76.264064360999953, -8.610300476999953 ], [ -76.269455860999983, -8.652489351999975 ], [ -76.248340485999961, -8.683031976999928 ], [ -76.25740273599996, -8.706641851999962 ], [ -76.228680985999972, -8.745028351999963 ], [ -76.244993360999956, -8.751483101999952 ], [ -76.223144455999943, -8.785454179999931 ], [ -76.198586734999935, -8.76973510199997 ], [ -76.203416484999934, -8.753329726999937 ], [ -76.16694635999994, -8.756500976999973 ], [ -76.139489984999955, -8.666639976999932 ], [ -76.107129984999972, -8.648799976999953 ], [ -76.134679984999934, -8.572559976999969 ], [ -76.130667984999945, -8.467876976999946 ], [ -76.107787109999947, -8.399013725999964 ], [ -76.127503357999956, -8.35752580299993 ], [ -76.106973816999982, -8.331771679999974 ], [ -76.056347609999989, -8.329290975999982 ], [ -76.042595734999963, -8.341591850999976 ], [ -76.002494164999973, -8.305226514999958 ] ] ] } },
{ "type": "Feature", "properties": { "CCDD": "11", "DEPARTAMEN": "ICA" }, "geometry": { "type": "Polygon", "coordinates": [ [ [ -75.611359109999967, -12.966486230999976 ], [ -75.608643109999946, -13.004055480999966 ], [ -75.639267859999961, -13.032014480999976 ], [ -75.628608234999945, -13.057066730999964 ], [ -75.657995144999973, -13.08232778699994 ], [ -75.680580393999946, -13.070361477999938 ], [ -75.675635609999972, -13.043746855999927 ], [ -75.686618359999954, -13.043071980999969 ], [ -75.71876823499997, -13.109764730999927 ], [ -75.693993109999951, -13.146627730999967 ], [ -75.70628985999997, -13.187651105999976 ], [ -75.688949359999981, -13.214274105999948 ], [ -75.702441359999966, -13.22688698099995 ], [ -75.706481484999983, -13.288286855999957 ], [ -75.787639984999942, -13.334789980999972 ], [ -75.809388609999985, -13.396846355999969 ], [ -75.718829609999943, -13.412576480999974 ], [ -75.689280984999982, -13.439670105999937 ], [ -75.633421859999942, -13.411183105999953 ], [ -75.614945484999964, -13.416796230999978 ], [ -75.598971109999979, -13.389987980999933 ], [ -75.53806448499995, -13.404756480999936 ], [ -75.500854484999934, -13.354744105999941 ], [ -75.499809984999956, -13.389079980999952 ], [ -75.465709985, -13.43413998099993 ], [ -75.470159984999952, -13.48383998099996 ], [ -75.494989984999961, -13.52427998099995 ], [ -75.477310484999975, -13.525484355999936 ], [ -75.519575359999976, -13.603514855999947 ], [ -75.484562109999956, -13.654708480999943 ], [ -75.531200984999941, -13.742710605999946 ], [ -75.554582359999984, -13.749571230999948 ], [ -75.537589734999983, -13.762395855999955 ], [ -75.524878484999988, -13.817899356999931 ], [ -75.563380011999982, -13.840860000999953 ], [ -75.559905484999945, -13.871305731999939 ], [ -75.546389984999962, -13.889399981999929 ], [ -75.433519984999975, -13.914069981999944 ], [ -75.359219984999982, -13.971499981999955 ], [ -75.355679984999938, -13.995769981999956 ], [ -75.329010984999968, -14.018023356999947 ], [ -75.233442734999983, -14.003285231999939 ], [ -75.260124734999977, -14.041961356999934 ], [ -75.186591734999979, -14.054113231999963 ], [ -75.16567998499994, -14.072529981999935 ], [ -75.108841733999952, -14.032884731999957 ], [ -75.088502109, -14.081569856999977 ], [ -75.06353248399995, -14.088407231999952 ], [ -75.057433358999958, -14.123953731999961 ], [ -75.088722358999973, -14.229822231999947 ], [ -75.03219785899995, -14.265679106999926 ], [ -75.093926858999964, -14.312424481999926 ], [ -75.139826109999944, -14.415908231999936 ], [ -75.105841733999966, -14.434044231999962 ], [ -75.05299410899994, -14.431150356999979 ], [ -75.098137733999977, -14.48509723199993 ], [ -75.086675358999969, -14.530205856999942 ], [ -75.067144108999969, -14.528570981999962 ], [ -75.080090108999968, -14.569009981999955 ], [ -75.065858233999961, -14.574483481999948 ], [ -75.059900358999982, -14.622617606999938 ], [ -74.958919733999949, -14.606451231999927 ], [ -74.946628358999988, -14.58083523199997 ], [ -74.882947483999942, -14.546198481999966 ], [ -74.883964858999946, -14.576222606999977 ], [ -74.859029233999934, -14.608379606999961 ], [ -74.788166233999959, -14.615563231999943 ], [ -74.848572858999944, -14.672183856999936 ], [ -74.825298358999987, -14.736444981999966 ], [ -74.802699983999958, -14.752149981999935 ], [ -74.715697108999962, -14.709776731999966 ], [ -74.764702108999984, -14.790456481999968 ], [ -74.747755483999981, -14.813104356999929 ], [ -74.714396858999976, -14.817800981999937 ], [ -74.754580233999945, -14.835289981999949 ], [ -74.732509733999962, -14.846660106999934 ], [ -74.693840358999978, -14.838155231999963 ], [ -74.662486108999985, -14.898442607999982 ], [ -74.685484233999944, -14.929469857999948 ], [ -74.646241233999945, -14.977177857999948 ], [ -74.665693733999944, -14.997902357999976 ], [ -74.665299733999973, -15.049905857999931 ], [ -74.929305983999939, -15.192401857999982 ], [ -74.963638358999958, -15.253898607999929 ], [ -74.968200733999936, -15.299422232999973 ], [ -75.016555733999951, -15.351096232999964 ], [ -75.04554748399994, -15.43033023299995 ], [ -75.074515608999945, -15.443374982999956 ], [ -75.081912108999973, -15.424009732999934 ], [ -75.140404234999949, -15.40716598299997 ], [ -75.161509734999981, -15.378128857999968 ], [ -75.194527359999938, -15.368146482999975 ], [ -75.156658763999985, -15.356023056999959 ], [ -75.15177874799997, -15.335451083999942 ], [ -75.169156234999946, -15.307083982999927 ], [ -75.229134734999946, -15.285740232999956 ], [ -75.26381248499996, -15.251183607999963 ], [ -75.218410109999979, -15.249339857999928 ], [ -75.234169859999952, -15.200517607999927 ], [ -75.316869109999971, -15.149931607999974 ], [ -75.349496109999961, -15.158331982999982 ], [ -75.357923859999971, -15.13994723299993 ], [ -75.371744109999952, -15.151544982999951 ], [ -75.371339859999978, -15.128148482999961 ], [ -75.442693359999964, -15.00059185799995 ], [ -75.503142609999941, -14.962382857999955 ], [ -75.491648484999985, -14.934203107999963 ], [ -75.509790984999938, -14.910771482999962 ], [ -75.855566359999955, -14.716281231999972 ], [ -75.855755859999988, -14.694443356999955 ], [ -75.91676560999997, -14.658906231999936 ], [ -75.930455109999968, -14.571275356999934 ], [ -75.974732484999947, -14.524605356999928 ], [ -75.972279234999974, -14.470498106999969 ], [ -76.039109359999941, -14.424527356999931 ], [ -76.066195234999952, -14.38694335699995 ], [ -76.136517609999942, -14.348810606999962 ], [ -76.14524023499996, -14.330156231999979 ], [ -76.110955109999963, -14.329220731999953 ], [ -76.105304734999947, -14.314058606999936 ], [ -76.138021484999967, -14.234206981999932 ], [ -76.190480484999966, -14.19825785699993 ], [ -76.22580073599994, -14.150474606999978 ], [ -76.270925735999981, -14.142156356999976 ], [ -76.253212860999952, -14.160456981999971 ], [ -76.27214648599994, -14.200199231999932 ], [ -76.293380860999946, -14.163251981999963 ], [ -76.278724610999973, -14.152429731999973 ], [ -76.292160110999987, -14.089003731999981 ], [ -76.260632860999976, -14.05576760699995 ], [ -76.262624985999935, -14.020232356999941 ], [ -76.285783235999986, -13.996789106999927 ], [ -76.270234235999965, -13.980869106999933 ], [ -76.295361360999948, -13.928367231999971 ], [ -76.282872985999973, -13.909042856999974 ], [ -76.306154360999983, -13.892167981999933 ], [ -76.328078110999968, -13.924882856999943 ], [ -76.396474610999974, -13.908763606999969 ], [ -76.365439485999957, -13.803281230999971 ], [ -76.296417985999938, -13.793277355999976 ], [ -76.311648485999967, -13.847074231999954 ], [ -76.297636735999959, -13.838036981999949 ], [ -76.263016320999952, -13.86899077299995 ], [ -76.250746403999983, -13.853929549999975 ], [ -76.258148434999953, -13.838728512999978 ], [ -76.185066359999951, -13.526835980999977 ], [ -76.193265463999978, -13.423439539999947 ], [ -76.244792860999951, -13.323513730999935 ], [ -76.202879984999981, -13.30167998099995 ], [ -76.155252609999934, -13.192200855999943 ], [ -76.011936734999949, -13.085499355999957 ], [ -75.942896859999962, -12.992233105999958 ], [ -75.849653234999948, -13.036180730999945 ], [ -75.824294234999968, -13.030513105999944 ], [ -75.802062484999965, -13.060429730999942 ], [ -75.764587734999964, -13.018236355999932 ], [ -75.723230484999988, -13.038745480999978 ], [ -75.690549234999935, -13.035105105999946 ], [ -75.665727985, -13.01648923099998 ], [ -75.667048609999938, -12.996556230999943 ], [ -75.611359109999967, -12.966486230999976 ] ] ] } },
{ "type": "Feature", "properties": { "CCDD": "12", "DEPARTAMEN": "JUNIN" }, "geometry": { "type": "Polygon", "coordinates": [ [ [ -75.035639233999973, -10.682317728999976 ], [ -75.011729483999943, -10.679525603999934 ], [ -75.006489608999971, -10.718802228999948 ], [ -74.982817608999937, -10.74978710399995 ], [ -74.956481608999979, -10.732823728999961 ], [ -74.885630358999947, -10.770615353999972 ], [ -74.865936233999946, -10.758972103999952 ], [ -74.887539358999959, -10.710735978999935 ], [ -74.878570983999964, -10.700463228999979 ], [ -74.794826858999954, -10.829872353999974 ], [ -74.733168983999974, -10.833917978999978 ], [ -74.69084560899995, -10.886795353999958 ], [ -74.640182983999978, -10.869121228999973 ], [ -74.614102483999943, -10.904625478999947 ], [ -74.562363483999945, -10.913682478999931 ], [ -74.508383733999949, -10.950299728999937 ], [ -74.496471608999968, -11.000238728999932 ], [ -74.450309733999973, -11.001866978999942 ], [ -74.373654733999956, -11.056522353999981 ], [ -74.25643598399995, -11.018222728999945 ], [ -74.202767358999949, -11.021013478999976 ], [ -74.19086998399996, -10.985997103999978 ], [ -74.155652733999943, -10.99876097899994 ], [ -74.007201857999974, -10.99130847899994 ], [ -73.975926732999937, -11.12549847899993 ], [ -73.954551482999989, -11.150398853999945 ], [ -73.916487232999941, -11.143101978999937 ], [ -73.888748482999972, -11.170081853999932 ], [ -73.852706982999962, -11.164326228999926 ], [ -73.861891607999951, -10.97678110399994 ], [ -73.823407232999955, -10.921072728999945 ], [ -73.817773107999983, -10.81380610399998 ], [ -73.781808357999978, -10.786179353999955 ], [ -73.781986357999983, -10.750624978999952 ], [ -73.742116107999948, -10.734008228999926 ], [ -73.61039623299996, -10.846573853999928 ], [ -73.560898357999974, -10.859255978999954 ], [ -73.572577107999962, -10.954499978999934 ], [ -73.542578732999971, -11.047424478999972 ], [ -73.482603482999934, -11.065242228999978 ], [ -73.471080982999979, -11.088492603999953 ], [ -73.449811607999948, -11.236767978999978 ], [ -73.484561482999936, -11.350264103999962 ], [ -73.467868857999974, -11.343651228999931 ], [ -73.419749482999975, -11.383938229999956 ], [ -73.479831357999956, -11.469905353999934 ], [ -73.450402232999977, -11.533067603999939 ], [ -73.487126232999969, -11.534915978999948 ], [ -73.502332482999975, -11.563161978999972 ], [ -73.559650982999983, -11.592050978999964 ], [ -73.612510982999936, -11.677914979999969 ], [ -73.571936593999965, -11.742627441999957 ], [ -73.577505107999968, -11.836484729999938 ], [ -73.490531607999969, -11.878170479999937 ], [ -73.441569982999965, -11.941252979999945 ], [ -73.435506982999982, -11.996724979999954 ], [ -73.397884857999941, -12.020943479999971 ], [ -73.401015482999981, -12.090833604999943 ], [ -73.355129482999985, -12.11280110499996 ], [ -73.364832607999972, -12.137596604999942 ], [ -73.441411982999966, -12.154049854999926 ], [ -73.46986523299995, -12.236894479999933 ], [ -73.574326357999951, -12.276842354999928 ], [ -73.598284357999944, -12.385328104999928 ], [ -73.657694482999943, -12.359539479999967 ], [ -73.659915607999949, -12.328747729999975 ], [ -73.704537982999966, -12.269445979999944 ], [ -73.761759207999944, -12.252920714999959 ], [ -73.795624446999966, -12.262283814999932 ], [ -73.834223501999986, -12.242948604999981 ], [ -73.871818985999937, -12.245399449999979 ], [ -73.924928554999951, -12.283185290999938 ], [ -73.972228756999982, -12.294334516999982 ], [ -73.980451607999953, -12.242588354999953 ], [ -73.999850482999989, -12.283576854999978 ], [ -74.039786732999971, -12.261408729999971 ], [ -74.097353608999981, -12.283709354999928 ], [ -74.12143948399995, -12.33360147999997 ], [ -74.131159983999964, -12.314605104999941 ], [ -74.183747358999938, -12.316640979999931 ], [ -74.188262983999948, -12.30305560499994 ], [ -74.218701608999936, -12.301735604999976 ], [ -74.218042608999951, -12.278080229999944 ], [ -74.290850483999975, -12.223404979999941 ], [ -74.330357983999988, -12.221926104999966 ], [ -74.351700733999962, -12.177999979999981 ], [ -74.343298858999958, -12.169089479999968 ], [ -74.361305233999985, -12.155222854999977 ], [ -74.351715858999967, -12.136980229999949 ], [ -74.41030998399998, -12.106485229999976 ], [ -74.41422098399994, -12.076462979999974 ], [ -74.454375733999939, -12.033945979999942 ], [ -74.487615733999974, -12.033712979999962 ], [ -74.57170685899996, -11.984808979999968 ], [ -74.602547483999956, -11.999512104999951 ], [ -74.624164608999934, -11.985181979999936 ], [ -74.65757285899997, -11.992684104999967 ], [ -74.683359983999935, -12.038139979999926 ], [ -74.716899983999951, -12.059419979999973 ], [ -74.744509983999933, -12.040899979999949 ], [ -74.818749983999965, -12.053529979999951 ], [ -74.83737360899994, -12.070818479999957 ], [ -74.870774108999967, -12.065991979999978 ], [ -74.939015733999952, -12.018355604999954 ], [ -74.997754358999941, -12.021080104999953 ], [ -75.047542358999976, -11.998558979999927 ], [ -75.08640085899998, -12.053255854999975 ], [ -75.065164108999966, -12.091917104999936 ], [ -75.062919733999934, -12.134715979999953 ], [ -75.076945358999978, -12.147145729999977 ], [ -75.048921108999934, -12.167547729999967 ], [ -75.049356608999972, -12.201342979999936 ], [ -75.100447108999958, -12.251100604999976 ], [ -75.098928483999941, -12.28531785499996 ], [ -75.140139984999962, -12.34140997999998 ], [ -75.131009983999945, -12.378500104999944 ], [ -75.15414098499997, -12.395699229999934 ], [ -75.18236998499998, -12.360279979999973 ], [ -75.220084609999958, -12.390454604999945 ], [ -75.215515359999984, -12.463421104999952 ], [ -75.324739984999951, -12.485502104999966 ], [ -75.319339109999987, -12.514502854999932 ], [ -75.409447234999959, -12.584730479999962 ], [ -75.41538273499998, -12.628417104999926 ], [ -75.442645234999986, -12.61774147999995 ], [ -75.460793984999952, -12.631385979999948 ], [ -75.452561359999947, -12.657194229999959 ], [ -75.467200734999949, -12.683330604999981 ], [ -75.525389609999934, -12.618367229999933 ], [ -75.579613234999954, -12.641484354999932 ], [ -75.571840609999981, -12.564067854999962 ], [ -75.535973984999941, -12.518548104999979 ], [ -75.566940039999963, -12.412200018999954 ], [ -75.548701109999968, -12.364243979999969 ], [ -75.671262146999936, -12.192455465999956 ], [ -75.627523484999983, -12.141740229999982 ], [ -75.634470734999979, -12.114785354999981 ], [ -75.688221859999942, -12.082133479999982 ], [ -75.67388998499996, -12.057919979999951 ], [ -75.694304734999946, -12.042691354999931 ], [ -75.742039484999964, -12.036547104999954 ], [ -75.765662984999949, -12.059627354999975 ], [ -75.818936859999951, -12.013737229999947 ], [ -75.832367234999936, -12.02505272999997 ], [ -75.842549359999964, -12.006452854999964 ], [ -75.923336609999978, -11.984252104999939 ], [ -75.993179734999956, -11.994679729999973 ], [ -76.052585359999966, -11.948236229999964 ], [ -76.058179484999982, -11.879958229999943 ], [ -76.137327609999943, -11.780511354999931 ], [ -76.154380859999947, -11.781388604999961 ], [ -76.202327734999983, -11.728049229999954 ], [ -76.19329748499996, -11.67348697999995 ], [ -76.204882734999956, -11.659531103999939 ], [ -76.188292359999934, -11.642386728999952 ], [ -76.198906234999981, -11.625938103999943 ], [ -76.179550734999964, -11.612873103999959 ], [ -76.189418359999934, -11.590400603999967 ], [ -76.228743860999941, -11.553810603999978 ], [ -76.297650360999967, -11.596173853999971 ], [ -76.30436961099997, -11.567527978999976 ], [ -76.350002485999937, -11.542297978999954 ], [ -76.350645860999975, -11.520413603999941 ], [ -76.376839110999981, -11.501488603999974 ], [ -76.377408235999951, -11.444220728999937 ], [ -76.396148485999959, -11.442294978999939 ], [ -76.422683610999968, -11.35485547899998 ], [ -76.450972610999941, -11.34390435399996 ], [ -76.478470110999979, -11.292045978999965 ], [ -76.456932485999971, -11.272520603999965 ], [ -76.490714860999958, -11.246595728999978 ], [ -76.492077235999943, -11.189313978999962 ], [ -76.518997985999988, -11.116753853999967 ], [ -76.446806610999943, -11.071247353999979 ], [ -76.392349610999986, -11.07042185399996 ], [ -76.350958985999966, -11.09419335399997 ], [ -76.336738235999974, -11.082482478999964 ], [ -76.319070360999945, -11.090562478999971 ], [ -76.307900360999952, -11.132664103999957 ], [ -76.214629985999977, -11.150310103999971 ], [ -76.25014998599994, -11.105199978999963 ], [ -76.239570360999949, -11.049199103999968 ], [ -76.259667860999969, -11.027401853999947 ], [ -76.276275360999989, -10.918859353999949 ], [ -76.248015610999971, -10.933181603999969 ], [ -76.147505859999967, -11.07872260399995 ], [ -76.121886734999975, -11.085644478999939 ], [ -76.122025359999952, -11.101206978999926 ], [ -76.096367234999946, -11.12078710399993 ], [ -76.096396484999957, -11.108380853999961 ], [ -76.066955109999981, -11.114472603999957 ], [ -76.064421859999982, -11.095439478999936 ], [ -76.027947234999942, -11.085275353999975 ], [ -76.011382984999955, -11.032494103999966 ], [ -76.044578109999975, -11.024732478999965 ], [ -76.073081984999988, -10.974337853999941 ], [ -76.122899984999947, -10.962109978999933 ], [ -76.082139984999969, -10.895139978999964 ], [ -76.045509984999967, -10.880739978999941 ], [ -75.994760984999971, -10.820957353999972 ], [ -75.937146484999971, -10.871507853999958 ], [ -75.935923859999946, -10.889722603999928 ], [ -75.876069984999958, -10.867495228999928 ], [ -75.836967984999944, -10.886036728999954 ], [ -75.789140609999947, -10.82527147899998 ], [ -75.758570234999979, -10.830089853999937 ], [ -75.732806859999982, -10.809264478999978 ], [ -75.693252609999945, -10.817219353999974 ], [ -75.678548734999936, -10.840179603999957 ], [ -75.606621734999976, -10.823115978999965 ], [ -75.584095859999934, -10.801567103999957 ], [ -75.567770984999981, -10.727119978999951 ], [ -75.556919859999937, -10.744070228999931 ], [ -75.490249984999934, -10.756829978999974 ], [ -75.477890609999974, -10.780960853999943 ], [ -75.460788984999965, -10.749771478999946 ], [ -75.394810484999937, -10.759140603999981 ], [ -75.390759859999946, -10.832259853999972 ], [ -75.410721984999952, -10.861700603999964 ], [ -75.396292234999976, -10.853229853999949 ], [ -75.385727359999976, -10.86493685399995 ], [ -75.362737734999939, -10.850112478999961 ], [ -75.347890609999979, -10.800290978999953 ], [ -75.283890609999958, -10.84145110399993 ], [ -75.247958984999968, -10.803101478999963 ], [ -75.243900359999941, -10.763880853999979 ], [ -75.204183984999986, -10.764676228999974 ], [ -75.189948984999944, -10.780401978999976 ], [ -75.176645859999951, -10.74990172899993 ], [ -75.157079984999939, -10.761980478999931 ], [ -75.109639858999969, -10.723993353999958 ], [ -75.06507285899994, -10.65289447899994 ], [ -75.035639233999973, -10.682317728999976 ] ] ] } },
{ "type": "Feature", "properties": { "CCDD": "13", "DEPARTAMEN": "LA LIBERTAD" }, "geometry": { "type": "Polygon", "coordinates": [ [ [ -77.757533611999975, -6.965793474999941 ], [ -77.739980111999955, -7.035422099999948 ], [ -77.707005986999945, -7.06852484999996 ], [ -77.713378611999985, -7.107887099999971 ], [ -77.615504236999982, -7.177997224999956 ], [ -77.605530236999982, -7.219161849999978 ], [ -77.647350611999968, -7.241514349999932 ], [ -77.628419236999946, -7.320808724999949 ], [ -77.63921161199994, -7.343701224999961 ], [ -77.621678361999955, -7.396994100999962 ], [ -77.630917736999947, -7.413874600999975 ], [ -77.559659986999975, -7.46418747599995 ], [ -77.539076861999945, -7.507385350999925 ], [ -77.521388736999938, -7.509552600999939 ], [ -77.54006723699996, -7.577413600999932 ], [ -77.496944736999978, -7.582741475999967 ], [ -77.485763611999971, -7.603992225999946 ], [ -77.528388736999943, -7.615950100999953 ], [ -77.522704236999971, -7.633407225999974 ], [ -77.53839136199997, -7.65022797599994 ], [ -77.511602486999948, -7.657404975999953 ], [ -77.497889611999938, -7.686354850999976 ], [ -77.467168361999938, -7.674677850999956 ], [ -77.459237486999939, -7.686904225999967 ], [ -77.48340623699994, -7.697655975999965 ], [ -77.483276236999984, -7.720247350999955 ], [ -77.526182111999958, -7.753889225999956 ], [ -77.525468736999983, -7.768341850999946 ], [ -77.442861111999946, -7.813641725999958 ], [ -77.410784486999944, -7.900524725999958 ], [ -77.37690923699995, -7.908821350999972 ], [ -77.407129611999949, -7.991985600999953 ], [ -77.374936361999971, -8.03152722599998 ], [ -77.385472611999944, -8.055386725999938 ], [ -77.296664236999959, -8.062565725999946 ], [ -77.260078110999984, -8.048439475999942 ], [ -77.231865235999976, -8.011748100999966 ], [ -77.024458985999956, -8.04915035099998 ], [ -76.984914860999936, -8.113853475999974 ], [ -76.930210735999935, -8.138456975999929 ], [ -76.907276235999973, -8.16944372599994 ], [ -76.925596735999989, -8.218497350999939 ], [ -76.901243235999971, -8.283466350999959 ], [ -76.931930235999971, -8.342595100999972 ], [ -76.927004735999958, -8.359257100999969 ], [ -76.96837261099995, -8.371241475999966 ], [ -76.976898610999967, -8.396138725999947 ], [ -77.000429235999945, -8.382403475999979 ], [ -77.034011735999968, -8.404706975999943 ], [ -77.06987698599994, -8.397496100999945 ], [ -77.104588985999953, -8.444763475999935 ], [ -77.13384373599996, -8.44002147599997 ], [ -77.185539985999981, -8.480189976999952 ], [ -77.263839985999937, -8.467419976999963 ], [ -77.29337998699998, -8.517119976999936 ], [ -77.334343611999941, -8.533184351999978 ], [ -77.39953436199994, -8.483406726999931 ], [ -77.405460611999956, -8.441483350999931 ], [ -77.438355486999967, -8.422328100999948 ], [ -77.458896361999962, -8.335655975999941 ], [ -77.478284736999967, -8.326065100999926 ], [ -77.491368486999988, -8.282553100999962 ], [ -77.527689986999974, -8.267079975999934 ], [ -77.531169986999942, -8.243339975999959 ], [ -77.574979986999949, -8.230939975999945 ], [ -77.556999986999983, -8.194249975999981 ], [ -77.636663361999979, -8.108586100999958 ], [ -77.61882998699997, -8.079829975999928 ], [ -77.647411111999986, -8.04970747599998 ], [ -77.785784861999957, -8.079198850999944 ], [ -77.852208111999971, -8.074779475999946 ], [ -77.867910861999974, -8.05589035099996 ], [ -77.895625611999947, -8.061949100999925 ], [ -77.933209986999941, -8.197009958999956 ], [ -78.01862998699994, -8.224319975999947 ], [ -78.036799986999938, -8.255949975999954 ], [ -78.119429987, -8.313649975999965 ], [ -78.108389986999953, -8.338109975999942 ], [ -78.137499986999956, -8.368669975999978 ], [ -78.157389986999988, -8.478849976999982 ], [ -78.216889986999945, -8.557259976999944 ], [ -78.193529986999977, -8.600109976999931 ], [ -78.205009986999983, -8.630589976999943 ], [ -78.246129986999961, -8.658359976999975 ], [ -78.354809986999953, -8.673279976999936 ], [ -78.438414362999936, -8.732746601999963 ], [ -78.551606237999977, -8.775037601999941 ], [ -78.588281112999937, -8.858677476999958 ], [ -78.576484737999976, -8.889046601999951 ], [ -78.589943612999946, -8.942622351999944 ], [ -78.644923862999974, -8.969228476999945 ], [ -78.651662112999986, -8.914355476999958 ], [ -78.76115823799995, -8.773956976999955 ], [ -78.737359362999939, -8.711523351999972 ], [ -78.761085987999934, -8.594847476999973 ], [ -78.813263612999947, -8.533322226999928 ], [ -78.934480487999963, -8.437044975999981 ], [ -78.905226612999968, -8.420718725999961 ], [ -78.895408237999959, -8.382888725999976 ], [ -78.957243238, -8.292526788999965 ], [ -78.96256552899996, -8.26186576899994 ], [ -78.993600292999986, -8.23575946699998 ], [ -78.984234636999986, -8.212591774999964 ], [ -79.115566362999971, -8.096662100999936 ], [ -79.130078112999968, -8.059849600999939 ], [ -79.307855487999973, -7.925431600999957 ], [ -79.374484362999965, -7.84443560099993 ], [ -79.389568362999967, -7.79121485099995 ], [ -79.465455113999951, -7.716572225999926 ], [ -79.437701113999935, -7.69831447599995 ], [ -79.437718738999934, -7.671349600999974 ], [ -79.576611363999973, -7.461509725999974 ], [ -79.58863673899998, -7.414902350999967 ], [ -79.56975932499995, -7.39000709499993 ], [ -79.599185488999979, -7.286630849999938 ], [ -79.690621113999953, -7.177126974999965 ], [ -79.508016363999957, -6.97043597499993 ], [ -79.468787488999965, -6.966504849999978 ], [ -79.455005363999987, -6.946313599999939 ], [ -79.400761737999972, -6.956927724999957 ], [ -79.322585987999958, -7.025683599999979 ], [ -79.330488362999972, -7.07597334999997 ], [ -79.296189987999981, -7.129619974999969 ], [ -79.30530123799997, -7.147146224999972 ], [ -79.251803737999978, -7.198348599999974 ], [ -79.275552862999973, -7.21553922499993 ], [ -79.268919987999936, -7.278409974999931 ], [ -79.306849987999954, -7.283709974999965 ], [ -79.366484112999956, -7.331439349999926 ], [ -79.315797612999972, -7.359554099999968 ], [ -79.282902112999977, -7.348743474999935 ], [ -79.231472362999966, -7.390929725999968 ], [ -79.194442737999964, -7.373373724999965 ], [ -79.154492237999989, -7.439134850999949 ], [ -79.065428112999939, -7.472708600999965 ], [ -79.071551862999968, -7.505345725999973 ], [ -79.059847237999975, -7.546675475999962 ], [ -79.038604237999948, -7.562062475999937 ], [ -79.041232487999935, -7.599887475999935 ], [ -78.993398612999954, -7.660539850999953 ], [ -78.953539987999989, -7.64979997599994 ], [ -78.944343737999986, -7.598417975999951 ], [ -78.912773987999969, -7.551086600999952 ], [ -78.851087987999961, -7.522117225999978 ], [ -78.886685237999984, -7.484101600999963 ], [ -78.794354737999981, -7.397224975999961 ], [ -78.781287487999975, -7.42366872599996 ], [ -78.760119987999985, -7.40197997599995 ], [ -78.733719987999962, -7.420679975999974 ], [ -78.663993737999988, -7.40362135099997 ], [ -78.627794737999977, -7.452641850999953 ], [ -78.650242362999961, -7.527798600999972 ], [ -78.624569987999962, -7.548559975999979 ], [ -78.49138998799998, -7.554869975999964 ], [ -78.415629987999978, -7.485069975999977 ], [ -78.327787111999953, -7.497468725999965 ], [ -78.325749986999938, -7.509904350999932 ], [ -78.349001986999951, -7.511246100999927 ], [ -78.360827237999956, -7.52996135099994 ], [ -78.356792237999969, -7.574006100999952 ], [ -78.378165987999978, -7.594035100999974 ], [ -78.382819237999968, -7.630107100999965 ], [ -78.36023623799997, -7.64489010099993 ], [ -78.347964986999955, -7.685716475999925 ], [ -78.276206986999966, -7.719557975999976 ], [ -78.281156111999962, -7.747277600999951 ], [ -78.22182036199996, -7.763460975999976 ], [ -78.219350736999957, -7.724458100999925 ], [ -78.171345111999983, -7.713393850999978 ], [ -78.128384236999977, -7.653224225999963 ], [ -78.08122111199998, -7.696168850999925 ], [ -78.049569986999984, -7.678559975999974 ], [ -77.962802236999948, -7.674313600999938 ], [ -77.960138986999937, -7.655261225999936 ], [ -77.936584236999977, -7.657477225999969 ], [ -77.940503236999973, -7.640627350999978 ], [ -77.913137861999985, -7.625865850999958 ], [ -77.922419986999955, -7.599739975999967 ], [ -77.867939986999943, -7.583029975999978 ], [ -77.85685998699995, -7.523529975999963 ], [ -77.745982736999963, -7.479159725999978 ], [ -77.771630736999953, -7.418814100999953 ], [ -77.824995736999938, -7.378663850999942 ], [ -77.832827861999988, -7.304550974999927 ], [ -77.856810861999975, -7.282620974999929 ], [ -77.849239611999963, -7.235571474999972 ], [ -77.882009736999976, -7.22054959999997 ], [ -77.897868986999981, -7.166807224999957 ], [ -77.925612486999967, -7.154573099999936 ], [ -77.929740236999976, -7.105546724999954 ], [ -78.001073986999984, -6.986610724999935 ], [ -77.986059986999976, -6.962969974999965 ], [ -77.928650236999943, -6.986759349999943 ], [ -77.880341736999981, -6.962503849999962 ], [ -77.842194986999971, -6.976884849999976 ], [ -77.834345986999949, -6.957205724999938 ], [ -77.801931986999989, -6.966144474999965 ], [ -77.779299861999959, -6.941452724999976 ], [ -77.757533611999975, -6.965793474999941 ] ] ] } },
{ "type": "Feature", "properties": { "CCDD": "14", "DEPARTAMEN": "LAMBAYEQUE" }, "geometry": { "type": "Polygon", "coordinates": [ [ [ -79.90154298899995, -5.481017598999927 ], [ -79.853996113999983, -5.530744098999946 ], [ -79.864419863999956, -5.563419973999942 ], [ -79.833458988999951, -5.645220723999955 ], [ -79.818624988999943, -5.664884723999933 ], [ -79.786933613999963, -5.646587848999957 ], [ -79.745355488999962, -5.675847598999951 ], [ -79.766416363999951, -5.708252473999949 ], [ -79.716937488999974, -5.740005848999942 ], [ -79.739316364, -5.799587848999977 ], [ -79.736876988999938, -5.838197223999941 ], [ -79.682709988999989, -5.846449973999938 ], [ -79.622583988999963, -5.797572223999964 ], [ -79.637409988999934, -5.859419973999934 ], [ -79.601319989, -5.939539973999956 ], [ -79.497640613999977, -5.915289098999949 ], [ -79.418609362999973, -5.97009959899998 ], [ -79.417211112999951, -6.005238348999967 ], [ -79.395917862999966, -5.977193098999976 ], [ -79.349017612999944, -5.979687848999959 ], [ -79.317009737999967, -6.042896473999974 ], [ -79.322141112999986, -5.999126098999966 ], [ -79.300404612999955, -5.98515434899997 ], [ -79.263300737999941, -6.003262723999967 ], [ -79.266012487999944, -6.025022723999939 ], [ -79.240874237999947, -6.028633723999974 ], [ -79.224938612999949, -6.054705848999959 ], [ -79.203959987999951, -6.024059973999954 ], [ -79.175599612999974, -6.041376973999945 ], [ -79.188935612999956, -6.058923973999981 ], [ -79.181916737999984, -6.089338723999958 ], [ -79.235093362999976, -6.093722723999974 ], [ -79.273383612999964, -6.147727723999935 ], [ -79.249102862999962, -6.224439348999965 ], [ -79.279048362999958, -6.229257723999979 ], [ -79.300487487999987, -6.267469723999966 ], [ -79.329034862999947, -6.266270223999925 ], [ -79.35277298799997, -6.303981724999971 ], [ -79.422657737999941, -6.310430099999962 ], [ -79.458570863999967, -6.372099099999957 ], [ -79.422888237999985, -6.451881974999935 ], [ -79.433889488999966, -6.48116022499994 ], [ -79.417135987999984, -6.505321349999974 ], [ -79.421943737999982, -6.533363474999931 ], [ -79.404426487999956, -6.541321224999933 ], [ -79.369613362999985, -6.520802849999939 ], [ -79.360659987999952, -6.568839974999946 ], [ -79.335736112999939, -6.602429474999951 ], [ -79.362496362999934, -6.634765224999967 ], [ -79.304023362999942, -6.651605349999954 ], [ -79.295589987999961, -6.676136224999937 ], [ -79.229060362999974, -6.671405974999971 ], [ -79.188429987999939, -6.716539974999932 ], [ -79.142726612999979, -6.699895349999963 ], [ -79.12088386299996, -6.777674599999955 ], [ -79.20708998799995, -6.821439974999976 ], [ -79.224793612999974, -6.85837609999993 ], [ -79.262740362999978, -6.859156224999936 ], [ -79.311008862999984, -6.901341724999952 ], [ -79.296652237999979, -7.000738224999964 ], [ -79.320907237999961, -7.025193974999979 ], [ -79.400761737999972, -6.956927724999957 ], [ -79.455005363999987, -6.946313599999939 ], [ -79.468787488999965, -6.966504849999978 ], [ -79.508016363999957, -6.97043597499993 ], [ -79.690621113999953, -7.177126974999965 ], [ -79.686195363999957, -7.120455099999958 ], [ -79.931845738999982, -6.873306474999936 ], [ -79.942497988999946, -6.82018359999995 ], [ -79.995935488999976, -6.73905072499997 ], [ -80.190394363999985, -6.598214849999977 ], [ -80.627132864999965, -6.372080099999948 ], [ -80.334712863999982, -5.95390434899997 ], [ -80.19617773899995, -5.89208784899995 ], [ -80.123847613999942, -5.891310598999951 ], [ -80.120101613999964, -5.872218723999936 ], [ -80.055999988999986, -5.816351598999972 ], [ -80.092368939999972, -5.79509126499994 ], [ -80.102934662999985, -5.761498075999953 ], [ -80.095170551999956, -5.702607987999954 ], [ -80.061066738999955, -5.684399608999968 ], [ -80.069958920999966, -5.646170672999972 ], [ -80.052836945999957, -5.563572662999945 ], [ -80.001003863999983, -5.585341848999974 ], [ -79.960523488999968, -5.581623098999955 ], [ -79.945872988999952, -5.514996098999973 ], [ -79.90154298899995, -5.481017598999927 ] ] ] } },
{ "type": "Feature", "properties": { "CCDD": "15", "DEPARTAMEN": "LIMA" }, "geometry": { "type": "MultiPolygon", "coordinates": [ [ [ [ -76.904825985999935, -10.277259727999933 ], [ -76.874669860999973, -10.320861352999941 ], [ -76.865851610999982, -10.374843727999973 ], [ -76.840497985999946, -10.363331977999962 ], [ -76.831671860999961, -10.393074227999932 ], [ -76.805675735999955, -10.392298852999943 ], [ -76.799853360999975, -10.439558477999981 ], [ -76.72878323599997, -10.47646285299993 ], [ -76.703719700999955, -10.588593548999938 ], [ -76.685862307999969, -10.581457149999949 ], [ -76.655655360999958, -10.646781853999926 ], [ -76.670953860999987, -10.67781397899995 ], [ -76.627848860999961, -10.765960478999943 ], [ -76.633486485999981, -10.78452847899996 ], [ -76.583877610999934, -10.853608728999973 ], [ -76.56502123599995, -10.963932228999965 ], [ -76.581603485999949, -10.984984353999948 ], [ -76.578945985999951, -11.014776978999976 ], [ -76.532990235999989, -11.03412697899995 ], [ -76.491212860999951, -11.089441353999973 ], [ -76.495659110999952, -11.109552978999943 ], [ -76.519226610999965, -11.118089853999948 ], [ -76.492077235999943, -11.189313978999962 ], [ -76.490714860999958, -11.246595728999978 ], [ -76.456932485999971, -11.272520603999965 ], [ -76.478470110999979, -11.292045978999965 ], [ -76.450972610999941, -11.34390435399996 ], [ -76.422683610999968, -11.35485547899998 ], [ -76.396148485999959, -11.442294978999939 ], [ -76.377408235999951, -11.444220728999937 ], [ -76.376839110999981, -11.501488603999974 ], [ -76.350645860999975, -11.520413603999941 ], [ -76.350002485999937, -11.542297978999954 ], [ -76.30436961099997, -11.567527978999976 ], [ -76.297650360999967, -11.596173853999971 ], [ -76.228743860999941, -11.553810603999978 ], [ -76.189418359999934, -11.590400603999967 ], [ -76.179550734999964, -11.612873103999959 ], [ -76.197264109999935, -11.622312853999972 ], [ -76.188374234999969, -11.643062228999952 ], [ -76.204882734999956, -11.659531103999939 ], [ -76.19329748499996, -11.67348697999995 ], [ -76.207502859999977, -11.69978610499993 ], [ -76.198949484999957, -11.736476854999978 ], [ -76.154380859999947, -11.781388604999961 ], [ -76.137327609999943, -11.780511354999931 ], [ -76.058587484999975, -11.879406354999958 ], [ -76.052585359999966, -11.948236229999964 ], [ -76.014254109999968, -11.984329729999956 ], [ -75.884288484999956, -11.993630854999935 ], [ -75.842549359999964, -12.006452854999964 ], [ -75.833560484999964, -12.02470210499996 ], [ -75.818936859999951, -12.013737229999947 ], [ -75.765662984999949, -12.059627354999975 ], [ -75.742039484999964, -12.036547104999954 ], [ -75.67388998499996, -12.057919979999951 ], [ -75.688221859999942, -12.082133479999982 ], [ -75.634563234999973, -12.114639104999981 ], [ -75.62701498499996, -12.134827729999927 ], [ -75.671262146999936, -12.192455465999956 ], [ -75.548701109999968, -12.364243979999969 ], [ -75.566940039999963, -12.412200018999954 ], [ -75.535973984999941, -12.518548104999979 ], [ -75.579378734999977, -12.595081229999948 ], [ -75.57802673499998, -12.653549104999968 ], [ -75.551454984999964, -12.683992604999958 ], [ -75.553653984999983, -12.70424335499996 ], [ -75.577117109999961, -12.715701229999979 ], [ -75.507499984999981, -12.777154855999981 ], [ -75.530228609999938, -12.821619230999943 ], [ -75.560332109999933, -12.817399730999966 ], [ -75.570411109999952, -12.842858855999964 ], [ -75.612714359999984, -12.859151855999926 ], [ -75.636336359999973, -12.915031480999971 ], [ -75.614075359999958, -12.964552105999928 ], [ -75.667048609999938, -12.996556230999943 ], [ -75.665727985, -13.01648923099998 ], [ -75.690549234999935, -13.035105105999946 ], [ -75.723230484999988, -13.038745480999978 ], [ -75.764587734999964, -13.018236355999932 ], [ -75.800841734999949, -13.060333980999928 ], [ -75.826888609999969, -13.029410105999943 ], [ -75.852218109999967, -13.03531198099995 ], [ -75.937682859999939, -12.991324855999949 ], [ -75.957529859999966, -12.999129105999941 ], [ -75.968613859999948, -13.040836355999943 ], [ -76.011936734999949, -13.085499355999957 ], [ -76.155252609999934, -13.192200855999943 ], [ -76.202879984999981, -13.30167998099995 ], [ -76.242798860999983, -13.323099605999971 ], [ -76.490390717999958, -13.030223712999941 ], [ -76.482894485999964, -13.015929730999972 ], [ -76.51646286099998, -12.955402355999979 ], [ -76.505787110999961, -12.925814480999975 ], [ -76.519478485999969, -12.850451230999965 ], [ -76.637857360999988, -12.745160105999958 ], [ -76.63009761099994, -12.721035104999942 ], [ -76.656380860999946, -12.699078104999955 ], [ -76.672589860999949, -12.627546854999935 ], [ -76.734378985999967, -12.548222604999978 ], [ -76.803920534999975, -12.508980190999978 ], [ -76.80310671999996, -12.48033980799994 ], [ -76.790929735999953, -12.477634729999977 ], [ -76.775040985999965, -12.437871104999942 ], [ -76.778523971999959, -12.391714856999954 ], [ -76.855290985999943, -12.300185604999967 ], [ -77.037843735999957, -12.205646479999928 ], [ -77.029864720999967, -12.135220448999974 ], [ -77.111491847999957, -12.079513758999951 ], [ -77.077946774999987, -12.04662123199995 ], [ -77.096295317999989, -12.033643508999944 ], [ -77.089306542999964, -12.011723149999966 ], [ -77.11804651999995, -11.994862422999972 ], [ -77.109709761999966, -11.976155881999944 ], [ -77.128591798999935, -11.938066405999962 ], [ -77.095244110999943, -11.94965912999993 ], [ -77.092434126999933, -11.883081971999957 ], [ -77.126844319999975, -11.818483510999954 ], [ -77.188156235999941, -11.828425729999935 ], [ -77.177976610999963, -11.80211522999997 ], [ -77.198267401999942, -11.768205104999936 ], [ -77.176564202999941, -11.773753758999931 ], [ -77.169791282999938, -11.738685566999948 ], [ -77.200022753999974, -11.693316992999939 ], [ -77.207841735999978, -11.648087853999925 ], [ -77.282793224999978, -11.586818307999977 ], [ -77.271398439999984, -11.572011725999971 ], [ -77.300720736999949, -11.517960978999952 ], [ -77.360496111999964, -11.460234353999965 ], [ -77.648345736999943, -11.302738228999942 ], [ -77.647148486999981, -11.221734353999977 ], [ -77.601712861999943, -11.214019478999944 ], [ -77.592349611999964, -11.182080103999965 ], [ -77.620128861999945, -11.126904353999976 ], [ -77.61310161199998, -11.11216410399993 ], [ -77.633857611999986, -11.093609353999966 ], [ -77.633415986999978, -11.054507853999951 ], [ -77.661874986999976, -11.013476603999948 ], [ -77.646824236999976, -10.998193353999966 ], [ -77.657828111999947, -10.946505853999952 ], [ -77.70151561199998, -10.886117353999964 ], [ -77.705956986999979, -10.853580103999946 ], [ -77.75082611199997, -10.818806603999974 ], [ -77.744035111999949, -10.794537103999971 ], [ -77.76242186199994, -10.762816353999938 ], [ -77.886277361999987, -10.612548853999954 ], [ -77.83968843599996, -10.567918823999946 ], [ -77.799683361999939, -10.585323227999936 ], [ -77.771376486999941, -10.571614602999944 ], [ -77.770669861999977, -10.515671852999958 ], [ -77.798840861999963, -10.477335352999944 ], [ -77.749871611999936, -10.406796102999976 ], [ -77.752507453999954, -10.321895452999968 ], [ -77.69239061199994, -10.320902477999937 ], [ -77.651253611999948, -10.344611227999962 ], [ -77.630628736999938, -10.322069602999932 ], [ -77.597757736999938, -10.381049227999938 ], [ -77.686736111999949, -10.43402072799995 ], [ -77.710594236999952, -10.503848602999938 ], [ -77.743139361999965, -10.528971727999931 ], [ -77.744794738999985, -10.560781243999941 ], [ -77.669242986999961, -10.540567602999943 ], [ -77.624741902999972, -10.502034567999942 ], [ -77.60132286399994, -10.509303710999973 ], [ -77.645336708999935, -10.58285621899995 ], [ -77.619508462999988, -10.614245597999968 ], [ -77.604940361999979, -10.590129352999952 ], [ -77.574251361999984, -10.588413352999964 ], [ -77.590581113999974, -10.645564024999942 ], [ -77.563143830999934, -10.70942811499998 ], [ -77.591191831999936, -10.786449562999962 ], [ -77.523947111999973, -10.734982103999926 ], [ -77.491475486999946, -10.746037978999937 ], [ -77.436139236999963, -10.723640103999969 ], [ -77.415429986999982, -10.72997997899995 ], [ -77.385657556999945, -10.707792954999945 ], [ -77.403793986999972, -10.690967728999965 ], [ -77.395309986999962, -10.66153997899994 ], [ -77.31062998699997, -10.567689977999976 ], [ -77.25223998599995, -10.545269977999965 ], [ -77.190989985999977, -10.552129977999925 ], [ -77.167309985999964, -10.508139977999974 ], [ -77.174624735999942, -10.464601602999949 ], [ -77.112133985999947, -10.404844602999958 ], [ -77.071611485999938, -10.33810385299995 ], [ -77.024711485999944, -10.327526602999967 ], [ -77.003625235999948, -10.282123102999947 ], [ -76.965451485999949, -10.305378602999951 ], [ -76.936009235999961, -10.278506102999927 ], [ -76.904825985999935, -10.277259727999933 ] ] ], [ [ [ -76.781447235999963, -12.408966852999981 ], [ -76.781439360999968, -12.409248104999961 ], [ -76.781822235999982, -12.409193354999957 ], [ -76.781447235999963, -12.408966852999981 ] ] ], [ [ [ -76.797563477999972, -12.476967489999936 ], [ -76.797237319999965, -12.47705958399996 ], [ -76.797591311999952, -12.477166719999957 ], [ -76.797563477999972, -12.476967489999936 ] ] ], [ [ [ -76.802843440999936, -12.475591059999942 ], [ -76.797339481999984, -12.476030546999937 ], [ -76.799930530999973, -12.479288507999968 ], [ -76.802843440999936, -12.475591059999942 ] ] ] ] } },
{ "type": "Feature", "properties": { "CCDD": "16", "DEPARTAMEN": "LORETO" }, "geometry": { "type": "Polygon", "coordinates": [ [ [ -75.183596484999953, -0.038605968999946 ], [ -75.077363358999946, -0.084204843999942 ], [ -75.016890608999972, -0.145685593999929 ], [ -74.972800733999975, -0.153525343999945 ], [ -74.958615983999948, -0.193842218999976 ], [ -74.928258858999982, -0.220214718999955 ], [ -74.910676483999964, -0.203545843999962 ], [ -74.892288108999935, -0.236896343999945 ], [ -74.848087233999934, -0.23358409399998 ], [ -74.80898235899997, -0.189021468999954 ], [ -74.782457358999977, -0.201357468999959 ], [ -74.731474608999974, -0.290062968999962 ], [ -74.726679733999958, -0.343560593999939 ], [ -74.710648483999989, -0.350244218999933 ], [ -74.681915983999943, -0.330421843999943 ], [ -74.683865483999966, -0.359260343999949 ], [ -74.661308733999988, -0.374330093999959 ], [ -74.609335983999983, -0.351394593999942 ], [ -74.615052983999988, -0.377506343999926 ], [ -74.576222233999943, -0.392275968999968 ], [ -74.527947233999953, -0.466746093999973 ], [ -74.498967983999989, -0.461616343999935 ], [ -74.497563983999953, -0.488338718999955 ], [ -74.476402358999962, -0.474103468999942 ], [ -74.422951983999951, -0.498924468999974 ], [ -74.423974858999941, -0.553460093999945 ], [ -74.394505608999964, -0.541982718999975 ], [ -74.387723358999949, -0.590709843999946 ], [ -74.360933233999958, -0.623823343999959 ], [ -74.372826108999959, -0.65288671899998 ], [ -74.337568608999959, -0.682934843999931 ], [ -74.345374733999961, -0.705438218999973 ], [ -74.375556608999943, -0.716988343999958 ], [ -74.372589858999959, -0.73479496899995 ], [ -74.344283233999988, -0.759029343999941 ], [ -74.312552733999951, -0.756267593999951 ], [ -74.316658233999988, -0.793027343999938 ], [ -74.283341858999961, -0.777859343999978 ], [ -74.28492773399995, -0.824843718999944 ], [ -74.245330108999951, -0.818402343999935 ], [ -74.268150358999947, -0.847009718999971 ], [ -74.269171858999982, -0.879290968999953 ], [ -74.305464858999983, -0.86516796899997 ], [ -74.319953108999982, -0.879646468999965 ], [ -74.312873108999952, -0.895382843999926 ], [ -74.278296858999965, -0.899855468999931 ], [ -74.267217733999985, -0.98235571999993 ], [ -74.06391685899996, -1.052953094999964 ], [ -74.022768732999964, -1.004879844999948 ], [ -74.010968982999941, -1.092811719999929 ], [ -73.988036982999972, -1.103162219999945 ], [ -73.961669857999937, -1.082626969999978 ], [ -73.950591732999953, -1.09791209499997 ], [ -73.961654357999976, -1.129068344999951 ], [ -73.909470232999979, -1.12164096999993 ], [ -73.857132857999943, -1.23177934499995 ], [ -73.809615232999988, -1.249115219999965 ], [ -73.788154232999943, -1.23967971999997 ], [ -73.774330107999958, -1.259091844999944 ], [ -73.745124982999982, -1.199662094999951 ], [ -73.732314482999982, -1.245632844999932 ], [ -73.68093160799998, -1.238021469999978 ], [ -73.647011732999943, -1.267189469999948 ], [ -73.621093732999952, -1.259595719999936 ], [ -73.610801107999976, -1.319025844999942 ], [ -73.569785107999962, -1.322425719999956 ], [ -73.579156607999948, -1.359577594999962 ], [ -73.550216857999942, -1.406880844999932 ], [ -73.585358357999951, -1.423067969999977 ], [ -73.53432423299995, -1.432845719999932 ], [ -73.52630660799997, -1.468003844999942 ], [ -73.489010732999986, -1.483041844999946 ], [ -73.495103357999938, -1.510147719999964 ], [ -73.478413982999939, -1.530425094999941 ], [ -73.490298982999946, -1.569296594999969 ], [ -73.457348107999962, -1.574321969999971 ], [ -73.503661982999972, -1.622577469999953 ], [ -73.536669857999982, -1.685909219999928 ], [ -73.529531482999971, -1.707267219999949 ], [ -73.499949982999965, -1.731195094999975 ], [ -73.459281607999969, -1.736396594999974 ], [ -73.431592857999988, -1.788701969999977 ], [ -73.383337357999949, -1.774710719999973 ], [ -73.326972857999976, -1.804863219999959 ], [ -73.317382857999974, -1.82618959499996 ], [ -73.294592982999973, -1.776538094999978 ], [ -73.24986198299996, -1.780387719999965 ], [ -73.256788107999967, -1.802521844999944 ], [ -73.234345107999957, -1.801722344999973 ], [ -73.220867857999963, -1.748669844999938 ], [ -73.186029232999942, -1.807918469999947 ], [ -73.147285357999976, -1.80268596999997 ], [ -73.150283482999953, -1.861363469999958 ], [ -73.107453232999944, -1.886062344999971 ], [ -73.123371732999942, -1.981216969999934 ], [ -73.120315357999971, -2.013163720999955 ], [ -73.093730732999973, -2.035457595999958 ], [ -73.106749982999986, -2.074951220999935 ], [ -73.069785107999962, -2.087880845999962 ], [ -73.114188232999936, -2.130874220999942 ], [ -73.130035107999959, -2.181597595999961 ], [ -73.170462482999937, -2.191607720999968 ], [ -73.167666232999977, -2.229018095999947 ], [ -73.117675732999942, -2.287005845999943 ], [ -73.122928357999967, -2.323943595999935 ], [ -73.068298857999935, -2.315140595999935 ], [ -73.062355482999976, -2.35896872099994 ], [ -73.044234732999939, -2.352789720999965 ], [ -73.033796607999989, -2.31465009599998 ], [ -73.004884607999941, -2.357609095999976 ], [ -72.964498981999952, -2.341154220999954 ], [ -72.951734356999964, -2.400958970999966 ], [ -72.922630856999945, -2.419496095999932 ], [ -72.933803981999972, -2.454868595999926 ], [ -72.895126981999965, -2.433673845999976 ], [ -72.851798856999949, -2.435783220999951 ], [ -72.776451231999943, -2.384367220999934 ], [ -72.74579498199995, -2.426765595999939 ], [ -72.726928856999962, -2.390906095999981 ], [ -72.707754106999971, -2.389072845999976 ], [ -72.681287606999945, -2.45166422099993 ], [ -72.637315231999935, -2.388789470999939 ], [ -72.640798731999951, -2.36326259599997 ], [ -72.619697231999965, -2.356281220999961 ], [ -72.516990606999968, -2.426365970999939 ], [ -72.471590481999954, -2.42003284599997 ], [ -72.428154356999983, -2.437433595999948 ], [ -72.40865860699995, -2.414493345999972 ], [ -72.371767356999953, -2.489189470999975 ], [ -72.297528231999934, -2.473599220999972 ], [ -72.286278106999987, -2.454182845999981 ], [ -72.259551981999948, -2.458522970999979 ], [ -72.262164606999988, -2.435501595999938 ], [ -72.248544606999985, -2.430661845999964 ], [ -72.220362231999957, -2.44835072099994 ], [ -72.169468106999943, -2.431901970999945 ], [ -72.166353231999949, -2.464412095999933 ], [ -72.149820731999966, -2.470022845999949 ], [ -72.137142981999943, -2.449421470999937 ], [ -72.145280731999947, -2.406248595999955 ], [ -72.048741231999941, -2.334936095999979 ], [ -72.010109356999976, -2.368951220999975 ], [ -71.949782106999976, -2.35635859599995 ], [ -71.922437481999964, -2.378152345999979 ], [ -71.934914231999983, -2.312349595999933 ], [ -71.88475585599997, -2.311593720999952 ], [ -71.832769480999957, -2.190415970999936 ], [ -71.799132855999972, -2.204369095999937 ], [ -71.766931980999971, -2.158499720999941 ], [ -71.732482480999977, -2.140142595999976 ], [ -71.718922855999949, -2.159935970999925 ], [ -71.722999980999987, -2.226552720999962 ], [ -71.647681605999935, -2.200056595999968 ], [ -71.587162730999978, -2.238281720999964 ], [ -71.518891855999982, -2.248969345999967 ], [ -71.519833105999965, -2.302075595999952 ], [ -71.500463105999984, -2.352209345999938 ], [ -71.479383980999955, -2.340064220999977 ], [ -71.494805980999956, -2.277995720999968 ], [ -71.458254980999982, -2.274149720999958 ], [ -71.396395730999984, -2.347114720999969 ], [ -71.40656248099998, -2.388251845999946 ], [ -71.394715730999962, -2.407033095999964 ], [ -71.320743480999965, -2.377773470999955 ], [ -71.307094355999936, -2.347415970999975 ], [ -71.272186980999948, -2.333453095999971 ], [ -71.268107855999972, -2.357770720999952 ], [ -71.234769355999958, -2.336747720999938 ], [ -71.200175730999945, -2.37455734599996 ], [ -71.175779855999963, -2.379028720999941 ], [ -71.166837355999974, -2.33776747099995 ], [ -71.130322480999951, -2.33749484599997 ], [ -71.143376855999975, -2.301594845999944 ], [ -71.119928105999975, -2.280503720999945 ], [ -71.053329480999935, -2.270619845999931 ], [ -70.99614423099996, -2.303487595999968 ], [ -70.990417855999965, -2.287092970999936 ], [ -71.018437480999978, -2.237441470999954 ], [ -71.004616105999958, -2.20880634599996 ], [ -70.972701105999988, -2.214222595999956 ], [ -70.937347605999946, -2.25448434599997 ], [ -70.879386730999954, -2.220892595999942 ], [ -70.854964855999981, -2.237011720999931 ], [ -70.835953104999987, -2.290814595999962 ], [ -70.777761854999937, -2.292990220999968 ], [ -70.751236354999946, -2.328269595999927 ], [ -70.66592385499996, -2.353773470999954 ], [ -70.678435479999962, -2.402138720999972 ], [ -70.664877229999945, -2.410406095999974 ], [ -70.627850604999935, -2.395029720999958 ], [ -70.641365229999963, -2.455509720999942 ], [ -70.627226479999933, -2.476382095999952 ], [ -70.599304354999958, -2.484436470999981 ], [ -70.554350229999955, -2.467748345999951 ], [ -70.557593729999951, -2.44308197099997 ], [ -70.596419979999951, -2.425912095999934 ], [ -70.558708979999949, -2.419980470999974 ], [ -70.510552729999972, -2.471755845999951 ], [ -70.46928072999998, -2.455884845999947 ], [ -70.428619104999939, -2.524874970999974 ], [ -70.362006729999962, -2.489869470999963 ], [ -70.300977604999957, -2.502577345999953 ], [ -70.301796854999964, -2.528220720999968 ], [ -70.352111354999977, -2.543539095999961 ], [ -70.356510854999954, -2.564213845999973 ], [ -70.317868479999959, -2.578539345999957 ], [ -70.267874479999989, -2.54360309599997 ], [ -70.24531122999997, -2.550415720999979 ], [ -70.216828104999934, -2.648523470999976 ], [ -70.196304729999952, -2.658982470999945 ], [ -70.182161854999947, -2.634609095999963 ], [ -70.166159604999962, -2.636391095999954 ], [ -70.154209854999976, -2.656875720999949 ], [ -70.162061854999934, -2.687849095999979 ], [ -70.14054660499994, -2.700538970999958 ], [ -70.118431604999955, -2.698632845999953 ], [ -70.10103335499997, -2.65385684599994 ], [ -70.084944229999962, -2.649031345999958 ], [ -70.066039354999987, -2.684095595999963 ], [ -70.060059604999935, -2.758917470999961 ], [ -70.073608604999947, -2.790662095999949 ], [ -70.713474604999988, -3.794226596999977 ], [ -70.685190729999988, -3.793339596999942 ], [ -70.652517479999972, -3.828878721999956 ], [ -70.619019979999962, -3.840059971999949 ], [ -70.577274729999942, -3.828010346999974 ], [ -70.510630729999946, -3.875466346999929 ], [ -70.449811729999965, -3.856678096999929 ], [ -70.413757854999972, -3.822033221999959 ], [ -70.387595729999987, -3.828503846999979 ], [ -70.354064479999977, -3.799287096999933 ], [ -70.292275354999958, -3.821191346999967 ], [ -70.253519479999966, -3.884499971999958 ], [ -70.186699229999988, -3.91834572199997 ], [ -70.174281104999977, -3.97005609699994 ], [ -70.114404104999949, -4.049547846999928 ], [ -70.067781604999936, -4.075982096999951 ], [ -70.034079479999946, -4.134412721999979 ], [ -69.955689479999933, -4.20764259799995 ], [ -69.949591854999937, -4.279382722999969 ], [ -69.980362979999938, -4.340416222999977 ], [ -70.039996979999955, -4.375350472999969 ], [ -70.051400229999956, -4.363501472999928 ], [ -70.042955604999975, -4.332185347999939 ], [ -70.079076479999969, -4.312057597999967 ], [ -70.040268979999951, -4.294787972999927 ], [ -70.096042354999952, -4.287765472999979 ], [ -70.112098854999942, -4.256716597999969 ], [ -70.120992229999956, -4.285418847999949 ], [ -70.156386729999952, -4.27474097299995 ], [ -70.170633729999963, -4.305227847999959 ], [ -70.152609229999939, -4.330033722999929 ], [ -70.193650604999959, -4.360867097999972 ], [ -70.21379122999997, -4.29844634799997 ], [ -70.225420854999982, -4.317035847999932 ], [ -70.259957479999969, -4.308601597999939 ], [ -70.26810235499994, -4.29579922299996 ], [ -70.245824729999981, -4.284615722999945 ], [ -70.252197229999979, -4.271197722999943 ], [ -70.290915479999967, -4.287233097999945 ], [ -70.284342229999936, -4.272510222999927 ], [ -70.309475229999975, -4.251184347999981 ], [ -70.279196604999981, -4.232713722999961 ], [ -70.285650854999972, -4.170401597999955 ], [ -70.321521229999973, -4.142680846999951 ], [ -70.338534479999964, -4.179146222999975 ], [ -70.376813979999952, -4.135007096999971 ], [ -70.432820604999961, -4.131289221999964 ], [ -70.434902604999934, -4.162727847999975 ], [ -70.454235729999937, -4.158920722999937 ], [ -70.464913604999936, -4.175874347999979 ], [ -70.485228229999962, -4.160794597999939 ], [ -70.505572604999941, -4.199133597999946 ], [ -70.508249479999961, -4.151187596999932 ], [ -70.55110947999998, -4.136315846999935 ], [ -70.541010729999982, -4.154795597999964 ], [ -70.571891229999949, -4.211251222999977 ], [ -70.566189354999949, -4.172929847999967 ], [ -70.61624347999998, -4.193481347999978 ], [ -70.631106604999957, -4.183600722999927 ], [ -70.622493354999961, -4.12644109699994 ], [ -70.648033229999953, -4.130347596999968 ], [ -70.650184354999965, -4.164125722999927 ], [ -70.669933854999954, -4.144376221999948 ], [ -70.68227735499994, -4.206926222999925 ], [ -70.690367479999964, -4.188188097999955 ], [ -70.723947604999978, -4.185987097999941 ], [ -70.760642729999972, -4.159082472999955 ], [ -70.844705230999978, -4.218466722999949 ], [ -70.844581980999976, -4.230820347999952 ], [ -70.815943479999987, -4.227449222999951 ], [ -70.834384354999941, -4.254099097999926 ], [ -70.863889605999987, -4.250648972999954 ], [ -70.846251855999981, -4.279381097999931 ], [ -70.876619730999948, -4.291456722999953 ], [ -70.876381855999966, -4.321646097999974 ], [ -70.900053855999943, -4.325880722999955 ], [ -70.915434730999948, -4.360014847999935 ], [ -70.93351860599995, -4.356059097999946 ], [ -70.938039605999961, -4.38309572299994 ], [ -70.969032105999986, -4.377593222999963 ], [ -70.994492355999967, -4.344756597999947 ], [ -70.996514855999976, -4.38580234799997 ], [ -71.017892730999961, -4.37998684799993 ], [ -71.039999480999938, -4.399186722999957 ], [ -71.050677355999937, -4.367480472999944 ], [ -71.078415480999979, -4.39435459799995 ], [ -71.077446230999954, -4.374202472999968 ], [ -71.091030855999975, -4.372502722999968 ], [ -71.108111605999966, -4.378693722999969 ], [ -71.115041730999963, -4.408139472999949 ], [ -71.147640355999954, -4.380775722999942 ], [ -71.149781855999947, -4.402250347999939 ], [ -71.181886730999963, -4.39389547299993 ], [ -71.193688855999937, -4.423067597999932 ], [ -71.20139835599997, -4.378238597999939 ], [ -71.215389605999974, -4.378452722999953 ], [ -71.222408980999944, -4.406173472999967 ], [ -71.230263230999981, -4.383066472999928 ], [ -71.269205730999943, -4.383757472999946 ], [ -71.279563605999954, -4.396917347999931 ], [ -71.260670730999948, -4.394228597999927 ], [ -71.260861105999936, -4.425113972999952 ], [ -71.274804730999961, -4.43848659799994 ], [ -71.319110230999968, -4.417809097999964 ], [ -71.300859855999988, -4.444435347999956 ], [ -71.308212355999956, -4.46225734799998 ], [ -71.313470980999966, -4.442721972999948 ], [ -71.340263730999936, -4.440223597999932 ], [ -71.345902980999938, -4.425542222999979 ], [ -71.390613105999932, -4.427231722999977 ], [ -71.416382605999956, -4.462281222999934 ], [ -71.433609980999961, -4.47596297299998 ], [ -71.430941480999934, -4.446679722999932 ], [ -71.412252480999939, -4.435391347999939 ], [ -71.436294605999933, -4.427685097999927 ], [ -71.438172480999981, -4.449054097999976 ], [ -71.450857480999957, -4.431712347999962 ], [ -71.477684980999982, -4.433549597999956 ], [ -71.482614105999971, -4.456597097999975 ], [ -71.506874730999982, -4.437348597999971 ], [ -71.493972105999944, -4.485201472999961 ], [ -71.517414980999945, -4.461219847999928 ], [ -71.537277355999947, -4.463084097999968 ], [ -71.536243980999984, -4.481692847999966 ], [ -71.558374605999973, -4.477603597999973 ], [ -71.566925730999969, -4.505757222999932 ], [ -71.602815355999951, -4.528454222999926 ], [ -71.633455605999984, -4.512332847999971 ], [ -71.612512980999952, -4.482880722999937 ], [ -71.616173855999989, -4.466980347999936 ], [ -71.647905355999967, -4.502731972999925 ], [ -71.654287605999968, -4.471138472999939 ], [ -71.657934605999969, -4.500936097999954 ], [ -71.706795980999971, -4.509887722999963 ], [ -71.736855855999977, -4.495562222999979 ], [ -71.750725605999946, -4.467422472999942 ], [ -71.748957355999949, -4.491321222999943 ], [ -71.767648105999967, -4.503698972999928 ], [ -71.785328855999978, -4.48231784799998 ], [ -71.783368855999981, -4.496598347999964 ], [ -71.793798730999981, -4.483654347999959 ], [ -71.806535480999969, -4.504389597999932 ], [ -71.832119730999977, -4.495838722999963 ], [ -71.830157980999957, -4.514432847999956 ], [ -71.839137355999981, -4.504527847999952 ], [ -71.864997855999945, -4.526451097999939 ], [ -71.905487730999937, -4.51475034799995 ], [ -71.884586605999971, -4.537088222999955 ], [ -71.918183106999948, -4.52885484799998 ], [ -71.919108606999941, -4.563445972999943 ], [ -71.949997606999943, -4.580285722999974 ], [ -71.946530106999944, -4.607831472999976 ], [ -71.993733731999953, -4.609019472999933 ], [ -71.98120410699994, -4.626011222999978 ], [ -72.002188106999938, -4.629050347999964 ], [ -72.005987106999953, -4.645282222999981 ], [ -72.042443231999982, -4.622902972999952 ], [ -72.037939731999984, -4.642823222999937 ], [ -72.068193106999956, -4.659234847999926 ], [ -72.059669606999933, -4.673352972999965 ], [ -72.080280731999949, -4.668669847999979 ], [ -72.125110481999968, -4.733600597999953 ], [ -72.140356231999988, -4.711507972999925 ], [ -72.193226731999971, -4.745816097999978 ], [ -72.187355731999958, -4.750485347999927 ], [ -72.192364731999987, -4.762948347999952 ], [ -72.209279106999986, -4.747459972999934 ], [ -72.243510981999975, -4.78136047299995 ], [ -72.255722856999967, -4.765460097999949 ], [ -72.254037606999987, -4.791251472999932 ], [ -72.271153481999988, -4.798352097999953 ], [ -72.283862731999989, -4.795561597999949 ], [ -72.278046856999936, -4.771027222999976 ], [ -72.30650448199998, -4.790422597999964 ], [ -72.310496856999976, -4.774439472999973 ], [ -72.32688073199995, -4.779992847999949 ], [ -72.319710981999947, -4.78858534799997 ], [ -72.322722481999961, -4.811696722999955 ], [ -72.338982356999963, -4.793179847999966 ], [ -72.34483923199997, -4.806709722999926 ], [ -72.37070635699996, -4.804802347999953 ], [ -72.358843606999983, -4.823386847999927 ], [ -72.389060606999976, -4.833285347999947 ], [ -72.375340981999955, -4.83756697299998 ], [ -72.381433481999977, -4.87198897299993 ], [ -72.406110481999974, -4.888655222999944 ], [ -72.421855981999954, -4.875994347999949 ], [ -72.415655981999976, -4.900978347999967 ], [ -72.433830106999949, -4.910687347999954 ], [ -72.470427356999949, -4.89112597299993 ], [ -72.451348481999958, -4.915687972999933 ], [ -72.473733356999958, -4.92455409799993 ], [ -72.482028981999974, -4.950801722999927 ], [ -72.487731106999945, -4.933385097999974 ], [ -72.496776731999944, -4.949989722999931 ], [ -72.521158856999989, -4.932871722999948 ], [ -72.522168481999984, -4.960019097999975 ], [ -72.551936481999974, -4.955560722999962 ], [ -72.584673731999942, -4.997964847999981 ], [ -72.597999481999977, -4.983860347999951 ], [ -72.62119785699997, -5.051804097999934 ], [ -72.628808106999941, -5.038353222999945 ], [ -72.641421231999971, -5.062989472999959 ], [ -72.642011231999959, -5.044972472999973 ], [ -72.657373481999969, -5.06362672299997 ], [ -72.670827981999935, -5.047255347999965 ], [ -72.69245185699998, -5.060901097999931 ], [ -72.727648231999979, -5.051992847999941 ], [ -72.73986010699997, -5.088593347999961 ], [ -72.756366856999989, -5.076617347999957 ], [ -72.768024356999945, -5.099224222999965 ], [ -72.784188731999961, -5.093312847999925 ], [ -72.785946981999984, -5.113441972999965 ], [ -72.818311606999941, -5.102775597999937 ], [ -72.815361856999971, -5.139140097999928 ], [ -72.850853106999978, -5.136013472999934 ], [ -72.887569731999974, -5.164011347999974 ], [ -72.879990231999955, -5.186890597999934 ], [ -72.869027231999951, -5.17906297299993 ], [ -72.873270606999938, -5.248893473999942 ], [ -72.862237981999954, -5.247500348999949 ], [ -72.860524606999945, -5.27116684899994 ], [ -72.904161356999964, -5.33380909899995 ], [ -72.890291856999966, -5.350844973999926 ], [ -72.920283231999974, -5.375952598999959 ], [ -72.958884731999945, -5.466128848999972 ], [ -72.949042731999953, -5.479878098999961 ], [ -72.96059373199995, -5.521978098999966 ], [ -72.952857481999956, -5.544867473999943 ], [ -72.938573856999938, -5.541279973999963 ], [ -72.973678356999983, -5.61291072399996 ], [ -72.959115731999987, -5.656891098999949 ], [ -72.985570356999972, -5.661275848999935 ], [ -73.000465232999943, -5.728521848999947 ], [ -73.027531107999948, -5.733411473999979 ], [ -73.01918673299997, -5.74052009899998 ], [ -73.046398732999933, -5.759347973999979 ], [ -73.053029107999976, -5.795169973999975 ], [ -73.079789232999985, -5.801202348999936 ], [ -73.089090232999979, -5.830234598999937 ], [ -73.114216107999937, -5.833184348999964 ], [ -73.11701973299995, -5.864329348999945 ], [ -73.152067982999938, -5.86795959899996 ], [ -73.186949732999949, -5.944716348999975 ], [ -73.186802482999951, -6.005125348999968 ], [ -73.208981232999975, -6.00863759899994 ], [ -73.238212732999955, -6.043992473999936 ], [ -73.227543857999933, -6.043580848999966 ], [ -73.227467607999984, -6.07669784899997 ], [ -73.248192107999955, -6.10802122399997 ], [ -73.246751482999969, -6.14928509899994 ], [ -73.216271857999971, -6.183180973999981 ], [ -73.220285107999985, -6.219577473999948 ], [ -73.160704732999989, -6.276667723999935 ], [ -73.135575982999967, -6.380259224999975 ], [ -73.10472598299998, -6.406663974999958 ], [ -73.121190232999936, -6.431741224999939 ], [ -73.11116760799996, -6.453566724999973 ], [ -73.129741482999975, -6.463579224999933 ], [ -73.134351482999989, -6.508228349999968 ], [ -73.151711107999972, -6.52709034999998 ], [ -73.187966607999954, -6.523016349999978 ], [ -73.17576910799994, -6.535366599999975 ], [ -73.199534107999966, -6.54670509999994 ], [ -73.206692232999956, -6.577112849999935 ], [ -73.219115857999952, -6.563671349999936 ], [ -73.237997232999987, -6.592736599999967 ], [ -73.25071960799994, -6.580997224999976 ], [ -73.296960982999963, -6.597154349999926 ], [ -73.352808857999946, -6.593267474999948 ], [ -73.391149732999963, -6.641928474999929 ], [ -73.536392607999971, -6.683399724999958 ], [ -73.561792232999949, -6.722033099999976 ], [ -73.638259982999955, -6.754149974999962 ], [ -73.666369982999981, -6.805549974999963 ], [ -73.710459982999964, -6.84018997499993 ], [ -73.761549982999952, -6.938669974999925 ], [ -73.743889982999974, -6.964159974999973 ], [ -73.761279982999952, -6.977729974999932 ], [ -73.759969982999962, -7.057569974999979 ], [ -73.799862357999984, -7.117095474999928 ], [ -73.756106107999983, -7.174129974999971 ], [ -73.742459232999977, -7.21949372499995 ], [ -73.716619107999975, -7.227558224999939 ], [ -73.700393607999956, -7.322462349999967 ], [ -73.754639982999947, -7.353785974999937 ], [ -73.761626232999959, -7.336904349999941 ], [ -73.789022857999953, -7.347742349999976 ], [ -73.821096982999961, -7.338617599999964 ], [ -73.853662482999937, -7.354309599999965 ], [ -73.863547857999947, -7.389246975999981 ], [ -73.903865857999961, -7.385697725999933 ], [ -73.92175948299996, -7.361760474999926 ], [ -73.934965732999956, -7.377257975999953 ], [ -73.951172232999966, -7.357483474999981 ], [ -73.909759357999974, -7.472987850999971 ], [ -73.941710607999937, -7.533433725999942 ], [ -73.983033232999958, -7.534361350999973 ], [ -74.036473857999965, -7.481244475999972 ], [ -74.039109482999947, -7.448879475999945 ], [ -74.132936858999983, -7.400802350999925 ], [ -74.141636483999946, -7.377771725999935 ], [ -74.253658983999969, -7.34368247499998 ], [ -74.284036858999968, -7.354202224999938 ], [ -74.34431348399994, -7.344729599999937 ], [ -74.370177983999952, -7.317272099999968 ], [ -74.463520858999971, -7.298596849999967 ], [ -74.472044983999979, -7.275466474999973 ], [ -74.500091233999967, -7.262049474999969 ], [ -74.535522858999968, -7.293768849999935 ], [ -74.579521358999955, -7.409929475999945 ], [ -74.616073858999982, -7.435037600999976 ], [ -74.642902108999976, -7.500086475999979 ], [ -74.643144358999962, -7.562285100999929 ], [ -74.576227108999944, -7.637229850999972 ], [ -74.582083983999951, -7.706013725999981 ], [ -74.558935233999989, -7.747465225999974 ], [ -74.524341483999933, -7.757133850999935 ], [ -74.515609608999966, -7.777825225999948 ], [ -74.569745108999939, -7.815980475999936 ], [ -74.627984233999939, -7.939828100999932 ], [ -74.668440483999973, -7.945642100999976 ], [ -74.727944483999977, -7.981008975999941 ], [ -74.779025983999986, -8.042376350999973 ], [ -74.887928108999972, -8.084199475999981 ], [ -74.982259733999967, -7.968986350999955 ], [ -75.03334960899997, -7.950054725999962 ], [ -75.144109859999958, -7.979091725999979 ], [ -75.149434734999943, -8.001818850999939 ], [ -75.185697359999949, -8.018442600999947 ], [ -75.189321484999937, -8.079044225999951 ], [ -75.235406234999971, -8.150501850999945 ], [ -75.287892234999958, -8.125490725999953 ], [ -75.323525984999947, -8.13930985099995 ], [ -75.345537734999937, -8.129410350999933 ], [ -75.376146984999934, -8.13877710099996 ], [ -75.398131484999965, -8.168468725999958 ], [ -75.439238859999989, -8.174874600999942 ], [ -75.437682859999939, -8.194973475999973 ], [ -75.502877234999971, -8.289411850999954 ], [ -75.493844109999941, -8.328650975999949 ], [ -75.510053660999972, -8.334816901999943 ], [ -75.48267397099994, -8.345476889999929 ], [ -75.477181320999989, -8.386368507999975 ], [ -75.419564568999988, -8.451533548999976 ], [ -75.510835056999952, -8.432044585999961 ], [ -75.572289447999935, -8.444581835999941 ], [ -75.618079609999938, -8.40832285099998 ], [ -75.687319318999982, -8.423294341999963 ], [ -75.716461027999969, -8.486894886999949 ], [ -75.784548898999958, -8.494325821999951 ], [ -75.799222472999986, -8.512155829999926 ], [ -75.778260273999933, -8.546410833999971 ], [ -75.816801342999952, -8.636021220999964 ], [ -75.833668974999966, -8.652161503999935 ], [ -75.891321252999944, -8.660217376999981 ], [ -75.946007201999976, -8.715191382999933 ], [ -75.979759734999959, -8.636001976999978 ], [ -75.965023484999961, -8.579974601999936 ], [ -75.970726609999986, -8.512400351999929 ], [ -75.954531234999934, -8.499486351999963 ], [ -75.967554734999965, -8.459925726999927 ], [ -75.946337211999946, -8.399123335999946 ], [ -75.986004758999968, -8.323651673999962 ], [ -75.927093234999973, -8.306762100999947 ], [ -75.91288585999996, -8.256099975999973 ], [ -75.941164859999958, -8.186183975999938 ], [ -75.934026984999946, -8.134428475999925 ], [ -75.951802984999972, -8.101295225999934 ], [ -75.920988484999953, -8.073119350999946 ], [ -75.844932734999986, -8.059638100999962 ], [ -75.829492859999959, -7.973495850999939 ], [ -75.858793234999951, -7.921125350999944 ], [ -75.927837859999954, -7.957255975999942 ], [ -75.939455609999982, -7.946120100999963 ], [ -75.966979484999968, -7.960359350999965 ], [ -75.993509734999975, -7.953566350999949 ], [ -75.975661484999989, -7.908968100999971 ], [ -76.006039734999945, -7.890586850999966 ], [ -76.00849173499995, -7.856042600999956 ], [ -76.043802984999957, -7.79234360099997 ], [ -76.084435109999959, -7.762560975999975 ], [ -76.086673859999962, -7.729231725999966 ], [ -76.101592609999955, -7.722663975999978 ], [ -76.101332109999987, -7.650456350999946 ], [ -76.082374984999944, -7.631888725999943 ], [ -76.093871484999966, -7.609725975999936 ], [ -76.079718609999986, -7.584335975999977 ], [ -76.091373609999948, -7.560355725999955 ], [ -76.115670984999952, -7.562502725999934 ], [ -76.121910859999957, -7.525992350999957 ], [ -76.167275359999962, -7.493017600999963 ], [ -76.204396859999974, -7.431326850999938 ], [ -76.215408110999988, -7.395333100999949 ], [ -76.195918234999965, -7.334402849999947 ], [ -76.21311136099996, -7.310142599999949 ], [ -76.166661484999963, -7.267596349999963 ], [ -76.14352523499997, -7.203962474999969 ], [ -76.059944984999959, -7.161301224999931 ], [ -76.010717109999973, -7.078379849999976 ], [ -76.008113234999939, -7.002220724999972 ], [ -76.035640109999974, -6.993146474999946 ], [ -76.051844234999976, -6.937871599999937 ], [ -76.01573585999995, -6.913700974999927 ], [ -76.010646734999966, -6.89042134999994 ], [ -76.035003859999961, -6.864986349999981 ], [ -76.05104348499998, -6.810923099999968 ], [ -75.964951109999959, -6.788406599999973 ], [ -75.84387535999997, -6.797261724999942 ], [ -75.813971859999981, -6.825477974999956 ], [ -75.794183359999977, -6.821401599999945 ], [ -75.78053910999995, -6.848412099999962 ], [ -75.724795859999972, -6.850874474999955 ], [ -75.700805609999975, -6.869113974999948 ], [ -75.659671984999989, -6.81933209999994 ], [ -75.642696109999974, -6.815560724999955 ], [ -75.633442234999961, -6.843062349999968 ], [ -75.616888359999962, -6.841188724999938 ], [ -75.50799810999996, -6.780379849999974 ], [ -75.502983484999959, -6.552228724999964 ], [ -75.550094984999987, -6.347707974999935 ], [ -75.490310859999965, -6.26703622399998 ], [ -75.487832109999943, -6.199042973999951 ], [ -75.526777359999983, -6.162134723999941 ], [ -75.532793734999984, -6.095599473999926 ], [ -75.568929611999977, -6.000388600999941 ], [ -75.621070234999934, -6.029380848999949 ], [ -75.636459984999988, -6.088949973999945 ], [ -75.680049984999982, -6.095309973999974 ], [ -75.718829984999957, -6.141229973999941 ], [ -75.770489984999983, -6.147729973999958 ], [ -75.769519984999988, -6.125079973999959 ], [ -75.807099859999937, -6.101769973999978 ], [ -75.851520039999969, -6.101750012999958 ], [ -75.840209707999975, -6.141340118999949 ], [ -75.919148693999944, -6.140577028999928 ], [ -75.958450549999952, -6.098380286999941 ], [ -76.013530039999978, -6.08358001299996 ], [ -76.088482908999936, -6.107566842999972 ], [ -76.145989356999962, -6.146673399999941 ], [ -76.247149377999961, -6.126061411999956 ], [ -76.318296610999937, -6.086094973999934 ], [ -76.315339860999984, -6.054066348999925 ], [ -76.400158053999974, -5.953558717999954 ], [ -76.430181059999938, -6.00276635299997 ], [ -76.480922825999983, -6.013962674999959 ], [ -76.75032386099997, -6.002815473999931 ], [ -76.746728110999982, -5.954027598999971 ], [ -76.820203485999969, -5.859285848999946 ], [ -76.816328735999946, -5.80756622399997 ], [ -76.835451110999941, -5.745555348999972 ], [ -76.892843610999989, -5.747782473999962 ], [ -76.972908235999967, -5.698953098999937 ], [ -76.995605610999974, -5.667119098999933 ], [ -77.126910235999958, -5.650993598999946 ], [ -77.142351860999952, -5.625438598999949 ], [ -77.178672485999982, -5.641424098999948 ], [ -77.202161235999938, -5.634464473999969 ], [ -77.23194136099994, -5.595460973999934 ], [ -77.265800985999988, -5.61396947399993 ], [ -77.279909860999965, -5.601084973999946 ], [ -77.337026236999975, -5.60402634899998 ], [ -77.371820361999937, -5.567105473999959 ], [ -77.404240736999952, -5.574365598999975 ], [ -77.410599611999942, -5.589753848999976 ], [ -77.460831111999937, -5.584693973999947 ], [ -77.472751736999953, -5.554786848999925 ], [ -77.507365236999988, -5.552664098999969 ], [ -77.492271486999982, -5.51970447399998 ], [ -77.558119111999986, -5.425578098999949 ], [ -77.594810111999948, -5.464224223999963 ], [ -77.671869736999952, -5.408771223999963 ], [ -77.697646736999957, -5.40946084899997 ], [ -77.684148236999988, -5.29588122399997 ], [ -77.699090486999978, -5.253975973999957 ], [ -77.739707861999989, -5.21185659799994 ], [ -77.695280987, -5.164740347999953 ], [ -77.774286736999954, -5.09717797299993 ], [ -77.820254736999971, -5.089396222999937 ], [ -77.811931611999967, -5.054714847999946 ], [ -77.825957986999981, -5.035050472999956 ], [ -77.75844548699996, -4.950052722999942 ], [ -77.760151736999944, -4.90934509799996 ], [ -77.799113486999943, -4.824592847999952 ], [ -77.789725236999971, -4.744543847999978 ], [ -77.672571736999942, -4.630480347999935 ], [ -77.652613236999969, -4.574570347999952 ], [ -77.65545698699998, -4.518544972999962 ], [ -77.640630861999966, -4.496515597999974 ], [ -77.589087861999985, -4.48046484799994 ], [ -77.568275361999952, -4.420919972999968 ], [ -77.585550736999949, -4.25133397299993 ], [ -77.548405361999983, -4.105404846999932 ], [ -77.537877361999961, -3.961899471999971 ], [ -77.569018611999979, -3.893073971999968 ], [ -77.561493611999936, -3.876165846999925 ], [ -77.651914111999986, -3.780562346999943 ], [ -77.615622986999938, -3.707718721999925 ], [ -77.61996673699997, -3.622408221999933 ], [ -77.643009611999958, -3.619346346999976 ], [ -77.66667298699997, -3.57187197199994 ], [ -77.716459611999937, -3.542305096999939 ], [ -77.71513123699998, -3.514853596999956 ], [ -77.772543236999979, -3.428809471999955 ], [ -77.787664111999959, -3.074775345999967 ], [ -77.817250986999966, -3.000792095999941 ], [ -77.808615986999939, -2.986125095999967 ], [ -76.631865110999968, -2.589689220999958 ], [ -76.043425734999971, -2.127093470999966 ], [ -75.582670984999936, -1.54746109499996 ], [ -75.557625234999989, -1.559506594999959 ], [ -75.386699734999979, -0.929738593999957 ], [ -75.300060609999946, -0.987148094999952 ], [ -75.274367109999957, -0.969596594999928 ], [ -75.188331484999935, -0.97019959499994 ], [ -75.228910234999944, -0.941493344999969 ], [ -75.222808359999988, -0.87089771899997 ], [ -75.249820109999973, -0.834702593999964 ], [ -75.24078185999997, -0.802435468999931 ], [ -75.263989734999939, -0.787544843999967 ], [ -75.250939734999974, -0.762522093999962 ], [ -75.273439859999939, -0.728943218999973 ], [ -75.248332359999949, -0.696337343999971 ], [ -75.271384109999985, -0.663612718999957 ], [ -75.256469984999967, -0.643499968999947 ], [ -75.231309984999939, -0.646939968999959 ], [ -75.223099984999976, -0.628499968999961 ], [ -75.239929984999947, -0.601049968999973 ], [ -75.227489859999935, -0.550759968999955 ], [ -75.244079984999985, -0.546949843999926 ], [ -75.246923984999967, -0.518913218999955 ], [ -75.267592859999979, -0.53001659399996 ], [ -75.269653484999935, -0.502591218999953 ], [ -75.312757609999949, -0.494241218999946 ], [ -75.324849984999958, -0.453140093999934 ], [ -75.349099984999953, -0.463539968999953 ], [ -75.387849984999946, -0.434119843999952 ], [ -75.473709984999971, -0.296749968999961 ], [ -75.482219984999972, -0.23695996899994 ], [ -75.530769984999949, -0.180899968999938 ], [ -75.610618859999988, -0.192449218999968 ], [ -75.610495984999943, -0.113355468999941 ], [ -75.563609984999971, -0.131199968999965 ], [ -75.51607123499997, -0.114474843999972 ], [ -75.405129359999989, -0.170267593999938 ], [ -75.368213234999985, -0.16323271899995 ], [ -75.364022109999951, -0.146110218999979 ], [ -75.35217210999997, -0.163816218999955 ], [ -75.287948609999944, -0.153963593999947 ], [ -75.225759484999969, -0.086029218999954 ], [ -75.215487984999982, -0.048686468999961 ], [ -75.183596484999953, -0.038605968999946 ] ] ] } },
{ "type": "Feature", "properties": { "CCDD": "17", "DEPARTAMEN": "MADRE DE DIOS" }, "geometry": { "type": "Polygon", "coordinates": [ [ [ -70.613804493999965, -9.873393332999967 ], [ -70.61375385499997, -11.000167978999968 ], [ -70.521669979999956, -10.934209978999945 ], [ -70.451739979999957, -10.996759978999933 ], [ -70.437759979999953, -11.038799978999975 ], [ -70.308429979999971, -11.070589978999976 ], [ -70.241541479999967, -11.047062353999934 ], [ -70.158268104999934, -11.041872228999978 ], [ -70.092849729999955, -10.98711697899995 ], [ -70.064587104999987, -10.993875353999954 ], [ -69.93330085499997, -10.922221728999943 ], [ -69.920678104999979, -10.933814978999976 ], [ -69.901221729999975, -10.920561103999944 ], [ -69.858271979999984, -10.934337353999979 ], [ -69.769537729999968, -10.929936978999933 ], [ -69.737640853999949, -10.974966603999974 ], [ -69.576987103999954, -10.941247103999956 ], [ -69.103447228999983, -11.68134772999997 ], [ -68.652279102999955, -12.502740354999958 ], [ -68.655519977999973, -12.53459335499997 ], [ -68.681377352999959, -12.52535697999997 ], [ -68.674478977999968, -12.552973604999977 ], [ -68.691481352999972, -12.557262229999935 ], [ -68.693863478999958, -12.586605729999974 ], [ -68.701415978999933, -12.579107354999962 ], [ -68.740585603999932, -12.632759479999947 ], [ -68.733807728999977, -12.667383729999926 ], [ -68.719547353999985, -12.661224729999958 ], [ -68.728301603999967, -12.671318354999926 ], [ -68.711928228999966, -12.680111604999979 ], [ -68.742370603999973, -12.707991854999932 ], [ -68.727907478999953, -12.713389104999976 ], [ -68.803952978999973, -12.756566480999936 ], [ -68.818015228999968, -12.790763230999971 ], [ -68.807631103999938, -12.808618230999969 ], [ -68.824350978999973, -12.804832105999935 ], [ -68.839372853999976, -12.823896605999948 ], [ -68.834798853999985, -12.857838855999944 ], [ -68.870543853999948, -12.870093355999927 ], [ -68.874872728999947, -12.919232480999938 ], [ -68.861308978999944, -12.926630855999974 ], [ -68.876630478999971, -12.928677230999938 ], [ -68.860211853999942, -12.947767605999957 ], [ -68.879214978999983, -12.941758105999952 ], [ -68.875989853999954, -12.978023980999978 ], [ -68.862323353999955, -12.981272355999977 ], [ -68.876801978999936, -12.98718910599996 ], [ -68.871873228999959, -13.003925855999967 ], [ -69.649859978999984, -13.341719980999926 ], [ -70.402868104999982, -13.114412855999944 ], [ -70.41769510499995, -13.133089980999955 ], [ -70.389662104999957, -13.131538355999965 ], [ -70.401227104999975, -13.153229980999981 ], [ -70.385576854999954, -13.167038980999962 ], [ -70.388469979999968, -13.192389980999963 ], [ -70.464247729999954, -13.15969060599997 ], [ -70.54942522999994, -13.15317098099996 ], [ -70.59949185499994, -13.099146230999963 ], [ -70.660325229999955, -13.08833273099998 ], [ -70.685208729999943, -13.106781230999957 ], [ -70.762868229999981, -13.107733480999968 ], [ -70.829543729999955, -13.067001230999949 ], [ -70.863110355999936, -13.080324355999949 ], [ -70.899266230999956, -13.069684855999981 ], [ -70.887291105999964, -13.103364480999971 ], [ -70.921392855999954, -13.110830980999935 ], [ -70.942190230999984, -13.156498855999928 ], [ -70.977236230999949, -13.169682980999937 ], [ -71.010449355999981, -13.26225485599997 ], [ -71.032036480999977, -13.271045855999944 ], [ -71.131536605999941, -13.220017105999943 ], [ -71.173798855999962, -13.055007855999975 ], [ -71.166529730999969, -13.017670230999954 ], [ -71.179395105999959, -12.998342230999981 ], [ -71.162063105999948, -12.966768480999974 ], [ -71.271009980999963, -12.962489980999976 ], [ -71.358988730999954, -12.880754230999969 ], [ -71.375058355999954, -12.900546105999979 ], [ -71.396842855999978, -12.882633105999957 ], [ -71.416367230999981, -12.894062480999935 ], [ -71.448872230999939, -12.863340605999952 ], [ -71.446482855999989, -12.827215980999938 ], [ -71.513135730999977, -12.744386730999963 ], [ -71.546591355999965, -12.735416479999969 ], [ -71.552700980999987, -12.708705104999979 ], [ -71.638959980999971, -12.709439979999956 ], [ -71.694969980999986, -12.738789979999979 ], [ -71.708089980999944, -12.772919980999973 ], [ -71.747559980999938, -12.79615998099996 ], [ -71.764659980999966, -12.767459980999945 ], [ -71.799509980999972, -12.765559980999967 ], [ -71.812239980999948, -12.743859980999957 ], [ -71.900351605999958, -12.733355479999943 ], [ -71.917782106999937, -12.698914479999928 ], [ -71.978595481999946, -12.68333135499995 ], [ -71.956132356999944, -12.654458229999932 ], [ -71.965305481999962, -12.614533104999964 ], [ -71.984212981999974, -12.608166604999951 ], [ -71.981396106999966, -12.58049047999998 ], [ -72.028831981999986, -12.526371729999937 ], [ -72.07896160699994, -12.498627229999954 ], [ -72.060557606999964, -12.438361479999969 ], [ -71.976646856999935, -12.399453729999948 ], [ -71.96717898199995, -12.347641979999935 ], [ -71.945890356999939, -12.330223604999958 ], [ -72.028935731999979, -12.287234354999953 ], [ -72.043358856999987, -12.254884354999945 ], [ -72.105611356999987, -12.238792979999971 ], [ -72.087558606999949, -12.142690354999957 ], [ -72.094446606999952, -12.085190979999936 ], [ -72.173732981999933, -12.059810354999968 ], [ -72.268932856999982, -12.054375354999934 ], [ -72.259164606999946, -12.005723479999972 ], [ -72.281544481999958, -11.995797229999937 ], [ -72.286221731999944, -11.975316354999961 ], [ -72.34048973199998, -11.965767729999982 ], [ -72.34751423199998, -11.891267479999954 ], [ -72.331839731999935, -11.85608622999996 ], [ -72.390756856999985, -11.827556854999955 ], [ -72.370767981999961, -11.784967354999935 ], [ -72.42332685699995, -11.737818354999945 ], [ -72.428738731999943, -11.708971854999959 ], [ -72.375642356999947, -11.633173728999964 ], [ -72.355623106999985, -11.635025353999936 ], [ -72.307894481999938, -11.587537103999978 ], [ -72.292550731999938, -11.433273103999966 ], [ -72.247894481999936, -11.385005853999928 ], [ -72.239258356999983, -11.345060979999971 ], [ -72.204623356999946, -11.347432728999934 ], [ -72.218884682999942, -11.296860688999971 ], [ -72.186523480999938, -11.184888728999965 ], [ -72.206780764999962, -11.172294632999979 ], [ -72.120468731999949, -11.11949022899995 ], [ -72.148150845999965, -11.087776177999956 ], [ -72.183299461999979, -11.092591849999963 ], [ -72.193061295999939, -11.049676616999932 ], [ -72.174431606999974, -11.032357478999927 ], [ -72.185254032999978, -11.008834820999937 ], [ -72.127930210999978, -10.979842446999953 ], [ -72.125034589999984, -10.99562352099997 ], [ -72.054413106999959, -11.011073603999932 ], [ -72.01083257099998, -10.987746869999967 ], [ -71.938376580999943, -11.003895174999968 ], [ -71.847008488999961, -10.995678519999956 ], [ -71.828462500999933, -11.011867835999965 ], [ -71.780228480999938, -10.987814478999951 ], [ -71.729282855999941, -10.98367572899997 ], [ -71.716002605999961, -10.997850227999947 ], [ -71.701693981999938, -10.97383860399998 ], [ -71.661719105999964, -10.983183852999957 ], [ -71.531977105999943, -10.952138478999927 ], [ -71.508132480999961, -10.966092228999969 ], [ -71.355218105999938, -10.950616728999933 ], [ -71.308336980999968, -10.877813853999953 ], [ -71.272727011999962, -10.852818727999932 ], [ -71.258723324999949, -10.784934501999942 ], [ -71.221563772999957, -10.776698440999951 ], [ -71.215536826999937, -10.714948481999954 ], [ -71.231312652999975, -10.685238530999982 ], [ -71.206290980999938, -10.652160103999961 ], [ -71.220802730999935, -10.636734352999952 ], [ -71.196212855999988, -10.579861352999956 ], [ -71.165293105999979, -10.569643852999945 ], [ -71.164570855999955, -10.531261477999976 ], [ -71.146800146999965, -10.530984022999974 ], [ -71.128514354999936, -10.504735852999943 ], [ -71.024533480999935, -10.478200102999949 ], [ -71.004972459999976, -10.430818518999956 ], [ -70.958414801999936, -10.389576781999949 ], [ -70.968012005999981, -10.335551371999941 ], [ -70.889458820999948, -10.33513861299997 ], [ -70.873992584999939, -10.300695979999944 ], [ -70.880833274999986, -10.261970186999974 ], [ -70.803201333999937, -10.25115440899998 ], [ -70.706443355999966, -10.161357477999957 ], [ -70.698173854999936, -10.11803122799995 ], [ -70.649899781999977, -10.07947457399996 ], [ -70.652058551999971, -10.040059991999954 ], [ -70.672318354999959, -10.023134727999945 ], [ -70.656892854999967, -9.999729477999949 ], [ -70.667627480999954, -9.970693102999974 ], [ -70.648521479999943, -9.951576227999965 ], [ -70.639539324999987, -9.884375986999942 ], [ -70.613804493999965, -9.873393332999967 ] ] ] } },
{ "type": "Feature", "properties": { "CCDD": "18", "DEPARTAMEN": "MOQUEGUA" }, "geometry": { "type": "Polygon", "coordinates": [ [ [ -70.820198104999974, -15.978467983999963 ], [ -70.775969979999957, -16.013399983999932 ], [ -70.722109979999971, -16.034189983999966 ], [ -70.640819979999947, -15.987639983999941 ], [ -70.62476997999994, -16.003019983999934 ], [ -70.562889979999966, -15.982499983999958 ], [ -70.507324229999938, -16.038144483999929 ], [ -70.465778979999982, -16.050369108999973 ], [ -70.44112135499995, -16.035814233999929 ], [ -70.403228729999967, -16.087231358999929 ], [ -70.401942104999932, -16.149029733999953 ], [ -70.362279354999941, -16.206498608999937 ], [ -70.334596604999945, -16.201568108999936 ], [ -70.324033229999941, -16.217872233999969 ], [ -70.345134854999969, -16.25610198399994 ], [ -70.345610729999976, -16.348139483999944 ], [ -70.382256979999966, -16.385923733999959 ], [ -70.356553729999973, -16.400270608999961 ], [ -70.360887604999959, -16.410831358999928 ], [ -70.325051729999984, -16.417524983999954 ], [ -70.301169979999941, -16.478671858999974 ], [ -70.184777979999978, -16.53760860899996 ], [ -70.165705979999984, -16.613324108999961 ], [ -70.087845104999985, -16.655232233999982 ], [ -70.048611604999962, -16.627707983999926 ], [ -70.013235979999934, -16.640342983999972 ], [ -69.995302354999978, -16.72858948399994 ], [ -70.035541979999948, -16.742889733999959 ], [ -70.057816354999943, -16.787812483999971 ], [ -70.090313854999977, -16.810854733999975 ], [ -70.09427885499997, -16.890924858999938 ], [ -70.116349729999968, -16.922163483999952 ], [ -70.146624979999956, -16.938730483999962 ], [ -70.14837222999995, -16.921869733999927 ], [ -70.173689354999965, -16.912232358999972 ], [ -70.227033354999946, -16.959355358999971 ], [ -70.252453229999958, -16.944712483999979 ], [ -70.259066354999959, -16.90203323399993 ], [ -70.241210729999978, -16.856918108999935 ], [ -70.184067229999982, -16.834687483999971 ], [ -70.182559604999938, -16.816506858999958 ], [ -70.247300479999979, -16.80246485899994 ], [ -70.266574979999973, -16.770833483999979 ], [ -70.311294979999957, -16.773300733999974 ], [ -70.440689354999961, -16.840046858999926 ], [ -70.441574229999958, -16.892404358999954 ], [ -70.465016854999988, -16.944434108999928 ], [ -70.443199229999948, -16.964277358999936 ], [ -70.463158479999947, -17.004367483999943 ], [ -70.439201229999981, -17.050363234999963 ], [ -70.448739354999987, -17.080669109999974 ], [ -70.491313604999959, -17.090208484999948 ], [ -70.555050479999977, -17.197663234999936 ], [ -70.68409072999998, -17.224264734999963 ], [ -70.71591710499996, -17.273652109999944 ], [ -70.705652229999941, -17.291179734999957 ], [ -70.746702854999967, -17.351353609999933 ], [ -70.752404104999982, -17.380573359999971 ], [ -70.736719979999975, -17.408279984999979 ], [ -70.879959980999956, -17.555669984999952 ], [ -70.912499980999939, -17.687369984999975 ], [ -70.99299623099995, -17.679119109999931 ], [ -71.017113230999939, -17.709210859999928 ], [ -71.082191355999953, -17.716683609999961 ], [ -71.142038577999983, -17.821357359999979 ], [ -71.184884202999967, -17.781206859999941 ], [ -71.349188953999942, -17.693449234999946 ], [ -71.38144282899998, -17.707173859999955 ], [ -71.3415, -17.636894535999943 ], [ -71.36554685599998, -17.545363234999968 ], [ -71.362953105999964, -17.488785109999981 ], [ -71.394355480999934, -17.389412109999967 ], [ -71.432790980999982, -17.366648484999928 ], [ -71.444714730999976, -17.332236359999968 ], [ -71.476884730999984, -17.322810484999934 ], [ -71.472537105999947, -17.297158234999927 ], [ -71.490796855999974, -17.285007109999981 ], [ -71.465549980999981, -17.25450273499996 ], [ -71.423515355999939, -17.236616109999943 ], [ -71.302246105999984, -17.093851109999946 ], [ -71.339424105999967, -17.021758983999973 ], [ -71.385787980999964, -17.020501983999964 ], [ -71.404571480999948, -16.956764233999934 ], [ -71.464019730999951, -16.956464733999951 ], [ -71.459849980999934, -16.937359983999954 ], [ -71.424062355999979, -16.919297608999955 ], [ -71.443711105999967, -16.804678358999979 ], [ -71.422927855999944, -16.737897858999929 ], [ -71.364448605999939, -16.720344483999952 ], [ -71.327171355999951, -16.752445233999936 ], [ -71.289092980999953, -16.726457608999965 ], [ -71.279151855999942, -16.615821858999936 ], [ -71.260406480999961, -16.605201733999934 ], [ -71.237495480999939, -16.514591233999965 ], [ -71.242103605999944, -16.463064233999944 ], [ -71.139518730999953, -16.474973733999946 ], [ -71.124725355999942, -16.461072983999941 ], [ -71.04719548099996, -16.454402983999955 ], [ -71.03725785599994, -16.485685608999972 ], [ -71.012565605999953, -16.498578983999948 ], [ -70.956085230999975, -16.472520858999928 ], [ -70.98628998099997, -16.309949983999957 ], [ -70.943611105999935, -16.314405483999963 ], [ -70.915786730999969, -16.28240010899998 ], [ -70.88080598099998, -16.284543983999981 ], [ -70.844474730999934, -16.235877983999956 ], [ -70.866958605999969, -16.224584608999976 ], [ -70.853889480999953, -16.196687733999966 ], [ -70.878593480999939, -16.166616483999974 ], [ -70.867111230999967, -16.128484733999926 ], [ -70.895706105999977, -16.106281233999937 ], [ -70.856735230999959, -16.05633735899994 ], [ -70.804511979999972, -16.055133983999951 ], [ -70.829101604999948, -15.995490108999945 ], [ -70.820198104999974, -15.978467983999963 ] ] ] } },
{ "type": "Feature", "properties": { "CCDD": "19", "DEPARTAMEN": "PASCO" }, "geometry": { "type": "Polygon", "coordinates": [ [ [ -74.680047608999985, -9.447271976999957 ], [ -74.581092483999953, -9.476601726999945 ], [ -74.593494358999976, -9.507361851999974 ], [ -74.574849983999968, -9.572717602999944 ], [ -74.49382935899996, -9.592224852999948 ], [ -74.490140358999952, -9.68519572799994 ], [ -74.447240233999935, -9.777149852999969 ], [ -74.453300858999967, -9.863636227999962 ], [ -74.410988858999985, -9.914670227999977 ], [ -74.418828108999946, -10.025749977999965 ], [ -74.389898983999956, -10.051349477999963 ], [ -74.366966733999959, -10.112896477999982 ], [ -74.315018983999948, -10.11315622799998 ], [ -74.302873233999946, -10.164837727999952 ], [ -74.230606733999934, -10.186316602999966 ], [ -74.227157733999945, -10.277329727999927 ], [ -74.252194983999971, -10.305131102999951 ], [ -74.23691410899994, -10.321605727999952 ], [ -74.262742358999958, -10.36366110299997 ], [ -74.242004608999935, -10.383165102999953 ], [ -74.25288360899998, -10.417136727999946 ], [ -74.178719358999956, -10.488645352999981 ], [ -74.132673483999952, -10.604910853999968 ], [ -74.135515608999981, -10.671477353999933 ], [ -74.159855733999962, -10.64059135399998 ], [ -74.229664983999953, -10.634598353999934 ], [ -74.227578108999978, -10.651839853999945 ], [ -74.252809358999968, -10.659479978999968 ], [ -74.258920483999987, -10.680431978999934 ], [ -74.286881108999978, -10.670412103999979 ], [ -74.350299108999934, -10.754733853999937 ], [ -74.383899858999939, -10.747480478999933 ], [ -74.374396483999988, -10.788568353999949 ], [ -74.386764858999982, -10.813115853999932 ], [ -74.431056358999967, -10.812957228999949 ], [ -74.482675608999955, -10.835391228999981 ], [ -74.487083108999968, -10.889033478999977 ], [ -74.547996108999939, -10.890996603999952 ], [ -74.571067858999982, -10.915840728999967 ], [ -74.614102483999943, -10.904625478999947 ], [ -74.642612233999955, -10.867962228999943 ], [ -74.69084560899995, -10.886795353999958 ], [ -74.733168983999974, -10.833917978999978 ], [ -74.794826858999954, -10.829872353999974 ], [ -74.878570983999964, -10.700463228999979 ], [ -74.887539358999959, -10.710735978999935 ], [ -74.865936233999946, -10.758972103999952 ], [ -74.885238733999984, -10.770597603999931 ], [ -74.956481608999979, -10.732823728999961 ], [ -74.982817608999937, -10.74978710399995 ], [ -75.006489608999971, -10.718802228999948 ], [ -75.011729483999943, -10.679525603999934 ], [ -75.035639233999973, -10.682317728999976 ], [ -75.06507285899994, -10.65289447899994 ], [ -75.109639858999969, -10.723993353999958 ], [ -75.157079984999939, -10.761980478999931 ], [ -75.176645859999951, -10.74990172899993 ], [ -75.189948984999944, -10.780401978999976 ], [ -75.204183984999986, -10.764676228999974 ], [ -75.243900359999941, -10.763880853999979 ], [ -75.247958984999968, -10.803101478999963 ], [ -75.28452923499998, -10.841650353999967 ], [ -75.347890609999979, -10.800290978999953 ], [ -75.362737734999939, -10.850112478999961 ], [ -75.385727359999976, -10.86493685399995 ], [ -75.396292234999976, -10.853229853999949 ], [ -75.410721984999952, -10.861700603999964 ], [ -75.390759859999946, -10.832259853999972 ], [ -75.394810484999937, -10.759140603999981 ], [ -75.460788984999965, -10.749771478999946 ], [ -75.477890609999974, -10.780960853999943 ], [ -75.490249984999934, -10.756829978999974 ], [ -75.556919859999937, -10.744070228999931 ], [ -75.567770984999981, -10.727119978999951 ], [ -75.584095859999934, -10.801567103999957 ], [ -75.606621734999976, -10.823115978999965 ], [ -75.678548734999936, -10.840179603999957 ], [ -75.693252609999945, -10.817219353999974 ], [ -75.732806859999982, -10.809264478999978 ], [ -75.758570234999979, -10.830089853999937 ], [ -75.789140609999947, -10.82527147899998 ], [ -75.836967984999944, -10.886036728999954 ], [ -75.876069984999958, -10.867495228999928 ], [ -75.935923859999946, -10.889722603999928 ], [ -75.937146484999971, -10.871507853999958 ], [ -75.994760984999971, -10.820957353999972 ], [ -76.045509984999967, -10.880739978999941 ], [ -76.082139984999969, -10.895139978999964 ], [ -76.122929984999985, -10.962639853999974 ], [ -76.146238234999942, -10.945814478999978 ], [ -76.190904234999948, -10.960310478999929 ], [ -76.209796860999973, -10.918966728999976 ], [ -76.281697235999957, -10.913917978999962 ], [ -76.259667860999969, -11.027401853999947 ], [ -76.239570360999949, -11.049199103999968 ], [ -76.25014998599994, -11.105199978999963 ], [ -76.214629985999977, -11.150310103999971 ], [ -76.227159985999947, -11.155769978999956 ], [ -76.307900360999952, -11.132664103999957 ], [ -76.318070235999983, -11.091642603999958 ], [ -76.335509735999949, -11.082533228999978 ], [ -76.350958985999966, -11.09419335399997 ], [ -76.389496110999971, -11.070988228999965 ], [ -76.446806610999943, -11.071247353999979 ], [ -76.493523485999958, -11.088599603999967 ], [ -76.532990235999989, -11.03412697899995 ], [ -76.578945985999951, -11.014776978999976 ], [ -76.581603485999949, -10.984984353999948 ], [ -76.56502123599995, -10.963932228999965 ], [ -76.583877610999934, -10.853608728999973 ], [ -76.633486485999981, -10.78452847899996 ], [ -76.627848860999961, -10.765960478999943 ], [ -76.670953860999987, -10.67781397899995 ], [ -76.655655360999958, -10.646781853999926 ], [ -76.685862307999969, -10.581457149999949 ], [ -76.703719700999955, -10.588593548999938 ], [ -76.730240610999942, -10.508402602999979 ], [ -76.729150717999971, -10.479066057999944 ], [ -76.69681998599998, -10.442486352999936 ], [ -76.593358985999942, -10.401493977999962 ], [ -76.578103110999962, -10.375503852999941 ], [ -76.558243735999952, -10.393429727999944 ], [ -76.490941110999984, -10.378896477999945 ], [ -76.472804360999987, -10.337767602999975 ], [ -76.493976110999938, -10.310531227999945 ], [ -76.42493998599997, -10.319219977999978 ], [ -76.387219985999934, -10.289289977999942 ], [ -76.364499985999942, -10.299469977999934 ], [ -76.342079985999987, -10.285839977999956 ], [ -76.32575998599998, -10.305529977999981 ], [ -76.305517110999972, -10.412544727999943 ], [ -76.285287485999959, -10.416419977999965 ], [ -76.269476860999987, -10.368988227999978 ], [ -76.226329985999939, -10.396929977999946 ], [ -76.230888610999955, -10.371790977999979 ], [ -76.205396484999937, -10.376562477999926 ], [ -76.20716998499995, -10.388709977999952 ], [ -76.166685484999959, -10.413556477999975 ], [ -76.142552734999981, -10.408593727999971 ], [ -76.129630859999963, -10.430800727999952 ], [ -76.078268734999938, -10.434153727999956 ], [ -76.057640609999964, -10.465152352999951 ], [ -76.012208984999972, -10.454611352999962 ], [ -76.003113234999944, -10.488806602999944 ], [ -75.976735859999962, -10.47990310299997 ], [ -75.925048734999962, -10.40656047799996 ], [ -75.924939359999939, -10.356720602999928 ], [ -75.856400359999952, -10.301710852999975 ], [ -75.839679609999962, -10.257390602999976 ], [ -75.812708984999972, -10.244089852999934 ], [ -75.78476948499997, -10.252160102999937 ], [ -75.709429609999972, -10.215070227999945 ], [ -75.676468734999958, -10.05427535299998 ], [ -75.645179609999957, -10.026927727999976 ], [ -75.602079484999933, -10.02477485299994 ], [ -75.596433359999935, -9.95370810299994 ], [ -75.560382359999949, -9.964135727999974 ], [ -75.548378609999986, -9.984414977999961 ], [ -75.467775984999946, -9.989058977999946 ], [ -75.449551734999943, -9.941551602999937 ], [ -75.404783609999981, -9.930212102999974 ], [ -75.395547234999981, -9.912776852999968 ], [ -75.411181609999971, -9.888426102999972 ], [ -75.399595859999977, -9.878455602999964 ], [ -75.282407984999963, -9.864731352999968 ], [ -75.279218984999943, -9.838239727999962 ], [ -75.310638609999955, -9.774671852999973 ], [ -75.254650359999971, -9.779002227999968 ], [ -75.160124984999982, -9.839974602999973 ], [ -75.094467858999963, -9.844477727999958 ], [ -75.057789233999983, -9.818918602999929 ], [ -74.993615983999973, -9.839797227999952 ], [ -74.985552858999938, -9.864063727999962 ], [ -74.882351483999969, -9.819738102999963 ], [ -74.835002608999957, -9.847105977999945 ], [ -74.836238983999976, -9.820048352999947 ], [ -74.815599608999946, -9.795428352999977 ], [ -74.847071358999983, -9.780477477999966 ], [ -74.843798858999946, -9.749148477999938 ], [ -74.816843608999989, -9.736433602999966 ], [ -74.821882733999985, -9.677188102999935 ], [ -74.787477983999963, -9.66576972799993 ], [ -74.764814858999955, -9.635716102999936 ], [ -74.772485733999986, -9.612379102999967 ], [ -74.735593733999963, -9.574445227999945 ], [ -74.750522858999943, -9.524607102999937 ], [ -74.728820733999953, -9.472412101999964 ], [ -74.680047608999985, -9.447271976999957 ] ] ] } },
{ "type": "Feature", "properties": { "CCDD": "20", "DEPARTAMEN": "PIURA" }, "geometry": { "type": "Polygon", "coordinates": [ [ [ -81.026208989999986, -4.105939471999932 ], [ -80.971322239999949, -4.127117221999981 ], [ -80.967093739999939, -4.172763722999946 ], [ -80.923675739999965, -4.169480472999965 ], [ -80.882822239999939, -4.192800722999948 ], [ -80.735139989999936, -4.17802997299998 ], [ -80.622689989999969, -4.231889972999966 ], [ -80.589819989999967, -4.214119972999981 ], [ -80.522769489999973, -4.104857471999935 ], [ -80.487331988999983, -4.083128846999955 ], [ -80.466962738999939, -4.127859346999969 ], [ -80.44700998899998, -4.121149971999955 ], [ -80.449312488999965, -4.209335972999952 ], [ -80.431138613999963, -4.196064472999979 ], [ -80.409277363999934, -4.218535097999961 ], [ -80.367781238999953, -4.19743159799998 ], [ -80.352679738999939, -4.220701222999935 ], [ -80.309996113999944, -4.20381834799997 ], [ -80.453310488999989, -4.383435597999949 ], [ -80.449134738999987, -4.447611222999967 ], [ -80.390339863999941, -4.485980472999927 ], [ -80.291986363999968, -4.437230472999943 ], [ -80.277083988999948, -4.404099597999959 ], [ -80.26205473899995, -4.410433597999941 ], [ -80.231761863999964, -4.372810472999959 ], [ -80.220482363999963, -4.378121097999951 ], [ -80.218289113999958, -4.353466847999925 ], [ -80.196371113999987, -4.350574222999967 ], [ -80.205478488999972, -4.338671847999933 ], [ -80.186855488999981, -4.335113222999951 ], [ -80.179164113999946, -4.297507847999952 ], [ -80.164785113999983, -4.289902347999941 ], [ -80.155414113999939, -4.304339847999927 ], [ -80.136279238999975, -4.285164097999939 ], [ -80.134960988999978, -4.296283222999932 ], [ -80.104240238999978, -4.290956972999936 ], [ -80.061476488999972, -4.310220722999929 ], [ -80.034499988999983, -4.348746097999936 ], [ -79.962978488999966, -4.394484222999949 ], [ -79.919279988999961, -4.38542997299993 ], [ -79.870644488999972, -4.413310597999953 ], [ -79.813017613999989, -4.491101597999943 ], [ -79.706433238999978, -4.471572097999967 ], [ -79.644614738999962, -4.433762472999945 ], [ -79.600261613999976, -4.456486347999942 ], [ -79.580824488999951, -4.499196722999955 ], [ -79.542984738999962, -4.527142097999956 ], [ -79.512288488999957, -4.517466597999942 ], [ -79.490113988999951, -4.527962972999944 ], [ -79.476593863999938, -4.569981847999941 ], [ -79.494152613999972, -4.581784847999927 ], [ -79.488708863999989, -4.625314972999945 ], [ -79.464140988999986, -4.65213147299994 ], [ -79.457427863999953, -4.702521597999976 ], [ -79.393545384999982, -4.836168839999971 ], [ -79.368136667999977, -4.83532738699995 ], [ -79.352397167999982, -4.880268261999959 ], [ -79.307020167999951, -4.898383136999939 ], [ -79.265818542999966, -4.967445636999969 ], [ -79.210040167999978, -4.965854386999979 ], [ -79.226248042999941, -5.047857386999965 ], [ -79.273008112999946, -5.058521722999956 ], [ -79.296026112999982, -5.111980222999932 ], [ -79.330351237999935, -5.124428472999966 ], [ -79.341857362999974, -5.163999972999932 ], [ -79.378408112999978, -5.18997847299994 ], [ -79.348189487999946, -5.233660098999962 ], [ -79.359048862999941, -5.288626973999953 ], [ -79.328072237999947, -5.31591409899994 ], [ -79.326052737999987, -5.348037098999953 ], [ -79.307857362999982, -5.365277348999939 ], [ -79.275960862999966, -5.519740223999975 ], [ -79.398622987999943, -5.53348047399993 ], [ -79.371120987999973, -5.602563723999936 ], [ -79.399259737999955, -5.702542973999925 ], [ -79.399245612999948, -5.771214723999947 ], [ -79.335437487999968, -5.893968723999933 ], [ -79.361890612999957, -5.932759723999936 ], [ -79.418609362999973, -5.97009959899998 ], [ -79.498499988999981, -5.915140598999926 ], [ -79.601319989, -5.939539973999956 ], [ -79.637409988999934, -5.859419973999934 ], [ -79.622583988999963, -5.797572223999964 ], [ -79.682709988999989, -5.846449973999938 ], [ -79.736876988999938, -5.838197223999941 ], [ -79.739316364, -5.799587848999977 ], [ -79.716622988999973, -5.741556598999978 ], [ -79.766416363999951, -5.708252473999949 ], [ -79.744449113999963, -5.677113223999925 ], [ -79.790259738999964, -5.645726598999943 ], [ -79.819009613999981, -5.664822223999977 ], [ -79.864419863999956, -5.563419973999942 ], [ -79.853996113999983, -5.530744098999946 ], [ -79.898351738999963, -5.48038672399997 ], [ -79.945872988999952, -5.514996098999973 ], [ -79.960523488999968, -5.581623098999955 ], [ -80.001003863999983, -5.585341848999974 ], [ -80.052836945999957, -5.563572662999945 ], [ -80.069958920999966, -5.646170672999972 ], [ -80.061066738999955, -5.684399608999968 ], [ -80.095170551999956, -5.702607987999954 ], [ -80.102934662999985, -5.761498075999953 ], [ -80.092368939999972, -5.79509126499994 ], [ -80.05779298899995, -5.81880659899997 ], [ -80.120101613999964, -5.872218723999936 ], [ -80.123847613999942, -5.891310598999951 ], [ -80.19617773899995, -5.89208784899995 ], [ -80.334712863999982, -5.95390434899997 ], [ -80.627132864999965, -6.372080099999948 ], [ -80.783804739999937, -6.298964848999958 ], [ -80.894539114999986, -6.203345723999973 ], [ -81.106556614999988, -6.068158223999944 ], [ -81.149539114999982, -5.97944922399995 ], [ -81.14942573999997, -5.889591848999942 ], [ -81.12374798999997, -5.843361348999963 ], [ -81.100124989999983, -5.841078098999958 ], [ -81.070734364999964, -5.785835973999951 ], [ -81.004201114999944, -5.835867223999969 ], [ -80.944624989999966, -5.845941348999929 ], [ -80.910789114999943, -5.829156223999973 ], [ -80.859816364999972, -5.745478473999981 ], [ -80.852195364999943, -5.63731622399996 ], [ -80.897583989999987, -5.511453098999937 ], [ -80.938497989999973, -5.44648634899994 ], [ -81.052980489999982, -5.330990223999947 ], [ -81.085181614999954, -5.309955098999978 ], [ -81.107771489999948, -5.315242223999974 ], [ -81.138121115, -5.263617223999972 ], [ -81.192785114999936, -5.216951222999967 ], [ -81.167361364999977, -5.167121097999939 ], [ -81.179615239999976, -5.132939472999965 ], [ -81.160466739999947, -5.123408222999956 ], [ -81.168197239999984, -5.081511722999949 ], [ -81.132386739999959, -5.069705097999929 ], [ -81.088449239999989, -5.080605472999935 ], [ -81.062005864999946, -5.04928122299998 ], [ -81.062408239999968, -5.02062309799993 ], [ -81.086505989999978, -4.967062472999942 ], [ -81.328117239999983, -4.671017597999935 ], [ -81.308855489999985, -4.660453097999948 ], [ -81.274404364999953, -4.57112309799993 ], [ -81.305027364999944, -4.479767597999967 ], [ -81.252833989999942, -4.395617222999931 ], [ -81.253029239999989, -4.274181597999927 ], [ -81.041910548999965, -4.082921766999959 ], [ -81.026208989999986, -4.105939471999932 ] ] ] } },
{ "type": "Feature", "properties": { "CCDD": "21", "DEPARTAMEN": "PUNO" }, "geometry": { "type": "MultiPolygon", "coordinates": [ [ [ [ -68.814216853999937, -16.347986358999947 ], [ -68.918388728999957, -16.403720733999933 ], [ -68.918399103999946, -16.233295358999953 ], [ -68.814216853999937, -16.319773483999938 ], [ -68.814216853999937, -16.347986358999947 ] ] ], [ [ [ -68.867636603999983, -13.010748605999936 ], [ -68.853175603999944, -13.01590048099996 ], [ -68.866781228999969, -13.030878605999931 ], [ -68.850112353999975, -13.047985105999942 ], [ -68.863001853999947, -13.047428105999927 ], [ -68.859242478999988, -13.11328810599997 ], [ -68.873106603999986, -13.113089230999947 ], [ -68.878019728999959, -13.136202855999954 ], [ -68.858088728999974, -13.150524605999976 ], [ -68.870858978999934, -13.168028980999964 ], [ -68.856795853999984, -13.169958480999981 ], [ -68.861132103999978, -13.183484480999937 ], [ -68.87213197899996, -13.181356105999953 ], [ -68.845287478999978, -13.246693105999952 ], [ -68.859515853999937, -13.255960105999975 ], [ -68.849018853999951, -13.269614480999962 ], [ -68.861914603999935, -13.271275230999947 ], [ -68.859406228999944, -13.312287105999928 ], [ -68.878787853999938, -13.329377980999936 ], [ -68.868796853999982, -13.359242230999939 ], [ -68.89167772899998, -13.383185605999927 ], [ -68.889486353999985, -13.435396480999941 ], [ -68.898796853999954, -13.446712855999976 ], [ -68.905998103999934, -13.437068230999955 ], [ -68.896076228999959, -13.461259730999927 ], [ -68.90599022899994, -13.456671855999957 ], [ -68.916757728999983, -13.484271105999937 ], [ -68.919337853999934, -13.525328105999961 ], [ -68.940827103999936, -13.52228185599995 ], [ -68.952472603999979, -13.604400355999928 ], [ -69.005044978999933, -13.624119105999966 ], [ -68.990203103999988, -13.634894480999947 ], [ -68.995789103999982, -13.652390605999926 ], [ -69.046845728999983, -13.644996105999951 ], [ -69.067242228999987, -13.686751980999929 ], [ -69.025947228999939, -13.739292980999949 ], [ -68.97445997899996, -13.760589980999953 ], [ -68.994230103999939, -13.787512355999979 ], [ -68.917235603999984, -13.814172355999972 ], [ -68.950964978999934, -13.878670356999976 ], [ -68.982527603999984, -13.894712356999946 ], [ -68.982834728999933, -13.930081856999948 ], [ -68.963301103999981, -13.948669606999943 ], [ -68.978893228999937, -13.976530106999974 ], [ -68.936339853999982, -14.026345731999982 ], [ -68.890320353999982, -14.046605481999961 ], [ -68.871129978999988, -14.111059981999972 ], [ -68.833289978999971, -14.144869981999932 ], [ -68.856179978999933, -14.162669981999954 ], [ -68.826759978999974, -14.215609981999933 ], [ -68.962406228999953, -14.220054731999937 ], [ -68.985005728999965, -14.237115231999951 ], [ -68.979248728999949, -14.265625481999962 ], [ -69.015243353999949, -14.314709231999927 ], [ -68.985406603999934, -14.374663356999974 ], [ -69.02838410399994, -14.424818856999934 ], [ -69.081949228999974, -14.44443948199995 ], [ -69.118292978999989, -14.507893606999971 ], [ -69.154032478999966, -14.521617606999939 ], [ -69.150030353999966, -14.580314231999978 ], [ -69.221352478999961, -14.58178798199998 ], [ -69.22790122899994, -14.654161106999936 ], [ -69.258372978999944, -14.683976731999962 ], [ -69.224870603999989, -14.739024731999962 ], [ -69.239939978999985, -14.759473731999947 ], [ -69.301203728999951, -14.765298981999933 ], [ -69.353796853999938, -14.801665731999947 ], [ -69.343871353999987, -14.882726856999966 ], [ -69.364587853999979, -14.930980482999928 ], [ -69.360569978999933, -14.961059982999927 ], [ -69.323239978999936, -15.00458998299996 ], [ -69.277285228999972, -15.109902107999972 ], [ -69.243463228999985, -15.112206107999953 ], [ -69.190759978999949, -15.15856998299995 ], [ -69.119679978999955, -15.259319982999955 ], [ -69.17629610399996, -15.261359732999949 ], [ -69.194792728999971, -15.315039232999936 ], [ -69.215641603999984, -15.317158107999944 ], [ -69.26032947899995, -15.374036357999955 ], [ -69.249846978999983, -15.426719232999972 ], [ -69.232334603999959, -15.441795857999978 ], [ -69.240826603999949, -15.460393482999962 ], [ -69.253511353999954, -15.469192607999958 ], [ -69.290071728999976, -15.43687960799997 ], [ -69.331464478999976, -15.53797923299993 ], [ -69.391109728999936, -15.507250982999949 ], [ -69.377084728999932, -15.482022107999967 ], [ -69.36307885399998, -15.514148357999943 ], [ -69.350020474999951, -15.510837677999973 ], [ -69.376110478999976, -15.471496232999982 ], [ -69.43307447899997, -15.47830748299998 ], [ -69.414988978999986, -15.497976732999973 ], [ -69.432143978999989, -15.505596982999975 ], [ -69.440323603999957, -15.462557607999941 ], [ -69.531697103999988, -15.386796982999954 ], [ -69.522110853999948, -15.369968107999966 ], [ -69.553221228999973, -15.376014482999949 ], [ -69.566589728999986, -15.347564607999971 ], [ -69.589051728999948, -15.373046232999968 ], [ -69.622278978999987, -15.344360857999959 ], [ -69.623269228999959, -15.353481357999954 ], [ -69.634253103999981, -15.353219982999974 ], [ -69.630129728999975, -15.330719607999981 ], [ -69.653868103999969, -15.297891357999958 ], [ -69.633350228999973, -15.31299385799997 ], [ -69.64185047899997, -15.282575107999946 ], [ -69.668294728999967, -15.274800482999979 ], [ -69.655116103999944, -15.26922185799998 ], [ -69.677423853999983, -15.243037107999953 ], [ -69.68933347899997, -15.254661982999949 ], [ -69.686717353999938, -15.237945482999976 ], [ -69.709249728999964, -15.233036357999936 ], [ -69.759302728999955, -15.25740660799994 ], [ -69.734548978999953, -15.270925982999927 ], [ -69.740628978999951, -15.274655107999934 ], [ -69.740601228999935, -15.279244107999943 ], [ -69.714454103999969, -15.277926107999974 ], [ -69.699168853999936, -15.309943732999955 ], [ -69.750942978999944, -15.283203607999951 ], [ -69.751663353999959, -15.302652482999974 ], [ -69.781199479999941, -15.319887607999931 ], [ -69.814963854999974, -15.274082232999945 ], [ -69.830579229999955, -15.282099607999953 ], [ -69.818419979999987, -15.306799982999962 ], [ -69.836792104999972, -15.278893982999932 ], [ -69.856072729999937, -15.302694482999982 ], [ -69.894893275999948, -15.29508220699995 ], [ -69.875644354999963, -15.309050857999978 ], [ -69.889591854999935, -15.302385232999939 ], [ -69.902705604999937, -15.303081732999942 ], [ -69.895432354999969, -15.32460198299998 ], [ -69.856927979999966, -15.347443857999963 ], [ -69.892651979999982, -15.340973607999956 ], [ -69.873939479999933, -15.351336732999982 ], [ -69.880080729999975, -15.355731857999956 ], [ -69.874046729999975, -15.356450982999945 ], [ -69.871689229999959, -15.366896982999947 ], [ -69.844191479999949, -15.352999607999948 ], [ -69.849451104999957, -15.346000357999969 ], [ -69.84721172999997, -15.341807357999926 ], [ -69.838926854999954, -15.33960848299995 ], [ -69.842568729999982, -15.337076107999962 ], [ -69.845274979999942, -15.331796107999935 ], [ -69.844868104999932, -15.330261607999944 ], [ -69.836589354999944, -15.338925607999954 ], [ -69.839431979999972, -15.349611982999932 ], [ -69.791124854999964, -15.351904857999955 ], [ -69.86054560499997, -15.361571107999964 ], [ -69.873860479999962, -15.377161607999938 ], [ -69.876120104999984, -15.359889482999961 ], [ -69.90477347999996, -15.355740232999949 ], [ -69.925527354999986, -15.38426173299996 ], [ -69.932854729999974, -15.361115607999977 ], [ -69.937585854999952, -15.415259857999956 ], [ -69.860438104999957, -15.557607232999942 ], [ -69.810679604999962, -15.60767223299996 ], [ -69.804603229999941, -15.65397298299996 ], [ -69.770900729999937, -15.658185232999926 ], [ -69.761076228999968, -15.681808607999926 ], [ -69.802977729999952, -15.674782357999959 ], [ -69.743764478999935, -15.722836982999979 ], [ -69.790087854999967, -15.726068982999948 ], [ -69.820693229999961, -15.707576982999967 ], [ -69.850538854999968, -15.675705232999974 ], [ -69.85487422999995, -15.625002732999974 ], [ -69.906354979999946, -15.565198982999959 ], [ -69.942732604999946, -15.55648223299994 ], [ -69.915140604999976, -15.568760357999963 ], [ -69.929553604999967, -15.570904732999963 ], [ -69.933164979999958, -15.588856107999959 ], [ -69.917559479999966, -15.591397732999951 ], [ -69.931117854999968, -15.617756482999937 ], [ -69.918295479999983, -15.612551107999934 ], [ -69.916318229999945, -15.628398732999926 ], [ -69.948249979999957, -15.67503310799998 ], [ -69.967371104999984, -15.66544748299998 ], [ -69.955083479999985, -15.687424732999943 ], [ -69.964867979999951, -15.70152348299996 ], [ -70.01159322999996, -15.686659107999958 ], [ -70.034179729999948, -15.722627607999982 ], [ -70.023851354999977, -15.742205482999964 ], [ -70.035152104999952, -15.768675732999952 ], [ -69.988664354999969, -15.819060357999945 ], [ -70.018259729999954, -15.829698982999957 ], [ -70.015081229999964, -15.850703232999933 ], [ -69.995013979999953, -15.864001357999939 ], [ -69.963699479999946, -15.850638107999941 ], [ -69.891797104999966, -15.882220982999968 ], [ -69.860352229999933, -15.93163835799993 ], [ -69.845371354999941, -15.933174357999974 ], [ -69.846241104999933, -15.909532357999979 ], [ -69.836025104999976, -15.923353732999942 ], [ -69.833747229999972, -15.910183607999954 ], [ -69.784142104999944, -15.928112232999979 ], [ -69.777649229999952, -15.916721982999945 ], [ -69.808253354999977, -15.869069357999933 ], [ -69.817293479999933, -15.881999982999957 ], [ -69.826626104999946, -15.859635482999977 ], [ -69.849449604999961, -15.86140385799996 ], [ -69.842834104999952, -15.808184607999976 ], [ -69.805562104999979, -15.783390232999977 ], [ -69.765875853999944, -15.833078607999937 ], [ -69.779451354999935, -15.856033232999948 ], [ -69.763177603999964, -15.908365232999927 ], [ -69.740620353999986, -15.919185107999965 ], [ -69.735762728999987, -15.90149248299997 ], [ -69.725305853999942, -15.914545607999969 ], [ -69.706288228999938, -15.921888482999975 ], [ -69.700790478999977, -15.920158357999981 ], [ -69.684169103999977, -15.95178948299997 ], [ -69.664379603999976, -15.969584108999982 ], [ -69.598333228999934, -15.990226483999948 ], [ -69.53706335399994, -15.976086608999935 ], [ -69.496252978999962, -16.014779608999959 ], [ -69.478907353999944, -16.004099233999966 ], [ -69.462230978999969, -16.017456483999979 ], [ -69.47382147899998, -16.00530385899998 ], [ -69.507077978999973, -15.982658108999942 ], [ -69.557385603999933, -15.962501857999939 ], [ -69.672010978999936, -15.95997260799993 ], [ -69.682216228999948, -15.945105232999936 ], [ -69.689260603999969, -15.930194857999936 ], [ -69.688520728999947, -15.913493107999955 ], [ -69.671739353999953, -15.956604607999964 ], [ -69.562660853999944, -15.959456607999982 ], [ -69.451735478999979, -15.99361048399993 ], [ -69.423161228999959, -16.047037358999944 ], [ -69.425539728999979, -16.077522733999956 ], [ -69.430752353999935, -16.09505110899994 ], [ -69.445078603999946, -16.112478858999964 ], [ -69.452809978999937, -16.114427233999947 ], [ -69.431762353999943, -16.080361233999952 ], [ -69.434620228999961, -16.053157358999954 ], [ -69.455291603999967, -16.045696233999934 ], [ -69.438955978999957, -16.054191233999973 ], [ -69.455572228999984, -16.06068823399994 ], [ -69.469478353999989, -16.112616483999943 ], [ -69.505476853999937, -16.143738608999968 ], [ -69.491934728999979, -16.160307733999957 ], [ -69.505043978999936, -16.174877858999935 ], [ -69.510671478999939, -16.157933483999955 ], [ -69.516592353999954, -16.160650358999931 ], [ -69.494324228999972, -16.208061358999942 ], [ -69.433855103999974, -16.180546233999962 ], [ -69.404010853999978, -16.190398108999943 ], [ -69.389008478999983, -16.180118233999963 ], [ -69.399387978999982, -16.206900983999958 ], [ -69.375607103999982, -16.235581108999952 ], [ -69.355226353999967, -16.251061983999932 ], [ -69.294721228999947, -16.254103358999942 ], [ -69.282053853999969, -16.286874983999951 ], [ -69.257483978999971, -16.300094108999929 ], [ -69.234780478999937, -16.261897983999972 ], [ -69.097311228999956, -16.243817858999932 ], [ -69.102503603999935, -16.224132983999937 ], [ -69.055258853999987, -16.197361608999927 ], [ -69.012763978999942, -16.219761608999931 ], [ -68.984335853999937, -16.190107233999981 ], [ -68.956644978999975, -16.196566983999958 ], [ -68.958744478999961, -16.226796733999947 ], [ -68.99589535399997, -16.273705608999933 ], [ -68.999999978999938, -16.274380233999977 ], [ -69.006466603999968, -16.271388108999929 ], [ -68.990488728999935, -16.236320608999961 ], [ -69.031364728999961, -16.274708483999973 ], [ -69.055071853999948, -16.249058108999975 ], [ -69.076689353999939, -16.259480233999966 ], [ -69.078126853999947, -16.275927358999979 ], [ -69.050006728999961, -16.283111858999973 ], [ -69.021958728999948, -16.331905983999945 ], [ -69.023138353999968, -16.403941608999958 ], [ -69.098495728999978, -16.490713358999926 ], [ -69.036773853999932, -16.55990348399996 ], [ -69.031302728999947, -16.605808608999951 ], [ -68.996101603999932, -16.656576233999942 ], [ -69.043459978999977, -16.687839983999936 ], [ -69.170013728999947, -16.727535108999973 ], [ -69.186187478999955, -16.797554733999959 ], [ -69.304674978999969, -16.915840983999942 ], [ -69.33542947899997, -16.980264858999931 ], [ -69.369009978999941, -16.990409983999939 ], [ -69.393579978999981, -17.020569983999962 ], [ -69.373738853999953, -17.073123359999954 ], [ -69.406268478999948, -17.100289484999962 ], [ -69.432917228999941, -17.109863984999947 ], [ -69.449129353999979, -17.097750734999977 ], [ -69.511849353999935, -17.146170859999927 ], [ -69.556901728999946, -17.159275109999953 ], [ -69.641319978999945, -17.287449984999967 ], [ -69.655439978999937, -17.270749984999952 ], [ -69.731069978999983, -17.295469984999954 ], [ -69.761839978999944, -17.28043998499993 ], [ -69.788249979999932, -17.236439984999947 ], [ -69.85077997999997, -17.244079984999928 ], [ -69.942799979999961, -17.197839984999973 ], [ -70.025131854999984, -17.122181484999942 ], [ -70.040330479999966, -17.127678984999932 ], [ -70.042339979999952, -17.05870998499995 ], [ -70.145587604999946, -16.942688358999931 ], [ -70.09427885499997, -16.890924858999938 ], [ -70.090313854999977, -16.810854733999975 ], [ -70.057816354999943, -16.787812483999971 ], [ -70.035541979999948, -16.742889733999959 ], [ -69.995563104999974, -16.729775983999957 ], [ -70.011766729999977, -16.688483858999973 ], [ -70.001471729999935, -16.656573983999976 ], [ -70.048611604999962, -16.627707983999926 ], [ -70.087845104999985, -16.655232233999982 ], [ -70.165705979999984, -16.613324108999961 ], [ -70.184777979999978, -16.53760860899996 ], [ -70.301169979999941, -16.478671858999974 ], [ -70.325051729999984, -16.417524983999954 ], [ -70.360887604999959, -16.410831358999928 ], [ -70.356553729999973, -16.400270608999961 ], [ -70.382256979999966, -16.385923733999959 ], [ -70.345610729999976, -16.348139483999944 ], [ -70.345134854999969, -16.25610198399994 ], [ -70.324033229999941, -16.217872233999969 ], [ -70.334596604999945, -16.201568108999936 ], [ -70.362279354999941, -16.206498608999937 ], [ -70.401942104999932, -16.149029733999953 ], [ -70.403228729999967, -16.087231358999929 ], [ -70.434282229999951, -16.061878358999934 ], [ -70.44012472999998, -16.036751483999979 ], [ -70.465778979999982, -16.050369108999973 ], [ -70.507324229999938, -16.038144483999929 ], [ -70.562889979999966, -15.982499983999958 ], [ -70.62476997999994, -16.003019983999934 ], [ -70.640819979999947, -15.987639983999941 ], [ -70.724359979999974, -16.033669983999971 ], [ -70.741239979999989, -16.016179983999962 ], [ -70.775969979999957, -16.013399983999932 ], [ -70.799969604999944, -15.975963608999962 ], [ -70.807509104999951, -15.988016983999955 ], [ -70.841308605999984, -15.971826608999947 ], [ -70.832199229999958, -15.949095732999979 ], [ -70.843276980999974, -15.923255857999948 ], [ -70.865783605999979, -15.88938610799994 ], [ -70.893821730999946, -15.886908482999957 ], [ -70.890068105999944, -15.851938232999942 ], [ -70.942268355999943, -15.774924232999979 ], [ -70.899925105999955, -15.717626607999932 ], [ -70.917983980999963, -15.643800732999978 ], [ -71.006526605999966, -15.565525107999974 ], [ -71.018363980999936, -15.500021982999954 ], [ -70.992927605999967, -15.458859482999969 ], [ -71.038970980999977, -15.405165732999933 ], [ -71.006118980999986, -15.335227357999941 ], [ -70.985113355999943, -15.316676607999966 ], [ -70.959058210999956, -15.319051535999961 ], [ -70.950156480999965, -15.301954357999932 ], [ -70.985280605999947, -15.249029607999944 ], [ -70.962502480999945, -15.215636857999982 ], [ -71.004206355999941, -14.998656732999962 ], [ -70.984740355999975, -14.946068482999976 ], [ -70.996591855999952, -14.843943481999929 ], [ -70.978326605999939, -14.824154606999969 ], [ -70.975059230999989, -14.764981981999938 ], [ -71.013093480999942, -14.739693856999963 ], [ -71.027763480999965, -14.760074981999935 ], [ -71.053240480999989, -14.754330481999943 ], [ -71.118091730999936, -14.647949856999958 ], [ -71.031041980999987, -14.593262606999929 ], [ -71.010053105999987, -14.597541981999939 ], [ -71.014710355999966, -14.577978481999935 ], [ -70.977703230999964, -14.583021106999979 ], [ -70.966116480999972, -14.568335981999951 ], [ -70.999348855999983, -14.502638106999939 ], [ -70.986585355999978, -14.49871798199996 ], [ -70.987972605999971, -14.455320356999948 ], [ -70.962352980999981, -14.444538981999926 ], [ -70.986035980999986, -14.379762481999933 ], [ -70.912182105999989, -14.341473106999956 ], [ -70.913456855999982, -14.303319481999949 ], [ -70.879914605999943, -14.270434106999971 ], [ -70.899792605999949, -14.232986231999973 ], [ -70.886610105999978, -14.172314356999948 ], [ -70.821144479999987, -14.141146856999967 ], [ -70.790042979999953, -14.080968356999961 ], [ -70.817914729999984, -14.067582856999934 ], [ -70.829471729999966, -14.076336856999944 ], [ -70.860391105999952, -14.030841856999928 ], [ -70.840362230999972, -14.008167106999963 ], [ -70.852636105999977, -13.99819673199994 ], [ -70.846275605999949, -13.963541231999955 ], [ -70.809672854999974, -13.912264231999927 ], [ -70.830859604999944, -13.895075106999968 ], [ -70.832420354999954, -13.856872481999972 ], [ -70.875135855999986, -13.838986106999926 ], [ -70.879315980999934, -13.815672605999964 ], [ -70.853926480999974, -13.798604980999926 ], [ -70.828399979999972, -13.827629981999962 ], [ -70.767729979999956, -13.814379980999945 ], [ -70.709189979999962, -13.843149981999943 ], [ -70.698858229999985, -13.803167605999931 ], [ -70.735375729999987, -13.735299355999928 ], [ -70.715128854999989, -13.662253980999935 ], [ -70.662806979999971, -13.660567105999974 ], [ -70.616190854999957, -13.609062480999967 ], [ -70.543625479999946, -13.577635230999931 ], [ -70.538873604999935, -13.531256730999928 ], [ -70.488794729999938, -13.50038073099995 ], [ -70.452617979999957, -13.447918355999946 ], [ -70.471826979999946, -13.439927980999926 ], [ -70.442645979999952, -13.395405480999955 ], [ -70.451115854999955, -13.36516973099998 ], [ -70.419825354999944, -13.358553730999972 ], [ -70.399500354999986, -13.371643605999964 ], [ -70.395598729999961, -13.316665480999973 ], [ -70.345846604999963, -13.312746105999963 ], [ -70.370837479999977, -13.276411355999926 ], [ -70.422954979999986, -13.254719105999982 ], [ -70.39062647999998, -13.232108480999955 ], [ -70.384463854999979, -13.204735855999957 ], [ -70.385576854999954, -13.167038980999962 ], [ -70.401227104999975, -13.153229980999981 ], [ -70.389662104999957, -13.131538355999965 ], [ -70.41769510499995, -13.133089980999955 ], [ -70.402868104999982, -13.114412855999944 ], [ -69.649859978999984, -13.341719980999926 ], [ -68.867636603999983, -13.010748605999936 ] ], [ [ -69.98999960499998, -15.110421982999981 ], [ -69.990262604999941, -15.168452232999982 ], [ -70.01632447999998, -15.14473660799996 ], [ -70.026235104999955, -15.158017357999938 ], [ -70.044951854999965, -15.110658357999966 ], [ -70.092749229999981, -15.146215607999977 ], [ -70.117108604999942, -15.14714773299994 ], [ -70.116400354999939, -15.167589857999928 ], [ -69.94935197999996, -15.220609982999974 ], [ -69.965551354999945, -15.194259107999926 ], [ -69.94913022999998, -15.209773107999979 ], [ -69.945976729999984, -15.192656357999965 ], [ -69.932137354999952, -15.222516982999934 ], [ -69.926602854999942, -15.209658232999971 ], [ -69.902742354999987, -15.218053107999935 ], [ -69.88774310499997, -15.206932607999931 ], [ -69.910695229999988, -15.195920857999965 ], [ -69.93090710499996, -15.149188357999947 ], [ -69.949646479999956, -15.151826357999937 ], [ -69.955538354999987, -15.174811232999957 ], [ -69.98999960499998, -15.110421982999981 ] ], [ [ -70.094705556999941, -15.383676898999965 ], [ -70.094881493999935, -15.383893243999978 ], [ -70.094705551999937, -15.383676931999958 ], [ -70.094705556999941, -15.383676898999965 ] ], [ [ -70.200986354999941, -15.706335107999962 ], [ -70.201837104999981, -15.771510357999944 ], [ -70.142095729999937, -15.749278607999941 ], [ -70.163702229999956, -15.719283107999956 ], [ -70.15228247999994, -15.722176357999956 ], [ -70.15021210499998, -15.712319357999945 ], [ -70.187399479999954, -15.72641935799993 ], [ -70.200986354999941, -15.706335107999962 ] ] ], [ [ [ -68.945378853999955, -16.227246108999964 ], [ -68.94493947899997, -16.244831983999973 ], [ -68.953292978999968, -16.226455108999971 ], [ -68.945378853999955, -16.227246108999964 ] ] ], [ [ [ -69.694329353999933, -15.892393107999965 ], [ -69.673117103999971, -15.90882473299996 ], [ -69.666687853999974, -15.915115857999979 ], [ -69.687685853999938, -15.908289982999975 ], [ -69.71079610399994, -15.916339482999945 ], [ -69.694329353999933, -15.892393107999965 ] ] ], [ [ [ -69.696232103999932, -15.754215357999954 ], [ -69.676193103999935, -15.768259482999952 ], [ -69.682432853999956, -15.798122482999929 ], [ -69.696232103999932, -15.754215357999954 ] ] ], [ [ [ -69.706548728999962, -15.649303232999955 ], [ -69.692802728999936, -15.662771482999972 ], [ -69.717204103999961, -15.680402982999965 ], [ -69.727305353999952, -15.662963982999941 ], [ -69.706548728999962, -15.649303232999955 ] ] ], [ [ [ -69.822798979999959, -15.888497232999953 ], [ -69.83374847999994, -15.888208107999958 ], [ -69.825216479999938, -15.878328107999948 ], [ -69.822798979999959, -15.888497232999953 ] ] ] ] } },
{ "type": "Feature", "properties": { "CCDD": "22", "DEPARTAMEN": "SAN MARTIN" }, "geometry": { "type": "Polygon", "coordinates": [ [ [ -77.74482773699998, -5.406899098999929 ], [ -77.671869736999952, -5.408771223999963 ], [ -77.594810111999948, -5.464224223999963 ], [ -77.558119111999986, -5.425578098999949 ], [ -77.492271486999982, -5.51970447399998 ], [ -77.507365236999988, -5.552664098999969 ], [ -77.472751736999953, -5.554786848999925 ], [ -77.460831111999937, -5.584693973999947 ], [ -77.410599611999942, -5.589753848999976 ], [ -77.404240736999952, -5.574365598999975 ], [ -77.371820361999937, -5.567105473999959 ], [ -77.337026236999975, -5.60402634899998 ], [ -77.279909860999965, -5.601084973999946 ], [ -77.265800985999988, -5.61396947399993 ], [ -77.23194136099994, -5.595460973999934 ], [ -77.202161235999938, -5.634464473999969 ], [ -77.178672485999982, -5.641424098999948 ], [ -77.142351860999952, -5.625438598999949 ], [ -77.126910235999958, -5.650993598999946 ], [ -76.995605610999974, -5.667119098999933 ], [ -76.972908235999967, -5.698953098999937 ], [ -76.892843610999989, -5.747782473999962 ], [ -76.835451110999941, -5.745555348999972 ], [ -76.816328735999946, -5.80756622399997 ], [ -76.820203485999969, -5.859285848999946 ], [ -76.746728110999982, -5.954027598999971 ], [ -76.752978860999974, -6.001045598999951 ], [ -76.716219360999958, -6.013269473999969 ], [ -76.441146643999957, -6.007015157999945 ], [ -76.400158053999974, -5.953558717999954 ], [ -76.315339860999984, -6.054066348999925 ], [ -76.318296610999937, -6.086094973999934 ], [ -76.247149377999961, -6.126061411999956 ], [ -76.145989356999962, -6.146673399999941 ], [ -76.088482908999936, -6.107566842999972 ], [ -76.013530039999978, -6.08358001299996 ], [ -75.958450549999952, -6.098380286999941 ], [ -75.919148693999944, -6.140577028999928 ], [ -75.840209707999975, -6.141340118999949 ], [ -75.851520039999969, -6.101750012999958 ], [ -75.807099859999937, -6.101769973999978 ], [ -75.769519984999988, -6.125079973999959 ], [ -75.770489984999983, -6.147729973999958 ], [ -75.718829984999957, -6.141229973999941 ], [ -75.680049984999982, -6.095309973999974 ], [ -75.636459984999988, -6.088949973999945 ], [ -75.621070234999934, -6.029380848999949 ], [ -75.568929611999977, -6.000388600999941 ], [ -75.532793734999984, -6.095599473999926 ], [ -75.526777359999983, -6.162134723999941 ], [ -75.487187609999978, -6.203415348999954 ], [ -75.496343734999982, -6.281025348999947 ], [ -75.550094984999987, -6.347707974999935 ], [ -75.539002859999982, -6.435132974999931 ], [ -75.50959660999996, -6.49214134999994 ], [ -75.502347609999958, -6.769566474999976 ], [ -75.610251859999948, -6.839100474999952 ], [ -75.632847234999986, -6.843395474999966 ], [ -75.642373984999949, -6.81576197499993 ], [ -75.659671984999989, -6.81933209999994 ], [ -75.700805609999975, -6.869113974999948 ], [ -75.724795859999972, -6.850874474999955 ], [ -75.78053910999995, -6.848412099999962 ], [ -75.794183359999977, -6.821401599999945 ], [ -75.813971859999981, -6.825477974999956 ], [ -75.84387535999997, -6.797261724999942 ], [ -75.964951109999959, -6.788406599999973 ], [ -76.05104348499998, -6.810923099999968 ], [ -76.035003859999961, -6.864986349999981 ], [ -76.010646734999966, -6.89042134999994 ], [ -76.01573585999995, -6.913700974999927 ], [ -76.051844234999976, -6.937871599999937 ], [ -76.035640109999974, -6.993146474999946 ], [ -76.008113234999939, -7.002220724999972 ], [ -76.010717109999973, -7.078379849999976 ], [ -76.059944984999959, -7.161301224999931 ], [ -76.14352523499997, -7.203962474999969 ], [ -76.166661484999963, -7.267596349999963 ], [ -76.21311136099996, -7.310142599999949 ], [ -76.195918234999965, -7.334402849999947 ], [ -76.215408110999988, -7.395333100999949 ], [ -76.204396859999974, -7.431326850999938 ], [ -76.167275359999962, -7.493017600999963 ], [ -76.121910859999957, -7.525992350999957 ], [ -76.115670984999952, -7.562502725999934 ], [ -76.091373609999948, -7.560355725999955 ], [ -76.079718609999986, -7.584335975999977 ], [ -76.093871484999966, -7.609725975999936 ], [ -76.082374984999944, -7.631888725999943 ], [ -76.101332109999987, -7.650456350999946 ], [ -76.101592609999955, -7.722663975999978 ], [ -76.086673859999962, -7.729231725999966 ], [ -76.084435109999959, -7.762560975999975 ], [ -76.043802984999957, -7.79234360099997 ], [ -76.00849173499995, -7.856042600999956 ], [ -76.006039734999945, -7.890586850999966 ], [ -75.975661484999989, -7.908968100999971 ], [ -75.993509734999975, -7.953566350999949 ], [ -75.966979484999968, -7.960359350999965 ], [ -75.939455609999982, -7.946120100999963 ], [ -75.927837859999954, -7.957255975999942 ], [ -75.858793234999951, -7.921125350999944 ], [ -75.829492859999959, -7.973495850999939 ], [ -75.844932734999986, -8.059638100999962 ], [ -75.920988484999953, -8.073119350999946 ], [ -75.951802984999972, -8.101295225999934 ], [ -75.934026984999946, -8.134428475999925 ], [ -75.941164859999958, -8.186183975999938 ], [ -75.91288585999996, -8.256099975999973 ], [ -75.920816109999976, -8.299674225999979 ], [ -75.984273609999946, -8.322151725999959 ], [ -76.004447994999964, -8.305612673999974 ], [ -76.042595734999963, -8.341591850999976 ], [ -76.056347609999989, -8.329290975999982 ], [ -76.106973816999982, -8.331771679999974 ], [ -76.127503357999956, -8.35752580299993 ], [ -76.107787109999947, -8.399013725999964 ], [ -76.130667984999945, -8.467876976999946 ], [ -76.134679984999934, -8.572559976999969 ], [ -76.107129984999972, -8.648799976999953 ], [ -76.139489984999955, -8.666639976999932 ], [ -76.16694635999994, -8.756500976999973 ], [ -76.203416484999934, -8.753329726999937 ], [ -76.198586734999935, -8.76973510199997 ], [ -76.223144455999943, -8.785454179999931 ], [ -76.244993360999956, -8.751483101999952 ], [ -76.228680985999972, -8.745028351999963 ], [ -76.25740273599996, -8.706641851999962 ], [ -76.248340485999961, -8.683031976999928 ], [ -76.269455860999983, -8.652489351999975 ], [ -76.264064360999953, -8.610300476999953 ], [ -76.287328985999977, -8.585435351999934 ], [ -76.28035861099994, -8.573563976999935 ], [ -76.305807110999979, -8.573237726999935 ], [ -76.299674610999944, -8.556854476999945 ], [ -76.325080360999948, -8.524324226999966 ], [ -76.312307110999939, -8.500984226999947 ], [ -76.332325985999944, -8.431788225999981 ], [ -76.366709985999989, -8.411540725999942 ], [ -76.436058610999964, -8.46988085199996 ], [ -76.469802610999977, -8.571325976999958 ], [ -76.495308610999984, -8.575760851999974 ], [ -76.494837860999951, -8.549587851999945 ], [ -76.547806610999942, -8.497640601999933 ], [ -76.697079610999936, -8.532499601999973 ], [ -76.728403985999989, -8.515004476999934 ], [ -76.768424110999945, -8.52680935199993 ], [ -76.804449860999966, -8.510572726999953 ], [ -76.842659110999989, -8.525229976999981 ], [ -76.864701610999987, -8.566349601999946 ], [ -76.887358110999969, -8.55479810199995 ], [ -76.897084235999955, -8.568750601999966 ], [ -76.93597198599997, -8.56696685199995 ], [ -76.954226610999967, -8.545339851999927 ], [ -76.977300860999947, -8.560598726999956 ], [ -77.011597610999956, -8.537687476999963 ], [ -77.056111360999978, -8.549703726999951 ], [ -77.091650735999963, -8.516981351999959 ], [ -77.081937735999986, -8.487256351999974 ], [ -77.139927735999947, -8.480455101999951 ], [ -77.13384373599996, -8.44002147599997 ], [ -77.104588985999953, -8.444763475999935 ], [ -77.067619110999942, -8.396587850999936 ], [ -77.034011735999968, -8.404706975999943 ], [ -77.000429235999945, -8.382403475999979 ], [ -76.976898610999967, -8.396138725999947 ], [ -76.96837261099995, -8.371241475999966 ], [ -76.927004735999958, -8.359257100999969 ], [ -76.931930235999971, -8.342595100999972 ], [ -76.901243235999971, -8.283466350999959 ], [ -76.925596735999989, -8.218497350999939 ], [ -76.911769360999983, -8.158901225999955 ], [ -76.984914860999936, -8.113853475999974 ], [ -77.024458985999956, -8.04915035099998 ], [ -77.110527360999981, -8.025226600999929 ], [ -77.150535110999954, -8.032042975999957 ], [ -77.231865235999976, -8.011748100999966 ], [ -77.260078110999984, -8.048439475999942 ], [ -77.296664236999959, -8.062565725999946 ], [ -77.373283861999937, -8.064684725999939 ], [ -77.385745611999937, -8.054714600999944 ], [ -77.374936361999971, -8.03152722599998 ], [ -77.407154986999956, -7.992811475999929 ], [ -77.37690923699995, -7.908821350999972 ], [ -77.410784486999944, -7.900524725999958 ], [ -77.442861111999946, -7.813641725999958 ], [ -77.525468736999983, -7.768341850999946 ], [ -77.526182111999958, -7.753889225999956 ], [ -77.483276236999984, -7.720247350999955 ], [ -77.48340623699994, -7.697655975999965 ], [ -77.459237486999939, -7.686904225999967 ], [ -77.467168361999938, -7.674677850999956 ], [ -77.497889611999938, -7.686354850999976 ], [ -77.511602486999948, -7.657404975999953 ], [ -77.53839136199997, -7.65022797599994 ], [ -77.522704236999971, -7.633407225999974 ], [ -77.528388736999943, -7.615950100999953 ], [ -77.485763611999971, -7.603992225999946 ], [ -77.496944736999978, -7.582741475999967 ], [ -77.54006723699996, -7.577413600999932 ], [ -77.522468236999941, -7.50686185099994 ], [ -77.539076861999945, -7.507385350999925 ], [ -77.559659986999975, -7.46418747599995 ], [ -77.630917736999947, -7.413874600999975 ], [ -77.621678361999955, -7.396994100999962 ], [ -77.63921161199994, -7.343701224999961 ], [ -77.628419236999946, -7.320808724999949 ], [ -77.647350611999968, -7.241514349999932 ], [ -77.605530236999982, -7.219161849999978 ], [ -77.615504236999982, -7.177997224999956 ], [ -77.712845236999954, -7.108549724999932 ], [ -77.707005986999945, -7.06852484999996 ], [ -77.745317986999964, -7.020959599999969 ], [ -77.758933611999964, -6.964507849999961 ], [ -77.707197986999972, -6.908182724999961 ], [ -77.764748986999962, -6.799758474999976 ], [ -77.731897861999983, -6.783467349999967 ], [ -77.748012986999981, -6.745824349999964 ], [ -77.745606486999975, -6.665158224999971 ], [ -77.73896511199996, -6.646468849999962 ], [ -77.701689986999952, -6.676889974999938 ], [ -77.679689986999961, -6.674099974999933 ], [ -77.643439986999965, -6.622359974999938 ], [ -77.612336736999964, -6.612261224999941 ], [ -77.568764736999981, -6.638217724999947 ], [ -77.544074236999961, -6.67699609999994 ], [ -77.456467486999941, -6.680522349999933 ], [ -77.405557236999982, -6.726214224999978 ], [ -77.381732986999964, -6.697589099999959 ], [ -77.437880861999986, -6.602527349999946 ], [ -77.393869861999974, -6.602688224999952 ], [ -77.380511736999949, -6.569227974999933 ], [ -77.344846736999955, -6.547229099999981 ], [ -77.326356611999984, -6.468027349999943 ], [ -77.273158610999985, -6.406530849999967 ], [ -77.28665998699995, -6.331023474999938 ], [ -77.243653110999958, -6.338120474999926 ], [ -77.22145636099998, -6.381132724999929 ], [ -77.171732485999939, -6.381169974999978 ], [ -77.132424360999948, -6.304759474999969 ], [ -77.211626735999971, -6.215840348999961 ], [ -77.219190735999973, -6.194313098999942 ], [ -77.202056735999975, -6.179714848999936 ], [ -77.222985110999957, -6.14689597399996 ], [ -77.280478485999936, -6.142209098999956 ], [ -77.34642798699997, -6.114341098999944 ], [ -77.358679361999975, -6.07282022399994 ], [ -77.380500111999936, -6.079985973999953 ], [ -77.395497611999986, -6.039376723999965 ], [ -77.419304736999948, -6.032380848999935 ], [ -77.432115736999947, -6.061916348999944 ], [ -77.476904861999969, -5.999967598999945 ], [ -77.489020736999976, -6.028510973999971 ], [ -77.536589861999971, -6.063705098999947 ], [ -77.566803236999988, -6.02812197399993 ], [ -77.596361611999953, -6.033330848999981 ], [ -77.597707861999936, -6.004415973999926 ], [ -77.639139861999979, -6.001079473999937 ], [ -77.669892361999985, -5.979357223999955 ], [ -77.651890611999988, -5.935331973999951 ], [ -77.683080486999984, -5.877575598999954 ], [ -77.681526736999956, -5.84948709899993 ], [ -77.746138361999954, -5.835110473999976 ], [ -77.770355486999961, -5.788142598999968 ], [ -77.759358611999971, -5.729847973999938 ], [ -77.775090861999956, -5.68967934899996 ], [ -77.736383986999954, -5.609290098999963 ], [ -77.765761736999934, -5.538982473999965 ], [ -77.757037361999949, -5.513941598999963 ], [ -77.770637486999988, -5.47815309899994 ], [ -77.74883198699996, -5.459859348999942 ], [ -77.768451236999965, -5.438048723999941 ], [ -77.74482773699998, -5.406899098999929 ] ] ] } },
{ "type": "Feature", "properties": { "CCDD": "23", "DEPARTAMEN": "TACNA" }, "geometry": { "type": "Polygon", "coordinates": [ [ [ -70.266042854999966, -16.779554233999932 ], [ -70.247300479999979, -16.80246485899994 ], [ -70.181300729999975, -16.817874983999957 ], [ -70.184067229999982, -16.834687483999971 ], [ -70.24376760499996, -16.860242233999941 ], [ -70.259364604999973, -16.903654108999945 ], [ -70.247181854999951, -16.952443983999956 ], [ -70.227033354999946, -16.959355358999971 ], [ -70.192534979999948, -16.941022608999958 ], [ -70.173689354999965, -16.912232358999972 ], [ -70.14837222999995, -16.921869733999927 ], [ -70.145587604999946, -16.942688358999931 ], [ -70.095288854999978, -16.985847858999932 ], [ -70.099637979999954, -17.006009233999976 ], [ -70.042339979999952, -17.05870998499995 ], [ -70.040330479999966, -17.127678984999932 ], [ -70.025131854999984, -17.122181484999942 ], [ -69.898629979999953, -17.220909984999935 ], [ -69.84990997999995, -17.244209984999941 ], [ -69.79054997999998, -17.235289984999952 ], [ -69.761839978999944, -17.28043998499993 ], [ -69.731069978999983, -17.295469984999954 ], [ -69.655439978999937, -17.270749984999952 ], [ -69.644559978999951, -17.28751998499996 ], [ -69.575218728999971, -17.292589859999964 ], [ -69.467316353999934, -17.373537109999972 ], [ -69.468292978999955, -17.504169859999934 ], [ -69.665412103999984, -17.659900359999938 ], [ -69.795988229999978, -17.646242234999931 ], [ -69.821197229999939, -17.686355484999979 ], [ -69.821677729999976, -17.743812484999978 ], [ -69.800048854999943, -17.762331984999946 ], [ -69.795714854999972, -17.862257859999943 ], [ -69.747177728999986, -17.943937484999935 ], [ -69.751503853999964, -17.985589859999948 ], [ -69.813080104999983, -18.114478485999939 ], [ -69.854308729999957, -18.165347610999959 ], [ -69.980232604999969, -18.270263610999962 ], [ -70.050706979999973, -18.268802735999941 ], [ -70.149652354999944, -18.318367235999972 ], [ -70.317451229999961, -18.309703110999976 ], [ -70.37671110499997, -18.35092773599996 ], [ -70.498314479999976, -18.262738235999961 ], [ -70.679502917999969, -18.161797346999947 ], [ -70.813156229999947, -18.040488234999941 ], [ -70.887695355999938, -18.009285109999951 ], [ -70.890189355999951, -17.969294859999934 ], [ -70.943144480999933, -17.913812484999937 ], [ -71.009134730999961, -17.876896484999975 ], [ -71.096275355999978, -17.868197234999968 ], [ -71.105452980999985, -17.84340235999997 ], [ -71.139441480999949, -17.821482859999946 ], [ -71.082191355999953, -17.716683609999961 ], [ -71.017113230999939, -17.709210859999928 ], [ -70.99299623099995, -17.679119109999931 ], [ -70.912499980999939, -17.687369984999975 ], [ -70.879959980999956, -17.555669984999952 ], [ -70.736719979999975, -17.408279984999979 ], [ -70.752404104999982, -17.380573359999971 ], [ -70.746702854999967, -17.351353609999933 ], [ -70.705652229999941, -17.291179734999957 ], [ -70.71591710499996, -17.273652109999944 ], [ -70.68409072999998, -17.224264734999963 ], [ -70.555050479999977, -17.197663234999936 ], [ -70.491313604999959, -17.090208484999948 ], [ -70.448739354999987, -17.080669109999974 ], [ -70.439201229999981, -17.050363234999963 ], [ -70.463158479999947, -17.004367483999943 ], [ -70.443199229999948, -16.964277358999936 ], [ -70.465016854999988, -16.944434108999928 ], [ -70.441574229999958, -16.892404358999954 ], [ -70.440689354999961, -16.840046858999926 ], [ -70.317871104999938, -16.775294858999928 ], [ -70.266042854999966, -16.779554233999932 ] ] ] } },
{ "type": "Feature", "properties": { "CCDD": "24", "DEPARTAMEN": "TUMBES" }, "geometry": { "type": "Polygon", "coordinates": [ [ [ -80.285214863999954, -3.412763721999966 ], [ -80.221099988999981, -3.437739971999974 ], [ -80.245019988999957, -3.485799971999938 ], [ -80.215729988999954, -3.499999971999955 ], [ -80.204989988999955, -3.552209971999957 ], [ -80.218639988999939, -3.573909971999967 ], [ -80.188189988999966, -3.598399971999925 ], [ -80.198739988999989, -3.689379971999927 ], [ -80.180179988999953, -3.735159971999963 ], [ -80.192709988999979, -3.774729971999932 ], [ -80.160429988999965, -3.802389971999958 ], [ -80.158549988999937, -3.869819971999959 ], [ -80.127196363999985, -3.888118596999959 ], [ -80.139776738999956, -3.912549346999981 ], [ -80.216779863999989, -3.956979596999929 ], [ -80.234472738999955, -3.94846572199998 ], [ -80.262329988999966, -3.999449971999979 ], [ -80.298076238999954, -4.017258096999967 ], [ -80.365596613999969, -3.981819971999926 ], [ -80.445099988999971, -3.996129971999949 ], [ -80.451126613999975, -4.031027221999977 ], [ -80.479883113999961, -4.05487134699996 ], [ -80.473974113999986, -4.079558221999946 ], [ -80.517341739999949, -4.098162096999943 ], [ -80.589819989999967, -4.214119972999981 ], [ -80.622689989999969, -4.231889972999966 ], [ -80.735139989999936, -4.17802997299998 ], [ -80.882822239999939, -4.192800722999948 ], [ -80.923675739999965, -4.169480472999965 ], [ -80.967562489999978, -4.172597597999925 ], [ -80.971322239999949, -4.127117221999981 ], [ -81.019277364999937, -4.112818346999973 ], [ -81.041910548999965, -4.082921766999959 ], [ -80.964193364999971, -3.95898634699995 ], [ -80.833646489999978, -3.875757846999932 ], [ -80.788236364999989, -3.749298846999977 ], [ -80.753599614999985, -3.718169971999941 ], [ -80.575468739999963, -3.630611346999956 ], [ -80.497714863999988, -3.49918747199996 ], [ -80.460953113999949, -3.505921846999968 ], [ -80.456246113999953, -3.499995596999952 ], [ -80.428533238999989, -3.487874846999944 ], [ -80.418766363999964, -3.485706721999975 ], [ -80.405325488999949, -3.485218846999942 ], [ -80.398049738999987, -3.487557221999964 ], [ -80.420710488999987, -3.486648721999927 ], [ -80.429729738999981, -3.489250471999981 ], [ -80.43270761399998, -3.492726346999973 ], [ -80.441133113999967, -3.494766846999937 ], [ -80.415958988999989, -3.496388721999949 ], [ -80.421039988999951, -3.512809971999957 ], [ -80.397978488999968, -3.504302721999977 ], [ -80.326271488999964, -3.436314471999935 ], [ -80.339544863999947, -3.454861346999962 ], [ -80.337122988999965, -3.456052721999924 ], [ -80.32659173899998, -3.439779346999956 ], [ -80.313185488999977, -3.404507846999934 ], [ -80.318478488999972, -3.381773346999978 ], [ -80.285214863999954, -3.412763721999966 ] ] ] } },
{ "type": "Feature", "properties": { "CCDD": "25", "DEPARTAMEN": "UCAYALI" }, "geometry": { "type": "Polygon", "coordinates": [ [ [ -74.471445608999943, -7.276174724999976 ], [ -74.463520858999971, -7.298596849999967 ], [ -74.370177983999952, -7.317272099999968 ], [ -74.34431348399994, -7.344729599999937 ], [ -74.284036858999968, -7.354202224999938 ], [ -74.253658983999969, -7.34368247499998 ], [ -74.141636483999946, -7.377771725999935 ], [ -74.132936858999983, -7.400802350999925 ], [ -74.039109482999947, -7.448879475999945 ], [ -74.036473857999965, -7.481244475999972 ], [ -73.983033232999958, -7.534361350999973 ], [ -73.978568357999961, -7.561470725999925 ], [ -73.88902348299996, -7.603552725999975 ], [ -73.900458982999965, -7.640228475999947 ], [ -73.868064482999955, -7.675296725999942 ], [ -73.83917973299998, -7.66687110099997 ], [ -73.817755857999941, -7.717259725999952 ], [ -73.714799232999951, -7.74238597599998 ], [ -73.711717357999987, -7.760905225999977 ], [ -73.688480107999965, -7.767135475999964 ], [ -73.678159732999973, -7.857964100999936 ], [ -73.73545110799995, -7.878810600999941 ], [ -73.76154298299997, -7.860599600999933 ], [ -73.755224607999935, -7.892328100999976 ], [ -73.772255857999937, -7.909164100999931 ], [ -73.740302732999965, -7.929673850999961 ], [ -73.747886732999973, -7.947373100999926 ], [ -73.726783232999935, -7.965845725999941 ], [ -73.705634732999954, -7.95470310099995 ], [ -73.668022982999958, -8.013148100999956 ], [ -73.63924848299996, -8.006529475999969 ], [ -73.616851232999977, -8.034250225999926 ], [ -73.626252857999987, -8.057459725999934 ], [ -73.584471107999946, -8.128678475999948 ], [ -73.595694732999959, -8.164560850999976 ], [ -73.571412107999947, -8.22366010099995 ], [ -73.587386357999947, -8.240860975999965 ], [ -73.526261982999984, -8.270785725999929 ], [ -73.54225973299998, -8.34965035099998 ], [ -73.44131135799995, -8.425401100999977 ], [ -73.406714857999987, -8.431290975999957 ], [ -73.388115232999951, -8.470240226999977 ], [ -73.331830732999947, -8.47403535199993 ], [ -73.341041607999955, -8.616783851999969 ], [ -73.319275232999985, -8.610905976999959 ], [ -73.255472107999935, -8.690215726999952 ], [ -73.167241482999941, -8.698297726999954 ], [ -73.114648482999939, -8.78441272699996 ], [ -73.112013732999969, -8.819297601999949 ], [ -73.07770785799994, -8.842191601999957 ], [ -73.058885982999982, -8.905773726999939 ], [ -72.999692607999975, -8.917516101999979 ], [ -72.967979606999961, -8.981012976999978 ], [ -72.941138481999985, -8.984486226999934 ], [ -72.963070606999963, -9.012099101999979 ], [ -72.946534231999976, -9.032989476999944 ], [ -72.939994106999961, -9.093248101999961 ], [ -72.95819735699996, -9.143024226999955 ], [ -73.026124357999947, -9.177856726999948 ], [ -73.003342857999939, -9.195447351999974 ], [ -73.009298107999939, -9.222364726999956 ], [ -73.073517607999975, -9.23460747699994 ], [ -73.107328232999976, -9.275348226999938 ], [ -73.101433607999979, -9.308117226999968 ], [ -73.13140623299995, -9.318316851999953 ], [ -73.148366107999948, -9.354101101999959 ], [ -73.188759732999983, -9.363222601999951 ], [ -73.186323982999966, -9.396940101999974 ], [ -73.200439482999968, -9.411396476999926 ], [ -72.716294606999952, -9.412241976999951 ], [ -72.695145981999985, -9.439364601999955 ], [ -72.576779606999935, -9.455868226999939 ], [ -72.519534731999954, -9.49128135199993 ], [ -72.407492231999981, -9.47715360199993 ], [ -72.356876231999934, -9.494598476999954 ], [ -72.318585606999989, -9.543794352999953 ], [ -72.282899981999947, -9.539949977999981 ], [ -72.288209981999955, -9.603159977999951 ], [ -72.252819981999949, -9.616329977999953 ], [ -72.260309981999967, -9.641759977999982 ], [ -72.245389981999949, -9.658739977999971 ], [ -72.262955106999982, -9.750855477999949 ], [ -72.151361106999957, -9.79741635299996 ], [ -72.162833356999954, -9.830402102999926 ], [ -72.135935356999937, -9.874871602999974 ], [ -72.174337481999942, -9.930933852999942 ], [ -72.149986731999945, -9.966336977999958 ], [ -72.180404356999986, -9.999671852999938 ], [ -71.375044855999988, -10.000144477999982 ], [ -71.342763730999934, -9.966773477999936 ], [ -71.298190230999978, -9.992199102999962 ], [ -71.253998105999983, -9.976558602999944 ], [ -71.253212855999948, -9.962925727999959 ], [ -71.22051948099994, -9.969677727999965 ], [ -71.139740230999962, -9.857015602999979 ], [ -71.102239980999968, -9.853189977999932 ], [ -71.051219980999974, -9.815839977999929 ], [ -70.993909980999945, -9.817209977999937 ], [ -70.963367355999935, -9.748912477999966 ], [ -70.923827480999933, -9.741298227999948 ], [ -70.836148979999962, -9.643235352999966 ], [ -70.793318854999939, -9.638462477999951 ], [ -70.786146979999955, -9.614269477999926 ], [ -70.757240979999949, -9.604253352999933 ], [ -70.750668729999973, -9.560425727999927 ], [ -70.729796729999975, -9.57025572799995 ], [ -70.714758104999987, -9.547148602999926 ], [ -70.663202979999937, -9.52601147799993 ], [ -70.595805604999953, -9.44249610199995 ], [ -70.495977729999936, -9.425485351999953 ], [ -70.511557979999964, -9.447750226999972 ], [ -70.504777354999987, -9.463339476999977 ], [ -70.524902354999938, -9.461199226999952 ], [ -70.505699229999948, -9.50460160199998 ], [ -70.513716854999984, -9.492802851999954 ], [ -70.544333979999976, -9.514089851999927 ], [ -70.542128854999987, -9.537699352999937 ], [ -70.570620979999944, -9.532917227999974 ], [ -70.555317854999942, -9.571885352999971 ], [ -70.587547729999983, -9.56725797799993 ], [ -70.589090229999954, -9.548869852999928 ], [ -70.600171854999985, -9.560397852999927 ], [ -70.585649979999971, -9.575579977999951 ], [ -70.59823997999996, -9.607619977999946 ], [ -70.584699979999982, -9.640839977999974 ], [ -70.525229979999949, -9.714979977999974 ], [ -70.545919979999951, -9.778799977999938 ], [ -70.559629979999954, -9.789469977999943 ], [ -70.577769979999971, -9.77778997799993 ], [ -70.623379979999982, -9.820539977999942 ], [ -70.613804493999965, -9.873393332999967 ], [ -70.639539324999987, -9.884375986999942 ], [ -70.648521479999943, -9.951576227999965 ], [ -70.667627480999954, -9.970693102999974 ], [ -70.656892854999967, -9.999729477999949 ], [ -70.672318354999959, -10.023134727999945 ], [ -70.652058551999971, -10.040059991999954 ], [ -70.649899781999977, -10.07947457399996 ], [ -70.698173854999936, -10.11803122799995 ], [ -70.706443355999966, -10.161357477999957 ], [ -70.803201333999937, -10.25115440899998 ], [ -70.880833274999986, -10.261970186999974 ], [ -70.873992584999939, -10.300695979999944 ], [ -70.889458820999948, -10.33513861299997 ], [ -70.968012005999981, -10.335551371999941 ], [ -70.958414801999936, -10.389576781999949 ], [ -71.004972459999976, -10.430818518999956 ], [ -71.024533480999935, -10.478200102999949 ], [ -71.128514354999936, -10.504735852999943 ], [ -71.146800146999965, -10.530984022999974 ], [ -71.164570855999955, -10.531261477999976 ], [ -71.165293105999979, -10.569643852999945 ], [ -71.196212855999988, -10.579861352999956 ], [ -71.220802730999935, -10.636734352999952 ], [ -71.206290980999938, -10.652160103999961 ], [ -71.231312652999975, -10.685238530999982 ], [ -71.215536826999937, -10.714948481999954 ], [ -71.221563772999957, -10.776698440999951 ], [ -71.258723324999949, -10.784934501999942 ], [ -71.272727011999962, -10.852818727999932 ], [ -71.308336980999968, -10.877813853999953 ], [ -71.354014105999966, -10.949791103999928 ], [ -71.508132480999961, -10.966092228999969 ], [ -71.531977105999943, -10.952138478999927 ], [ -71.661719105999964, -10.983183852999957 ], [ -71.701693981999938, -10.97383860399998 ], [ -71.716002605999961, -10.997850227999947 ], [ -71.729282855999941, -10.98367572899997 ], [ -71.780228480999938, -10.987814478999951 ], [ -71.828462500999933, -11.011867835999965 ], [ -71.847008488999961, -10.995678519999956 ], [ -71.938376580999943, -11.003895174999968 ], [ -72.01083257099998, -10.987746869999967 ], [ -72.054413106999959, -11.011073603999932 ], [ -72.125034589999984, -10.99562352099997 ], [ -72.127930210999978, -10.979842446999953 ], [ -72.15825022699994, -11.005287898999939 ], [ -72.173537627999963, -10.995526064999979 ], [ -72.185254032999978, -11.008834820999937 ], [ -72.176484595999966, -11.038993854999944 ], [ -72.193061295999939, -11.049676616999932 ], [ -72.183299461999979, -11.092591849999963 ], [ -72.148150845999965, -11.087776177999956 ], [ -72.120246230999953, -11.118105478999951 ], [ -72.206780764999962, -11.172294632999979 ], [ -72.186523480999938, -11.184888728999965 ], [ -72.218884682999942, -11.296860688999971 ], [ -72.204623356999946, -11.347432728999934 ], [ -72.246021106999933, -11.346160603999977 ], [ -72.255042856999978, -11.329861353999945 ], [ -72.280060606999939, -11.339605478999943 ], [ -72.283751981999956, -11.316890604999969 ], [ -72.307708981999951, -11.306999978999954 ], [ -72.315001981999956, -11.321775228999968 ], [ -72.338294980999933, -11.317080103999956 ], [ -72.40338398199998, -11.357112478999966 ], [ -72.423594356999956, -11.355173978999971 ], [ -72.449033981999946, -11.385767728999951 ], [ -72.498951606999981, -11.395023979999962 ], [ -72.51666923199997, -11.43196447899993 ], [ -72.533633357999975, -11.43920597999994 ], [ -72.535066356999948, -11.425396228999944 ], [ -72.547731731999988, -11.448341979999952 ], [ -72.553665356999943, -11.432079853999937 ], [ -72.596143731999973, -11.440037979999943 ], [ -72.600315106999972, -11.418532853999977 ], [ -72.609538856999961, -11.439938353999935 ], [ -72.617166981999958, -11.417784978999975 ], [ -72.645569106999972, -11.412765853999929 ], [ -72.665694981999934, -11.385909354999967 ], [ -72.692302231999975, -11.395698103999962 ], [ -72.712378231999935, -11.347352978999936 ], [ -72.717679731999965, -11.362110729999927 ], [ -72.738237606999974, -11.347429353999928 ], [ -72.794975481999984, -11.384556603999954 ], [ -72.789457856999945, -11.368602228999976 ], [ -72.797036231999982, -11.364430728999935 ], [ -72.799728606999963, -11.385570353999981 ], [ -72.816198106999934, -11.37508360399994 ], [ -72.822679607999987, -11.389608854999949 ], [ -72.890366106999977, -11.343175353999982 ], [ -72.894683856999961, -11.358259854999972 ], [ -72.932839856999976, -11.350383979999947 ], [ -72.924352606999946, -11.327405228999964 ], [ -72.961674606999964, -11.334854728999971 ], [ -72.959512482999969, -11.314196478999975 ], [ -72.944425356999943, -11.309869103999972 ], [ -72.94044510699996, -11.322688728999935 ], [ -72.932461857999954, -11.307346853999945 ], [ -72.955555606999951, -11.304616353999961 ], [ -72.935631981999961, -11.290824853999936 ], [ -72.967935482999962, -11.266226978999953 ], [ -72.977061607999985, -11.212293478999982 ], [ -73.06504098299996, -11.284354978999943 ], [ -73.08213729199997, -11.273284212999954 ], [ -73.131661982999958, -11.293927478999933 ], [ -73.205995232999953, -11.290195728999947 ], [ -73.255998857999941, -11.312535228999934 ], [ -73.341704608999976, -11.310995850999973 ], [ -73.408558629999959, -11.385976293999931 ], [ -73.467868857999974, -11.343651228999931 ], [ -73.482159107999962, -11.353588353999953 ], [ -73.484128857999963, -11.318531228999973 ], [ -73.459194232999948, -11.300924103999932 ], [ -73.449811607999948, -11.236767978999978 ], [ -73.471080982999979, -11.088492603999953 ], [ -73.482603482999934, -11.065242228999978 ], [ -73.542578732999971, -11.047424478999972 ], [ -73.572577107999962, -10.954499978999934 ], [ -73.560261482999977, -10.860609228999976 ], [ -73.61039623299996, -10.846573853999928 ], [ -73.742116107999948, -10.734008228999926 ], [ -73.781986357999983, -10.750624978999952 ], [ -73.786939482999969, -10.79413872899994 ], [ -73.814216857999952, -10.799896478999926 ], [ -73.813004982999985, -10.88924110399995 ], [ -73.862201732999949, -10.978774978999979 ], [ -73.852695506999964, -11.164261615999976 ], [ -73.863060232999942, -11.169124353999962 ], [ -73.89061398299998, -11.169652978999977 ], [ -73.916487232999941, -11.143101978999937 ], [ -73.954551482999989, -11.150398853999945 ], [ -73.975926732999937, -11.12549847899993 ], [ -74.007201857999974, -10.99130847899994 ], [ -74.155652733999943, -10.99876097899994 ], [ -74.19086998399996, -10.985997103999978 ], [ -74.202767358999949, -11.021013478999976 ], [ -74.25643598399995, -11.018222728999945 ], [ -74.37316760899995, -11.056619853999962 ], [ -74.450309733999973, -11.001866978999942 ], [ -74.496471608999968, -11.000238728999932 ], [ -74.508383733999949, -10.950299728999937 ], [ -74.56996023399995, -10.915207853999959 ], [ -74.547996108999939, -10.890996603999952 ], [ -74.487083108999968, -10.889033478999977 ], [ -74.482675608999955, -10.835391228999981 ], [ -74.431056358999967, -10.812957228999949 ], [ -74.386764858999982, -10.813115853999932 ], [ -74.374396483999988, -10.788568353999949 ], [ -74.383899858999939, -10.747480478999933 ], [ -74.350299108999934, -10.754733853999937 ], [ -74.286881108999978, -10.670412103999979 ], [ -74.258920483999987, -10.680431978999934 ], [ -74.252809358999968, -10.659479978999968 ], [ -74.227578108999978, -10.651839853999945 ], [ -74.229664983999953, -10.634598353999934 ], [ -74.159855733999962, -10.64059135399998 ], [ -74.136223858999983, -10.671690978999948 ], [ -74.13098148399996, -10.654742478999935 ], [ -74.134104483999977, -10.599107978999939 ], [ -74.178719358999956, -10.488645352999981 ], [ -74.25288360899998, -10.417136727999946 ], [ -74.242004608999935, -10.383165102999953 ], [ -74.262742358999958, -10.36366110299997 ], [ -74.23691410899994, -10.321605727999952 ], [ -74.252194983999971, -10.305131102999951 ], [ -74.227157733999945, -10.277329727999927 ], [ -74.230606733999934, -10.186316602999966 ], [ -74.302873233999946, -10.164837727999952 ], [ -74.315018983999948, -10.11315622799998 ], [ -74.366966733999959, -10.112896477999982 ], [ -74.389898983999956, -10.051349477999963 ], [ -74.418828108999946, -10.025749977999965 ], [ -74.410988858999985, -9.914670227999977 ], [ -74.453300858999967, -9.863636227999962 ], [ -74.447240233999935, -9.777149852999969 ], [ -74.490140358999952, -9.68519572799994 ], [ -74.49382935899996, -9.592224852999948 ], [ -74.574849983999968, -9.572717602999944 ], [ -74.593494358999976, -9.507361851999974 ], [ -74.581092483999953, -9.476601726999945 ], [ -74.662603483999987, -9.454945726999938 ], [ -74.70942010899995, -9.422210351999979 ], [ -74.654317483999989, -9.36877422699996 ], [ -74.627373983999973, -9.364775476999966 ], [ -74.587150233999978, -9.296607476999952 ], [ -74.624466858999938, -9.215562476999935 ], [ -74.636538733999942, -9.125511226999947 ], [ -74.678093733999958, -9.094039101999954 ], [ -74.65136610899998, -9.048768351999968 ], [ -74.669163983999965, -9.020256726999946 ], [ -74.647874983999941, -8.995767601999944 ], [ -74.644310733999987, -8.918783226999949 ], [ -74.624214983999934, -8.888726601999963 ], [ -74.618308608999939, -8.832027351999955 ], [ -74.532178045999956, -8.77613316399993 ], [ -74.526597858999935, -8.754995601999951 ], [ -74.547134608999954, -8.58456722699998 ], [ -74.582982483999956, -8.551086726999927 ], [ -74.630328858999974, -8.550410351999972 ], [ -74.84714648399995, -8.66152410199993 ], [ -74.852198733999955, -8.763094351999939 ], [ -74.940712108999946, -8.857892601999936 ], [ -75.122592347999955, -8.880953531999978 ], [ -75.108413191999944, -8.92229144199996 ], [ -75.134845276999954, -8.945969265999963 ], [ -75.119721163999941, -8.983476912999947 ], [ -75.173864155999979, -9.011575218999951 ], [ -75.162401193999983, -9.033953457999928 ], [ -75.201214970999956, -9.063837912999929 ], [ -75.206455339999934, -9.101338660999943 ], [ -75.241901870999982, -9.102124906999961 ], [ -75.211932161999982, -9.176427109999963 ], [ -75.242203017999941, -9.220934119999981 ], [ -75.271919693999962, -9.233415226999966 ], [ -75.279023288999952, -9.276272006999932 ], [ -75.313928810999982, -9.302088699999956 ], [ -75.334056966999981, -9.288764748999938 ], [ -75.372153732999948, -9.310229775999971 ], [ -75.451967943999989, -9.296343674999946 ], [ -75.487792984999942, -9.372650351999937 ], [ -75.60065949899996, -9.413812847999964 ], [ -75.670450871999947, -9.417935812999929 ], [ -75.671128345999989, -9.385868838999954 ], [ -75.695012359999964, -9.363927066999963 ], [ -75.688622685999974, -9.349366328999963 ], [ -75.705690838999942, -9.336267220999957 ], [ -75.720242496999958, -9.277227545999949 ], [ -75.763962765999963, -9.237848216999964 ], [ -75.763790263999965, -9.217098119999946 ], [ -75.796127269999943, -9.202670437999927 ], [ -75.837876496999968, -9.061944494999977 ], [ -75.891861379999966, -9.002018251999971 ], [ -75.883767305999982, -8.972732544999928 ], [ -75.927882818999933, -8.844538027999931 ], [ -75.921646531999954, -8.78080846499995 ], [ -75.947886017999963, -8.722507560999929 ], [ -75.891321252999944, -8.660217376999981 ], [ -75.833668974999966, -8.652161503999935 ], [ -75.816801342999952, -8.636021220999964 ], [ -75.778260273999933, -8.546410833999971 ], [ -75.799222472999986, -8.512155829999926 ], [ -75.784548898999958, -8.494325821999951 ], [ -75.716461027999969, -8.486894886999949 ], [ -75.687319318999982, -8.423294341999963 ], [ -75.618079609999938, -8.40832285099998 ], [ -75.572289447999935, -8.444581835999941 ], [ -75.510835056999952, -8.432044585999961 ], [ -75.419564568999988, -8.451533548999976 ], [ -75.477181320999989, -8.386368507999975 ], [ -75.48267397099994, -8.345476889999929 ], [ -75.510053660999972, -8.334816901999943 ], [ -75.493844109999941, -8.328650975999949 ], [ -75.502877234999971, -8.289411850999954 ], [ -75.437682859999939, -8.194973475999973 ], [ -75.439238859999989, -8.174874600999942 ], [ -75.398131484999965, -8.168468725999958 ], [ -75.376146984999934, -8.13877710099996 ], [ -75.345537734999937, -8.129410350999933 ], [ -75.323525984999947, -8.13930985099995 ], [ -75.287892234999958, -8.125490725999953 ], [ -75.235406234999971, -8.150501850999945 ], [ -75.189321484999937, -8.079044225999951 ], [ -75.185697359999949, -8.018442600999947 ], [ -75.149434734999943, -8.001818850999939 ], [ -75.144109859999958, -7.979091725999979 ], [ -75.03334960899997, -7.950054725999962 ], [ -74.982259733999967, -7.968986350999955 ], [ -74.887928108999972, -8.084199475999981 ], [ -74.779025983999986, -8.042376350999973 ], [ -74.727944483999977, -7.981008975999941 ], [ -74.668440483999973, -7.945642100999976 ], [ -74.627984233999939, -7.939828100999932 ], [ -74.569745108999939, -7.815980475999936 ], [ -74.515609608999966, -7.777825225999948 ], [ -74.524341483999933, -7.757133850999935 ], [ -74.558935233999989, -7.747465225999974 ], [ -74.582083983999951, -7.706013725999981 ], [ -74.576227108999944, -7.637229850999972 ], [ -74.643144358999962, -7.562285100999929 ], [ -74.642902108999976, -7.500086475999979 ], [ -74.616073858999982, -7.435037600999976 ], [ -74.579521358999955, -7.409929475999945 ], [ -74.535522858999968, -7.293768849999935 ], [ -74.500091233999967, -7.262049474999969 ], [ -74.471445608999943, -7.276174724999976 ] ] ] } }
]
}
